0.0028142641242939,0.0016462086105798,0.0020262293925553,0.0026308358613396,0.0024078425137338,0.0020408628112505,0.0122246170218259,0.0111100202423471,0.0038455303776319,0.0021842675457864,0.0344397376575518,0.0361702980617798,0.0017728378624164,0.0033592308708133,0.004381420941198,0.0038534294176019,0.0013444375283885,0.0030713436381659,0.0007390349026181,0.0014656076212273,0.0820166569348743,0.1069334558818502,0.0008611180939314,0.0010854456231137,0.0005404652255068,0.0010339456151562,0.000176583857872,0.0003263594219031,0.0038177000439103,0.0055069078154482,0.0005698015414959,0.0004134493473574,0.0002770660095261,0.0008710870003873,0.0005003956752644,0.0010746958463762,0.002781917394876,0.0052911751063848,6.469670906278778e-05,0.0001630136018258,0.11008404,-6833.145446,139174.2511,97846.06356,5384.506356,4.43e-05,0.143859711,58.97780965,60.52777778,1048.888889,1
0.0031941958673316,0.002380623273827,0.0012150024023141,0.0024008535477512,0.0037272665592813,0.0017879340792392,0.0379763990958582,0.0291615751413228,0.0031648005160986,0.0012307274920275,0.0549361573247854,0.0682369795230341,0.0014656468649918,0.0025767030079891,0.0044400313347067,0.004867694927109,0.0017614904735517,0.0024906850180652,0.0012300387230927,0.0024893693037944,0.1229574298595874,0.1667691832611302,0.0005639704812923,0.0007615970913371,0.0006960903092791,0.0009680849677397,0.0001536557543529,0.0002039966898479,0.0018876670814694,0.0023296120090275,0.000576678432591,0.0004955088068788,0.0002293891310798,0.000500099892323,0.0003474578352018,0.0006644906404136,0.0023916418258097,0.0040072143925325,3.670910067380371e-05,0.0001001595290652,0.113488521,-7214.128365,139252.6324,98166.07712,5404.807198,5.89e-05,0.145833375,63.4155227,61.76086957,999.1304348,1
0.0028168117319461,0.0019056009163877,0.0036313456394187,0.0055007152684483,0.0020990944493935,0.0013722982960871,0.0201947560040488,0.0166653912784114,0.005189874328833,0.0021119330294012,0.033828798398907,0.0355725391026881,0.0024170839924656,0.0056783091303153,0.0051284321496821,0.0078004692393947,0.0025601658103981,0.0053716920014532,0.0015445959499752,0.0044017095141163,0.0709830008338974,0.0954165326707135,0.0006948656224485,0.0011092949004056,0.0006318640060375,0.0023597397263934,0.0002928065601243,0.0006768712061109,0.0068548001535339,0.0087903300857616,0.0004144271264706,0.0008920424793886,0.0004962807369031,0.0015616740701949,0.000767832896058,0.0019659804477343,0.0042765492957895,0.0098483911462478,0.0001011159657817,0.0003363747442322,0.116255735,-7508.231567,139225.7536,98265.70379,5416.285545,4.84e-05,0.1208335,45.52526699,65.67567568,924.3243243,1
0.0018316379644697,0.0009487001482958,0.0026595785206087,0.0044421268878565,0.0028059492234229,0.0019588319231032,0.0052798565710859,0.0034743898999127,0.0018351003443924,0.000804928265971,0.0073523919685057,0.0046000215988873,0.0021264557349954,0.0021509650415755,0.0035804230215952,0.0021236860900525,0.0025487197292167,0.0013149588508376,0.0011650855034231,0.0021644436039201,0.0649640321826913,0.0895326797123815,0.0008919884667818,0.000388873612536,0.0002209891498871,0.0007761168019019,0.0001026748938861,-9.48820793790862e-05,0.0010976052942169,-0.0004229413273134,0.0007404106388354,0.0001690529672752,8.794187226145739e-05,0.0002210637850411,0.0001880557246914,0.0005000648432486,0.0005510168254368,0.003336765151689,3.400842677244347e-06,2.088874262805241e-05,0.118258865,-7712.124869,139246.8433,98358.68358,5465.285075,5.42e-05,0.15,41.99992716,61.96,1084.8,0
0.0025000690151151,0.0021957298262578,0.0021285741441012,0.004328102675894,0.0031994629717502,0.0016623695367562,0.0062811130113502,0.004231919045761,0.0040980849373321,0.0022896430901825,0.0099130113124941,0.0089233384420218,0.0032198592177953,0.0088817723512198,0.0036918754092604,0.0059359556016126,0.001812519477238,0.0035002966276481,0.0013081929355428,0.0027912427003643,0.0767950408453518,0.1043627722165491,0.0004693909579042,0.0013463750578057,0.0007724944555402,0.0019221087055982,0.0002267329524913,0.000452927219288,0.0055733808957474,0.0081523465879335,0.000417242817784,0.0005405181008341,0.0002681549917619,0.0008987394718499,0.0003092420363568,0.0008150300022909,0.0049601056837819,0.009597262871805,7.906583031191489e-05,0.0001944860942803,0.12064405,-7945.66673,139362.2554,98390.25147,5487.884086,7.12e-05,0.148148111,44.10477317,63.19047619,969.5238095,1
0.0025490950140768,0.0017143511368442,0.0015305568658986,0.0020491810365753,0.0060901383420865,0.0022301770325934,0.0128535067427504,0.0037267364654871,0.0023186083711413,0.0008997173607001,0.0100909104677819,0.0119517135894326,0.0031201030937745,0.007363578030173,0.0042583695390481,0.0034650025122444,0.0014529490877965,0.0030005809241624,0.0013200426452158,0.0031372009376163,0.082757642315198,0.1096999043270577,0.0005539925687908,0.0007561870711538,0.0006486445467414,0.0007553663829852,0.0002740484088046,0.0004439727045865,0.0054834524472328,0.005783321362538,0.0005537466905883,0.0004210970380194,0.0003812831840647,0.0009282179484847,0.0003589589149607,0.0009955146587316,0.0063745014087559,0.0110479767235325,9.071473161859436e-05,0.0002268095770433,0.124154508,-8273.226661,139486.9705,98408.67919,5537.775168,5.31e-05,0.150000107,34.63431056,63.62711864,999.3220339,1
0.0031565815980694,0.0020326040413409,0.0045588972225427,0.0065420041244901,0.0025268929249026,0.0016505867567232,0.0054334129194451,0.0035138266853437,0.0047299285290718,0.0024595227182864,0.0113197564057354,0.0172779670199844,0.0028451153488873,0.0045891005094593,0.0035800021108859,0.0052832023359571,0.0028410053600406,0.0039780691036521,0.0020212877848294,0.0035674470740857,0.1297756802368392,0.1847921984238509,0.0007256482579609,0.0013087392232005,0.0006977383634526,0.0009365668636776,0.0001622445620035,0.0003433331880988,0.0035220384782344,0.0053720234007331,0.0006218863184861,0.0005971204804675,0.0003787457456448,0.0008927637841452,0.0003114207661066,0.0007301491207281,0.0055403031777276,0.009176553214682,5.159920782008148e-05,0.0002086552236254,0.12789667,-8603.364613,139484.4737,98443.23205,5541.14711,5.99e-05,0.13866668,31.15145683,59.38636364,1050.909091,1
0.0031697204344595,0.0026242628036594,0.004292962421226,0.007016368568401,0.0021071414893242,0.0019786454605836,0.0119192652651387,0.0104835803123164,0.0031436192973411,0.0013327639909001,0.0275019752313632,0.0382503041086587,0.0028005272521696,0.0065514211332748,0.0058001011481335,0.0045956648522422,0.0017078738531863,0.003682285893054,0.0035144325297064,0.005705299612092,0.083841011308192,0.1176955111333872,0.0006131380095526,0.0012365393743838,0.0011741888424649,0.0028140973205819,0.0002792337284355,0.0006805558379943,0.0069720529681502,0.0086286144769788,0.0004344880928334,0.0005937262129836,0.0003820624312039,0.001060566166235,0.000517572778508,0.0009810973495484,0.0079181122284179,0.0139954481068925,7.424247836666942e-05,0.0001872661092446,0.130451506,-8817.833854,139678.7221,98528.85599,5572.268882,5.98e-05,0.130158905,31.15430583,58.15625,1226.25,1
0.0026950271203016,0.0025821847124006,0.0019970908058776,0.0026280744959024,0.0042984379371802,0.0014982785679014,0.0326122982473054,0.0236664949402414,0.0040401181175501,0.0019451920301892,0.0542732095388689,0.0699836756964112,0.0039386468649996,0.0085627460785678,0.0047510314630402,0.0051144625441343,0.0020325908464345,0.0040694213088175,0.000741470074853,0.0029136580602147,0.1103751712505266,0.1562984101811147,0.0004928336993205,0.0013462888063752,0.0007561030614356,0.0027887955739326,0.0002711071975735,0.0006797065149775,0.0052026398310843,0.0086684277917798,0.0005034019231749,0.0005536766379605,0.0003754955749495,0.0010600261887002,0.0006079662154218,0.0012328208633219,0.001315468310285,0.0037592290387257,7.667922715631732e-05,0.0001965396744997,0.13284217,-9010.801284,139892.6169,98653.76424,5570.340864,7.07e-05,0.140740833,28.26282439,53.7,1378.666667,0
0.0027899511565341,0.001168536624949,0.0016941726318434,0.0015503436857067,0.002892187940251,0.0011868913879727,0.0360721444668779,0.0260596248086842,0.0016788623110888,0.0011860582990569,0.0441866588306796,0.0556155244423885,0.0020541744515853,0.0075262931415047,0.0039804236554925,0.0068141935002291,0.0027887312074369,0.001873846304557,0.0027534878212922,0.0031716710459119,0.0850520312111993,0.1155391320752055,0.0008549660218433,0.0010766264988778,0.0008971981929102,0.0016220224938178,0.0003584939881186,0.0004090638148051,0.006452986208407,0.0069955805874301,0.000444215082688,0.0004383492981773,0.0003814772692864,0.0010478856772028,0.0004857075114313,0.0009715914957749,0.0042322599686956,0.0075857160845955,4.260721149708796e-05,9.381288710484434e-05,0.135044255,-9182.629851,140129.7468,98729.59091,5599.261039,4.98e-05,0.107692462,27.30472043,44.7,3048.0,1
0.0030158139118384,0.0022643128385134,0.0016822962383901,0.0023630976967176,0.0031507796284782,0.0023055003969341,0.0366383139852859,0.0246664420158964,0.0029174819281837,0.0013713009584639,0.0435567409421538,0.0540059435731297,0.002836468742711,0.0061652055313394,0.0040409875378241,0.0039701330061358,0.0017452788647173,0.0038060589405711,0.0008588892967178,0.0020653969465965,0.0817199899805247,0.113011630200063,0.0007432179301056,0.0012004045881564,0.0008031218965306,0.0012673826476406,0.0001504410110285,0.0004435807593775,0.0033875055337872,0.0050950094613641,0.000334611387786,0.0004641421297584,0.0002109167469575,0.0006821743641201,0.0003211056857751,0.0006567326850874,0.00198596710557,0.0075139133453051,5.466174333796207e-05,0.0002000789731792,0.136896683,-9322.840153,140260.9019,98777.38441,5597.594086,4.88e-05,0.096296333,22.14593444,49.15789474,1553.684211,1
0.0026860178886762,0.001981741977671,0.0040199272565238,0.0052524266283484,0.0038794914311135,0.0037175735603614,0.0549402554849369,0.0365012979506521,0.0022885004804135,0.0008884017687744,0.0626723145787583,0.0804767118071403,0.0024678335289187,0.006475317751202,0.0043700370936778,0.0054340878243662,0.0018713706667783,0.0021486849855446,0.0017911097368279,0.0042873333886816,0.1261183308988061,0.1821625294509919,0.0007514789629021,0.0009456192694051,0.0008179313191426,0.0015647705317311,0.0003091508482609,0.0002876664131294,0.0054509204197632,0.0061108741857768,0.0005951191034056,0.0005650318597537,0.0003368521740229,0.0009965436129853,0.0004062000469704,0.0007798937394006,0.0045306981428021,0.0058420406597875,3.2831704633325095e-05,9.254560361967e-05,0.138824723,-9464.697264,140164.3062,98781.61862,5571.029543,7.66e-05,0.127272727,16.66064559,53.0625,1337.5,1
0.0030520563023144,0.0034265748579937,0.0038556620067457,0.0049441450346365,0.0041503580579726,0.0019553143051256,0.0404611540887227,0.026364264985736,0.0032764165159708,0.0020740600707016,0.0434706983957502,0.0529833404666289,0.0024500992774894,0.0048492932350362,0.0055068081670217,0.0048105051268194,0.002404239665893,0.0042892899658737,0.002521757464609,0.005495159255694,0.0829689510764343,0.1142310984258225,0.0006254142011226,0.0014135611228653,0.0006026964454118,0.0014482711320103,0.0001662329863247,0.0002759812869933,0.0040461223138858,0.0039880570811911,0.000571896775963,0.0004894958641584,0.0003102416476336,0.0008241011298841,0.0004847265640883,0.0006977042802809,0.007088322425497,0.010978702347121,4.291335144640164e-05,0.0001289452710871,0.141306105,-9641.710599,140086.125,98804.44379,5555.113255,4.17e-05,0.122222333,16.34132639,54.64102564,1278.974359,0
0.0025833771003585,0.0023301851640667,0.0030949240493044,0.0066785696065548,0.002596737005037,0.0014852215820352,0.0554466312705731,0.0382642757755441,0.0050150165366428,0.0019361735106486,0.0564870040324294,0.0747686603604905,0.0019533314225836,0.0032967049340162,0.0040301552212881,0.0046534351950307,0.0029951778787101,0.0054592465862452,0.0030245794527878,0.0038893377619648,0.1164044911587188,0.1654153989561155,0.0012276652630566,0.0018189979053679,0.0008794339059456,0.0010068197081759,0.0001248284894716,0.0002232880949223,0.0023599906262784,0.0035777312332713,0.0008387001790452,0.0009138211304549,0.0003651898700021,0.0010940845357714,0.0003955365419735,0.0009279322359508,0.0030733115029681,0.0055457679974628,1.96894259954288e-05,8.120884722942553e-05,0.14267596,-9736.907599,140035.5668,98828.45572,5544.360709,2.77e-05,0.088889,12.55791067,57.0,1382.222222,1
0.0040141176113806,0.0038903099794669,0.0045989970708061,0.0064833601416667,0.003132330013196,0.002453873330341,0.038460313052206,0.0284628975574712,0.0112930214288103,0.0054280211423559,0.0449958865528644,0.0546625611113225,0.0031220204602514,0.0084539293638806,0.0047872089660844,0.0070437927746644,0.0025415675419552,0.0135137063245829,0.0025578851250926,0.0045587998821962,0.0847393981593204,0.1118221792449279,0.0007449394972231,0.0036790283068272,0.0008202595550702,0.0021117940170774,0.0003700165747349,0.0009553599659217,0.0091186778973837,0.0152555521118806,0.0010278976745335,0.0014597458081178,0.0008243069708618,0.0025905280568817,0.001008890466422,0.002936092660313,0.0058499756717103,0.013190772233598,9.013005101020224e-05,0.000423156588587,0.143960429,-9824.300296,139927.3727,98835.62271,5536.865385,3.72e-05,0.088889,10.32751136,55.47058824,1282.352941,1
0.0029305728768916,0.0020991419674128,0.0035181142805863,0.006527936781376,0.0034819618528626,0.0015834840244365,0.0371335380154186,0.0264074048298337,0.0043862820579824,0.0018798976491137,0.0517384795692124,0.0628771822673425,0.0023800246640599,0.0055940372100179,0.0045186264380808,0.0046534967648039,0.0016594384586754,0.0035044950381053,0.0018414080902969,0.0017173569720392,0.1029887567239827,0.1485446317181305,0.0008222124286806,0.0012684963876214,0.0007256718126266,0.0009249307501363,0.0001952116827052,0.0005628301880845,0.0056013866167179,0.0053756984274846,0.0011871307804628,0.0006400507595438,0.0002464902664115,0.000770831312286,0.0003599297915458,0.001026925536369,0.0048613428237629,0.0098260066819168,5.340556960860152e-05,0.0001646024646272,0.145817496,-9948.082698,139884.3878,98839.73188,5532.672037,4.03e-05,0.088889,12.03716476,48.73684211,1747.368421,1
0.0057500069138197,0.0024592302336993,0.0027752731918255,0.0062383335065975,0.0035387299012908,0.0012571049803827,0.0375976423168724,0.026855963766901,0.0048857805197179,0.0019029499677257,0.0447298242805915,0.0556730196909211,0.0046630408872877,0.0086021560716125,0.0045367799610556,0.005574401745382,0.0017972376619736,0.0044312483034758,0.0017728346326817,0.0032832941203937,0.0854621370322273,0.1159053065861087,0.0007682566397969,0.0017156277166404,0.0006683926161646,0.0012459805397856,0.0003339623204484,0.0004755544413411,0.0037251183962283,0.0048378388723938,0.0005163284468025,0.0008720259264087,0.0002606307892016,0.0007694314936842,0.000356078411103,0.0007836143492256,0.0023384216683715,0.0068661326645399,8.750390042681066e-05,0.000186842464132,0.148518512,-10122.1185,139942.4538,98854.25071,5541.776517,5.02e-05,0.104762,10.87991589,44.15384615,1777.435897,1
0.0020632109220272,0.0012682462033971,0.0023965974764677,0.0024201676430698,0.0035819445262819,0.0022561956502708,0.049454965283203,0.0359994137817069,0.0034773431887816,0.0009092635289019,0.0568372378698837,0.0686425249180553,0.0037264048912932,0.0067951625026067,0.0025643517304393,0.0050409513776719,0.000813563087471,0.0032465112460531,0.0026568518528213,0.0035818045588851,0.1000730898410271,0.1438583830385166,0.0006025978071302,0.0015118299931671,0.0007854107624246,0.0013004378997729,0.0001426924457681,0.0003515538667428,0.0052030172184432,0.0066645993428793,0.0005932356351206,0.0005967040055045,0.0003334224907866,0.0008054812903183,0.0003798762150012,0.0005750166239074,0.0036806117838048,0.010741805809309,5.056636214147908e-05,0.0001985663730084,0.151323537,-10297.19721,139929.9193,98914.08403,5557.867227,7.22e-05,0.111111333,11.56665556,40.35714286,1894.285714,1
0.0028702547568192,0.0029035344873523,0.0024118701835636,0.004331715014778,0.0033887500873587,0.0030950971417637,0.0372851258021711,0.0271794831356335,0.0029219139431513,0.0016582444631986,0.0460327595713723,0.0536011664784613,0.0019688225774426,0.0051640945728061,0.005000409878775,0.003100501870812,0.0018786997594549,0.0026933819741958,0.0019980871940679,0.0015926363141362,0.0863611775539551,0.1158619441679145,0.0010069121417373,0.0005759292863453,0.0006473011579918,0.0013467626157676,0.0001596022006911,0.0001791109181057,0.0041114533094162,0.0040727792433479,0.0007803701950693,0.0005566255746486,0.0002172663471518,0.0006285059891007,0.0003096495548972,0.0005943355165455,0.0036240623396759,0.0029952622175929,4.484517217834598e-05,0.0001065134202232,0.161911117,-10901.77976,139996.7775,99156.18962,5414.254237,3.4e-05,0.1,4.073408772,48.08333333,1586.666667,1
0.003878858504135,0.0020443145905729,0.0028729656896777,0.0035698410555514,0.0043089021279971,0.0019613259800747,0.0376233637402753,0.0255101981212142,0.0024859631103994,0.0017317574527526,0.0476989839494861,0.0541805082859291,0.0024401090519969,0.0067123610535336,0.0050277117421431,0.0045686418412565,0.002213964910909,0.0033532912944349,0.0019258660458193,0.0027484643059503,0.0865225293082587,0.1151572578643819,0.0010272669180891,0.0007014010308297,0.000718622798095,0.0016583727445383,0.0002412292665061,0.0003696248695007,0.0033618915455884,0.0050656126648401,0.0006643709904437,0.0004870086894846,0.0003460358395774,0.0010390822372082,0.0004832059063664,0.0013663146364626,0.003731987735041,0.0076582803943896,6.124124284616095e-05,0.0001361779972756,0.162867104,-10952.54677,140062.667,99189.13928,5393.405876,1.4e-05,0.066667,2.95621875,46.41666667,1460.0,1
0.0041199209872403,0.0020409425218906,0.0021988929507344,0.0012718802125441,0.0037510978009005,0.0026838653246623,0.0461291169632303,0.0344534337946879,0.0021531798709974,0.0018842278623309,0.05192922027359,0.0549809731971931,0.0025215263958268,0.0057756298300762,0.0065502764500718,0.0050197241778209,0.0023623708464227,0.0027010108194567,0.0018066327666878,0.0041507823331063,0.1046025775075437,0.1451650903017737,0.0009726058607732,0.0007281232632795,0.0006877850837502,0.0008077155692893,0.0002269038563268,0.0004635907839838,0.0055857851043554,0.0053936226634353,0.0007011805978879,0.000725653226422,0.0002172763858499,0.0007418777854849,0.000372678645634,0.0007022821899715,0.0032600502106844,0.0093115493176406,6.591715259428343e-05,0.0002348805706427,0.163360728,-10978.47985,140132.7749,99217.84597,5417.695498,4e-05,0.1,2.87597451,46.45454545,1518.181818,1
0.0035438418724129,0.0027012944581283,0.0023619872350387,0.003458718493594,0.0046774540652053,0.0020446162592253,0.0379709399292447,0.0272462072062895,0.0029448119751244,0.0014844275013889,0.0457113898091881,0.0552481087384062,0.0026085340040538,0.0059300614201381,0.0060026480562006,0.0074699990693556,0.0020831126966171,0.0029322881344709,0.0020808263889968,0.0031888429809095,0.0852579567410398,0.1208921899171889,0.0009608549538076,0.0010367334546494,0.0008355236402449,0.002172162994031,0.0001748751687399,0.000356512969382,0.003948367575139,0.0045385695669852,0.0009273886335818,0.0005261137031093,0.0001865171646924,0.0005938633110342,0.0002930310501521,0.0005461437226573,0.0043395852822032,0.0059385303250834,4.2131011207538045e-05,0.0001587899807982,0.165087141,-11067.8916,140204.0483,99159.38276,5432.134569,3.78e-05,0.111111167,5.340858667,48.05882353,1462.352941,1
0.0029135435853736,0.0028051461245523,0.0023672774458929,0.0029881269851441,0.0031450148719898,0.0022818281822122,0.0465462847612956,0.0340414200385591,0.0068881542812494,0.0033610037862237,0.0546116235740554,0.0711093698008851,0.0018755579395116,0.0042840834965526,0.0047798728090398,0.0061642167666272,0.0018263146549958,0.0070197856646352,0.0023041710447495,0.0035210458771772,0.112194832384796,0.1563046877690509,0.0006911744288601,0.0012228935881385,0.0008620374809059,0.0011326912318243,0.0002679655864101,0.0007003463037469,0.0050432248923293,0.0078246506958146,0.0007821524419824,0.0009493247447575,0.0004101579246979,0.0013779730523033,0.0006200637740259,0.0014911882310062,0.0044234924561143,0.0092636626672035,8.425549688685745e-05,0.0002794565333835,0.168611496,-11244.78594,140286.5909,99137.53636,5398.898701,7.24e-05,0.100000125,6.825406952,37.48387097,2037.419355,1
0.003552474843945,0.0026622052428753,0.0017988399128836,0.0052377097029529,0.0031551173227564,0.001318360791654,0.0416836427199313,0.0286920372209063,0.008322329685913,0.0045340731233828,0.0464538044478043,0.0563985346954511,0.0009537673652957,0.0043987884610585,0.0035705432755111,0.0087717875560679,0.0029163540641534,0.0085213321866748,0.0023064527530623,0.0055521307227823,0.0916906981827134,0.1258289190988043,0.0010389456218754,0.0022781660215785,0.0007061287980496,0.0025159393074621,0.0003640660085706,0.0007773549498452,0.0081609225428909,0.0116769165524771,0.000628615934625,0.0012513807061206,0.0006375195586902,0.0018997852483542,0.0010126494512108,0.0024599417378971,0.0044816744588937,0.0093943087475886,6.834058998199476e-05,0.0002867912370081,0.171754059,-11396.91966,140107.9882,99065.70735,5362.432464,3.95e-05,0.0833335,8.783235294,36.31578947,1770.526316,1
0.0051787115310165,0.0034986061256362,0.0021669572212636,0.0022814499785427,0.0036379631379844,0.0019473957673239,0.0394151447927204,0.0285310187285209,0.0030492536801126,0.0018721830501251,0.0558344833566295,0.0700335347266814,0.0019810289102644,0.0051660760858785,0.0069311353579697,0.0061764656588877,0.0015286716252927,0.003022450595094,0.0011720073660456,0.0032953531874843,0.1094455911680025,0.1539583159644419,0.0006102760275584,0.0008838535315652,0.0003314773105878,0.001185986410545,0.0002163696211795,0.0003294476387355,0.0052768453532169,0.0057469431551501,0.0004749009373047,0.0004963378546778,0.0003555300048467,0.0009182560701759,0.000373415244844,0.0009423170053376,0.002038547773532,0.0048899404549472,5.432607991346513e-05,0.0001262596732182,0.173904649,-11497.63293,140073.3268,99011.16562,5373.989257,3.25e-05,0.1,4.757756296,42.0,1744.0,1
0.0025570882560545,0.0021618748415697,0.000530230823905,0.0012062449759234,0.0032416379010507,0.0011970209224392,0.03629493555585,0.0265093849836927,0.0015118875209491,0.0011145768579764,0.0439253118290826,0.055252179241962,0.0005634565217545,0.0020624305729814,0.003225700306701,0.0040800966662062,0.0011072005762352,0.0032673815768296,0.00115540399979,0.0029887310039572,0.0870736201104894,0.1221407686545711,0.000571883600538,0.0007133280080938,0.000474094233836,0.0007715075066462,0.0001696814768353,0.0001863150326737,0.0018275782567902,0.0012008231274372,0.0003243696016251,0.0003466703003857,0.0001135282005257,0.0002353676532376,0.0001506743754572,0.0003014173333973,0.0012302188365705,0.0049846517166086,2.153665516630152e-05,6.983140741564345e-05,0.175580157,-11574.48681,139997.2294,98951.02277,5339.56042,0.0,0.0,2.392321739,39.07692308,1873.846154,1
0.002944320105626,0.0020602895873525,0.0023030826199414,0.0031593962977369,0.0027413730036452,0.0015821147680349,0.058339163928812,0.0420801241916104,0.0014962597127979,0.0006889859040634,0.0595347125390391,0.0792223582569958,0.0012123307201279,0.0026839055792663,0.0040776416261451,0.0028089009669894,0.0011889267446627,0.0020399466753224,0.0015829605251252,0.0019525429957207,0.1381030452489243,0.1966044301119274,0.0004961172437263,0.0007631965612132,0.0005510902793538,0.0012105569252219,0.0002046536591016,0.0002525236889176,0.0025216060539681,0.0042734419137289,0.0010446943674189,0.0005207981794632,9.006245639049035e-05,0.0002725675650718,0.0003147445346707,0.0003811130052194,0.002491895444915,0.0038008988882273,2.020099533581133e-05,9.976714561456424e-05,0.176797563,-11629.34189,139998.6679,98936.36226,5354.066667,2.23e-05,0.088889,2.757661458,43.29411765,1797.647059,1
0.0034793325794395,0.001784149152686,0.0023314802956446,0.0034653120944478,0.0024535493611498,0.0016656117104791,0.038416998451155,0.0268257285731687,0.0028438808604133,0.0010651899368931,0.0452055299238805,0.0594464174651057,0.0027495503164467,0.0082348832218147,0.0052692896465846,0.0041523311004756,0.0019655254859729,0.0030478894804584,0.0021620605293293,0.003026165091968,0.0888905372066604,0.1236674475040891,0.0010307116811777,0.0006504779294478,0.0011542396633331,0.0012973582731915,0.0001878323327375,0.0003387064803112,0.0100811978726591,0.0108815404715036,0.0006451188681611,0.0005289558988487,0.0004744840031222,0.0013334166348674,0.0004166371696149,0.0007933858270222,0.0064287969029378,0.0103609580016727,7.878192012757385e-05,0.0001672866613847,0.178541985,-11706.60166,139855.5399,98866.66154,5331.67033,0.000164,0.2,2.977292771,43.75,1746.25,1
0.0024196765321432,0.0022557356328412,0.0016082481752266,0.0030786884866158,0.0022937824352214,0.0014033070972521,0.0314383101813116,0.025988222129772,0.0073313217762731,0.0034785439656839,0.0600542281791802,0.0785553902352741,0.0009354523596919,0.0023190865732691,0.0058315986572437,0.0057240740998137,0.0018051603762613,0.0071483792136322,0.0015147922870041,0.002759792126748,0.0914802638813195,0.1238576637976987,0.0003696195121561,0.0015112674140669,0.0007163213805266,0.000852624519985,0.000426542795439,0.000666128691252,0.0056328815373792,0.0072658699244345,0.000401596872108,0.0010499275773914,0.000284660449385,0.0011194123231631,0.0004175077380248,0.0013516794555758,0.0043055253125112,0.0113185917426143,0.000111440056312,0.0003214412737356,0.180128949,-11775.69796,139946.7729,98888.74237,5347.029304,0.0,0.0,0.656558586,51.68,1283.2,0
0.0030334999171411,0.0027586671802684,0.0024875580564164,0.0046384744633463,0.0029850748422117,0.0017059810745015,0.0404412750880179,0.0276595270333694,0.0026750562739141,0.0017778282314757,0.0475209843448344,0.0604849913308381,0.0046239064636503,0.0095734224065699,0.003959183956027,0.0044648276929274,0.0016168014048817,0.0040375370152825,0.001681076517338,0.0025548688237389,0.0901008525605865,0.1295110654199557,0.0007256949384586,0.0008678723215185,0.0008720597897164,0.0013214327960871,0.0002125555177725,0.0003325819764387,0.0056186186386641,0.0056649378926179,0.0004992056610519,0.0004720194124883,0.0002286550218422,0.0006894181895731,0.0004212050925349,0.0006633410124517,0.0036894908009973,0.0093509879331395,4.685095312340273e-05,0.0001732811121366,0.182253333,-11866.05774,139754.0298,98794.42967,5253.344732,7.8e-05,0.066667,1.610770776,51.85416667,1510.0,1
0.0022200892840384,0.001364863009655,0.0015302317140211,0.0035237691050803,0.0032602160954127,0.0024243816820103,0.0608962861412454,0.0395661747684213,0.0034697286207664,0.0018794546338699,0.0668221726350341,0.0916399699860715,0.0031653673824547,0.0051364913867992,0.0064723232865658,0.0052589595710485,0.0020149382016798,0.005747372098903,0.0025254346525769,0.0028608650766071,0.1401651709338308,0.1996745150861599,0.0011191063456107,0.0015647993242243,0.0009060911501378,0.0009725110227946,0.0002733644492666,0.0004603551017337,0.0034874736889793,0.003878628175941,0.0006826511735606,0.0006785840828249,0.0004314084358831,0.0013401786100469,0.0006112560297845,0.0015717169566171,0.0023415329947514,0.0084487990582532,3.7388770387384536e-05,0.0002202538309746,0.184672626,-11966.78238,139654.924,98734.06408,5249.721311,8.7e-05,0.066667,1.574559259,44.2,1778.666667,1
0.0027119692135733,0.0029809598671977,0.0021013145538294,0.0044965797534851,0.0026642868004088,0.0012368088649613,0.0365362600453162,0.0277277727009933,0.0034273659603365,0.0016733311598491,0.0473456223144217,0.0602539676734279,0.0015360345381843,0.0004857676265352,0.0056142166652057,0.0029141333652169,0.0018670961500911,0.0028984216542775,0.0035493890980001,0.0037274622581684,0.0905379264180145,0.1299276797471705,0.0007165205771853,0.0007128379144308,0.0009523771279239,0.0016395285501694,0.0001816928107614,0.0004386501614864,0.0031176027599573,0.0057739989831058,0.0005778915238515,0.0005215700438332,0.0002305634439083,0.0007322884138237,0.0004831630432327,0.001109022336744,0.0038781785503455,0.0077318908544574,6.0483485707017e-05,0.000161627163191,0.18609213,-12024.57076,139569.7364,98704.01395,5235.84186,0.0,0.0,0.686242308,56.14285714,1262.857143,1
0.0027358130218547,0.0018841524395886,0.0024610555124682,0.0047688910214471,0.0024233721289796,0.0019680874853186,0.037985285884157,0.0268840387850617,0.0040688997189913,0.0015008330201361,0.0443943463969179,0.0582692375082515,0.0029292513372866,0.0069508238174936,0.003885754134465,0.0036417343700174,0.0014971370069212,0.0029984254546946,0.0020287201819503,0.0014404109103255,0.0893543424355187,0.1269685098703259,0.0006371351384659,0.0013702110783356,0.0006671661175142,0.0020639663867081,0.0001647033809015,0.0004198960495252,0.0032626160920192,0.0053381637555488,0.0006013008657248,0.0004235755258609,0.0002908749912382,0.0008542360389952,0.0004181350264361,0.0008898300861209,0.0023651826935996,0.0028961177197211,4.649142235869983e-05,0.0001046062152215,0.187649906,-12086.95758,139445.7629,98635.82998,5195.040268,5.85e-05,0.066667,2.499822018,63.55555556,995.5555556,1
0.0030791861535985,0.0026859366226139,0.0029498459276456,0.0051452909024224,0.0043395347678304,0.0020170595986988,0.0601211519571814,0.0422199960982441,0.0049390891208978,0.0029099880333926,0.0666414788082778,0.0825014933424912,0.0045786276765349,0.0088538689084426,0.004776399192436,0.0067591182115174,0.0030390111343581,0.0041146165552893,0.0026573703711118,0.0045550126218985,0.1417860329018052,0.202254268236268,0.0009093588467713,0.0011860284473159,0.0008443655853177,0.0017316948128299,0.0002359561261206,0.0003423872430602,0.0055102610725705,0.0062371192646194,0.0005527985273438,0.0006533908647103,0.000468623443886,0.0013035200304244,0.0004949228427703,0.0011102959180097,0.004970714575184,0.0120527779279633,7.57215264820527e-05,0.0002039704266977,0.18958249,-12162.95025,139447.4184,98588.60331,5193.609504,3.6e-05,0.2,1.921302564,61.5,1141.176471,1
0.0022112220857694,0.0021788470215823,0.0025028717836062,0.0054231922755329,0.0031892879145218,0.001998693047462,0.0407188870581244,0.0270996840133749,0.0039139486353089,0.0010970747175839,0.0452080720699392,0.0574452080082501,0.0003419132936519,0.0005527001709655,0.0017138063182386,0.0048197027243666,-0.0003762708907725,0.0039275362459822,0.0015989482892086,0.0047439260985087,0.0887243460802768,0.1253373723031035,0.0002236867904126,0.0009089051817038,0.0004270938751545,0.0021129490456727,0.0002762906003108,0.000654608073858,0.0049606318373118,0.0094824867837314,0.0004714517212206,0.0007058937531799,0.0002461516571421,0.0009551078928948,0.0004332714838678,0.0010964907639132,0.0062508101827412,0.0144457432693025,8.805643823962441e-05,0.0003306095133272,0.191109008,-12221.939,139382.808,98538.52941,5168.105263,0.0,0.0,0.603648718,60.13636364,1090.909091,0
0.0035342799457204,0.0040995058881249,0.0057493899700552,0.0062179298737934,0.0034226069823465,0.0012564816258495,0.0486271622939242,0.0341664840336513,0.0093545430144548,0.0051922764422972,0.0572343560186344,0.0762498703776806,0.0036488785183074,0.0077915150545839,0.0045864162024228,0.0070239381808664,0.0051608104255766,0.0091510807344264,0.0028860248166218,0.004245022142359,0.1182973029791623,0.1727215081869332,0.0012050852850891,0.0023227936053868,0.0006472085517081,0.0018674126474258,0.0004228203333714,0.0009443489002433,0.0065501811326494,0.0122389525655523,0.0008221502881385,0.0013222915668691,0.0007784763629019,0.0025296382221904,0.0008531441858145,0.0023874103861102,0.007108971038386,0.0104301750953826,0.0001023097411963,0.0004140104478154,0.192555418,-12276.89795,139350.1732,98532.38679,5162.683533,0.0,0.0,0.182102837,60.53488372,1108.837209,1
0.0021066874505094,0.0001102778102514,0.0054944914550939,0.0081179113861914,0.0039771886842933,0.0011658444959627,0.0391203942199632,0.0263131558389638,0.0035755545320854,0.0017150161377734,0.0445691684272737,0.0553327050082906,0.0014120255145269,0.0017374296904653,0.0041808595827554,0.0015921900594533,0.002368337398068,0.0028780407122965,0.0035640365749218,0.0048952905144767,0.0843828565966958,0.1200625930735991,0.0008375910212487,0.0010932906555819,0.0005189410451778,0.0005466382076162,0.0002582978031774,0.0003896365549192,0.0026895408542904,0.0031773435767756,0.000503699218441,0.0005739822302424,0.0002651371758667,0.0008236146426543,0.0003977498026878,0.0008880995000473,0.0090197006870578,0.0129642703815966,6.046579982131524e-05,0.0001216482083374,0.193745091,-12321.55201,139280.3575,98559.88245,5121.095008,0.000125,0.133333,0.261246667,60.43478261,1092.173913,0
0.0032353866603328,0.0034275254056509,0.0042337005421539,0.0083598371336872,0.0038170746476528,0.0026631380141667,0.0491186582777706,0.0381554271707886,0.0081076749251607,0.0032678844119223,0.0531636106213201,0.0705946877370519,0.0033298072442518,0.0068024552797549,0.0040332707113002,0.0054587504187744,0.0024645406682194,0.0078975006755843,0.0035301252717381,0.0061154125051578,0.1219658102736468,0.1685516129957768,0.0010805112138779,0.0023711361829017,0.0012432796149332,0.0031999611189742,0.0002726661286749,0.0007529074110231,0.0054229370962675,0.0112105246997085,0.000829425977311,0.0010403003852368,0.0004260223131991,0.0010718865586766,0.0006909559878637,0.0013509895880425,0.0100150016664583,0.0180026490590288,0.0001038515024188,0.00033941369003,0.198599105,-12498.03605,138637.2009,98384.15871,4951.303782,0.0,0.0,0.000198462,60.375,1156.428571,1
0.0031529068388353,0.0028942482216009,0.0029117474683652,0.0049968171061165,0.0028793929596724,0.0017940070428639,0.0409000161412997,0.0259948958222555,0.0037539062668563,0.0024414107184536,0.0455736104378474,0.0525191172417341,0.0014566594085197,0.0044592816690115,0.0057246384648876,0.0038085063638432,0.0023914355186028,0.0027897380557444,0.0016155303981581,0.0011153740676922,0.085940374228823,0.1176963077635765,0.0007555029246799,0.000952151818343,0.0008568176202065,0.0007880011162843,0.0001850820108815,0.0002915696416433,0.0053224506470688,0.003925480317099,0.0008830493943326,0.0003517355269833,0.0003042055455606,0.0009004748929126,0.0004528184020821,0.0011112844405762,0.0016786917136224,0.0015816586273636,3.268948627766942e-05,9.349268516722582e-05,0.198389597,-12490.59818,138530.2342,98255.30284,4935.63312,0.0,0.0,0.0,54.47222222,1218.888889,0
0.0024841209927493,0.0025398078495632,0.0036602597814484,0.0061438686096209,0.0036936436226787,0.001407333245532,0.0404320286894218,0.0260280713181313,0.0029976062224986,0.0016921020199859,0.045519219245723,0.0534918237639011,0.0021228740961519,0.0047268581425976,0.0051970788041923,0.0040426473241616,0.0011721508029069,0.0025307054289711,0.0018858391986005,0.0043708825637184,0.087703046051107,0.1214675510031719,0.0006751613935096,0.0013287452610933,0.000807235213301,0.0013152768655662,0.0002936876250731,0.0002353228090203,0.0041326194850018,0.0044425493805403,0.0005970536058664,0.0004009385299687,0.0001809467379854,0.0004782412483298,0.0002127397977268,0.0005946188616548,0.0049047616308373,0.0093843931100188,3.642353551383543e-05,0.0001157705841349,0.19870225,-12501.68309,138680.0991,98404.22985,4955.791939,0.0,0.0,0.0,54.37037037,1357.037037,0
0.0037623700095959,0.001681322017843,0.0027873854007648,0.0054724658985643,0.0031371074664854,0.0012639070974898,0.0483598089301697,0.0350084166012296,0.0078030478612225,0.0035830676389782,0.0583761392829084,0.0736475182766616,0.0054873811216632,0.0096098708255742,0.005692417737893,0.0050409584413287,0.0021320240462931,0.0069636927839427,0.0014753848737586,0.0026565443084821,0.1194000654356061,0.1657042443427956,0.0008431885043462,0.0019823852867159,0.0010437484346086,0.0021831338080392,0.0004005894961808,0.0006957835472945,0.0068421511098299,0.008103949626675,0.0006602938185742,0.0011009730935007,0.0006997515608658,0.0020213766800264,0.0006767505704245,0.0019095801415741,0.0056688941455375,0.0079335446069285,6.956835489120488e-05,0.0002042132455033,0.199565657,-12532.15734,138650.8475,98504.67373,4934.959746,0.0,0.0,0.0,61.0,955.7894737,1
0.0034938223821089,0.0020967268254234,0.0027574987782028,0.0055596601106465,0.0040569965854926,0.0014486502758667,0.0380151821774492,0.0279286344046438,0.0060981565810491,0.0024630411934797,0.0454698344765935,0.0552172314544925,0.0019529279888255,0.004577348119243,0.0035254371336953,0.0074613964613562,0.0024574894108474,0.0059445930881265,0.0020666494975067,0.0043783066758409,0.0846014227811311,0.121440559835712,0.0005724168730529,0.0019089868526693,0.0007128650905822,0.0021529589561909,0.000176465140944,0.0004265432261068,0.0047579452123568,0.0073425399084926,0.0006285244882121,0.0007673347591969,9.763300598645611e-05,0.000430114940883,9.614093656254464e-05,0.0003964767478276,0.0056428710261712,0.0081997915524195,6.731941716195321e-05,0.0001684474924442,0.200319357,-12558.52536,138552.9758,98475.61879,4914.173154,3e-06,0.066667,1.6745825,58.86363636,1316.363636,0
0.0032790804057253,0.0007315761675527,0.0022139015564171,0.0024750072511382,0.0031073562171295,0.001060050353084,0.0393557780983205,0.0265860772392981,0.0060255401748846,0.0031926277277081,0.0435781925054441,0.052579057588574,0.0012457829347165,0.0011779676997766,0.0064503298215979,0.0028590631316213,0.0031378813229586,0.0048736705776282,0.0021114519802241,0.0019401268074961,0.0897778977333498,0.1215617208123152,0.0009796102708521,0.0010038726338978,0.0006810191216339,0.0009336048423217,0.000150234984805,0.0004402216170674,0.0040895088134207,0.0067123321472962,0.0005484252818833,0.00069215425735,0.0003980003513439,0.0012532825340982,0.0006123775324309,0.0013161380286177,0.0034503448647851,0.0051879260862235,4.226514567505599e-05,0.0001662584001675,0.2010524,-12583.9986,138526.6208,98415.53523,4900.281879,0.0,0.0,0.890513889,58.28571429,1217.142857,1
0.0030525779575808,0.0017338562010275,0.0036372172564048,0.0038643534083492,0.0037801697434517,0.0018182986908386,0.0538614453127549,0.0418678994324617,0.0032207433133563,0.0014095750652046,0.0596011178185675,0.0753952741279174,0.0018015447396261,0.0028863502430225,0.0073414890082494,0.0051025137727528,0.0022434859280391,0.0024811155352255,0.0019317661430374,0.002666006869262,0.1387480608891571,0.1917479938973615,0.0008223184874176,0.0006811685787296,0.0010055376774012,0.0014566011056887,0.0002260319950149,0.0002748857581216,0.0027765998072087,0.0041426446344329,0.0007228704974017,0.0005402657536981,0.0002368068639599,0.0006484035843629,0.0003277758533782,0.0006532003794432,0.0029532603538198,0.0058679372301989,5.933552053780406e-05,0.0001422856352016,0.2019329,-12614.32215,138586.6639,98375.91863,4921.292776,6e-06,0.066667,1.15317673,59.19565217,1146.956522,1
0.0022634819370311,0.0022553724311317,0.0010562429332448,0.0010886852916847,0.0022975926972307,0.0014968569440264,0.03813016647112,0.0284696988169474,0.0027135705863473,0.0018891821042271,0.0466914379187378,0.0555648061594986,0.0008536705596102,0.0013873037009501,0.0033476298252122,0.0028642049054065,0.0018407796477969,0.0024884441374219,0.0007449485467724,0.00115922239863,0.0906430194063904,0.1232286057601191,0.0008456997170008,0.0008861894882307,0.0002042448645055,0.0006000329561762,0.0001698072575825,0.0001342213153745,0.0020816867154162,0.0027026357728218,0.0005743997066791,0.0003337844408191,0.0001131097189934,0.0003252808202241,0.0002590267514127,0.0004884600493813,0.0018195301251614,0.0036126886239315,2.1545915593064105e-05,9.154918854057625e-05,0.202927749,-12648.30014,138482.0077,98369.24149,4882.925697,2.7e-05,0.066667,0.6952,60.04761905,1207.619048,1
0.0023912963696472,0.0014179961427413,0.001881409939449,0.0024757004049823,0.0022393220737928,0.0015819287021101,0.0377856033727464,0.0286973317024709,0.0043518292276705,0.0032099232105229,0.0468755798341529,0.0564770150376425,0.0013397655441882,0.0024071058842326,0.0041526472838577,0.0013644086021919,0.0042184208027094,0.0052196856643926,0.0018557699971777,0.0015524444637258,0.0892615800735947,0.1196440957300418,0.0013268781195862,0.0008854632830001,0.0009055889244882,0.0016336480867011,0.0003627526554356,0.0006093218934468,0.0069755646284042,0.0088179816625635,0.0008988995431566,0.0008370304034127,0.0005705082989008,0.0017328756230857,0.0008333444459046,0.0021664240092953,0.0059158047621194,0.0080004660458324,6.760864451503538e-05,0.0002287500208262,0.20376037,-12676.47093,138505.5814,98310.7338,4887.726795,0.0,0.0,1.370431884,63.81818182,1003.636364,1
0.002316979544298,0.0027388731361764,0.0027735915598458,0.0052381331381167,0.0018068053032412,0.0012845184926106,0.0362345957022195,0.0282379501919712,0.0073012205440379,0.0035528097550585,0.0568444108682304,0.0703116329519917,0.0026719879570761,0.0055231316172874,0.0035532170477396,0.0096942009167417,0.0040992614812221,0.007063384510804,0.0014209399013585,0.0054017218361497,0.0929456127224809,0.1247647445331625,0.0008015685574971,0.0023340826681719,0.0007493151741549,0.0030044052573343,0.0003323117254953,0.0007506893153122,0.0070423119778414,0.0108889172661618,0.0005461857400125,0.0012054122674708,0.0005630354065931,0.00172733695232,0.000690626312145,0.0021434526437383,0.006083921154541,0.0117042575869707,9.502007112680728e-05,0.0003381592703677,0.204514012,-12701.76958,138397.3853,98277.42207,4839.208406,0.0,0.0,0.614023188,65.45,1196.0,1
0.0035636919728501,0.0010842387691887,0.0008037254602921,0.0020888415734311,0.0029307897034981,0.0010852184679274,0.0349591609034973,0.0253570358571022,0.0042253833056595,0.0015877806233056,0.0435729631542203,0.050914792645294,0.0011176835306333,0.0016722750819746,0.0044624842804629,0.003718332729691,0.0012174189496336,0.0022276169338876,0.0020532633413332,0.0001335726805616,0.087190597010069,0.119353902221812,0.0006181934423909,0.0007893964084432,0.0003537879979214,0.0009172701265225,4.593511202670576e-05,0.0001993254376601,0.0005741892282171,0.000937822410565,0.0006346097161212,0.0003964539552561,0.0001024663156748,0.0001689469279571,8.078177788607124e-05,0.0003377475341566,0.0008443513933889,0.0008359222184229,2.129508151908861e-05,9.236887755118642e-05,0.205434798,-12732.43249,138374.2088,98201.89011,4833.882784,0.0,0.0,0.279328788,60.88888889,1126.666667,0
0.0024484971823081,0.0024503420777535,0.0028728339129199,0.0037727585882657,0.0043616458742899,0.0014493472961671,0.0421889610855409,0.0310398210067485,0.0100981115009667,0.0062053492909323,0.0457310656321759,0.0580686491973909,0.0018879866521059,0.0057139956861301,0.0058838491540874,0.0066718275823076,0.0035533125558964,0.0100281512092788,0.0014741361290995,0.0014982332011029,0.0908404642544648,0.1228249870116505,0.0005038074227059,0.0014981403780034,0.0006320945298677,0.0006448547986809,0.000386549596591,0.0007735894365758,0.0066407450493776,0.0109816093223278,0.0006751352002721,0.001195849839704,0.0003994245557409,0.0015682501170953,0.0005549679815128,0.0014819800905914,0.0036747882367466,0.0112710075908249,8.597503951936435e-05,0.0003534615004248,0.206328264,-12761.91757,138316.6341,98189.13178,4840.737984,0.0,0.0,0.122024359,60.31818182,1240.0,1
0.0035591897193619,0.0020581320313416,0.0023443849114812,0.0035470026189343,0.0055875660023918,0.0020728028949184,0.0402849680766162,0.0242608688902488,0.0030826030144343,0.0007652693773212,0.0451756017081081,0.0547442260113818,0.0007626718885877,0.0007696324699364,0.0067806107923543,0.0100781262636428,0.0040192173488909,0.0051356357332049,0.0012973381800165,0.0011328979166482,0.0885389631594941,0.1284979490479305,0.0007036492810207,0.0014612910711762,0.0003531960199224,0.0011802532368366,0.0002064193042438,0.0002758612416629,0.0006326113930458,0.0018937467276882,0.0006399482617458,0.0006856561577736,0.0002437593935951,0.0006081017997452,0.0005763773837024,0.0011896804916728,0.0011396571286289,0.0037017083209217,4.9964086818186576e-05,0.0001683256242859,0.207208644,-12790.73096,138265.8462,98155.2381,4814.606227,2.6e-05,0.066667,0.682831343,62.36842105,1069.473684,0
0.0022343357244597,0.0018642190073632,0.0025115260975448,0.0045220814170665,0.0019026547457187,0.0008108891448169,0.0227894009359292,0.0184845826374319,0.0018025893148257,0.0013400391878948,0.0527752178911364,0.0702202619851739,0.0024012742363002,0.0080436810674082,0.0022005824799406,0.0040765014783,0.0009127559078114,0.0012601872027515,0.0028403847246242,0.0022492186925974,0.1094541301355559,0.1534533889591803,0.0008090585111785,0.0005848367884063,0.0014551082067958,0.0020791612661373,0.0002142351277098,0.0002473108939016,0.0062085703947371,0.0072740854281655,0.0003751549050447,0.0002512557139797,0.0002412597055602,0.0006595811092704,0.0001204383673793,0.0003294468446176,0.0024640583957678,0.0027067239686568,3.311829602270513e-05,7.682221705950487e-05,0.208001433,-12816.46111,138161.5034,98057.84564,4794.25,6.2e-05,0.066667,1.604409722,62.60869565,1107.826087,1
0.0020923721302482,0.0011954433819223,0.0034386014393173,0.0054505798868834,0.0024385429116134,0.0021901100257093,0.0185090022998157,0.014802982736335,0.0064562477807244,0.003663152545062,0.046264045432113,0.0538440154199976,0.0026025796865612,0.0044981262982241,0.0042141072826703,0.0040422317169999,0.0027902305419711,0.0050581307907936,0.0011819596032439,0.0013357298262236,0.0947128952791563,0.1270074936002768,0.000959635123712,0.0011067073787487,0.0003635596813541,0.0010147375710938,0.0001683716549352,0.000463294473987,0.0034841663895519,0.0058117719534232,0.0002974186286242,0.0007237662442618,0.000316739078294,0.0010542212548563,0.0004887149636604,0.0012899930859349,0.0017965464465518,0.0067808702948544,3.161340306110496e-05,0.0002091445963651,0.208831662,-12843.20589,138216.1923,98051.23626,4797.456044,7.7e-05,0.066667,2.207284848,56.41176471,1272.941176,1
0.0023861634304973,0.0021377891175307,0.0045747318256667,0.008592187022594,0.0028921282358194,0.0020102371718885,0.0085056430764384,0.0055203277342698,0.0051687424764833,0.0021524740479023,0.0360721943216092,0.0458011205888388,0.0032267677979719,0.0045652838154354,0.0050624823410117,0.0103325067328791,0.0030780006848816,0.0025624943617622,0.0021274499847905,0.0037882704918636,0.0903159165975774,0.125362666484154,0.0011514511372621,0.0011652526165979,0.0013090472903403,0.002022487045352,0.0002722396912492,0.000219600151685,0.0019891226894095,0.0025656739332865,0.0004316774388994,0.0003652141402607,0.0001197224935679,0.0002944676244371,0.0004423503666933,0.0003474201399096,0.0024799332023182,0.003230282960135,6.959740356188191e-05,7.65311867234015e-05,0.209596243,-12867.64105,138196.1814,98068.58295,4813.87907,0.0,0.0,1.831475641,58.31818182,1187.272727,1
0.0019105025092184,0.0021227241460107,0.0038357315999399,0.0068884068412194,0.0029856123105908,0.0016039681493998,0.0063875786859891,0.0057994250139633,0.0070990563162857,0.0028182489310791,0.0274251184243651,0.035081775246917,0.00257353481798,0.0060954615163212,0.0047340274776124,0.0081601668182624,0.0017503824017781,0.0055251402883549,0.002411659720266,0.0032749726552436,0.1234546568609238,0.1692479637422844,0.0005371567115282,0.0018394579180769,0.0006541817119371,0.001192039959023,0.0002384958813931,0.0005093414244477,0.0030051972606078,0.0045222367928608,0.0007040025936393,0.0010037744884351,0.0004052097843854,0.0010903470946969,0.0004355379119086,0.0009118759108231,0.0036210893963752,0.0089265618141667,9.039929889721214e-05,0.000220136645666,0.210341242,-12891.28353,138263.6994,98136.70189,4816.373585,0.0,0.0,0.677202083,58.28571429,1117.142857,1
0.0014833442805606,0.0012375947626464,0.0028963867457345,0.004490022874954,0.0022341014388099,0.0007258002883363,0.007291076976903,0.0029460991505295,0.0014232721848457,0.0017518060769137,0.0165456552049969,0.0232391610748683,0.0019133642663517,0.0051996461092637,0.0019391817346647,0.0035502359165998,0.0022952217879215,0.0017498427865804,0.0012327098063062,0.0019218060482448,0.0852173936408977,0.1182169219105875,0.0005822435159866,0.000926536739969,0.0010185880192897,0.0016698711739947,0.0001306582455893,0.0001372185112882,0.0053640765936739,0.0040650371463183,0.0003172651850495,0.0001031217891636,0.0002695544447383,0.0007235656250927,0.0001289736416255,0.000488444348308,0.0016928253393573,0.0032992352922047,2.430327216280859e-05,6.34251339357116e-05,0.210793818,-12905.56994,138233.9534,98082.16949,4805.129237,0.0,0.0,0.268985965,61.11764706,1094.117647,0
0.0021182681164962,0.0018499765958167,0.0029013443885934,0.0065925986459661,0.002694211747517,0.001425791146878,0.0081049184670231,0.004815391147716,0.0035920594031927,0.0013926356174815,0.0191287212005956,0.021623277168634,0.0057243141980991,0.0124989970037868,0.0066636293366299,0.0049358879022071,0.0020071286725373,0.0054920757241352,0.0025502796810765,0.0020453585488696,0.0924046612844545,0.1271818340206963,0.0007382531146651,0.001432972836839,0.0009642757374482,0.0008796407300509,0.000179830709064,0.0002279949884844,0.003470119949496,0.0040436260219639,0.000513529409066,0.0005550460066471,0.0002384161745714,0.0006778911750809,0.0003294056323118,0.0006600660947333,0.0019423230204168,0.0052644900305129,5.7770400831909e-05,0.000161233732914,0.212064401,-12945.31591,139464.439,98226.35512,4769.521786,0.00021625,0.1666665,4.189806306,57.42857143,1342.857143,1
0.0020640783106561,0.0016371330931214,0.0023687077141828,0.0027456196567677,0.0040653390436704,0.0013546528839979,0.0082724383151341,0.0048346009778629,0.0033694917786641,0.0010610312115118,0.0186064003511251,0.0241727304560294,0.0040632699517651,0.0063647206135147,0.003390575972128,0.0080766463554192,0.001381804877216,0.0039953039993713,0.0024037411580755,0.0048394674130893,0.1383566582447612,0.1897711391459444,0.0007777191417593,0.0012040435155745,0.0006541477648371,0.0019935678598571,0.0002249386437536,0.0006026622895673,0.002995280731303,0.0064214053227373,0.000428191528217,0.0005450067848911,0.0002774764164559,0.0009589795532392,0.000511655150443,0.0013059538173045,0.0037170036674798,0.0087886848016302,7.360909955293261e-05,0.0002383302359439,0.211494249,-12927.55074,138662.9766,97752.47273,4765.661039,0.0,0.0,1.812452688,62.0,1066.206897,0
0.0022390542971572,0.0013106718500428,0.001846135297599,0.0026230471654379,0.001865259231964,0.0013792033265685,0.0046708615791283,0.0044335881703485,0.0027433265035268,0.0011361301992452,0.0271895893795864,0.0311000896477486,0.0046424273447086,0.010820380651389,0.0050520471643532,0.0052391716385407,0.0030441881778023,0.0031024890388575,0.0023435979088946,0.0038102132547818,0.0940494248135135,0.1301134961723434,0.0009728658898299,0.0012205424064973,0.0009837782438075,0.0021983287457088,0.0002406700483894,0.0002821094901159,0.0035726523821631,0.005707733041867,0.0005252188322194,0.00033020663609,0.000369979771597,0.0012545554448745,0.0004786930611846,0.0009556310701102,0.0041790368397268,0.0085841362811732,4.4420527273350495e-05,0.0001423326311954,0.211876026,-12939.46522,138475.6857,97728.52078,4787.593506,0.0,0.0,0.61127766,63.96774194,988.3870968,1
0.001672137883634,0.001682707281506,0.0005197757692076,0.002264556888954,0.0032938341139217,0.0008256715243908,0.0084907445044282,0.0056568726478956,0.0051787820759603,0.0017216103440473,0.0314540333563064,0.0399327206918668,0.0031407465732945,0.0045841852789966,0.002488247654189,0.0057220015103337,0.0013230469554836,0.0044036212289926,0.0012090649503675,0.0032411836727391,0.0952176815064141,0.129588728539745,0.0006134155984792,0.001637258218557,0.0008076806880383,0.0017993042197937,7.599270043288121e-05,0.0003164725989183,0.0033169490083897,0.0057545235544795,0.0003006720552227,0.000578378990257,0.0003124148915837,0.0008011203441099,0.0004886033809959,0.0009682675431214,0.0027634044440687,0.0078321222607131,2.987469999186321e-05,0.0001501527001079,0.212413638,-12956.18058,138642.4919,97798.93347,4759.395161,0.0,0.0,0.242373333,67.14285714,956.1904762,0
0.0022674928923206,0.0012702129642319,0.0018425238972391,0.0047218422159296,0.0023523585734352,0.001413015337565,0.0126695325846149,0.014228397495773,0.0058302662469012,0.0017000436506208,0.039348243612694,0.0493900223032499,0.00507186677107,0.0088544612879651,0.003598702825495,0.0025720554395373,0.0029110942057766,0.0021312376364717,0.0020596709594226,0.0028063630215155,0.0913376974889755,0.1272666678807639,0.0007932160563877,0.0007251039169012,0.0008044323272184,0.0011164758266296,7.755715692331229e-05,0.0002230458185561,0.0027760990001714,0.0042459077026558,0.0006596602367318,0.0001639151972994,0.0001498693431912,0.0002696964266582,0.0002034884832025,0.0004707734100267,0.0037589223103052,0.0060095564472329,9.346430846688807e-06,6.467876498809413e-05,0.21266678,-12964.02069,138523.9195,97756.81489,4755.778672,0.0,0.0,0.120591667,67.54545455,889.0909091,1
0.0030399740057707,0.0016197162323694,0.0061025105760992,0.0067986693188099,0.003210020595499,0.0009915230910612,0.0471932434890464,0.0333502847302786,0.0055719163463569,0.0021615684343386,0.0576002179929578,0.0733532798075346,0.0067559804200641,0.0109424809606341,0.0048156442636683,0.0078983934630792,0.0029114595204543,0.0047745030951186,0.0025213060741758,0.0029728208116665,0.1521890606121345,0.2117358753809073,0.0008739264835797,0.0010075266115989,0.0008621583294662,0.0016111684708442,0.0002460547677274,0.000411995446739,0.0050875364402355,0.0059986620063821,0.000513360423759,0.0009944349827468,0.0003884612644717,0.0009879642747226,0.0002522609814897,0.0008911903382307,0.0053743762372039,0.0061075367344506,6.516838348367857e-05,0.0001964425048899,0.213186447,-12980.05258,138236.5924,97810.41545,4715.31243,0.0,0.0,0.047450926,65.73684211,948.4210526,1
0.0015859527740439,0.0008919031551984,0.0017918722200041,0.0040530622776864,0.0020936850044976,0.0010583790443374,0.0375242965064114,0.026066230622074,0.0049458935612979,0.0023289151069707,0.0499334400949632,0.0571929003685992,0.0014309490200824,0.0058329823177835,0.002082396370236,0.0018053101839803,0.0013619556141337,0.005312946012576,0.001023492408766,0.0020188682777052,0.0921361149773774,0.1272373868829181,0.0006430299096538,0.001782591306228,0.000475502898697,0.0018197280066252,0.0001556414429238,0.0004584939163908,0.0056128282965098,0.0084391466166327,0.0005203636756977,0.0003644757951452,0.0003927014698701,0.0012201426196855,0.0003830300716734,0.0012594605366232,0.0033209919507006,0.0087278623527735,4.864104441817943e-05,0.0001892793540142,0.21375448,-12997.49552,138165.9318,97905.1958,4731.496503,0.0,0.0,0.016307246,67.72,912.0,0
0.0023408205391396,0.0016026087405934,0.0013461563359856,0.0028508741046539,0.0020505924559672,0.0022655076790492,0.036015730342037,0.024767062707807,0.0035133499802912,0.0015177775904796,0.0448411526490719,0.0576644073917086,0.0017279438424209,0.0015419779313605,0.0022404205772936,0.0026511842559375,0.0009370024066905,0.0026256508347164,0.0009761615366282,0.0013593404781929,0.0956727451551202,0.1247395655065737,0.0004267155961505,0.0010233872797831,0.0001747357327599,0.0003870291001633,0.0001195086170148,0.0003642643090803,0.0030124245229623,0.0030713344073388,0.0002305847041589,0.0003782949162189,0.0002118018359501,0.0006990349941449,0.0001663060683691,0.0008676141804815,0.0011502088837897,0.004653683675828,3.260966727205059e-05,0.0001536906256624,0.214109543,-13008.34843,138239.7812,98029.6238,4720.026871,4.6e-05,0.066667,0.753392063,67.95454545,912.7272727,0
0.002107096576479,0.0013841132615557,0.0023508060682924,0.0041326965506128,0.0037280928155681,0.0019431905879322,0.0261063892081544,0.0192270773574572,0.0059524572173993,0.0026180995486575,0.0590556135192287,0.0718107599620885,0.0050753140942153,0.0120962436036805,0.006053630684262,0.0068116040299518,0.0019982366388258,0.0065483163338256,0.0024608686324262,0.0044636273732978,0.1196579463225205,0.1684260173401778,0.0006931213115241,0.0016465643538208,0.0009721974228153,0.0023565904096268,0.0003680661030945,0.0006956516290356,0.0046932903695526,0.0087907698044734,0.0004970023879538,0.0006938128178595,0.0003907250155514,0.0012422970469642,0.0005098447919182,0.0010992730351962,0.0043702274329868,0.0093747352589019,6.547861681879457e-05,0.0002285043259278,0.214729527,-13027.21379,138191.6145,97987.72842,4731.1542,0.0,0.0,0.89638,67.27027027,931.8918919,1
0.0022141839160114,0.0015468916529658,0.0018464215077187,0.0028150527559855,0.0022237131292013,0.0016609014111094,0.0129392077213854,0.0125652632003952,0.0028052859528937,0.0019381831586387,0.047290609065119,0.0541225659392359,0.0025994228325141,0.0054832886063198,0.0021581951019753,0.0057354537410128,0.0015298651588846,0.0025352470370243,0.000721384919272,0.0027891276754285,0.0879184307998785,0.1254699983441196,0.0003976037896337,0.0011530435034543,0.0003333648876923,0.0021173694017897,0.0001013216569221,0.0002176628296739,0.0027229474232457,0.0041274665740148,0.0005937093053842,0.0005120081193625,0.0002919426334925,0.0008658192213089,0.000400139376697,0.0009734597926282,0.0015973687417906,0.0044551933772669,5.6608120802318856e-05,0.0001213216228179,0.21523961,-13042.65406,138298.2619,97969.59568,4727.389928,0.0,0.0,0.290609412,67.37931034,980.6896552,0
0.0014941954360609,0.0018645193721739,0.000591013895124,0.0036110119079279,0.0025217760951419,0.001260416942353,0.0150183593852442,0.0146971665782996,0.0032626527152325,0.0013268061858561,0.0454695289222822,0.0548566938600216,0.0016782459455567,0.0041516104461917,0.0036144210791022,0.0058637706646779,0.0009999573825255,0.0039009739590387,0.0007449152100182,0.0025943377952794,0.0922324546179752,0.1273139742548896,0.00052343385357,0.0008882962889205,0.0002358245717701,0.0015785286407266,0.0002164574245127,0.0005819510218521,0.0036962908923096,0.0072059753305545,0.0004298650409345,0.0004847125632274,0.0002162393110719,0.0007045379856726,0.0002644534566375,0.0009311879839577,0.0019052241803843,0.0063816532952529,2.6753805129686096e-05,0.0002019713735508,0.215499054,-13050.4804,138255.2226,97991.1286,4710.754319,0.0,0.0,0.12064127,69.86956522,921.7391304,0
0.0025556228794685,0.0032130508192808,0.0028743090863779,0.0062037846377085,0.0043487544872253,0.0015768723270395,0.0197202044703286,0.0163303419681812,0.00236464225512,0.0015042897325293,0.0482245510128064,0.0565817982203332,0.002016729625834,0.0046809444665725,0.0062718212183786,0.0052697433969722,0.002360224904362,0.0022968969814971,0.0050595878269995,0.0064361719977496,0.0934955377963142,0.1277973326469584,0.0010487584495404,0.0006669047310099,0.0013483656926122,0.0016893031424185,8.726036220248507e-05,0.0001176431016005,0.0042667488297302,0.0035428682021324,0.0004364771073752,0.0002700870940596,0.0003581094069786,0.0008358366593647,0.0004573612431643,0.000900737776178,0.0064553429624241,0.0123741580998066,3.226518350444516e-05,6.689015149057309e-05,0.215711943,-13056.88615,138413.9638,98024.89135,4709.732394,0.0,0.0,0.05886,69.86363636,883.6363636,1
0.0033289003895055,0.0028224665536897,0.0060849031164444,0.0090957671895428,0.0029041755877365,0.0014773098322424,0.033115752297456,0.027853477846909,0.0020097560266334,0.0021492194901439,0.063916767994712,0.080890531470882,0.0042079126515847,0.0068351245542456,0.0038659070547517,0.0046545311526916,0.0005962393756755,0.0035923471537107,0.0037366390238238,0.0054048097979679,0.1238100106423196,0.1827272600019126,0.0005988737100215,0.0017427662552147,0.0009258705179638,0.0023676475815483,0.0003519478531297,0.0003562923701296,0.0043808636247506,0.0067155787234634,0.0004602765410383,0.0004828855308086,0.0003662527397639,0.0011261509105944,0.0004011273689787,0.0008994787995995,0.008472632264108,0.0120218765731256,5.491583231369287e-05,0.0001452267613139,0.216019433,-13066.11983,138360.25,98036.49583,4705.722222,0.0,0.0,0.025586207,66.56666667,961.3333333,1
0.0030356758785025,0.0025273314706701,0.0030427330938922,0.0040001396942343,0.0028989045537066,0.0018565174131123,0.0354184182945286,0.0251158906068389,0.0030276832600191,0.0018079175737101,0.0485302456858064,0.0557062228745308,0.003188976530504,0.0043122216954466,0.0038648029692912,0.0030537965010418,0.0016016378824935,0.0024840169765238,0.0038082532704674,0.0034165526631463,0.0945146931364423,0.126107603528447,0.0008079561041954,0.0009143707297504,0.0006875100328302,0.0011462842754466,0.0002102940934778,0.0003123364556615,0.004003404225998,0.0050174280069553,0.0005287928908717,0.0005066688648483,0.0002768965366788,0.0008174175455497,0.0003725853212169,0.0009171729891723,0.0076370405400557,0.0128470036649211,5.453654015411424e-05,0.0001649961095373,0.216185954,-13071.10785,138245.7438,97957.7651,4720.482103,0.0,0.0,0.008412037,64.4,1013.714286,0
0.0029933343351599,0.0014192853625091,0.0030523848028853,0.0047347043176075,0.0020851833116563,0.00141652182325,0.0337206783244649,0.0254674632898062,0.000993049608429,0.000544108374571,0.0433961332638718,0.0549202932890185,0.0008708846757493,0.0018165341333913,0.0015194815390953,0.0045612712859013,0.0003160216821611,0.0026382605868218,0.0024552250086083,0.005292458948507,0.0915079499159369,0.1241065479189169,0.0002806078517365,0.0007098454733972,0.0005498067410132,0.001489955263146,0.000168297839237,0.0001971552431165,0.0032912266013301,0.0049496771643158,0.0003974809568919,0.000341272723331,0.0002809007229804,0.0007838057496171,0.0004002696491692,0.0007847006644136,0.0068807297711147,0.0089281782038019,3.168733851064476e-05,8.563014967905305e-05,0.216535362,-13081.54809,138155.476,97960.10557,4716.976967,0.0,0.0,0.002984127,65.95238095,1022.857143,1
0.0038834426660667,0.0022252176533976,0.0011398884102639,0.0014040248342279,0.0035603085549795,0.001606485003698,0.039973176471613,0.029994738031511,0.0008605583862064,0.0007925536530644,0.0577759351586285,0.0649394767740304,0.0011453143226655,0.0028595114153634,0.0027790304684891,0.0047871234493582,0.001904851693636,0.0009443495745243,0.0006853745590555,0.0008250785830092,0.0936215439413095,0.1224452053341571,0.0004915234707696,0.0005728158342843,0.000527502742916,0.0010315363840375,0.0001455174391653,0.0001697223468983,0.0014198824341996,0.0028462539108124,0.0005804774109432,0.0002832460900152,8.346997740949208e-05,0.00023939274438,0.000141132154322,0.0003407325950282,0.0003290930588172,0.0024834745942549,1.840102626160609e-05,3.656356215301158e-05,0.216947268,-13093.81229,137968.5961,97878.20248,4707.01343,0.0,0.0,0.001103419,67.17948718,950.7692308,0
0.0028818070589431,0.0032501933225066,0.0031723068613475,0.0065970057669737,0.0051259683537342,0.0017170627528944,0.0413578536217469,0.0294007928325834,0.0079017015228312,0.0042889303558644,0.0513986569110842,0.0548144995287653,0.0032653320083789,0.0054315553999833,0.0047018667937045,0.0049814372817895,0.0021305338183649,0.0071288291097063,0.0015725521693912,0.0045212293214552,0.0946808973496905,0.1241121344381167,0.00048689682759,0.0018140524948686,0.0005280618660204,0.0019562712498021,0.00032656699877,0.0007461052615112,0.0082570375853243,0.0097442264909975,0.0008276000072602,0.0011945846076733,0.0006626813622697,0.0020683437824409,0.0009006398847691,0.002420758836592,0.006891580066463,0.0105575359639944,8.219534141790229e-05,0.0002277608041218,0.217421373,-13107.87778,137719.3377,97742.38961,4702.163636,0.0,0.0,0.000317204,67.60606061,953.9393939,0
0.0025570637518703,0.0015619317961558,0.0008545283540564,0.0034532459404599,0.0027928699444512,0.0015910735895971,0.0376770052450611,0.0266679652771116,0.0045261817593887,0.0021186960383212,0.0438966823524402,0.0545322058168321,0.0014061310772818,0.0032050496236439,0.0026457052162542,0.0032128551861219,0.0022728810675917,0.0029246329854425,0.0016005514059805,0.0039073902392352,0.088963269165315,0.1220682220928341,0.0008804923931427,0.0010348593823616,0.0007500529765203,0.0011290823956793,0.0003078583521192,0.0004231809976209,0.0038266173872335,0.0052737578607443,0.0007143469712478,0.0005769064656725,0.0002375957410007,0.0008032705923616,0.0003189455792376,0.0007280297830497,0.0025275129249426,0.0062078590641926,2.623559613435988e-05,0.0001146634154018,0.217578148,-13112.51548,137773.0975,97659.52012,4714.636223,0.0,0.0,0.000117722,61.45454545,1220.0,1
0.0037121646785316,0.0027948577018215,0.0018287036270071,0.0047377104549418,0.0056403938936715,0.0017081454466763,0.0522955598748667,0.0387204266926755,0.0011787040037963,0.0004322887247244,0.065829894490447,0.0797850183303347,0.0001097084407581,0.0018361926023468,0.0039210963534735,0.0040685443359552,0.0009893025699332,0.0013601441646872,0.0017728559591975,0.0051028841936875,0.1290221145626561,0.1808591762447328,0.0008464974517205,0.0007645985976852,0.0005862115820403,0.0009942324371121,0.0001841114643547,0.0001816333703585,0.0018761847997061,0.0035925280119095,0.0005483498621232,0.0001852704310129,0.000143136586784,0.0003554932098008,0.0004211139408526,0.0004961857116017,0.0032493345823177,0.0062541152533226,3.9806174585286825e-05,0.0001098608095846,0.217852824,-13120.61888,137750.423,97631.04317,4729.966906,0.0,0.0,0.0001,66.24,1091.2,1
0.0023976469690545,0.0021186132852918,0.0057575636364692,0.0064320234214516,0.0034944522155918,0.0012993151389962,0.0385563872631573,0.030877767337585,0.0102435245999591,0.0055902224062071,0.0459661374807569,0.0552993535926458,0.0055175301748178,0.0099529795511826,0.0090208251292801,0.0066809990916427,0.0015424383235356,0.0095838890243764,0.0045503760736677,0.0062037415959124,0.0926018269814526,0.1214158171032649,0.0004838841178479,0.0010671995561588,0.0014023670149961,0.0020998655601896,0.0005897025044212,0.0010420506735032,0.0136033242034566,0.0166115990821458,0.0002776674144762,0.0011740034039781,0.0007737644362243,0.0025338051750908,0.0008011718651158,0.0025789187272419,0.0088041172737469,0.0178251873220436,0.0001479112427766,0.0004618798351318,0.22028708,-13191.5842,138195.5065,97819.91774,4720.833871,0.0,0.0,0.0,67.12,993.6,1
0.0035716152326827,0.0020318142890145,0.0040778740600312,0.0107906226492219,0.004086166473387,0.0019894407804984,0.043777709052729,0.0302676188855279,0.0104893439882315,0.0048378287249416,0.0491715075581413,0.0545100321217256,0.0198580381254215,0.0277260228011843,0.0129025061886023,0.0172006156651176,0.0036989426813883,0.0085673547871283,0.0066922356691127,0.0047664879514552,0.0882947770005019,0.1251057381964181,0.0045776222790357,0.0044787488119953,0.0029391968830853,0.0024574167214813,0.0002462762563139,0.0006297720284821,0.007690550431233,0.0128350413734124,0.0014015502885481,0.0011521141905211,0.000236486405866,0.0008782487738354,0.0015306826639602,0.0019149001595792,0.0101019334251451,0.0112264655934831,0.0001440422187239,0.0003325454147828,0.220654187,-13202.14938,138068.3034,97809.80031,4671.258514,0.0,0.0,0.0,68.82758621,886.8965517,1
0.0029967884099908,0.0019429368141902,0.0031256887877074,0.0060867372059593,0.003283839738818,0.0014174258960544,0.0381501224877599,0.0257624612032576,0.0001267959571364,0.0005414465904539,0.0441116305995424,0.0504273103553308,0.0027851269103731,0.0116878272505818,0.0043028539077795,0.0024127229593131,0.0017374175292986,0.0022197506690835,0.0017203448670367,0.0039914932102731,0.0903604283644129,0.1235697200580068,0.0016096290744736,0.0019853699198792,0.0010367054372962,0.0022938678305407,0.0002115254341308,0.0003846590636133,0.0095696567652966,0.0095870149550567,0.0004231592455497,0.0003181905623478,0.0003635083215868,0.0011474432200709,4.425872985813909e-06,0.0002496491087993,0.0036390439917291,0.0106238516384029,6.850990138060123e-05,0.000174559976613,0.220829978,-13207.19843,138059.3839,97715.70441,4675.12476,0.0,0.0,0.0,67.0,1080.0,1
0.0045985319926455,0.0020871975877741,0.0029581992036561,0.0048670516209877,0.002629765022443,0.0016326796099083,0.058754242508534,0.0436336187571587,0.0055342898568771,0.0021148898663716,0.0494797335324359,0.0644119732612853,0.005352568602141,0.0099700999801595,0.0056933037754049,0.0060552127798122,0.0023401918137436,0.0055491476661341,0.004206486135726,0.0044202413317142,0.1440561583523887,0.1995691397053909,0.0007890529458877,0.0008926464959604,0.0011823877184111,0.0017670742923431,0.0002489712609368,0.0005275508181495,0.0092982272971494,0.0097030921152967,0.0007172678616293,0.0010066830014519,0.0003970241515492,0.0012820605520671,0.000487974685098,0.0012507645482429,0.0061195907718622,0.0129721180341428,0.0001373994538334,0.000328319789032,0.221137389,-13216.00243,138081.8242,97717.70127,4680.694915,0.0,0.0,0.0,68.42857143,887.6190476,1
0.0036507196017695,0.0027457360013811,0.0030405033545361,0.0042640317931528,0.0025726391065229,0.0013411543534456,0.0369410405785887,0.0283858883973351,0.0049784927288825,0.0025234527944999,0.0450042713664672,0.0575872306111774,0.0062021324027621,0.0146358401745804,0.0077684457229456,0.0054703774455187,0.001104778346932,0.0024300092867609,0.0023576469942593,0.0043372444119631,0.0934111130480202,0.1251071236594779,0.000284040501222,0.0010767005642225,0.0012117179512062,0.0015866795745081,0.000231327575244,0.0004539658234733,0.0050690075486831,0.0055054071022971,0.0004754847218586,0.0004592473447686,0.0003123243554375,0.0008135648051707,0.0004361707787402,0.0010542361087177,0.0038417339238339,0.009329168701715,6.961370077414046e-05,0.0001557121247259,0.221531305,-13227.2525,137932.0389,97611.04861,4675.998611,0.0,0.0,0.0,65.53333333,970.6666667,1
0.0028110153516609,0.0014952202920024,0.0042242963497106,0.0085005176683748,0.0028433802157594,0.0021166699893296,0.0382930020433227,0.026922936557263,0.0035970106495945,0.0016087439787436,0.0435643255814861,0.0527658660536785,0.0020811081561218,0.0038705995653137,0.0038840974820749,0.0061386145614759,0.0038282879742765,0.0033825169531566,0.0038465137678384,0.0019676787902455,0.0867348680431124,0.1234418936709629,0.0005570742099508,0.0013055760211301,0.0004796981403118,0.0005360991474622,0.0001778696320806,0.0003747787294704,0.0062552036205325,0.0024596278711104,0.0009132903704103,0.0008399179666983,0.0005026176823705,0.0012859433957136,0.0003544643146259,0.0004110828547519,0.0063181479252173,0.0052493597394431,5.455305595222428e-05,0.0001192629790072,0.22180358,-13235.00588,138185.5853,97805.56635,4694.279621,0.0,0.0,0.0,63.1875,1062.5,1
0.0025468361038485,0.0020129379200649,0.0030318317946848,0.006889854778915,0.0042767244884452,0.0014246743981081,0.0362918754186789,0.0275352723827251,0.0080315536638431,0.0039008067977709,0.0435249830244313,0.0529055949059114,0.0031927107319343,0.0100256757234009,0.001789918487563,0.0021394414035842,0.0038247876828669,0.0055782368036295,0.0010376379519074,0.0030401122967955,0.0856666980117666,0.118805663636579,0.0014014783839917,0.0015200403646405,0.0005988364424404,0.0017738256446828,0.000188717520517,0.0003866195862622,0.0071767679629067,0.0099843376975066,0.000792873528388,0.0009689625046775,0.000483634486679,0.0015851754422238,0.0004885348207125,0.0012743066616539,0.0011759047798942,0.0038231952816428,2.7473725795340203e-05,0.0001897272195009,0.222224206,-13246.94271,138185.7238,97754.07863,4718.699597,0.0,0.0,0.0,62.4375,1232.5,0
0.0027891861991812,0.0019356223164106,0.0029979026292135,0.0066594775950076,0.0021025049506411,0.0016172949005731,0.049235586994865,0.0361819146648255,0.0053181998851035,0.0023662257415291,0.0561359259696477,0.070171930703163,0.0011390195711579,0.0020496868509697,0.0034961053282914,0.0038219301705246,0.0028423890512791,0.0039410889125233,0.0024157542913591,0.0033541814338661,0.1184644744682196,0.1653747821824206,0.0008596267343922,0.0007765920135533,0.0009141458113767,0.002278322136489,0.0002778871467551,0.0005739414805894,0.0025411590766478,0.005558442161068,0.0005533658671926,0.0006721608268581,0.0001644465495354,0.0005511610074091,0.0004550475620523,0.0013629605592136,0.0026916715746666,0.008631552238471,6.618356807847494e-05,0.0002446736918629,0.222480406,-13254.19475,138194.2839,97717.37288,4730.813559,0.0,0.0,0.0,60.17647059,1084.705882,0
0.0029113381052548,0.002302898247655,0.0053120731226251,0.0089972554299537,0.002493734522441,0.0019523958367171,0.039212474721823,0.0273119934618792,0.0035098455264101,0.001812774248161,0.0467284340189848,0.0568676463426541,0.0048854331276241,0.007563875648387,0.0049419652925402,0.007316367122281,0.0004401608930442,0.0042302881066611,0.0030031021960515,0.0042268224499908,0.0881862171796972,0.1283645127615973,0.0007246507845201,0.0018944692001731,0.0008827161954668,0.0012561594423887,0.0003107855547382,0.0004542325002058,0.0047468357343423,0.0044302093206351,0.0003972084880199,0.0006262207206345,0.0002643765512571,0.0008665295534832,0.0002257528884533,0.0010520386357667,0.0053394697486678,0.0120663894669025,4.5464310083765445e-05,0.0002188577919196,0.223039336,-13269.94578,138118.0242,97771.22953,4726.766443,0.0,0.0,0.0,61.61538462,1153.846154,1
0.0033162047179356,0.0014234623091933,0.0036525823658878,0.0040496544066883,0.0041270165209293,0.0020043791926535,0.0433101658391853,0.02749002456103,0.0036808033451978,0.00204136363205,0.0454971180968757,0.0552016534574277,0.0031612157582557,0.0053203286225556,0.00339630842094,0.0036686623535623,0.0021702883928261,0.002598921470547,0.001307474208013,0.0022144272155439,0.0920847020188501,0.1264843082062282,0.0010129366299389,0.0013662680280118,0.000781696362104,0.0012259351782248,0.0003410246485852,0.0005066121513343,0.0055097375231222,0.0048213844735559,0.0007150360967559,0.0005437022658707,0.0002407920768756,0.0007529037757143,0.0003168280276184,0.0008404780998364,0.0035926554263112,0.0059686678290845,6.127019863505114e-05,0.0001499753466532,0.223839842,-13292.37824,138286.3641,97693.83893,4736.239933,0.0,0.0,0.0,66.70833333,965.0,0
0.00474470169341,0.0030583987549514,0.0027593204207119,0.0061511415672209,0.0037566574643057,0.0031325035457576,0.0563747528383787,0.0383563899061485,0.004338122382594,0.0016437209371059,0.0610180853721196,0.077919718072912,0.00239411717999,0.0053045284750808,0.0051731040201659,0.0052033384089837,0.001370189728091,0.0039892471439309,0.0023553803418418,0.0027145727598479,0.1121207110214614,0.1581151099218518,0.0007939235940485,0.0021686244083407,0.0006518347737783,0.0016789056813318,0.0002487808680044,0.0004618263990108,0.0015472710542558,0.0049013644304138,0.0005902154629962,0.0004535117827,0.0001987677494745,0.0004815791432838,0.0003003497449985,0.0008756348907837,0.0017398291092815,0.0065773217416522,5.613045802284877e-05,0.0001268507806078,0.224613332,-13313.90175,138159.5411,97650.53623,4707.818035,0.0,0.0,0.0,61.63636364,1170.909091,1
0.0035821692083153,0.0021500602674358,0.0019860110328511,0.0022307614260319,0.0060046801930182,0.0009597114524657,0.0621276809374465,0.0417856143756725,0.0018892136139961,0.0015264359290701,0.0427219479878696,0.0582404195825549,0.0029470680921177,0.0084899885841591,0.0055496491806608,0.0048165350964386,0.0018251778774808,0.0015072527736943,0.0019791055112709,0.0022290674249711,0.1291341880777732,0.1820487869812118,0.000593023359799,0.0002107307362688,0.0007141268217918,0.0012487957587309,0.0003759422869342,0.0001565553647523,0.0062453946834179,0.0063523035054087,0.0006015880506318,0.000330881476391,0.0002998526637562,0.0008824679875018,0.0003462208263866,0.000506292202475,0.0028951293282734,0.0040405282691178,7.269418837045642e-05,0.0001249648310516,0.22529594,-13332.77435,138161.871,97639.79839,4686.310484,0.0,0.0,0.0,65.38095238,950.4761905,1
0.003358812607692,0.001855817201499,0.0014547625416071,0.001247619991711,0.0022770473166463,0.0016211786547871,0.0382850914992484,0.0273273122779904,0.0044040888129526,0.0023645509300257,0.0505434646786551,0.0538546524828357,0.0013765773652291,0.0025423036815608,0.0057913628471587,0.0066811905995803,0.0035656363352742,0.0039303694447514,0.0011956496875114,0.0015482972192653,0.0902945583353632,0.123941093374876,0.0011165335915975,0.0010407562298282,0.0008406785950312,0.0012773156378282,0.0003198197053329,0.0003806618925352,0.0013300047461983,0.0022794085585582,0.0007255336874372,0.0007361080292563,0.0002362835806794,0.0007713702136324,0.0004554075504895,0.0008668228220228,0.0027766975513723,0.0049546375760482,7.697729717615782e-05,0.0001844097580757,0.226000775,-13352.14211,138250.2903,97596.56568,4681.256356,0.0,0.0,0.0,68.3,900.0,1
0.0026350944122148,0.0015006850464469,0.0032696762444583,0.0057801149450276,0.0034164863653407,0.0009809242511121,0.0386081399664662,0.0279040608861987,0.0038516090238987,0.0017176905254577,0.0466242580580185,0.0554337573394121,0.0036784016876403,0.0090870100667864,0.0037637051393821,0.0050270773360522,0.0005029007312222,0.0030105609756848,0.0028102853707488,0.0037079222456847,0.0920046340644913,0.1274033004189603,0.0015204828667488,0.0009972498052149,0.0011096110769761,0.0013064757027698,0.0002275643192069,0.0005560843794323,0.0047778226451871,0.0058997112656327,0.0004121860890766,0.0003890509988099,0.0003275619278885,0.0009070149957068,0.0002895977703298,0.0010828112062302,0.0047911649457934,0.0072727998508192,6.108957019219149e-05,0.0001609934740623,0.226633384,-13369.42054,138090.9725,97482.74542,4675.064103,0.0,0.0,0.0,67.70833333,925.0,0
0.0027764244134372,0.0023013668764042,0.0026517373970934,0.0073204584072298,0.0024632895045,0.0017084713209022,0.0375871827680922,0.0279595910814859,0.0061944332230938,0.0027815120419236,0.0487961120108739,0.0559571393939688,0.0030361759260407,0.0098891832366886,0.0059017449164724,0.0070703895725324,0.0032541773658894,0.003699837536728,0.0010079216591357,0.003304008963326,0.0949992641522159,0.1242051691551604,0.0013552172766974,0.0013766462279539,0.0007110397637276,0.000936853977068,0.0001491092313311,0.0004523976696438,0.0035480650308397,0.0048240742005472,0.0005848338639282,0.0006684908993484,0.0002949145162798,0.0007357495587547,0.0002529225996044,0.0006617254100568,0.0016609987190073,0.00745799379972,6.183242786291675e-05,0.0001586227109929,0.227410781,-13390.51501,138016.8657,97413.72985,4679.7,0.0,0.0,0.0,67.83333333,917.3333333,0
0.0022887520451453,0.0022432317357019,0.0047697045935694,0.007811894909165,0.0030246667576336,0.0019870077718805,0.0479769385143725,0.0327043771732136,0.0002759771648357,0.0009955890351874,0.0640484343615632,0.0680297382965243,0.0065304069220581,0.0081260180405713,0.0048135863376112,0.0040399986897586,0.0016772196327847,0.0020116526058085,0.0025762314887498,0.0042737961469403,0.1243975813093363,0.1737459531823016,0.0008480508678925,0.0013114005334225,0.0015151695250449,0.0021074495173937,0.0002589614394971,0.0005565037554303,0.0080015645846221,0.008052346800941,0.0006794096892237,0.0003503414289248,0.0005289398459367,0.001448384701084,0.000432416818198,0.0014361773323507,0.0036115902722605,0.0109277228787465,8.190198020035236e-05,0.000227536647345,0.228278169,-13413.8957,138376.8791,97610.04502,4703.483412,0.0,0.0,0.0,60.6,1468.0,1
0.0038117554183835,0.0019491894771196,0.0035023506273593,0.0051544058492527,0.0032712311093761,0.001375378826576,0.038454246060344,0.0289428944177847,0.0121722787546803,0.0049637281567925,0.0471585822744314,0.0564514713508873,0.001179886515501,0.0061348205000802,0.0065953355966548,0.0073982873648136,0.0020263120697182,0.0119800146396991,0.0036799804186125,0.0057420341201973,0.0918945499137735,0.1262568914983056,0.0005524033706572,0.0026274299182686,0.0010988737039332,0.0028419345581627,0.0004953412751428,0.0014606660754054,0.0144133325130552,0.0186736535859893,0.0004193301810997,0.0017295412153401,0.0006151773747842,0.00207784830691,0.0006620849439291,0.002222995454674,0.0079565463009028,0.0197195361671333,0.0001841484932793,0.0006773761632548,0.229093266,-13435.69822,138342.7495,97623.54479,4703.243144,0.0,0.0,0.0,58.05555556,1322.222222,0
0.0026717914369136,0.0014543279306581,0.0042672156624958,0.004174490641399,0.0029092522255303,0.0010131300492121,0.0410176019942247,0.0277688275161291,0.0008605249305557,0.0006221567206588,0.0456308208532894,0.0569008768972968,0.0023975935363639,0.0057738464710971,0.0037371054273498,0.0036881825708868,0.0008294653588083,0.0005751229740273,0.0023003128445944,0.0039521933035628,0.0900974837782309,0.1254552473278673,0.0006022202404759,0.0003859750087995,0.0004356871525592,0.0013931326343471,0.0003484792130808,0.0001874513325776,0.0032678735505924,0.0011338442419815,0.0002154750422823,0.000158265252754,0.0001966869497095,0.0003871767108872,0.0004125879683543,0.0005095304941317,0.0025397637332397,0.0050463719480642,4.150125280456195e-05,5.889135725175738e-05,0.229792644,-13454.28857,138332.4261,97584.84645,4661.583493,0.0,0.0,0.0,63.35294118,1242.352941,1
0.0028206738980447,0.0024406843909081,0.0020382250741974,0.0031918747190954,0.0029846627585468,0.002851639860985,0.0396075233774159,0.0302654374216211,0.0036529512093528,0.0020376266070819,0.0498183451381859,0.0586378450033013,0.002404205943846,0.0065801795105427,0.0055425647680135,0.0035671128830372,0.0027725124365748,0.0042296128145294,0.0015648830752214,0.0039351283493359,0.0889401254149187,0.1211269699255018,0.0009368013191232,0.0015846751861868,0.0008089732378713,0.0022685638053282,0.0002475992495435,0.0004120730266324,0.0048618201069932,0.0077205989151814,0.0003757619838874,0.0006016600526611,0.0002795115941747,0.0008343353981368,0.0003505776041088,0.0010650200608121,0.0034205963210413,0.0083511038066801,5.442153135402744e-05,0.0001758389825452,0.230530977,-13473.78018,138488.1798,97685.90853,4696.249612,0.0,0.0,0.0,62.43478261,1121.73913,1
