-0.070642816987621,-0.0812056457065231,-0.0026578022100646,-0.0030578371865794,-0.0261979718813458,-0.0216606016055484,-0.082366249746568,-0.0711141506281304,-0.0147606022058602,-0.0050110050405398,-0.0619969331432057,-0.0864464114785316,-0.0015654386945397,-0.0007055430703708,-0.0669257848100123,-0.0894048414424366,-0.0042226576275435,-0.0123199714258813,-0.0004789415083573,-0.0010355177051798,-0.0671326734765202,-0.0935469746462695,-0.0084908667402449,-0.0045104205529624,-0.0020525826424993,-0.000899058375974,-0.0011825764273389,-0.0031816494668374,-0.0013782997732834,-0.0013523673583654,-0.0062321683260889,-0.0029694673149486,-0.0013948073567936,-0.003670001302865,-0.0024986161038369,-0.0045567982111036,-0.0021489477640816,-0.0039888611130328,-0.0006720087923271,-0.001219876328401
-0.0699237915461419,-0.0895339789092581,-0.0013040985324406,-0.0025669684445899,-0.0288186022263277,-0.0232138344168323,-0.0948430817417155,-0.0832911727510272,-0.0055126663119395,-0.0069356473745441,-0.0804247607603762,-0.1061464538661582,-0.002454417230443,-0.0008168782842198,-0.068066282702937,-0.092759657058058,-0.0070543014481268,-0.0105768892563455,-0.0001579327304008,-0.0008929740234383,-0.0801395528552526,-0.114023810759274,-0.0033998540485654,-0.0131555046311019,-0.0032332534653404,-0.0031957059769222,-0.001043351723651,-0.0050368939073838,-0.0020837736859321,-0.0017373935079882,-0.0088065064283861,-0.0020937740560715,-0.0022954180946878,-0.0074422698250157,-0.0024815358610024,-0.004569457759974,-0.0026873719547212,-0.006591943214866,-0.000572401837423,-0.0009626304830008
-0.0664603811627174,-0.0822752193979657,-0.0028107783333661,-0.0052434913223472,-0.026881750931887,-0.0210818029390409,-0.0881389021541745,-0.0740424884923696,-0.0074854300329941,-0.0042950979331557,-0.0613141972299994,-0.0825330383895159,-0.0018974132568127,-0.0007758170449648,-0.0578099462308837,-0.0780495391856396,-0.0053750779797511,-0.0076427085317914,-0.0004200943814014,-0.0013371475894814,-0.0660661763212057,-0.0974933691184767,-0.004230488915861,-0.0052097677452328,-0.0018715626290823,-0.0007661833021423,-0.0014980872046971,-0.0043030757687218,-0.0022059700959115,-0.0049300256512089,-0.0058310306001243,-0.0019872895613446,-0.0048146332332162,-0.0123747663848158,-0.0050520791513773,-0.0069405465200066,-0.0048773064784667,-0.0098066397593232,-0.001029126225963,-0.001677609995526
-0.0642609593426342,-0.0803016451307409,-0.0027305168658932,-0.0038212448535842,-0.025102719874817,-0.0261320703066135,-0.1240478012660857,-0.0986041989929935,-0.0067376570781308,-0.0052045589674911,-0.0653960518298695,-0.0811267470432761,-0.0014513279345465,-0.0008285320240829,-0.0635815842425552,-0.082414235347442,-0.0043434195017395,-0.0117801765214199,-0.0003290645931919,-0.00096790617858,-0.0808014881518218,-0.1185101455513642,-0.0076247805059461,-0.0037200174560176,-0.001815149675461,-0.0005170704628382,-0.0015809105055981,-0.0069612035421998,-0.0017369933135693,-0.0017718932225996,-0.0048340056420319,-0.0022115315248993,-0.0015620507959455,-0.0050496083430229,-0.0030180308505594,-0.0065749166753552,-0.0019622977956257,-0.0060431892275702,-0.0005307489624383,-0.0017032953675839
-0.0641430000074019,-0.0695192146570455,-0.0092622238093789,-0.0164768686192976,-0.0250234046353039,-0.0214559929958778,-0.0787260620552913,-0.0720893042998308,-0.0141578891748567,-0.0071092692449741,-0.0543792731662321,-0.0773422339757159,-0.0012281883142908,-0.0013271800613934,-0.0606660999776643,-0.0814079527739703,-0.014023701096466,-0.026223591320476,-0.0007868154837968,-0.0018044836555432,-0.0601637643591714,-0.0933367906531644,-0.003663410475978,-0.0044273255805464,-0.0018944448722919,-0.0009472698663604,-0.0016494633302205,-0.0135131891101203,-0.0026185046838865,-0.0047531655071374,-0.0058967133562502,-0.0027812961167207,-0.0027551809724718,-0.0071299398422949,-0.0036685926233641,-0.0062732112185583,-0.0023471089679187,-0.0051663773982253,-0.0011639897561175,-0.0012638559660395
-0.0772993361792541,-0.1039577070253866,-0.0122272129605119,-0.0256875850682732,-0.0306013085200556,-0.0262687235169675,-0.1189413651526186,-0.1076917057932264,-0.0777582363145286,-0.048051645220154,-0.0695534827334631,-0.1008574617791291,-0.0021323587903008,-0.0014159381199098,-0.0770725288047938,-0.1063056881893314,-0.0297858436308062,-0.0975483971675601,-0.0026562557129589,-0.0043042973185092,-0.0798913078802488,-0.1200805377561046,-0.0099883043953452,-0.0160852628417972,-0.0042596769548681,-0.0006846518837209,-0.0052883621806219,-0.0607937212011451,-0.0099412574543234,-0.0110295580069516,-0.0084012316034681,-0.0072409030134751,-0.0075873677420622,-0.0280921912481794,-0.0073099935901943,-0.0147516421722911,-0.0060176450084742,-0.0125156076154471,-0.0014223177105699,-0.0021750555633054
-0.0593418678146763,-0.0690280809237895,0.000868397863586,0.0013634258429271,-0.0215007199183359,-0.0202893782646268,-0.0880261145086366,-0.0733549405698474,-0.0114560885880522,-0.0158516311323843,-0.0612962967123809,-0.0833357374870634,-0.0036504591832174,-0.0013336619117154,-0.0577640920508224,-0.0791701952442456,-0.0069033001307193,-0.0019195782130893,-0.0003182137315482,-0.0005916226237417,-0.0627246099175086,-0.0984930106504175,-0.0042296395891774,-0.0035159092445918,-0.0021769648677207,-0.0010011833346046,-0.0012224289745121,-0.006595535520125,-0.0023719134917023,-0.0025979044089503,-0.0052475913379803,-0.0021763478691755,-0.0007881546116035,-0.0013371926443986,-0.0015877944168885,-0.0031079072178117,-0.0020099951331802,-0.0035845521461632,-0.0007039676151547,-0.000513005734729
-0.0615705339086753,-0.0749621901414875,-0.0187230124094362,-0.0387316635593322,-0.0232280470689079,-0.0199556784321531,-0.0819060404940071,-0.0723332632980129,-0.061473323036301,-0.032840601261725,-0.0599672661239838,-0.0845721124151973,-0.0014948360731785,-0.0016242741440057,-0.064113148998332,-0.0786619018951233,-0.0187720236310213,-0.0335096046457093,-0.0018844872260123,-0.0040547928000113,-0.0658673672873794,-0.0979735072558084,-0.0095604276008483,-0.0069058189027508,-0.0023408398697245,-0.0014896171272005,-0.0028431026373062,-0.019247564275092,-0.0043096383432614,-0.0043936445528963,-0.0048848740856879,-0.0014211443807494,-0.0025931108855938,-0.0127701353716421,-0.0027110629713192,-0.0090417002103673,-0.0049681382049578,-0.0099750255361329,-0.0009763809492418,-0.0020698281537783
-0.0691639885974156,-0.0870393855537999,-0.0103952205134147,-0.0180134760716147,-0.0259801209437631,-0.0219177574187746,-0.0894474978769542,-0.0725374899496576,-0.0282124410572719,-0.0266476880570044,-0.0673748197515083,-0.093850013679692,-0.0024254826792789,-0.0017970099119695,-0.0626836946003759,-0.0895669276037769,-0.0078544603143086,-0.0156721062252386,-0.0007557902274549,-0.0014464952885106,-0.0694379874210143,-0.1108543292246665,-0.0062627927543957,-0.004283140354691,-0.0042964629362241,-0.001595953277674,-0.0017257502818818,-0.0098135398919427,-0.0031634689801782,-0.0019184378688479,-0.0096224520209614,-0.0022791849208936,-0.0016538216726073,-0.0062407976297207,-0.001687215663101,-0.0049181532146777,-0.0032096768295389,-0.0092475743616152,-0.0007010615758607,-0.0013305558898631
-0.0606666922290177,-0.0848022563763205,-0.0224223289152831,-0.0420243825058946,-0.0292537255701365,-0.0243694881459812,-0.1019518547350132,-0.0889062427682678,-0.0546113885944681,-0.0358711282592497,-0.0632980249871398,-0.0883527317816385,-0.0018345700277102,-0.0020316417246132,-0.0695572124637307,-0.0920831769838231,-0.0228858252651129,-0.0320481396643689,-0.0018306427087726,-0.0026821893195117,-0.0757451385407925,-0.1162612090189228,-0.0056517772275459,-0.0085771915936837,-0.0029742404636981,-0.001724207994848,-0.0031817846649631,-0.0386717288896186,-0.0043529726966312,-0.0053895203052407,-0.0047582501962563,-0.004903157435563,-0.0057375431491822,-0.0151714352534837,-0.004859528781741,-0.0123355675524636,-0.0062644002729553,-0.0131637471791659,-0.0016214040981839,-0.00098431463338
-0.0590533630006665,-0.0772467361457468,-0.0050044588866988,-0.0092532962671165,-0.0250739381449709,-0.0233130683769474,-0.084071101871879,-0.0783723941036372,-0.0108070877763586,-0.0127182550819378,-0.0578017808506376,-0.0786747525035358,-0.0020857297198001,-0.0011043351792074,-0.0615788339856841,-0.0824770947606122,-0.0097417963578065,-0.0158185582329662,-0.0002888011037881,-0.0011639082162136,-0.0618105499752049,-0.0990536670963914,-0.0060129078473203,-0.0065240903497578,-0.0020005649301125,-0.0012238116154093,-0.0018562772358771,-0.0141589484067582,-0.0051732650699241,-0.0032104268114315,-0.0055951702220499,-0.002892157692347,-0.0009247827592598,-0.0043330203096242,-0.0012692728737765,-0.0045634289527809,-0.0011965253404591,-0.003162705958784,-0.0009137173066759,-0.0009604293596538
-0.066204205715673,-0.0846936285745024,-0.0031300593228361,-0.0073627538082951,-0.0244915641470789,-0.0220979409853089,-0.0927131104194968,-0.0800339336373365,-0.0105846678837722,-0.0039121555447137,-0.075343856923714,-0.1019839330472534,-0.0020018711805904,-0.0011394988385225,-0.0644088890554238,-0.0935054620480012,-0.0033484398955512,-0.0164548083470194,-0.000211262451394,-0.0010568908965855,-0.0738962910139122,-0.1115639087352563,-0.0049627075861071,-0.0044390999373545,-0.0034676692395613,-0.0013525050004844,-0.0027184154533828,-0.0219393607253986,-0.0046219218536468,-0.004096501071555,-0.0089390128536995,-0.0028839665725581,-0.0027046568845222,-0.011230518861249,-0.0039094117239711,-0.0098385256722614,-0.0031863780658989,-0.0069619125427353,-0.0009257002364497,-0.0021888114278279
-0.0553325383945835,-0.0656010683639802,-0.0043347516464471,-0.0069638729405872,-0.0291244992066175,-0.0231022099722,-0.0861595756046555,-0.0755225330722037,-0.0094192258093096,-0.0036867383602379,-0.0595235511362488,-0.0958878287296399,-0.001652286097645,-0.0025261700827356,-0.0620387188486453,-0.0880600026226758,-0.0076542210822714,-0.0307432499949789,-0.0019657309226847,-0.0019561106775236,-0.069955229938378,-0.1008391274527664,-0.0056525860834892,-0.0045621425869149,-0.0030937702841044,-0.0011087869237203,-0.0023040521671714,-0.049722554836695,-0.0062675232644771,-0.0107917098785293,-0.0065110416070337,-0.0024218579603442,-0.0074530729970962,-0.0216486285474324,-0.0066692858627399,-0.0139106272798138,-0.0085473363195007,-0.0186040973425853,-0.0017927824763879,-0.0003902372672563
-0.0685393809893937,-0.0862764138212242,-0.0062062481468257,-0.012028696490969,-0.0340066759167612,-0.0270854970690768,-0.1146232701052373,-0.0993431520444285,-0.0114804463128123,-0.0073891896974477,-0.0761550962996587,-0.1011422811122976,-0.0013220176169894,-0.0025231776962149,-0.0660064524971335,-0.0898817802346956,-0.0081751304270982,-0.0151220752411115,-0.0004369683456911,-0.0014769987398414,-0.0874835533033764,-0.1400433720873949,-0.0087468452719192,-0.0042932104750833,-0.0014635308125436,-0.0013054054632829,-0.0013844358040504,-0.0076851234300645,-0.0037273879034416,-0.0029055590251813,-0.0063186084037562,-0.006622907647522,-0.0019138234413483,-0.0079879744379636,-0.0021731303231911,-0.0057276208292601,-0.0020897003279282,-0.0057917468871755,-0.0008001874515255,-0.0022338719523933
-0.0734389416586436,-0.0795309639533275,-0.006653636031963,-0.0142887707857758,-0.0265687297216126,-0.0232078048928987,-0.0919189165566955,-0.0814361802391681,-0.0117394367724103,-0.0073737001070107,-0.0670497772315591,-0.089083781122916,-0.0011766865446306,-0.0020622127976893,-0.0706325271841805,-0.0903715702797178,-0.0057246075782191,-0.0289960787147685,-0.0010511427186442,-0.0016986618532876,-0.0672993829454051,-0.1029597133169691,-0.0045547574129958,-0.0045853030093523,-0.0026386967517454,-0.000764524349007,-0.0024675045261859,-0.0219959187540361,-0.0042907723955263,-0.0034254322286819,-0.0078703054080154,-0.0030686698623825,-0.0027339340502616,-0.007755327122514,-0.0031627540560014,-0.0055079009343974,-0.002397859687304,-0.0064697251726725,-0.0008721185862682,-0.0008605267875765
-0.0787069722361362,-0.0926179827669277,-0.0119948779911718,-0.019851597800879,-0.027555564031298,-0.0240753672880405,-0.1037057059891043,-0.0886440098313688,-0.0195939678594657,-0.0253831783272571,-0.0695058917800008,-0.0946925313282432,-0.0041976310484612,-0.001772221053465,-0.0653828218197066,-0.1005420751002514,-0.0097860594200666,-0.0229600320286482,-0.0009314759232241,-0.002628317619252,-0.0719266727354631,-0.117543224429431,-0.0049345049372906,-0.0063445616825686,-0.0017151802147563,-0.0017335410253473,-0.0021050921632659,-0.0113978491885443,-0.0055001831047489,-0.0039425311329456,-0.0066870613339646,-0.0031935707656315,-0.0047352776391874,-0.0128585652756137,-0.0031228835282865,-0.0060243088189274,-0.0038898748821496,-0.0061555882090395,-0.0010063436026967,-0.0013443691548387
-0.0661689870214324,-0.0883357951119136,-0.0158443796530579,-0.0292918899358603,-0.0258734937842796,-0.0235512464370128,-0.0843387933582576,-0.0752004954446271,-0.0215404724149279,-0.0233226296161524,-0.0633904141881404,-0.0833187460515281,-0.0045633802020957,-0.0030779409382401,-0.0620139496848373,-0.0812499903683779,-0.0073551621782862,-0.0219350113274249,-0.0006696174126002,-0.002409218831968,-0.0636628581651944,-0.0996015125736304,-0.0035627711841656,-0.0062729331155084,-0.0046334478968955,-0.0009167640988141,-0.0029964244056241,-0.0141437415038858,-0.0056551186452338,-0.0121515870061564,-0.0069109087932816,-0.007020174695536,-0.0086318391386216,-0.025421151653771,-0.0077764479288712,-0.0104147824009578,-0.0055395775166658,-0.0112238649820707,-0.0013405592767407,-0.001762757675717
-0.0597255365459782,-0.0751117220358871,-0.0029775018635448,-0.0048559787601124,-0.0225492475148079,-0.0231431443554899,-0.0889565646806862,-0.072585256527053,-0.0106158518978126,-0.0131284956344267,-0.0645499811405964,-0.0838958960293385,-0.0019049123035244,-0.001221548541493,-0.0593720024834098,-0.0846719669200375,-0.0086854671157873,-0.0095822597487927,-0.0007298718496,-0.001081556068372,-0.0733929143181152,-0.1087943222655174,-0.0030037200484283,-0.0047016955325038,-0.0021726803041957,-0.0009263608719779,-0.0012169795035119,-0.0051461404809123,-0.0020818660302494,-0.0011209573456066,-0.0054390127627555,-0.0032481927290997,-0.0023729484443288,-0.0062301373014831,-0.0032966453228565,-0.0055892865768426,-0.0030317414685079,-0.005706900133221,-0.0008803579753356,-0.0014114007077553
-0.065867677757502,-0.0772262611907952,-0.0067290532975238,-0.0083956815509323,-0.0292726583904572,-0.0214941862481252,-0.0937542835279471,-0.0819238666443036,-0.0416054255488348,-0.0318389163505032,-0.0630116129308554,-0.089940481033517,-0.0022738820555919,-0.0021511331219423,-0.0712966970028298,-0.0954614713934778,-0.0097272641375962,-0.0239541169093857,-0.0006219378819648,-0.0008170105344227,-0.0672830428002514,-0.105071965334073,-0.0082633113649242,-0.0053157956428784,-0.004416539292595,-0.0011309109142627,-0.0016748042471101,-0.0044570039354859,-0.0036889574905905,-0.0030979396567475,-0.006702911679344,-0.004038161241273,-0.0030178624446723,-0.0077410468047718,-0.0030090064411998,-0.0061511527807466,-0.003374137539215,-0.0065819134220434,-0.0006550727908939,-0.0011326663832798
-0.0702343632002456,-0.0931791518709709,-0.0141954449854581,-0.0264549757424829,-0.0273167815715334,-0.0212932744303264,-0.0909193918545998,-0.0792541641105238,-0.0084561461525235,-0.0084470617066099,-0.0678226938692431,-0.0858771665531034,-0.0016655258951702,-0.0010768969904026,-0.0659016565883004,-0.0944850374494461,-0.0077785927852536,-0.0142818789127511,-0.0006219364474199,-0.0009634340401893,-0.064934872053861,-0.0997183906811993,-0.0029718695850167,-0.0041726658659944,-0.0045258550884285,-0.0016582744739487,-0.0018900492472982,-0.0205679982400551,-0.0043133615290117,-0.0038787407515233,-0.0059334864813858,-0.0022487527542471,-0.0020263256935861,-0.0080198480991677,-0.0032927515290739,-0.0094220397597387,-0.0038606696891929,-0.0081745699822393,-0.0010731884096661,-0.001533014421214
-0.0629022804206434,-0.0777545245940716,-0.0163038400149963,-0.030571825740134,-0.0231311984857684,-0.0183031584125564,-0.0861908765131892,-0.0710862691289502,-0.0683766805236719,-0.0404362722272773,-0.0582120060833235,-0.0920759678360237,-0.0025692472663345,-0.0008216231477661,-0.0589390309078026,-0.0827727428206168,-0.0307642452068534,-0.0696516305055737,-0.0012524574763077,-0.0016350429804382,-0.0659353634804924,-0.101729016924638,-0.0158202647567845,-0.0318915016971154,-0.0020014857129889,-0.0012601010989769,-0.0016592126639323,-0.0239191957563288,-0.0030507120490531,-0.0040841846052757,-0.0042592883502778,-0.0091004483354575,-0.0030106023958421,-0.0093847910791313,-0.003141494306995,-0.0093900446627326,-0.0034320767420477,-0.0073645738170578,-0.0008915505690473,-0.001688639571311
-0.0746770336544868,-0.0940836515828132,-0.010255843437447,-0.0185966898268049,-0.0285102386484193,-0.0220533336934278,-0.0910645416798981,-0.0777683220801146,-0.0671088080997722,-0.0403064250479262,-0.0648846805409974,-0.0935688152698005,-0.0021981634428373,-0.0026134505041742,-0.0735264311390769,-0.0921990166845425,-0.0334073840659434,-0.0740828190435795,-0.0012946384193861,-0.0017574735614355,-0.0678470538376074,-0.1091385577726313,-0.0113279827313739,-0.0317848128808989,-0.0052013829553831,-0.0026657789673071,-0.0027811670483651,-0.0228920843066879,-0.0046534570601705,-0.0073717423673536,-0.0059714970608584,-0.0035001889384405,-0.0040751799229183,-0.0160245229071352,-0.0048854692425184,-0.0107327983958799,-0.003933954066115,-0.0082489846154751,-0.0009869246986517,-0.0023512743058491
-0.058638329305561,-0.0726243332442991,-0.0062667481615679,-0.010092334062917,-0.0239441642567827,-0.0243493198707645,-0.0891309497774494,-0.0720436918479984,-0.0621827473735363,-0.0361176666777504,-0.0648093007773268,-0.0815842628373194,-0.0021092578652499,-0.0021179551151722,-0.0692150645140955,-0.0900351036161464,-0.0286435480397632,-0.0670645937470401,-0.0010953956950905,-0.0003768997575267,-0.0679405013850151,-0.1067689276938087,-0.0073926125308718,-0.0117520648328147,-0.0034214045577591,-0.0015687475951376,-0.000796057184405,-0.0044547335479901,-0.0028347858106839,-0.0017086683525114,-0.005263782946221,-0.0027728450483005,-0.001892542770571,-0.0032251445271574,-0.0012978490410302,-0.0025208654768118,-0.0014935374158602,-0.0028874399807578,-0.0004967692527112,-0.000307637364969
-0.0613391860758269,-0.0756354165953587,-0.0136727694837293,-0.0232900753272219,-0.0232220055242028,-0.017315393159755,-0.0829780546680283,-0.0668730972938999,-0.0532222115791695,-0.0369610146099568,-0.0636679403362361,-0.0841309068415537,-0.0033607708930787,-0.0026310233433899,-0.0535239469628253,-0.0782372118590212,-0.0275105232592846,-0.0770224598056221,-0.0069686121248188,-0.007196664830027,-0.0597676232072783,-0.0992556817386223,-0.0068586015878391,-0.011964792935945,-0.0037114918294173,-0.0019449866919492,-0.0040318208913224,-0.0987618989943724,-0.0067693783839323,-0.0116018740493178,-0.0041825514601981,-0.003190556470713,-0.0093209491973987,-0.0254975583172914,-0.0072843869980277,-0.0251602762526251,-0.0138345395267791,-0.028654200510483,-0.0036465593634523,-0.0022702310496147
-0.0647124177707563,-0.0867176930633719,-0.0100444911371573,-0.0169586039756603,-0.0265945312765253,-0.0232695337085708,-0.0974518536225422,-0.081269045884705,-0.0671245332737083,-0.0393444060400598,-0.066359339650998,-0.0925711698323306,-0.0035647470468448,-0.0018566272529856,-0.0915325325793681,-0.1153345932470353,-0.0359709069460329,-0.0891629243716664,-0.0041661401325214,-0.0044939463582191,-0.0696880375994699,-0.1083931615746611,-0.0171568729285779,-0.0414529155758881,-0.006135417335193,-0.0023771829029415,-0.0030053804677246,-0.064094182546258,-0.0076005469590351,-0.0094799083851781,-0.007133999156856,-0.0037439725985295,-0.001955975192716,-0.0170962472444685,-0.0029047184003431,-0.0125839699972584,-0.0074155252215234,-0.0146213182205552,-0.0018516895878597,-0.0015363434873052
-0.067725832382546,-0.0898072484537577,-0.0113438373959026,-0.0252580271055013,-0.027491815314351,-0.0225621090691271,-0.0966617226325081,-0.0796395304237967,-0.0531788212474283,-0.0329877593521021,-0.063768714080941,-0.0949314037579918,-0.0031327113394273,-0.0018575519597932,-0.0634417619295366,-0.0902894800100708,-0.0327118999052018,-0.0738890620678,-0.0025247225690997,-0.0051189700527557,-0.0678171070479356,-0.1146687362075975,-0.0111394207852646,-0.0342090292607649,-0.0039744153073272,-0.0018157736479302,-0.0047842205128895,-0.0708175545731421,-0.0033130262324776,-0.0065180067796847,-0.0055335251608559,-0.0070174277630711,-0.0058228976276522,-0.0285141039953702,-0.0047316013143712,-0.0207249935371014,-0.0079306707811907,-0.0171628032454485,-0.0019991378550191,-0.0022088152023702
-0.0648578185899682,-0.0872043548178524,-0.0022722223043033,-0.0037949435646695,-0.0274728109708278,-0.0226713945470244,-0.0958180447832117,-0.0820663945633163,-0.0687102944408405,-0.0452286282293717,-0.0637720232547732,-0.0869313897480609,-0.004372859897094,-0.0017754547141328,-0.0707286476965766,-0.0968717724853657,-0.0348752205517039,-0.0699620891463849,-0.0006553661623263,-0.0005823758774291,-0.0769436587369656,-0.1131368906583662,-0.0177030388740591,-0.0360594894282837,-0.007812267914916,-0.0022476713317712,-0.0011428015450264,-0.0019593489725206,-0.0051902237808063,-0.0038433569195985,-0.0064395317345301,-0.0076072925914886,-0.0003224742673838,-0.0016792922254124,-0.0027969827330863,-0.0033984613665642,-0.0037623909806093,-0.0077953238573337,-0.0009069758764932,-0.0018434874814844
-0.0737366775757666,-0.0916009716497958,-0.0062000655966718,-0.0137628116251111,-0.0299164869062966,-0.0265586104566959,-0.0964840406122338,-0.0867344135250096,-0.0347267652686984,-0.0222154974644388,-0.0719769773552701,-0.0971712899160268,-0.0028236910909772,-0.0024193340680773,-0.0697864631761249,-0.0914824180810967,-0.0049472889858111,-0.0261366801823891,-0.0011178522194255,-0.0018569894621435,-0.0742935374470769,-0.1144184647462964,-0.0047184018152642,-0.0059727118485829,-0.0039313495338306,-0.0024380548853452,-0.003121548231888,-0.0113035819850744,-0.0066468961491099,-0.0141784175833717,-0.005665071946851,-0.0038096308572772,-0.0106222710710373,-0.0294676742721183,-0.0077433116756505,-0.0066309162323734,-0.0062123289634151,-0.0111870056042946,-0.0013070643930375,-0.001771974659806
-0.0781163822681955,-0.0980449495863684,-0.0087947691411492,-0.01763975674361,-0.0258450098516099,-0.0225970258289931,-0.1023350010639015,-0.0808519518033784,-0.0593659430923912,-0.046263849314587,-0.0690464229956698,-0.0969657272320411,-0.0023858753992961,-0.0013223076902774,-0.0666743119274198,-0.0937097846955825,-0.0331036668640648,-0.0542506863307074,-0.0012534370553964,-0.0032935892818805,-0.0743348343111851,-0.1181578023159849,-0.0062916283627013,-0.0051209913978594,-0.0042394124589746,-0.0012786785771385,-0.0030354723718714,-0.0355134514933556,-0.0051589717572776,-0.0042173350427216,-0.0051910951420916,-0.0025963025818748,-0.0033622429025207,-0.0114852422165822,-0.0049261409412483,-0.0118087417772852,-0.0029431914065084,-0.0067602361925596,-0.0006592384574407,-0.0016203691143695
-0.077303036491903,-0.0952909206337391,-0.0109995648438578,-0.0217232123175971,-0.0288800038022123,-0.0252929944176328,-0.1135535015804486,-0.0942759902605596,-0.0505789133272322,-0.0384767546006893,-0.082958760081711,-0.1121174954820807,-0.0027046313603967,-0.0027723306938343,-0.0787364637988538,-0.1153138894013385,-0.0281393532865156,-0.1395952001275035,-0.0052528202452064,-0.007019683467686,-0.0776014952010967,-0.1194364697267529,-0.004699294325213,-0.0068063891042622,-0.0052158524900067,-0.0016238650174421,-0.0051435353253122,-0.095335539923905,-0.006304786637348,-0.0084832198807635,-0.006254173118429,-0.0071726357174087,-0.0055264863845373,-0.035855689317478,-0.0059325754941062,-0.0265403374305967,-0.0128812070717397,-0.025210513952801,-0.0028467733499802,-0.0031935892100557
-0.0634234946592341,-0.0724276059222747,-0.0063400756553365,-0.0160503380878643,-0.0255569355356175,-0.0223239733817116,-0.0901665362164493,-0.0793041132320282,-0.0497102090794746,-0.03161176898877,-0.0606461916729466,-0.0847959816243083,-0.0029262872980844,-0.0017658352070067,-0.0654902664095208,-0.087442861767692,-0.0090163756576751,-0.0594379815837166,-0.0020393034675503,-0.0017621815339398,-0.0648188332699019,-0.1040744844180607,-0.0049096400671839,-0.007192565507033,-0.0050044801794649,-0.0016449728134443,-0.0032096463165918,-0.0209544647429195,-0.0073002814921083,-0.0027541913542744,-0.0077524983597711,-0.0034921501234814,-0.0011457685913747,-0.0070271602264032,-0.0025016215502093,-0.0075647787421483,-0.0040233545416642,-0.0093516707837639,-0.0005210367533071,-0.0017019824276531
-0.0798036788067331,-0.0948340703763491,-0.008320992619832,-0.0166451526464126,-0.0364487358494785,-0.0248819322649048,-0.1151643930034411,-0.1002474687596715,-0.0742458378929355,-0.0462713482722169,-0.0664463583722946,-0.0992967469789703,-0.003161729938535,-0.0017939738382708,-0.0644211377691449,-0.0925608715120345,-0.034884764311214,-0.0691320806937633,-0.0026279674614242,-0.0038622614040214,-0.0742081525041543,-0.1150222666612799,-0.0202432291968184,-0.0333988770991075,-0.0080921242357312,-0.0022115680768001,-0.0035854444458457,-0.0831427031756081,-0.0067809962633791,-0.0122016983188539,-0.0087713161280236,-0.0075010561085264,-0.0049490533585572,-0.0252005765759016,-0.0049717073763742,-0.0207742343525574,-0.0087331641832301,-0.0175052225584702,-0.0024520048834729,-0.0026054144985506
-0.0667948159118225,-0.0836620210119733,-0.0026103167724064,-0.0080779987307042,-0.0248227279472536,-0.0208886781006748,-0.090518118521378,-0.0750991099171732,-0.0506959687617987,-0.0320892851036998,-0.0600603059506198,-0.0883976432553952,-0.0045821178104519,-0.0013702499511335,-0.058378623487258,-0.0845098807984355,-0.0274823661207849,-0.0524415497689921,-0.0004214197063031,-0.0012805554497588,-0.0649123287346513,-0.1051501300885291,-0.0106104720201083,-0.0223873093623738,-0.0042170575947122,-0.0018776152221186,-0.0013575034239485,-0.008126914701566,-0.0021305508115933,-0.0037839676681115,-0.0056694599578436,-0.0018135236371084,-0.0021015709669668,-0.0074602157038202,-0.0024692528480052,-0.0059135865943846,-0.0024275586713787,-0.005148822253114,-0.0009866203023794,-0.0009874234742363
-0.0570821722014733,-0.0684740686194072,-0.0019100626548752,-0.0038884260822622,-0.0237721827083493,-0.0200179358264537,-0.0932829435273227,-0.0734344029671907,-0.0508695219785534,-0.0331578827797719,-0.0574479833472254,-0.0810863205366344,-0.002848918700515,-0.0021058012623202,-0.0597978285776116,-0.0824368776802436,-0.0238314664805506,-0.0404049742486447,-6.526921795089477e-05,-0.0007730175003779,-0.066548452886065,-0.1008096529890305,-0.0135656122380365,-0.0279690423735157,-0.0034004998423444,-0.0021538368147964,-0.0017332002308888,-0.0050483248112907,-0.0043942494190885,-0.0017165118882568,-0.0042001488819488,-0.0074952198248637,-0.00089750089889,-0.001688406458458,-0.0015768386514889,-0.0024909234251825,-0.0021969514159663,-0.0053952319335695,-0.0010428863645047,-0.0013286945391459
-0.0644841921887481,-0.0858639942535401,-0.0036325651017812,-0.005909799633885,-0.0268683573922498,-0.0222738282576514,-0.0996309712402763,-0.0845698045591766,-0.0560107649546954,-0.0364938564111088,-0.0678136035945203,-0.0998023000504869,-0.0030538320038672,-0.0017131937786734,-0.067251171336922,-0.0931737466911846,-0.0332082561284469,-0.0556841574321923,-0.00061232684336,-0.0012028473468907,-0.0756776401753006,-0.1285523426959147,-0.0124392173088127,-0.0313730953781705,-0.0065772390634621,-0.0023290266552482,-0.001513680522296,-0.0089957925989264,-0.0026769449159752,-0.0027081729780869,-0.0078179982454645,-0.0037895451352223,-0.001825330745178,-0.0061963526734044,-0.0037550093807388,-0.0083323389180739,-0.0029907217037028,-0.0060363701944182,-0.0009160901803365,-0.002555870162288
-0.0634529090992381,-0.0730376121285482,-0.0027125253237053,-0.0088475189809174,-0.0238194068740742,-0.018314301013245,-0.0833750248601177,-0.0685612831163667,-0.0618416901761785,-0.0379243205736525,-0.0648281624002512,-0.0764936341732898,-0.0021647392362653,-0.0014350850895645,-0.0611096242126897,-0.081904435241549,-0.0282072186604419,-0.0863443808223445,-0.0025921213378773,-0.0018162171006825,-0.0672311480462757,-0.1053262075101761,-0.0071437943604331,-0.0042988709934595,-0.0034106954332932,-0.0015992093368253,-0.0025678965328259,-0.0087237464033313,-0.0070427266013777,-0.0053161231636993,-0.0051744212875392,-0.0026675809231986,-0.0004240330747021,-0.0068906018152775,-0.0027494019332213,-0.0068294358175248,-0.0020745063034315,-0.006394732940214,-0.0009259906197675,-0.001618577093293
-0.0633613706394866,-0.0779431355749365,-0.011298582354365,-0.0210017850584457,-0.0287379548145037,-0.0220476148087607,-0.0911051900125872,-0.0813822694556782,-0.0741064269695077,-0.0399872572491461,-0.0667438059996123,-0.0879549489013479,-0.0037730813235874,-0.0016147990666888,-0.0662322916383739,-0.0862231397369231,-0.0208494493726455,-0.087396600587773,-0.0017464647391695,-0.0018491550083605,-0.0761712343826385,-0.1135486776074638,-0.0044829941738605,-0.0052811626037046,-0.0043870995263235,-0.0014458914056302,-0.0030685949308712,-0.0387585705493728,-0.0081715906488568,-0.0052131412334205,-0.0078488186927741,-0.0052040023167111,-0.0116831713458121,-0.0312902518085054,-0.0076057760935961,-0.0070528178599318,-0.0047061450391248,-0.0093740645110245,-0.0013243388255724,-0.0013411115124512
-0.0634687447716306,-0.0755157538285417,-0.0014000252206535,-0.0057911345777589,-0.0273976070227373,-0.0207615942933429,-0.0939970069787916,-0.0775494870734862,-0.0681486996418136,-0.0415999662397768,-0.074548100955399,-0.0914730402050677,-0.0038800899034853,-0.001895249569864,-0.0670653204450002,-0.0824814708481857,-0.0357041750786754,-0.0930550933875029,-0.0017617592474695,-0.0025783781550164,-0.0682344720199179,-0.1014868364294348,-0.0130183394197957,-0.0264659848316746,-0.0095668257527732,-0.0025413413566518,-0.0043264282501227,-0.0156961807339064,-0.0101157330243296,-0.0077020829221021,-0.0076707243112597,-0.0044172054776581,-0.0032926049169058,-0.0110919898075273,-0.0038902113839081,-0.0069560960916362,-0.003282605192854,-0.0085063057896116,-0.0014449193895422,-0.0030110074650803
-0.0612536869222021,-0.0693917412600048,-0.0026602716948805,-0.0037467451288158,-0.0225674923181502,-0.0193656683204318,-0.0820485491073174,-0.0709060499481657,-0.049820312449754,-0.0334627902526568,-0.0588229262844633,-0.0796759916072121,-0.0053261779110226,-0.0012881785155549,-0.0592857573140701,-0.0783369694243299,-0.0260541606333877,-0.0415543004424225,-0.0004389523005486,-0.0007226814472947,-0.064916328529824,-0.0972713393927965,-0.0091216156077659,-0.0249852015958231,-0.004161562886168,-0.0019448413934574,-0.0016524180657394,-0.0062147011344915,-0.0020642496037376,-0.0015194068641062,-0.0040851010086324,-0.00247577385135,-0.0013594838087348,-0.001974553465566,-0.0023584528889853,-0.0038287912952321,-0.0019154124275356,-0.0037962164643193,-0.001246950039116,-0.0007328842209001
-0.0570043529711096,-0.0656660667413448,-0.002900355629215,-0.0038606583561855,-0.0259489248359546,-0.021477874803129,-0.0924954962200823,-0.078570741311902,-0.0520721840084562,-0.0360822599370471,-0.0582984229097226,-0.0774153683012254,-0.0027825592450786,-0.0017031420576921,-0.0574251253036442,-0.0736497755864833,-0.0269801704272875,-0.031641044296518,-0.0004530170530012,-0.0007949038316609,-0.0647202138145667,-0.0980523656802307,-0.0066120280342221,-0.0019073174716386,-0.0037252944974632,-0.0023249642077785,-0.0020507659304232,-0.0097254514276169,-0.0027546982784591,-0.0033261187862696,-0.0056328734609235,-0.0038594520828248,-0.0020937211077849,-0.0062279209712492,-0.0046310700377649,-0.0086619457313373,-0.005316914938183,-0.0110883224914779,-0.0006109595176059,-0.000982869300153
-0.060183971025305,-0.0659509726346973,-0.0079865654035497,-0.0142181606841447,-0.0255670225642198,-0.0196405645918971,-0.0896539802648762,-0.0782320956786953,-0.0356519723704307,-0.0274366132059432,-0.0635464352308152,-0.0833567741878371,-0.0038537016322029,-0.0017583744419237,-0.0587584034380695,-0.0892152134242383,-0.0085727901842852,-0.0386092839374089,-0.0015418065711913,-0.0011761721633371,-0.0652745642142819,-0.1017712681807867,-0.0039845222183592,-0.0060300163618238,-0.003229968910905,-0.001583254371559,-0.0012866117704023,-0.0088910181053772,-0.0030192221398129,-0.0020869661911025,-0.0042363699374304,-0.0021011853208064,-0.0015043546141652,-0.0084411987068295,-0.0036517221114439,-0.0063315495651546,-0.00252118020899,-0.0049538406593728,-0.0012964070745271,-0.0015149134480572
-0.0736304463678422,-0.0884352390032546,-0.0083143549103884,-0.0139102210466438,-0.031725643783675,-0.0282714384235474,-0.1242756979909142,-0.1052282523501822,-0.0401175881813234,-0.0345836514913706,-0.0716292260712239,-0.0895110883686013,-0.0028621993561459,-0.0014444273722598,-0.0669160286073094,-0.0904628180761623,-0.0061397675375592,-0.0267091101624018,-0.0009098248071765,-0.0011374178427272,-0.0723040895556976,-0.1111490847574819,-0.0069784228748721,-0.0052662167733891,-0.0062778283257597,-0.0018743099674706,-0.0022347931872962,-0.0081220569735704,-0.0048143939129885,-0.0036062993447075,-0.0071418852305956,-0.0023406585520146,-0.0020268292487895,-0.006940786052684,-0.0031008832513996,-0.0071489334855689,-0.0029370435110498,-0.0068564905399765,-0.0007586992974117,-0.0015258756324747
-0.062236114438046,-0.0731903581227631,-0.0024622526195696,-0.0059853937581333,-0.0237914634324158,-0.0207239252018376,-0.090308976233016,-0.0787391577401226,-0.0360652985921581,-0.0313894759858797,-0.058184090437051,-0.0812235020665441,-0.0025578486802854,-0.0018102271853456,-0.06358007510013,-0.0829946317369648,-0.0058443927202564,-0.015081549166131,-0.0002563942596885,-0.0006580035015849,-0.0753982933978859,-0.1172856545949491,-0.0040069914336592,-0.0058363820923871,-0.0024574046850407,-0.0014482009596739,-0.0012454888476748,-0.0126997960660979,-0.0021501537502829,-0.0045607174611503,-0.0051681956522003,-0.0015702721928527,-0.0032392151879633,-0.0101599050269269,-0.0037587377004344,-0.0091127679626787,-0.0034984993115209,-0.0071022880854573,-0.0008331912313494,-0.0012536194104155
-0.0639284120759203,-0.0750969820484212,-0.0048902678098538,-0.0098956359581477,-0.0269374752635296,-0.0223979078887017,-0.0921509980209551,-0.076403145533639,-0.0097929227470193,-0.0081111879878627,-0.0633239354160082,-0.087492759856785,-0.0031553540740097,-0.0015734101228408,-0.0637709778115724,-0.0870895976845739,-0.0066857641529001,-0.0105241785208778,-0.0005013388334602,-0.0018110561540149,-0.0708343532940199,-0.1032651840757004,-0.0142474442797155,-0.0081208589083957,-0.0025272007714266,-0.0010857449437748,-0.0017695127357185,-0.0252277160783885,-0.0051042006982839,-0.0146514904974891,-0.0049585350436029,-0.003688901181592,-0.008532377707584,-0.0240798881703262,-0.0074031338167777,-0.0070779549356597,-0.0063228947347864,-0.0121869908299265,-0.0011136820785422,-0.0016179982718257
-0.0573529910163224,-0.0701981595569565,-0.0037468593306322,-0.0081317233205818,-0.0298618416730349,-0.0209506502777418,-0.0857497427226953,-0.0745080775598093,-0.0139141328644357,-0.0154704148658566,-0.0671462631532796,-0.0934992221663965,-0.0015745133901984,-0.0009449447910861,-0.0607779620843143,-0.0810696665596914,-0.0053169092361781,-0.0130247716981798,-0.0007868758438804,-0.00174275710023,-0.0740907811459514,-0.1099338600161126,-0.0034519731061724,-0.0050016500583369,-0.0041373378839531,-0.0017244088311234,-0.0021656206415118,-0.028641096651426,-0.0048425073372941,-0.0056942508928711,-0.0076635513757161,-0.0037954787956333,-0.002762293943971,-0.0102436741605534,-0.0043612546138472,-0.0117568881937728,-0.0046193201032685,-0.0094837954147154,-0.0008909197962319,-0.0018828947675196
-0.072522836417361,-0.0862239350950501,-0.0008672995329035,-0.0004875600917485,-0.0227499433138903,-0.0224841789342953,-0.0920467128385585,-0.0745059197802172,-0.0046661342938321,-0.002952691631856,-0.0657316061195731,-0.0931044373278605,-0.0022765746499903,-0.0011199134060643,-0.059821917964683,-0.0810330909903953,-0.004938745586543,-0.0129837767031697,-0.0006057543468534,-0.0003975924406154,-0.0680642397608612,-0.1129222039550893,-0.0051922277898723,-0.0022579557371968,-0.0016322349425793,-0.0014594478489135,-0.0015541825812456,-0.0203792647943314,-0.0036024712825344,-0.0041555523643464,-0.0044546120550073,-0.0021441248413991,-0.001333161314624,-0.0057041661087954,-0.0026122635810382,-0.0074712606904321,-0.0026580669523342,-0.0042319817954739,-0.0009028409522123,-0.0008963608234923
-0.0565007258108546,-0.0750179050749818,-0.006783921788749,-0.0114327810050325,-0.0256969974973547,-0.0222739724484896,-0.0945637883249536,-0.079995261853069,-0.0106097884712656,-0.0075092261388529,-0.0645241364452304,-0.086441617026622,-0.00200490750201,-0.0015318250943691,-0.0648543596620746,-0.0923421116017434,-0.0129156882757023,-0.0207940860845947,-0.0006289556374617,-0.0014323724686715,-0.070703428141417,-0.1078279738277803,-0.0048603084926443,-0.0065339532576677,-0.0025403374910794,-0.0022305500067048,-0.0027528908602701,-0.0360830776563962,-0.0058806430294183,-0.0080145006217749,-0.0049896916889542,-0.0034156474126478,-0.0031416103190714,-0.0128568610049723,-0.0028388242647699,-0.0108082838705296,-0.005059103688092,-0.0086062659118548,-0.0008371818187073,-0.0014070572324384
-0.0633299841868123,-0.0746634263903564,-0.0067943438212447,-0.0117059963902085,-0.0271958133128789,-0.0193694557313902,-0.0905881620941979,-0.0764595820128739,-0.0611820413130642,-0.0370142157798177,-0.0685151670576672,-0.0858960264192923,-0.0025326524128722,-0.0014009916068194,-0.0614439818846848,-0.081982600329938,-0.0276426937913881,-0.0860123561550558,-0.0009543496404018,-0.001755223465756,-0.0668213302634956,-0.1011812491300928,-0.0072288849076362,-0.0104668174601808,-0.0044199643273448,-0.0014383213114385,-0.003349908402137,-0.0403211077205699,-0.006637635975435,-0.0089662303145032,-0.0049687700804001,-0.0020939019701499,-0.0048551260616593,-0.0151457450849753,-0.0057560344223494,-0.014040086999276,-0.0058955780564729,-0.0129116649690832,-0.0014241149652854,-0.0019136077337221
-0.0592256562030796,-0.0710859238662758,-0.0101417275131181,-0.018838023912963,-0.0293327478865223,-0.0218926963842892,-0.0980671901241495,-0.0829023058594075,-0.0708050275703452,-0.0482802838397276,-0.0827784699796128,-0.1226238006520333,-0.0027183057911757,-0.001171424851781,-0.0600256320454348,-0.0823583862364998,-0.0325144929934865,-0.0451997960657087,-0.000701234444292,-0.0014369325854975,-0.0738767410686661,-0.1118497466444604,-0.006340304029525,-0.0047324669981785,-0.0043816608013655,-0.0014010724734254,-0.0011062193866563,-0.0199198147861242,-0.0035542543058188,-0.0051598379577984,-0.0065799441339055,-0.0047870993563388,-0.0031883829369025,-0.0144728924993546,-0.0035580348122719,-0.0118798083869765,-0.0035231316934312,-0.0071653911051053,-0.0009996122934669,-0.00182167633455
-0.0682060017716214,-0.0749417052013194,-0.0092633302979663,-0.0159066251240292,-0.0269058935869989,-0.0207674232575425,-0.10139145995716,-0.081711812467491,0.0003014468996696,0.0014390807589938,-0.0680224699997498,-0.0942103341119137,-0.0015794298355584,-0.0010434040878135,-0.0594848479199633,-0.0811184825424662,-0.0013292887097816,-0.0038687969356346,-0.0001974681787741,-0.0006548265547958,-0.0726484719642374,-0.1093118693747098,-0.0019476403903185,-0.0035873596347373,-0.0022525586886226,-0.0011225286982216,-0.0022128087624171,-0.0099879325147767,-0.0037172620279167,-0.0032076086224702,-0.0048512167494114,-0.0021164098085323,-0.0021952251492006,-0.0057814456884415,-0.0029438920794829,-0.0053848024352212,-0.0013349515408727,-0.0039288589104616,-0.0011569464721395,-0.0009995338059419
-0.0544390712920886,-0.0696149488802592,-0.001550670748641,-0.0044802352180136,-0.0235188789530134,-0.0194889711966523,-0.0847578377717689,-0.071453858276939,-0.0070087133391412,-0.0037471200605393,-0.0586204168311305,-0.0810098080495355,-0.002996993941699,-0.0014821048954456,-0.0552379704518114,-0.0809911466802917,-0.0124203910202068,-0.0126527327529612,-0.0002748340159508,-0.0008784343765156,-0.0661625792912482,-0.0976540053198645,-0.006432895794421,-0.0046300144851584,-0.0039081542055753,-0.0016117674618234,-0.0011648147672674,-0.0104132900106797,-0.0043141143182681,-0.0029248068208239,-0.0044570269859387,-0.0020824018840037,-0.0008892895650723,-0.0043261938091385,-0.001682812561512,-0.0052741473567317,-0.0014599903248461,-0.0046511456012442,-0.0007503085941327,-0.0011445481125921
-0.0589441157502118,-0.0722222228439277,-0.0050674918751242,-0.0085751214075363,-0.0263583451577783,-0.0200475821231342,-0.0831554457432657,-0.0708387050354823,-0.0599179185330683,-0.0417207248448,-0.0619306450847708,-0.0875204795285291,-0.0027020440605872,-0.0023170550380401,-0.0584919435680631,-0.078530094080091,-0.0282055037078557,-0.0722897491629,-0.0012201236117847,-0.001191626135158,-0.0660498597152487,-0.101003228467374,-0.0058052891055239,-0.0021786199521554,-0.0038225786663362,-0.0016934480658133,-0.0019757749288336,-0.0106029761629987,-0.0052226148550367,-0.0102970841531984,-0.0068493337607391,-0.0028762898915859,-0.00368324157424,-0.005758962237813,-0.0018184033711915,-0.0019595411365059,-0.002745728821338,-0.0038229076036542,-0.001388956509911,-0.0004063681906434
-0.0697458476502841,-0.0843736198423974,-0.0015233156046435,-0.0026174551146313,-0.0250881867449424,-0.0232393927992266,-0.0962811641802173,-0.0794871392395931,-0.0694437774521666,-0.0525511033780125,-0.0780615338341434,-0.1046607675663096,-0.0028545028779943,-0.0011209493961143,-0.0707986662624686,-0.0956343583566839,-0.034855559838744,-0.0737144325565227,-0.0012417214623038,-0.0008810202253595,-0.0725840916843838,-0.1039931595955751,-0.0124365718151028,-0.0209385477582996,-0.0072977304066187,-0.0018286015973353,-0.0014053576357716,-0.0045878076397541,-0.0034942876692613,-0.0005881423550243,-0.0088044063527308,-0.0026526119263131,-0.0009806560549186,-0.0030751183289427,-0.002594164795904,-0.0058684902918183,-0.0016045265034592,-0.0028725037059231,-0.0008520727741331,-0.0010337552815738
-0.0628310746386777,-0.0815734378347559,-0.0051323767470518,-0.0095801866243796,-0.0272776247699021,-0.0207435720321803,-0.1004978895322087,-0.0820669735515675,-0.0622696854565476,-0.0377714532473116,-0.0659602390805222,-0.0977380726541145,-0.002692171111749,-0.0011614746620755,-0.061546660442096,-0.093007251322839,-0.0304904727875328,-0.0583927041450705,-0.0001742082850323,-0.0015534551514771,-0.0689767932740161,-0.115362028706069,-0.0127457705600616,-0.0288652618917316,-0.0024242306207449,-0.0020521240002361,-0.0011688772487472,-0.0076388838415858,-0.0047253497602965,-0.0025457519461427,-0.0050037953680305,-0.0034086885352966,-0.0021658058556021,-0.0073656452988526,-0.0028989450493367,-0.0068272927517291,-0.002598528417411,-0.0078550766778031,-0.0009100499319216,-0.001622807611155
-0.0582299824777522,-0.0732244697802344,-0.0015103300243349,-0.00322281704271,-0.0267171500224279,-0.0233952076552387,-0.0842616170153,-0.0726733198223798,-0.0481932696059877,-0.0273130766472655,-0.060057871564116,-0.0865565093846621,-0.0037056230121649,-0.0011870120845836,-0.0600228536542969,-0.0861153256179296,-0.0078317475888196,-0.022699231587284,-0.0003826889686398,-0.0006462637864543,-0.0631535700170167,-0.0959129246562555,-0.0067863731922013,-0.0007446849721846,-0.003763099165009,-0.0022020922080606,-0.0008683768418331,-0.0008464588499677,-0.0020658617852106,-0.0017090488187163,-0.0060052574965713,-0.0016298266288461,-0.0022927429621241,-0.0045580182762905,-0.0024517094424616,-0.0030938261895436,-0.0011539963461289,-0.0025957241005953,-0.0006311004726815,-0.0009274644009995
-0.0581318726985332,-0.0694717809375471,-0.0200557177181056,-0.0360595367490535,-0.0252662819772355,-0.0194114377280472,-0.0805062500962216,-0.0694222827990044,-0.0407386880288944,-0.032676836893039,-0.0607315340248355,-0.0829613158326261,-0.003599419737992,-0.0018429718752868,-0.0545261736275925,-0.0799751000115079,-0.0083470197575426,-0.0628683818636947,-0.0016687445014578,-0.0023472976625955,-0.0596131542698877,-0.0943542308754784,-0.0042504702127659,-0.0028642120637927,-0.0022061742293833,-0.0013081124204562,-0.0032059236128162,-0.0125140846621855,-0.0069751005059275,-0.0006967274372158,-0.0042741227827996,-0.0021791836566025,-0.0005943548126059,-0.0064726545441359,-0.0009560971105339,-0.0051597886156455,-0.0018164609008257,-0.0027133293595388,-0.0005229532662452,-0.0005579771046729
-0.0652605333617041,-0.0931566785422069,-0.0171120085413999,-0.0307303213436111,-0.02653307502996,-0.0230944370598285,-0.0989126417602851,-0.0792050913187115,-0.0564626043895468,-0.0347954946061342,-0.067166790137707,-0.1080289409933486,-0.0035779156947129,-0.0028926436463252,-0.0587784257994338,-0.096079300894423,-0.019350622312675,-0.0488645607596686,-0.0014168669477578,-0.0045849592068681,-0.0748566274904071,-0.1111109327640616,-0.0068505401652827,-0.0078645978511741,-0.0045289976434769,-0.0033207895550034,-0.0045966753372453,-0.0413478900035991,-0.0107632866584524,-0.0165600842501347,-0.006573697701399,-0.0040856187218886,-0.012278149814948,-0.0437932555100039,-0.0105714659617575,-0.0225281005627575,-0.008990448876115,-0.0181374873419168,-0.0024610598746865,-0.0027358681444505
-0.0568098161053476,-0.072580027215482,-0.0004002395827668,-0.0031105385941373,-0.02359284065485,-0.0206046126778292,-0.0864127098917893,-0.0729611692881117,-0.0558941859935045,-0.0361831091340228,-0.0614281908577832,-0.0827709813699275,-0.0021580353838701,-0.0007754402736706,-0.0560983970917634,-0.0785802348531678,-0.0321773286091558,-0.0534210350084261,-0.0001313989331682,-0.0009925308491482,-0.0657640840391698,-0.1077377268667878,-0.0030415483445268,-0.0050304188372975,-0.0021309841155321,-0.002326229997448,-0.0009266497527284,-0.002034269929937,-0.0017524323205697,-0.001199898747582,-0.0058085774893898,-0.0030781543807675,4.36545531548872e-05,-0.0011741585461274,-0.001283475780893,-0.0030478385495142,-0.0014387683732255,-0.0049365619451703,-0.0004904485389877,-0.0006234463411289
-0.0588800766795896,-0.0757591809829132,-0.0026971626568674,-0.0039686579978455,-0.02398219638532,-0.0214401016996694,-0.0914139721105024,-0.0766007648507247,-0.0587226564659312,-0.0322261012073058,-0.0627156785424437,-0.0848809688470024,-0.0025343314303464,-0.0015532594603905,-0.0604027042032983,-0.0850190823848631,-0.0205349181287309,-0.0401852237229309,-0.0003028431097137,-0.0010457338001685,-0.063889644383827,-0.1072874014664556,-0.0069641922862947,-0.0039141781136072,-0.0026326898357739,-0.0018298707316067,-0.0014468666240441,-0.0057638000801689,-0.0049155471563478,-0.001712442226963,-0.006560025273597,-0.0019439615707496,-0.0027503735431327,-0.0079927434298775,-0.0038864676503649,-0.0071746951132784,-0.0027695302079276,-0.0049661740394804,-0.0008603489316603,-0.0012755417982756
-0.0579273648125875,-0.0770643242317527,-0.0023119327461321,-0.0037189841071073,-0.0235412559076214,-0.0212426860278283,-0.0880093380456748,-0.0734998088550426,-0.0186972723998718,-0.0200198361334051,-0.0620893170013046,-0.0901115076553384,-0.0024154005974512,-0.0019271704949537,-0.0650131618082667,-0.0918960869672372,-0.0063166420833253,-0.0054588696265883,-0.0001679671053904,-0.0010442049188956,-0.063474604693244,-0.1012180496225882,-0.0039813891859869,-0.0043166597634109,-0.0025512201730968,-0.0016642391841279,-0.0019315903426424,-0.0070978856527954,-0.0031486528502249,-0.002626294823547,-0.0064532046099382,-0.0015278348574234,-0.0022509749768422,-0.0075072949045877,-0.0034070838612729,-0.0071786228858907,-0.0023601227451417,-0.0062985265399695,-0.0009116914291413,-0.0015522090818021
-0.0668250816076145,-0.0782300459113771,-0.0019873943262361,-0.0052952781217715,-0.0265134877794718,-0.020134760573004,-0.0865212629318109,-0.0706376770153668,-0.0219511057703852,-0.0200605620274977,-0.0690570701717054,-0.0985128881181605,-0.0024005409430342,-0.0026212389581578,-0.0703389914286916,-0.0966430629647341,-0.0079813231740732,-0.0211896324248152,-0.0007593284203854,-0.0007985184189091,-0.0715081201503395,-0.1058246719766412,-0.0076380171278651,-0.0073908803524671,-0.0023273861313003,-0.0023746659774342,-0.0013657138039965,-0.0042971166054425,-0.0023763666604011,-0.0021904778344176,-0.0053332263706408,-0.0067729197511553,-0.0018398416744579,-0.0057211435169964,-0.0031461593879811,-0.0060851843771327,-0.0025404586294957,-0.0055215903485668,-0.0009990797229699,-0.0009318132708502
-0.0700453446777943,-0.083173443021207,-0.0144334535250804,-0.027937508221403,-0.02943126424371,-0.0249716955889536,-0.1140348159881025,-0.0938128944513567,-0.0415366913201702,-0.0279785712057537,-0.077518412486975,-0.0871140515842737,-0.0024650883725704,-0.0021078423056568,-0.0665012768304892,-0.0951956582246305,-0.0072790553352746,-0.0877717983275403,-0.0017108092378889,-0.0018899613114628,-0.0749830329292702,-0.1193100817735854,-0.003981254764268,-0.0048633492603253,-0.0038808070771925,-0.0016177644084579,-0.0045754816138781,-0.0407211067875803,-0.0092286200907929,-0.0089987768754047,-0.0047539830258502,-0.0038116144413365,-0.0040262317354778,-0.017217643569423,-0.0037630250239807,-0.0137210973364007,-0.0046938305921532,-0.007073838195548,-0.0014316466887513,-0.0010736372137331
-0.0616791108070446,-0.0722444432802109,-0.001266131396566,-0.0011566405635767,-0.0249025113592865,-0.0177619983659257,-0.091073131976326,-0.0716771301790959,-0.0416920892524938,-0.0366411102547148,-0.0584083552213382,-0.0752187863918907,-0.0013940884088034,-0.0011851225405208,-0.0513893441072355,-0.0738745928057185,-0.0099677553236049,-0.0041991595190951,-0.0003737066197908,-0.0001219230776217,-0.0625892693592515,-0.1004097978073776,-0.0065480004883081,-0.0074197127886377,-0.0019065323240313,-0.0019195457569463,-0.0004972904882136,-0.0099462945242459,-0.0016424545108622,-0.0042417792797342,-0.0052434465718672,-0.0032807835911012,-0.0015855262969942,-0.0020380735844097,-0.0031148460684661,-0.0027356586053394,-0.0022437398993681,-0.0046968745948481,-0.001079102529107,-0.0009577184428326
-0.0679997464238703,-0.0820356088639406,-0.0142813812539042,-0.0276277518347873,-0.0279191814453562,-0.0247986644282591,-0.1049458592552892,-0.0862930059071265,-0.0137467480642727,-0.012664619189934,-0.0649737910352231,-0.0998673786237728,-0.0023935490172025,-0.0020916998189255,-0.0648102136239614,-0.0869534630372823,-0.0076610912173618,-0.0466889613896195,-0.0012811527471167,-0.00291334148763,-0.0772952325366753,-0.1171701258670101,-0.0051644413931063,-0.0070299760017894,-0.006934508288201,-0.0020535440105455,-0.0034431960783315,-0.0459770214358118,-0.0031268412468256,-0.0037550801534414,-0.0082973033404773,-0.0059826592900703,-0.008856329387642,-0.0319350926188121,-0.0070677151688746,-0.0189274137234016,-0.0058716022586203,-0.0133567033028042,-0.0013946649449579,-0.002831609243319
-0.0627740611811957,-0.0768517854150238,-0.0080737580029746,-0.0137973445724254,-0.0286018502836148,-0.0248991370132436,-0.100556244951479,-0.0814468136788484,-0.0171995114218461,-0.0151872470117861,-0.0654136051346192,-0.0915935655800551,-0.0027696704042879,-0.0021513995633056,-0.0660942122982281,-0.0962709762723349,-0.0076540364750029,-0.0300387009436625,-0.0011404270543103,-0.0011433595348059,-0.0780525578996725,-0.1142522780000563,-0.0051234355603052,-0.0078545264307301,-0.0025455605772744,-0.0014516367311804,-0.0023371777955614,-0.0144733857880728,-0.0046565297207052,-0.0013060725454006,-0.005884694182645,-0.0025336487513716,-0.0025302851937828,-0.0072233572017645,-0.0039261712964942,-0.0085412032415366,-0.0038653463192705,-0.0087439505669904,-0.0006357615975361,-0.0018775905064536
-0.0553425961019168,-0.0718267302467682,-0.0128035578428253,-0.0230210315553948,-0.0266169697110921,-0.0181292433106729,-0.0895451682317372,-0.0690933667378316,-0.0249616704318198,-0.0170594520646363,-0.0598712557930292,-0.0940008569018575,-0.0014870751752106,-0.0017550442571312,-0.0556351624316856,-0.0810941687430164,-0.007356125347686,-0.0563859927004096,-0.0012883788484938,-0.0015777223147655,-0.0643678035207438,-0.099034741049044,-0.0036181771904644,-0.0064690152790587,-0.004581311496204,-0.0013008719139096,-0.0030777634721037,-0.0311149406323398,-0.0053125033200962,-0.006098895820428,-0.0068643512221842,-0.0020678365277183,-0.0043167769764869,-0.0167311572358487,-0.003876844315404,-0.0090896808768727,-0.0037529955830885,-0.0074516943336448,-0.0014944466026491,-0.0018810695805457
-0.0630557095827836,-0.0733887865465388,-0.0009378241263579,-0.002671407728201,-0.0195827414097122,-0.0202976052802693,-0.0838302803667264,-0.0686759260784299,-0.0035165017200287,-0.00290667210471,-0.0579050266139693,-0.0842139414351007,-0.0032512233066456,-0.0012501313299611,-0.0528779460957214,-0.0791657915196561,-0.0095057967098476,-0.0018152349412768,-0.0002718735018029,-0.0010158155629011,-0.0616590174444433,-0.1007561516061498,-0.008276692871496,-0.0043154330050131,-0.0033082379362553,-0.0015110222723077,-0.0010248255093319,-0.0063956602137127,-0.0010685425079255,-0.0031841789800928,-0.0040733542758928,-0.0026674673300433,-0.0008587542955831,-0.0037148213666225,-0.0020933604860413,-0.004675707566378,-0.0023852676000913,-0.0053051121103185,-0.0007700319017059,-0.0010721712821055
-0.0585821988724417,-0.0792840150102928,-0.0049286496147195,-0.0080796798241393,-0.0252618661496145,-0.0193896760865673,-0.089793614724232,-0.0728206766337637,-0.0128639734206799,-0.013761958875705,-0.0613964630176064,-0.0886856619601914,-0.0026694434967256,-0.0014980432453226,-0.0612612038190494,-0.0920865223850807,-0.0076411206569399,-0.0179359020678608,-0.0004227854320568,-0.0006961896843381,-0.0689239475880455,-0.1110794012360158,-0.0049085973515424,-0.0060656176105074,-0.0025231915370721,-0.0015883809124735,-0.0018465167078757,-0.0049566152843287,-0.0032242905335758,-0.0021634860877558,-0.0049129380507611,-0.0024787524120058,-0.0018483338318559,-0.0066293210095582,-0.002649390355411,-0.0061022522476618,-0.0019806863781022,-0.0046583746327538,-0.0006577210108513,-0.0013497412040744
-0.0512562866377757,-0.074065289091518,-0.0028624434177984,-0.0064742114248859,-0.0206756010065431,-0.0188278470452903,-0.0785667995170785,-0.0629563542367312,-0.0250848592401551,-0.0271374451897191,-0.0568357002819455,-0.0800897216956757,-0.0021872408648925,-0.0019403696419561,-0.0569175646634509,-0.0804714053579091,-0.0089970099209164,-0.0155208797415661,-0.0004458479312087,-0.0007906494006461,-0.0643662533715704,-0.0965007793173773,-0.0064147771896168,-0.0038094225754825,-0.0026395301707139,-0.0014369307627109,-0.001511637339979,-0.009337910705289,-0.0024127105617441,-0.0034138607674116,-0.0078144211238577,-0.0034313991776804,-0.0022405610033909,-0.0069859312683932,-0.0030016628212446,-0.0069745560795677,-0.0020417792565646,-0.0053271094066806,-0.0008445615213184,-0.0015063982988946
-0.0585364135239619,-0.0767376565834134,-0.0047917389226464,-0.0092664956873474,-0.0295864123028655,-0.0229496342430355,-0.0976435860874767,-0.0834304938469701,-0.0327687823946473,-0.0288660577610074,-0.0620985444139981,-0.086587274387046,-0.0021340376269001,-0.0014599289288419,-0.0603011117303542,-0.0865990723042159,-0.0422898842284016,-0.1174794776920916,-0.000895388345376,-0.0006815453368651,-0.0692986186386274,-0.1145765289592495,-0.0076150359667036,-0.0055639282591758,-0.0041837299392406,-0.002467884484906,-0.0038044666899368,-0.007951010982897,-0.0101647825261691,-0.0052828247264658,-0.0064665185878044,-0.0021757090214913,-0.0014041838111806,-0.0039621226641778,-0.0027360788863248,-0.0037700464335553,-0.0015797626613336,-0.0037773418744448,-0.0008613966950906,-0.0009723098581779
-0.0669202709446402,-0.0830612082832854,-0.0234866873455843,-0.0449457763522235,-0.0309925705091692,-0.0253850280611916,-0.1102652837262728,-0.0913119430696028,-0.0779799299758365,-0.0461377276990625,-0.0741478646503002,-0.1115136864341313,-0.0050828209112403,-0.0013621050282817,-0.0683089049620619,-0.093018388317461,-0.0368779257456489,-0.0851342161009171,-0.0031872218754872,-0.0058625191387251,-0.0882472999127894,-0.1319945125915894,-0.0149625740333178,-0.0372952831267213,-0.0093860817560375,-0.002924285197469,-0.0075217101479152,-0.0627232995404769,-0.0120786896753492,-0.0053494022506116,-0.0074403860812469,-0.0042213512898774,-0.0066131408586511,-0.0318504048373134,-0.0084056475884745,-0.0258680686167094,-0.0100361094324992,-0.0205093417274013,-0.0019564873947919,-0.0035968915310796
-0.060147191918625,-0.0749294171048738,-0.0063968456765477,-0.0119418312751956,-0.0276821846398995,-0.019654158522879,-0.0887073223011206,-0.0737361812785079,-0.0769154508314479,-0.044605086823972,-0.065298419916882,-0.0889230118492838,-0.0042237204952543,-0.0019982510107309,-0.0693977152449001,-0.0979645586046603,-0.0362868192237278,-0.0991156783959074,-0.0013237607743316,-0.0021150753490448,-0.0680661015597056,-0.1106326338704118,-0.0173790353859714,-0.0379957183875396,-0.0089631976576953,-0.0029583514263986,-0.0018894546314418,-0.0083252089058033,-0.0059609582155841,-0.0062448378987072,-0.006527684401773,-0.0086495998445629,-0.0040144993938805,-0.0120923774885358,-0.0046120507616274,-0.0083114474959792,-0.0051729673516477,-0.0140129687148096,-0.0006474792774714,-0.0018250159023379
-0.0502848715199242,-0.055055222369706,-0.0014515280450421,-0.0047080847109158,-0.0222060134319712,-0.0181808240042553,-0.0800422768514068,-0.0666149141104933,-0.0624895777848091,-0.0350925504348506,-0.0570749777710782,-0.0757360954590847,-0.0028054079335457,-0.0020677687965265,-0.0567990498926776,-0.0766583965190134,-0.0195406392277953,-0.0372908703336884,-0.0009155893374525,-0.0013291416645478,-0.0670771882671444,-0.0971382110492359,-0.0076267932435675,-0.0035912141656169,-0.0023739336774287,-0.0018642666717014,-0.0021401387768313,-0.0056736639793574,-0.0115559067747728,-0.016144842532556,-0.0043686014011226,-0.0020846265781488,-0.0044293001410993,-0.0151178800964505,-0.0054243139391072,-0.0055683722635628,-0.0055676763779778,-0.0111864256741186,-0.0010153917994091,-0.0011873250155178
-0.0652021165552565,-0.0800518775629044,-0.0150581048224224,-0.0298032676492665,-0.0284044264329465,-0.0235359480032861,-0.1028978654279621,-0.0840385516870421,-0.016223926100176,-0.0071279032475176,-0.0604421481036061,-0.0892816761224715,-0.002795562043269,-0.0012014976495189,-0.0580298614066126,-0.0906724309982875,-0.0209433697343235,-0.0690981227662997,-0.0020658578615153,-0.0041247135640517,-0.0685212382429557,-0.1108791410491626,-0.0058516616724301,-0.0066032359789852,-0.0038566351376014,-0.0021907358081429,-0.0050246078711972,-0.0222689991559734,-0.0095744040168294,-0.0050109507999719,-0.0052418683702495,-0.0039412545807947,-0.0079416248969232,-0.0278920112845934,-0.0075592961550941,-0.0135357591242773,-0.0070316432556615,-0.0164189336403524,-0.0018651428564638,-0.0010008941707947
-0.0628679274451495,-0.0804391833598938,-0.0103813721691941,-0.0185585389267551,-0.0266307639777787,-0.0226779778491483,-0.0960388206098032,-0.0794306752927708,-0.1078058111503196,-0.0693725285336689,-0.0659915356268029,-0.0963193143598585,-0.0013437393716792,-0.0015434628268519,-0.0615537857206438,-0.0840976438730618,-0.0343716079715169,-0.0812510948157584,-0.0019068919046283,-0.0034093200938275,-0.067922537644493,-0.1057976214053492,-0.0058472771801622,-0.0189599221015568,-0.0038182428209486,-0.0010069797638494,-0.0030668417671783,-0.0201693242640168,-0.0018335989103871,-0.0014449270567184,-0.0053918060153034,-0.0023096098270912,-0.0036170584461848,-0.0121658843428205,-0.0031259768571195,-0.0073384796447277,-0.003702451989005,-0.0097079716174102,-0.0009941386594774,-0.0019257043115042
-0.0584690132533099,-0.0755823396517506,-0.0061047913002911,-0.010908069761477,-0.0292041931449312,-0.0246466431629905,-0.1020865648574126,-0.0899578527449981,-0.0031786956961374,-0.0021600503184297,-0.0664418844722426,-0.0874063244408172,-0.0021238918025025,-0.0017795536008738,-0.0764537692758249,-0.1043249614122926,-0.0052803680991828,-0.0163629555425614,-0.0009655008575672,-0.0017097346268023,-0.078881678672112,-0.1218772689596175,-0.0041011305438235,-0.0021203924934261,-0.0057151407544666,-0.001350684099034,-0.0017185715267382,-0.00240199762141,-0.0025856083388242,-0.003193290225517,-0.0086253708989537,-0.0018272529848668,-0.0025602605110135,-0.00814579584414,-0.0041548359849517,-0.0082729520396652,-0.0031773740907887,-0.0068575928690024,-0.0008195314391055,-0.0013201173276563
-0.0602703835826927,-0.0775258003900675,-0.0092925104883172,-0.0168632736589449,-0.0324000757822623,-0.027004234160257,-0.102580401409575,-0.0879449799604327,-0.0641473871009163,-0.0481843924738041,-0.0730476998579505,-0.1070633992787807,-0.0035203709684476,-0.0015268721637638,-0.0688937681300315,-0.0940710231453129,-0.037095108720305,-0.1169035678759133,-0.0012847040740213,-0.0018419808388146,-0.0856453634586508,-0.1238241719645026,-0.0121608246085258,-0.01159370619383,-0.0039793275034397,-0.0024610870160533,-0.0041650798690827,-0.0182238015230147,-0.0083857343252729,-0.0043882078207629,-0.0044767017931711,-0.0093054620821378,-0.0026473240880504,-0.0091134877498093,-0.0040089122535649,-0.0085595523680179,-0.0048682884995798,-0.0106181301561163,-0.001143653216805,-0.0013944796694571
-0.0604525340483776,-0.0745424487615189,-0.0355048447121408,-0.0685308207833893,-0.0274914982104348,-0.0221949255126383,-0.1204692527197807,-0.0849101107766845,-0.1240092095178586,-0.0637594089459537,-0.0625871630477613,-0.0960702391286884,-0.0031966442425115,-0.0009547338918787,-0.0660896067187632,-0.0947237211749759,-0.0323532007688745,-0.0734976934550688,-0.0027162351638722,-0.0069971667640462,-0.0623969550201628,-0.1167555138367094,-0.0152163054660582,-0.0458290538950067,-0.0012851206505285,-0.0019628324428756,-0.004364225149081,-0.0347741411946916,-0.0166555766144831,-0.0304351564195687,-0.005647495956458,-0.0067550700286248,-0.0045109436308173,-0.0189499603095397,-0.0027079496972009,-0.0128598879397917,-0.007101377149485,-0.0107140293049023,-0.0008590203353721,-0.0034217228629161
-0.0690999736822781,-0.074630891618977,-0.009154698262103,-0.0151292432389093,-0.0200406011004356,-0.0190944527207665,-0.0807656510749339,-0.0691425440577598,-0.0601128912047534,-0.0404132869071117,-0.0575899186040639,-0.0802162661538788,-0.0045675709689636,-0.0013459902131736,-0.0634647903794837,-0.0856125788848542,-0.0266995936442247,-0.0402508229680493,-0.0005684591409636,-0.0009344246344132,-0.0606766254230825,-0.0965108034939719,-0.0127708303017425,-0.0165854923416561,-0.0068004967224345,-0.0022353048116408,-0.0029447311300847,-0.0073107878971474,-0.0031792737770188,-0.0027132900533321,-0.0061683007278891,-0.0067612268013349,-0.0031747330286147,-0.0086429200329237,-0.0062917744747795,-0.0136135876162893,-0.0043522867596769,-0.0093305474966468,-0.0006966250950317,-0.0019168998457161
-0.0589526556153431,-0.0737765784087077,-0.010242146030746,-0.0171825294799319,-0.0265534756981979,-0.0224954382887058,-0.0945191802646011,-0.0720035538721743,-0.0659224844819239,-0.0393436623855469,-0.0636520635202905,-0.0916379092615532,-0.0015143119966555,-0.0019611001438506,-0.0590133399795698,-0.0826761771045125,-0.0249205576025928,-0.0449473619335519,-0.0001119300707887,-0.0014812899475148,-0.0630267970514034,-0.1066128286019917,-0.0055719746947581,-0.0074499255687728,-0.0033988192098018,-0.0015438986272592,-0.0023234488067532,-0.0052636465147743,-0.0046280977531081,-0.0031385299492339,-0.0048984645020098,-0.0046151479755032,-0.0034207349812497,-0.0095656472337873,-0.0047843103924517,-0.009096166764154,-0.004347248885024,-0.00942933595903,-0.0008865681976837,-0.0021840373430695
-0.05828896520976,-0.0728651941081658,-0.0030138642395544,-0.0085053050981324,-0.0264631894457636,-0.0197228164228574,-0.0951430811623016,-0.077638997872964,-0.0644576858770881,-0.0370797355990864,-0.0593518826367307,-0.0903561088303392,-0.0046043295465177,-0.0021017529252446,-0.0582488612246221,-0.0878135464443539,-0.0190617276011293,-0.0412471199521101,-0.0005345770371263,-0.0015304670501617,-0.0728568302311102,-0.1229201415722181,-0.0062369025979972,-0.0046972573276029,-0.0092315682425108,-0.0026435740100174,-0.0009585064590708,-0.0066702210162334,-0.0038843989032394,-0.0027044586740687,-0.0056879819084624,-0.0022717568940738,-0.0012035740124685,-0.0051394884531884,-0.002391020997739,-0.0069570710771078,-0.0020773405831682,-0.0091371587488697,-0.0008249162948742,-0.0022753901673414
-0.0529240585683308,-0.0685389390198595,-0.0017754081061325,-0.0021366512720623,-0.0277878225362554,-0.0228713782875734,-0.0965619112724937,-0.0818781021174695,-0.0520216227034052,-0.0285527490851402,-0.065554426726682,-0.0897113167430498,-0.0030124673766277,-0.000892710174771,-0.0616149267214579,-0.0842876553432857,-0.0118352720977077,-0.0222955088601866,-0.0005771022309753,-0.0003667873764824,-0.0724243431140284,-0.1149155683874976,-0.0036140115800653,-0.0020912039892536,-0.0031607812126927,-0.0017286417035028,-0.0013702807272896,-0.0032002588095231,-0.0027706276752567,-0.0019184416851348,-0.0046701898616049,-0.004882353821596,-0.0011875574150597,-0.0025183328990604,-0.0022900138542884,-0.0032067699430303,-0.0016807517984366,-0.0008523506794121,-0.0010504277184333,-0.0002785781144259
-0.0648165621665401,-0.0747296861521306,-0.0038313485777789,-0.0042297907600162,-0.0279610379073897,-0.024259870136373,-0.0982778746651078,-0.0793831749134929,-0.0615786224041427,-0.036672530401862,-0.0711814080012373,-0.0914791571435109,-0.0024607937628656,-0.0014208824866225,-0.0614006088872189,-0.0869875411648925,-0.0103375804887925,-0.0164622322015253,-0.0003043401030484,-0.0009996497419007,-0.065910576335585,-0.114361675813282,-0.0053346977850075,-0.0022390418010048,-0.0026870190518243,-0.0014273236583957,-0.0016705120283326,-0.0053492052012704,-0.0021152571857084,-0.0026885926495861,-0.006861322945746,-0.0031999576113694,-0.0035272337164152,-0.0094363504168159,-0.0038896459671361,-0.0070063946501696,-0.0021567340168046,-0.0057519794913152,-0.0008652931179271,-0.0014136842247086
-0.064667900284364,-0.0767880507294889,-0.0019942079776359,-0.0041113786877794,-0.0271350252592755,-0.0233937433228924,-0.0940866362213408,-0.0795012299408858,-0.0599974749865099,-0.0386559234832483,-0.0648407199775936,-0.0885356779957735,-0.0023474637900668,-0.0020541220273489,-0.0620547412225539,-0.0919275901712967,-0.0316771942131355,-0.0550952934106158,-0.0001960071919331,-0.0004988186703505,-0.0656622761648025,-0.1027636560027289,-0.0197579834148868,-0.0369028752838787,-0.0038242442023482,-0.002185731546402,-0.0005993337422585,0.0001516145138647,-0.0019235750634246,-0.0014984195322265,-0.0065127033597601,-0.0042836048497277,-0.000158980972244,0.0003830387994657,-0.0005613613155834,-0.0009336539420775,-0.0007264819092044,-0.001595283388486,-0.0004451548049853,-0.0006903269249723
-0.0684824262617735,-0.0806763118849286,-0.0034234082436882,-0.0057089158375395,-0.0300915829990741,-0.0218113011627853,-0.1012888124036689,-0.0806522030414516,-0.07834222128433,-0.0449598614016944,-0.0738765225858549,-0.0976700869163794,-0.0036068957246815,-0.00096776085211,-0.0712662317318964,-0.1037947178220149,-0.036803340872653,-0.0687719453743984,-0.0006879797495758,-0.0007769209306482,-0.0739157323757594,-0.1133578806510223,-0.0064486158579425,-0.0051734458983758,-0.0088502118346465,-0.0022032161776164,-0.0020800641018799,-0.0115890215575992,-0.0034340726342256,-0.0040517303249286,-0.0086394176157782,-0.005698687246357,-0.0016380495555456,-0.0053681915104142,-0.0044418761248836,-0.009777559753541,-0.0042677003461972,-0.0093695474824545,-0.0008961343377304,-0.0012435788564709
-0.058304075654978,-0.0716983764155678,-0.0021156733373624,-0.004092008498739,-0.0281847229423901,-0.0193855704768769,-0.0912959169996707,-0.0740718692445687,-0.0739880642108423,-0.042418688084264,-0.0653214510852074,-0.0955752134810666,-0.0020784404584032,-0.0013741709806605,-0.0633814425004007,-0.0864509410204929,-0.0223470585783966,-0.0517760982818666,-0.0008882532309882,-0.0015337750234212,-0.070502269675334,-0.1090302955345065,-0.0038864304784351,-0.0023481133589493,-0.0038334851224604,-0.0018957733967422,-0.002332912721979,-0.0409252526635334,-0.0055742852913651,-0.0047993504882551,-0.0055606719989116,-0.0025739694419025,-0.0063303515792181,-0.0205058024846203,-0.0040817438427315,-0.0061133669867798,-0.0024295018401442,-0.0049674000175671,-0.0011163985010787,-0.0008257746275263
-0.0616023555315471,-0.0791825344722831,-0.0040221209137045,-0.0059519813715201,-0.0294332729258905,-0.0231715677197932,-0.1077147271263602,-0.0818994870999871,-0.0044774974669822,-0.0010630840285285,-0.0679188811149919,-0.0946486017498365,-0.0039799473735167,-0.0024795710133388,-0.0629618933959771,-0.0908140490391039,-0.0066764071253656,-0.0089172074033364,-0.0003718723940769,-0.0012711162363412,-0.0755767030439098,-0.1171477387456435,-0.0052612311354681,-0.0050154447088002,-0.0021104053889317,-0.0017288121138131,-0.0023318967396646,-0.0053247369623299,-0.0025192853915716,-0.0014995886410607,-0.0057289481486001,-0.0039369093696967,-0.0031484500010472,-0.0109803010407038,-0.0042857916979093,-0.0080444916213834,-0.0022213548430485,-0.0055292786029802,-0.0007492402616296,-0.0015599401481612
-0.0768968548516003,-0.0913219468250534,-0.0016314852056434,-0.0040205035374418,-0.0290166606868725,-0.0220669833502952,-0.1053370134323097,-0.0823850666966635,-0.0719280256379013,-0.0388628793914181,-0.0709029261026887,-0.1010481191458,-0.0036091707885868,-0.0017881118823436,-0.0757486605510692,-0.107995179207632,-0.0265187943083839,-0.0191850269534763,-0.0002866528568502,-0.0012679649520077,-0.0782241695615542,-0.1290906480011993,-0.0073444436992406,-0.0034712572006277,-0.0090853347204073,-0.0033125700330684,0.0004723180611144,0.0007008414345955,-0.0005173511633319,-0.0029782667986433,-0.0095911295195429,-0.002515279249205,-0.0008907813962644,-0.0020402097237027,-0.0018297870002164,-0.0033334108760018,-0.0015849212234539,-0.0041033808641796,-0.0020831399234086,-0.0012898759377465
-0.0654025767781129,-0.084016888193026,-0.0015402951703414,-0.0031431923934581,-0.0350532601664358,-0.0217489380901604,-0.0972891153454773,-0.0789625577291124,-0.0669882979308057,-0.0384628624561946,-0.0671234833701899,-0.0962420081651878,-0.0037029723784546,-0.0019276985360373,-0.0627689415395317,-0.0913286337410634,-0.0173815068918338,-0.0273952968710164,-0.0002705861355489,-0.0010307644913085,-0.0764321986391404,-0.1143985670174813,-0.0055262081816841,-0.0041601225904571,-0.0038030026211462,-0.0017305416485862,-0.0012898176030836,-0.0036077019419538,-0.0025902452454516,-0.0009621403551944,-0.0073861284313783,-0.0039932096003263,-0.0011624883619864,-0.0023410845145161,-0.001528391274184,-0.0023414099542354,-0.0018449086237773,-0.0037707440881183,-0.0016569290877261,-0.0011729753489445
-0.0556638063595984,-0.0647766761442165,-0.0005944878728754,-0.0005484024297605,-0.0298229027293001,-0.0194793264066207,-0.0935655461186132,-0.074919352944953,-0.0684628305806629,-0.0338724680899299,-0.0657636727746293,-0.0943662812948961,-0.0030743023391543,-0.0020885613174236,-0.0599080750800808,-0.081014784612673,-0.0150937013287948,-0.1287867380421524,-0.0016653988967843,0.00010525798898,-0.0733052708268504,-0.1087521967683029,-0.0054513673436056,-0.0042975752436092,-0.0040986892867191,-0.0022264049796555,-0.007630697253701,-0.0322925818552184,-0.0207193178917772,-0.010253150867696,-0.0033826849199721,-0.0022315200204536,-0.0030782008595227,-0.0153166593610589,-0.0046712780987815,-0.0127896984230254,-0.0027109671687899,-0.0053060813567561,0.0004308861378529,0.0004847984165693
-0.0462091707924819,-0.0461562767038725,0.002379169388872,0.0032786926787124,-0.0291839193238649,-0.0225284054508549,-0.1002473740422663,-0.0866801172667024,-0.0141813253026913,-0.0233305821954473,-0.0715701754796417,-0.0886977843856132,-0.003116352005875,-0.0036322447901,-0.0633802751900311,-0.084621736337952,-0.0093558401079132,-0.1596611754706703,-0.0019731914019509,0.0010153028934962,-0.0786867436740055,-0.1196510316735631,-0.0032703639768584,-0.0019768853542771,-0.0034295826929692,-0.0017632951017396,-0.0115383958064278,-0.0447142371034367,-0.0290296684767903,-0.0141586492318774,-0.0026666400155041,-0.0002140833898942,-0.004837035029717,-0.0267938690449603,-0.0060527532443355,-0.0190605313465165,0.0001757440087932,0.0004325904784221,0.0051662928104948,0.0032222159995586
-0.0642553590353826,-0.0963012595616236,-0.0093628562989188,-0.013177816742684,-0.0269114369490782,-0.0209203199556111,-0.0880597911456912,-0.0750856570778889,-0.0675154575945816,-0.0442149385775515,-0.0623206718576987,-0.084470900379715,-0.0031817651113182,-0.0013759928703796,-0.0665198056968808,-0.0936239390385312,-0.0072182745289199,-0.146610543805809,-0.0014677872409374,-0.0028970523698763,-0.0669586404990662,-0.098984184895897,-0.0050105200840488,-0.0016656200600974,-0.0046618584908782,-0.0024158506517653,-0.0102737513861464,-0.0404932336145754,-0.0251453734515538,-0.0104997867732933,-0.0104163356982046,-0.0067101979460398,-0.0027748827663605,-0.0198166362843713,-0.0038426959705799,-0.0145659687900932,-0.0030910921919633,-0.007214350188301,-0.0109992015681487,-0.0078231331455459
-0.1311277485989418,-0.215757110921282,-0.0271620209543253,-0.0396110023805857,-0.0223026386640461,-0.021291279828376,-0.0907321449204063,-0.0591195868039299,-0.1235270217106981,-0.0671870996162316,-0.0610288193769929,-0.0782923764770391,-0.0013377553776722,-0.0003845912973423,-0.0691601682195882,-0.1098141765145238,-0.0018667986077124,0.2904058778732086,0.0036522702082465,-0.0098379771078047,-0.0320829148107113,-0.0910033220128416,-0.00418433041611,-0.0127664551125798,-0.0038786826652024,-0.0032618365134945,0.0183324140340524,0.076012892711086,0.0466504206650788,0.0184989021125535,-0.0139270024287266,-0.0127938042484336,0.005431441844676,0.0402111784818039,0.0057302760815528,0.0252181854550197,-0.0090710503684265,-0.0232544791041313,-0.0349798486185637,-0.0244042193047928
