0.0041961506023636,0.0036331836006723,0.0013994724331923,0.0039473557066869,0.0013696462015247,0.0011704977796559,0.0026907164086836,0.0018358031333902,0.0021997831818112,0.0021407324113734,0.0060171617247161,0.0077054715387977,0.0023659372903327,0.0024347729188638,0.0012934119085662,0.0019543104595898,0.0007733536886729,0.0010483134263078,0.000198355769113,0.0003164468881089,0.0029544027852238,0.0045511400581198,8.164456150329536e-05,0.0003259820692699,1.4543304352795937e-06,8.264780521926474e-05,0.0002464841305806,0.0008069040745372,0.0015658285026662,0.0030448722063547,0.0001885078225929,0.000176073846182,0.000883671019588,0.0017944014792848,0.0001634474778413,0.0001480127501338,0.0013655990947579,0.0015583360683716,0.0008232609328141,0.0005502984360354
0.0012625226927123,0.0016431093225592,0.0034765821312714,0.0047089532693762,0.0014814280115535,0.0008707377545201,0.0025230548940374,0.001759397009698,0.00116179523038,-7.863635252958892e-05,0.0046695776945339,0.0156332927017985,0.0038675285016663,0.0056186510095853,0.0027711307276682,0.0043051182361679,0.0003004688304139,0.0008234566689405,0.0004584816749437,0.0011214071954935,0.0020992776581482,0.0013919382124019,0.0003955708768647,0.0004060789058153,0.0001068741451592,0.0002241352674113,0.0002290507334245,0.0016769958878067,0.0025547296008749,0.0036931178349033,0.0005171541098587,0.0003665271013934,0.0010817938219816,0.0048457626620915,0.0001261795214138,0.0002465906321363,0.0015187054612235,0.0050213759994765,0.000451497957231,0.0009442556997069
0.0020750527583095,0.0022190014865234,0.0024538015484353,0.0024302619876303,0.0008241395780008,0.0005864394964506,0.0022297037619113,0.0014391644765693,0.0009722234470067,0.0012087760124849,0.0063174637929501,0.0131789854821993,0.0018516260499632,0.002781979138897,0.0018665547266207,0.0017624368961226,0.0006123753689825,0.0005685755955836,0.0002217127807799,0.0001431176899236,0.0038451148356182,0.0031491011195144,0.0002461497961141,0.0002784925383928,6.109650807625452e-05,7.170309714740433e-05,0.0003071089574271,0.0011673772680246,0.0032435633166554,0.0035788159664568,0.0003000792117137,0.0001616356095569,0.0008198666902678,0.0012253372855991,0.0002015308681499,5.670749049963099e-05,0.0006661027854318,0.002187356382951,0.0004512890504013,0.0005889057948387
0.0040063751175216,0.0048984828420597,0.0026394897704836,0.0035598354135698,0.0015803737456152,0.0011085066324787,0.0019023740072338,0.00182631679244,0.0025984838566608,0.0014534959845503,0.0053765846059431,0.0186654147809266,0.0017517065304764,0.0033159899419513,0.0021768183905513,0.0017864774813775,0.0007102144829248,0.0010485399814054,0.0003154130565022,0.000987325301771,0.0039475489370822,0.0027730057964638,0.000189170980529,0.0001215613419421,6.852115335716394e-05,0.0002166868304062,0.0002100726910546,0.0008797697519331,0.0030646345671916,0.0047016712156211,0.0003251003720396,0.0007146091826715,0.000738105832809,0.0025960427079856,0.0001173633464804,0.0004081590640035,0.0017170898705621,0.003872804892139,0.0001842069229329,0.0007741693054813
0.0022525833933246,0.0025493403198766,0.0015678234853929,0.0019564888588819,0.0017710293454238,0.0008156219375159,0.0033598738368847,0.0015168747642984,0.0013616992255994,0.0010720800154916,0.0041854784213926,0.015368816400746,0.0012114426632373,0.0018331550047429,0.001632396897924,0.0015967367207196,0.0007462640251613,0.001311214347477,0.0003895815934866,0.0005028341435127,0.0016034633983149,0.0038604854904797,0.0001379354174459,0.0003771395346438,4.212049203174666e-05,0.0001044661592045,0.0002480750110927,0.0007920475452513,0.002873937397055,0.0032369403953784,0.0002455827489871,0.0005743580447263,0.0007186966570234,-4.383859411161087e-06,0.0001192548688025,1.933633448079576e-05,0.0019058903746236,0.0041168376969825,0.0004165855824971,0.000516849379994
0.0027018818853955,0.0016350960271274,0.0012842849379875,0.0011630875194979,0.0008709565237868,0.0006015687337444,0.0020199953342786,0.0014149950703474,0.0022431297246342,0.0012093711251002,0.0067828565688813,0.0191329513120567,0.0026787318663838,0.0033842048708579,0.0026752794753838,0.0033931134212154,0.0003957430905179,0.0001445939992133,0.0001056360628322,0.0007083676316508,0.0027099598865108,0.0025518691906458,0.0001832314388337,5.845114538727985e-06,5.822508846382336e-05,0.000156157529782,0.0001592077863731,0.0012053453374906,0.0036679952954254,0.0048434985247197,0.0003665301008707,0.0003012279335373,0.0005884209472005,0.0024191935469475,0.0001315284948219,0.000367037458874,-2.840873560702666e-05,0.0027992040220614,0.0001350997858847,0.0004641924538116
0.0045944687328011,0.0074193894752067,0.0029853118917512,0.0053465306586328,0.0020556169026579,0.0010825053068749,0.0055887072838924,0.0024288731987534,0.002623737403386,0.0010737961229658,0.0079720244807899,0.0228701816344177,0.0026978932443576,0.0029000817227732,0.0054011766093176,0.0070253620252362,0.0009072314936174,0.0016455079276502,0.00047154466977,0.0014032678001133,0.0039856724385355,0.0068058244872773,0.0001113891665394,0.0007098524271659,5.527263892757998e-05,0.0002831564640425,0.0008949043784534,0.0029559653190783,0.003889142733725,0.004674758111939,0.0003702565444346,0.0006871866199377,0.0005499566351429,0.0024606570573603,0.0001217282639744,0.0004558602760008,0.0041799728714356,0.0079004310621979,0.000461898492214,0.000836142398257
0.0045640062094495,0.0037976131134559,0.0014931006672718,0.0026374918171725,0.0011756586889244,0.0011360487438719,0.0018333155518303,0.0017389117170119,0.0019494029022995,0.0017779014039009,0.0056317924567466,0.0109062838078567,0.0010111877265164,0.0016707997299803,0.0028720044630076,0.0026874282121099,0.0006436459171768,0.0010109910443089,0.0005504567546876,0.0010353173259617,0.0015637248038243,0.002667273907754,0.0002102527071243,0.0002957768822494,2.258571540838592e-05,8.054700742627643e-05,0.0001534403438134,0.0014575623250187,0.0083250432514227,0.0089543583834014,0.0003615683922582,0.0003291560041896,0.0005189907287185,0.002436719175284,9.580914023410795e-05,0.0004227834015551,0.0029034409969934,0.0091089232528494,0.0005917012900239,0.0017032950202175
0.0055981433817597,0.0067428771651368,0.0083652939966855,0.0166171066072217,0.0021086721959706,0.0009278922138036,0.0037858521835623,0.0016834180732305,0.0042244501156172,0.0020505128452263,0.0084536705122283,0.0221526189766205,0.0256149969767358,0.0360230112575552,0.0056402873964582,0.0100557399856301,0.0011436879840327,0.0017744475375588,0.0003278421526047,0.0010709326041981,0.0063922048349686,0.0094369419832794,0.0006248299777784,0.0015495019308834,0.0004326653715911,0.0008677415290707,0.000485046611093,0.0016649753812811,0.0555912211360006,0.0734691422019212,0.0003863824107309,0.0007440436866301,0.0002425323467837,0.0024883302725324,0.0001763189193412,0.0006912187071867,0.0019691330979371,0.0035384214806077,2.2199825339427653e-05,0.0004124181221408
0.0050014806984551,0.0059257895316402,0.0037593304891737,0.0038079490185139,0.001936313202195,0.0009896433477116,0.002891285191226,0.0018782500093379,0.0036270005186744,0.0018707054328249,0.0068893131799417,0.0136096883031069,0.0058860521611938,0.0068912227826987,0.0025284446707031,0.0035966556223101,0.0012976111295389,0.0018388541324182,0.0004203371227644,0.0005504767221643,0.0016009292640382,0.0034543737453147,0.0001849413067518,0.000823855638675,0.0001085266806582,0.0001711459265904,0.0002198209911127,0.0008285490724296,0.0163403732405067,0.0244253768299446,0.000441641949627,0.0003320564137853,0.0012710585649864,0.0010206695454664,0.0001718743646596,0.000169204563349,0.0018371979802924,0.0038499757877997,0.0004183532547802,0.0010338918974173
0.0041987550887897,0.0070058424209272,0.0023052844393524,0.003917007976119,0.0015175548565263,0.0008071805372818,0.0025883590087813,0.001291883115386,0.001529536355109,0.0007946305454999,0.0088321073163115,0.0175618363573334,0.0012387901782968,0.0027608410607332,0.0029835988207202,0.0043070884609163,0.0006886604428607,0.0011050938657721,0.0002993544553956,0.0010223672306823,0.0033555310421325,0.0033345101216974,9.561795266728674e-05,0.0003840132843072,4.262622891323015e-05,0.0001695241628665,0.0002602062616766,0.0017789135768282,0.0048403225532225,0.0030064842792062,0.0004464586193198,0.0008295930271246,0.0007992519192536,0.0037134136493966,2.259534982388912e-05,0.0004253958945974,0.0019014443766592,0.0040413116572614,0.0002029145487979,0.0009561393923865
0.0041996488407103,0.0041831256165948,0.0028026261322049,0.0020551939978428,0.0015745131940824,0.0006840350772629,0.0029034630915609,0.001238688689318,0.0020896840941389,0.001221936061282,0.0082539458824545,0.026642592180142,0.0014638148878393,0.0021898455702782,0.0029896091314563,0.0060035809108485,0.0009516881555431,0.0011716892151038,0.0005271147263261,0.0017237202530731,0.0022789970846562,0.0036879203688027,8.088722700267146e-05,0.0005716741275873,3.5178562194479576e-05,0.0002941538614549,0.0003749400552499,0.0014100780347689,0.0041539043012221,0.0032823821976913,0.0002902564175086,0.0003401996896228,0.0005395703930171,0.0014761237710254,0.0002009769970527,0.0002925795045957,0.001857095706591,0.0053802029641607,0.000404602315932,0.0007699681185768
0.0030023728666283,0.0028558177141725,0.0022897192186768,0.0031042216690336,0.0013210424365762,0.0006566401593423,0.0026846493073493,0.0011430324212183,0.002078223316537,0.0015465271804825,0.0095444649892231,0.0121550912091036,0.0017277857090048,0.0027201184134192,0.0001086695038484,-0.0004609565880653,0.000517263987456,0.0004329720675695,5.042340070486239e-05,0.0001400886298061,0.0034347402345834,0.0047231868238878,0.0002282325815969,9.768834183141778e-05,7.7771908604452e-05,8.349120051976673e-05,0.000121647072738,0.0011400598821873,0.0025984434560512,0.0042216716594671,0.000367678248626,0.0005407059113261,0.0007563679742908,0.0011824631562704,0.000176632833941,0.0004086181201691,-0.0003562632205948,0.0010084148199909,0.0001623699384011,0.0005783795384387
0.0045433585192572,0.005853603185037,0.0013638077252347,0.004209824863335,0.0015471284955314,0.0007728043633157,0.0033962054284974,0.0016429968558041,0.0019687530375177,0.0005569802442046,0.0106141499578884,0.0194839584288488,0.0022407052071075,0.0041120522146496,0.0030829404662108,0.0047507042603153,0.0004955118332329,0.0013416787765627,0.0003838177327341,0.0010691189958363,0.003145109977777,0.0048715545521226,0.0001206181783024,0.0004589802001024,4.935797231468672e-05,0.0002355690259281,0.0003921704302906,0.0021221047164757,0.0034910895880261,0.0054285374149444,0.0003874030145029,0.0008577856184574,0.0004580617929289,0.0035346623945038,3.9917532148887866e-05,0.0006013684869864,0.0022464715140741,0.0057825874876204,0.0001360680975355,0.0012090555735976
0.0016787173997374,0.0022287103147481,0.0023966118446751,0.0022761802078573,0.0004881552321146,0.000484677645963,0.0010092379194794,0.0009525752229452,0.0010916315682491,0.0008932943646481,0.0071834135987154,0.0098840443199802,0.0025433195946133,0.0030707301245646,0.0008771679451833,0.0017219430741296,0.0002414439224086,0.0007746355495879,0.0003260989851213,0.0003151603937817,0.002060633477445,0.0018909174565114,0.0001222374338657,0.0001806579719949,7.711281709613219e-05,8.683158980892244e-05,0.0002551416355409,0.00024186302603,0.0036408403751889,0.0023705612745845,0.0002846296203228,0.0001088846344601,0.0009012796217627,0.0003591684522123,0.000192933843984,-9.79110556506857e-05,0.0003201312819163,0.000261766657574,0.0003204604339181,0.0002783426563284
0.0031941624243329,0.0047947054206718,0.001634664011437,0.000990273940594,0.0015252989746836,0.0007349860183535,0.0038861125490414,0.0020947662193404,0.0031734937009233,0.00099504145526,0.010689732797784,0.0180432961735825,0.001318988569,0.0017684905618529,0.0022095264002798,0.0029623510845579,0.0007362508771329,0.001283448564472,8.323642458528668e-05,0.0009531894609358,0.0030861260069194,0.0056970096971793,0.0002457349447458,0.0003858291564709,7.441754961275673e-05,0.0001619385354581,0.0003745026800904,0.0019504969507048,0.0009892636542093,0.0028461370585926,0.0002630990122439,0.0008200751147888,0.0008947108492094,0.0025102503677288,0.0001353597423721,0.0003163082641845,0.0004736543442279,0.0059663354325618,0.0002369937969039,0.0010507086525972
0.0038646697306284,0.0076225665443181,0.0073146636142329,0.008634311184663,0.0018106106282681,0.0015543292072274,0.0035085958000922,0.002267257588392,0.008982122415327,0.005604717242118,0.0205801102115751,0.0255208831237931,0.0219713636770892,0.0288585071637665,0.0018253058691647,0.0059966178652849,0.0024826489088434,0.0026762379755472,0.000524983566561,0.0010334275491407,0.006363798015411,0.0116274759956041,0.000848875103456,0.0020799819961703,0.0004470587696966,0.0007531391075678,0.0010427916405764,0.0031252354000036,0.0605879287220955,0.0764494506374947,0.0004195115878737,0.0003986402844709,0.002347146674822,0.0033496043925633,0.0004025852739053,0.0011236517654383,0.0035753862987197,0.005820066739127,0.000636162375755,0.0013439768798714
0.0036505444436413,0.0070138859845034,0.001585549152768,0.0022480036647675,0.0022608994395012,0.0015370082880241,0.0051989779344736,0.0022641230883852,0.0087694916896695,0.0053918909389664,0.0194373986274478,0.0263644097016133,0.003961182058872,0.0037419515362616,0.003325637629381,0.0059084369027131,0.0021356986339783,0.002422627444485,0.0003354517156042,0.001223197070836,0.0052392884665088,0.0103486230845836,0.000824938955962,0.0020607548399151,0.0003056011547683,0.0006006049493707,0.0009249864575229,0.0028139009943569,0.0032436424144559,0.0032739752637329,0.0001515592392022,0.000168218175499,0.0022372877599289,0.0032741197729294,0.0004027237703761,0.0011149758206778,0.0030909572117204,0.0056110859561199,0.0002578741949281,0.0011485683288105
0.0061020473279678,0.0060705096160981,0.0025665018057249,0.0045554327398378,0.0002975323951983,0.0002543959906519,0.0007664039920266,0.0006079889905082,0.0004155309059665,-0.0005383415424162,0.0055791160378044,0.0111559630750748,0.0031478658998329,0.0038868021752388,0.0027879075887689,0.0037620440636358,0.0002962052806135,0.0002902236418515,-9.808518856447712e-05,0.0003333226284671,0.0068232422738654,0.009624117299945,4.308839856997435e-05,-9.79376167527324e-05,3.808828218926861e-05,7.186104631174767e-05,0.0003068200913171,0.0014366465914347,0.0049983102814991,0.0050054453616965,0.0003933525811683,0.001061642072355,0.0001835906351969,0.0017907191277802,-5.330237617907071e-05,0.0002856409345037,0.0002677524768435,0.0016948233540125,0.0002266561703704,0.0007086228377212
0.0024464622343352,0.0037622428947329,0.0029265969316651,0.0003834054995694,0.0011176651102679,0.0009810852164788,0.0019701914109288,0.0015326436472006,0.0031139632216842,0.0025399417633609,0.0077672126023698,0.0126710454942109,0.0009258336379834,0.0007582520834824,-0.0002395287473231,0.0007774678203617,0.0014181552306439,0.00147133263492,0.0005013548695479,0.0002026081244509,0.0005634653146359,0.0027427576854564,0.0001625018709416,0.0005760011598335,6.44929281505634e-05,7.55390898537528e-05,0.000196041266858,0.0001598514198581,0.0023895820921869,0.0027726959482578,0.0001599880414305,-0.000128962101911,0.0008211343709748,0.0006933661674149,0.0001762218091754,5.817811115065186e-05,0.0019704564936946,0.0008867191407777,0.0005590214501934,0.0002096631757625
0.0027426603822929,0.0030146601267243,0.0010541542386467,0.0030123984636286,0.0012295825963794,0.0007125339660013,0.0028365961864387,0.0016787202581284,0.0014769418506386,0.0013411610957021,0.0082619962505459,0.0158095316644063,0.0011808129930928,0.0016026123464299,0.0026890292881306,0.0047346809381208,0.0006967618486184,0.0007390908044776,0.0002252282792743,0.000783133774405,0.0028888707030019,0.0021013280977406,0.0002378591366501,0.0002056250103638,9.194655190251772e-05,0.000193393981036,0.0001528298309725,0.001606662493149,0.0022489595828967,0.004513360192831,0.0005213068058443,0.0008419052923752,0.0008935556120804,0.0029234250476141,0.0001488098968796,0.0003917519598853,0.0003890505825283,0.0033286007890315,0.0003776294970165,0.0010130448309621
0.0040345249072633,0.0059069072275226,0.0042794967473811,0.0040636375940645,0.0013946835274332,0.0007322074203256,0.0032399609999472,0.0012351362925463,0.0018254956983897,0.0012915178130404,0.010056155190072,0.0255632006550691,0.0040441463871515,0.0054368652600307,0.002907981764474,0.004964935663466,0.0007391101458845,0.0009834949779891,0.0007202875308197,0.0007383305582013,0.0039583067852018,0.007573182650697,0.0002754908599623,0.0006750500414395,5.7967526479786005e-05,0.0001632715953355,0.0006623183636221,0.0014617893160945,0.0036690757944485,0.0016719302537316,0.0002807862146783,0.0004338681288696,0.000895602370255,0.0014644703772882,0.0002035575176858,0.0003672871780241,0.0028963137209683,0.0048036372067947,0.0003229069388495,0.0002365118998377
0.0030874155940636,0.0034715519988698,0.0002427069088398,0.002658626851968,0.0009322185092278,0.0005857357412816,0.0024049901668855,0.0009896412173241,0.002386645200894,0.0020866965559311,0.0082946506330863,0.0159227655116888,0.0015044456749584,0.0032207974559646,0.0022746436439209,0.0035627906651587,0.0008710543895125,0.0010722510357335,0.0001013621018118,0.0006247605890413,0.0023556659835164,0.0009166387648498,0.0002785895950711,0.0001525136724483,7.746807631976889e-05,0.0001192483870925,0.0001920285798032,0.0015968299932821,0.0031629746428628,0.0048571385830081,0.0003792368381403,0.0004928452007389,0.0011134537992935,0.0022913020743431,0.0001458713901494,0.0003926275241489,0.000355993715772,0.0049785724610801,0.0002861782654181,0.0012749827466204
0.0011884366487689,0.001019319384116,0.0012578098818478,0.0042408306381558,0.000687588596329,0.0005068083407458,0.0025329659668014,0.001175368037776,0.0011001568360077,0.0003920221361855,0.0033489423397819,0.0119306041190701,8.769618893283587e-05,0.002389893133204,0.0018268126410429,0.0034888835379919,-3.115172109428072e-05,0.0003205177141772,0.0002685956706277,0.0008041837412485,0.0014734804525716,0.002663830923909,-1.6756745212481956e-06,0.0003130986388891,-2.898926178898268e-05,0.0001219312848898,8.494145082056131e-05,0.0007081879253588,0.0015039111741703,0.0041176825222818,0.0001614352409283,0.0005868452817887,0.0001301049326653,0.0024649705194009,-1.9963039050635804e-05,0.0003353550228808,0.0008400803940711,0.0028073816139088,0.0001225471892742,0.0007594350268904
0.0008832130477523,0.0004800551907552,0.0017069701199912,0.0016655073990246,0.0010183797571533,0.0008332870794012,0.000515496714779,0.0009816160547875,0.0013046794470667,0.0008610148201582,0.0052769249497273,0.0086661782957969,0.0011885476432316,0.0002103197466298,0.0006408404017013,0.0009614240060736,0.0003352658044992,0.0006738148093459,0.0003472213104292,0.0001698638440955,0.0031581303594235,0.0024439481569337,9.70977904846536e-05,0.0002946385950517,7.132291050679791e-05,5.849915114490129e-05,0.0002263144268197,0.0002751845493907,0.0009497479742574,-0.000272949656164,0.0001997998438644,-3.987690449291475e-05,0.0006162038922949,0.000556457350846,0.0001648340962615,-6.24039001347675e-05,0.0012556722322292,-0.0002414386157504,0.0002321263131822,-0.0001345761082178
0.0027582211468224,0.0030621916609658,0.0017414494603479,0.002175089587245,0.0007354639087928,0.000869581838149,0.002039115664147,0.0016155468842793,0.0002450016811961,0.0008539500134162,0.0068173221944316,0.0071502786274035,0.001131266698651,0.0022936111921385,0.000289770580512,0.0006909130426005,0.0007535817025166,0.0002034179992217,0.0001966896271955,0.0002970389586799,0.0036476207547951,0.0029146341623334,0.0003147707280842,0.0002664470737232,6.469948571203011e-05,0.0001983306746726,0.0002176470225008,0.0013066078064532,0.0019554088744355,0.005248331522321,0.0004785565454972,0.0005861704828379,0.0007167109961049,0.0023119707201391,0.00013908293038,0.0004521264258205,0.0007699214250881,0.003133967238622,0.0001786873603074,0.0007673436810828
0.0021964678771795,0.0032652279389452,0.0010346910315348,0.0041589548440214,0.0016374899141304,0.0013968693409202,0.0027879194159121,0.0021696179781353,0.00530381706392,0.0037618161379111,0.0054399574164335,0.0156948075291583,0.0030201889189735,0.0044382510315343,0.0059106911845132,0.0086225975117464,0.0005410120667396,0.0009529378797071,0.0003968291484566,0.0012655860386876,0.0027630826509069,0.0034065673499026,4.128191274790713e-06,0.0005519715181237,1.4267969595109257e-05,0.0002570475176929,0.0004701340466402,0.0014279333394683,0.0026771091104103,0.0043108696109341,0.0001373134576286,0.0004784598283346,0.0006062366902889,0.0016488588990656,5.073964746878248e-05,0.0004210535940831,0.0016428985479909,0.0037471121809485,0.0008660602898322,0.00047355402269
0.0457565973237852,0.0478567033815078,0.0081022556085,0.0063680702449296,0.0042969167950279,0.0033188825330878,0.0133174426297413,0.0125640414020144,0.0154125273078258,0.0104728601214376,0.0256683636742929,0.0643201963650914,0.0087433195262838,0.0083684678549653,0.0241662755196639,0.0288602260151376,0.0115763527447457,0.0074946588160534,0.0015932919890906,0.0007868099464406,0.0223474372769857,0.0332641470259742,0.0008122152849428,0.0013608806250847,0.000155291387448,0.0003232757901549,0.0014743676648288,0.0044636810561445,0.0288693345016667,0.0347117647419389,0.0020080080317155,0.0015418124019091,0.0016867649865503,0.0090504834831986,0.0006368503381454,0.0001668760292484,0.0020443264236669,0.0011634924039353,0.0024101887631452,0.0011129649073059
0.0162110128760741,0.0175229377691282,0.0062754356466526,0.018104092684576,0.0047330359155345,0.002658758546581,0.0082359925718997,0.007012437696429,0.0122272269665966,0.0082224905206303,0.0048172475536432,-0.0030021050222172,0.0008942805336179,0.0017063802175731,0.0105244882055981,0.0130833998520421,0.0071988905816323,0.0049544742274304,0.0003987575194541,0.0007042720903051,-0.0008664031246874,-0.0049768744900593,2.625111506373007e-05,9.000279779306614e-05,0.0001183340513801,0.0001777561363974,-9.88066717062984e-05,0.0007368387374911,0.0039325429091411,0.0052085033580682,9.793218299146012e-05,0.0003678388281405,0.0003583106024945,0.0013597015423948,0.0002160475868799,0.0004480122678199,0.0017717100666823,0.0021396695430712,0.0011501690216768,0.0010094857426181
0.049854679058225,0.0531725715040572,0.0122139878901115,0.0206073885244427,0.0060243188437553,0.0043347416552307,0.014739773025514,0.0144640489089056,0.0132485799096728,0.0061363069163653,0.0521551674365482,0.0916285065945645,0.0355270880037681,0.048296823814577,0.0168459292353968,0.0274337643470864,0.0143066484210379,0.0093498647815364,0.0009712083872068,0.0019629519658161,0.0300770352617599,0.0379930095627348,0.0017924557795417,0.0050055144188981,0.0003961130243068,0.0010813075613829,0.0023484695281712,0.007107730753575,0.0998909518216963,0.1214760501022366,0.0013119662810987,0.0014156099245338,0.0030833952380981,0.0127861661593385,0.0006870152398825,0.0020572743440319,0.0066956577395276,0.0084574183820147,0.0012754564068541,0.0026531734815637
0.0025443201912602,0.0033671601626824,0.0029486860185439,0.0029019771695132,0.0006980494673959,0.0005299736689478,0.0019995128488212,0.0012002704333169,-7.38797350196251e-05,0.0002037719405259,0.0040979794081249,0.0080220309030437,0.0052087893899539,0.0029763552951454,0.0022478608137421,0.0017869466959461,2.941368503956685e-05,-0.0003001003609493,0.0003027837794528,0.0008544729626722,0.0023754189256167,0.006189953473463,0.0001436123334778,0.0003734465658779,0.0001072843930836,0.0001712977353211,0.0002538892506072,0.0005063044729459,0.0009323721979595,0.0009507346646556,0.0003166038575535,-0.0002521555551706,0.0009652060832439,0.000242819513111,7.032707796222533e-05,0.0001932215058027,0.0015528192981512,0.0064047730580955,0.0003575592679813,0.0007208294179212
0.0176180616512193,0.0178346418514399,0.0006899535750129,0.0016407562659096,0.0024933395606061,0.0015661409520196,0.0067781626693776,0.0067043111841847,-0.0008609382648895,-0.0007272381581148,0.0360252050862416,0.0429081738049471,0.0011962694528676,0.0018881440415675,-0.0012022054904823,-9.008414068581512e-05,0.0047731511856266,0.0026727004738423,0.0002191976504686,0.0007753434006452,-0.0026068172901908,-0.0049158939249503,0.0002801836658359,0.000739913078918,9.488540988523922e-05,0.0001424070130911,-0.0005193331448213,-0.0008784642506442,-0.0035116019167794,-0.0027664419086153,0.0002027554557461,0.0004326609920683,0.0001694120337865,-0.0003105317722771,0.0003021830622724,0.000807578703758,0.0019422098225531,0.006361599450363,-0.0003769163486358,7.932759456152924e-05
0.0279302345817743,0.0290000656249465,0.0142766850518189,0.0197678673824847,0.0042854865149222,0.0028306397781813,0.0126160045707568,0.0116439042521713,0.0137366051139663,0.0089573726060186,0.0523437917328068,0.0748769369475925,0.0240189834630157,0.0308188989500492,0.0224860104060034,0.026303943919753,0.0074735470710931,0.0047632279553338,0.0004118591135671,0.000435510370366,0.0178122041261959,0.0217731189242504,0.0005345684772806,0.0011952688748339,0.00033553883924,0.0005030758884256,0.0016118499438362,0.0048890804093931,0.068370966771674,0.0813040446075861,0.0005390645619062,0.0008974836506783,0.0017047160043681,0.0071653348635526,0.000450465646486,0.0007686525372762,0.0017404563189207,0.0004599717549482,0.0018352312452488,0.0013633397801913
0.0039990618611775,0.0047826475453663,0.0017080040821897,0.0034241760009716,0.0012660436929265,0.000766338842067,0.0022769684346665,0.0012630766636616,0.0059842335912266,0.0041035382053329,0.0068571157889172,0.0104156007192651,0.0055377454881704,0.0042277306182041,0.0034799331614426,0.0048454878276774,0.0011685774823605,0.0010934242834137,0.0004100734490976,0.0008852547726686,0.0036325371600905,0.006297841052555,0.0005209217300726,0.0011191653248819,0.0001405052997179,0.0001533872748232,0.0006195375994883,0.0014395464854309,0.0028395843850769,0.0038997071982829,0.0002672630609641,0.000319264946074,0.0014329861205925,0.0027712432606553,0.0001886457286965,0.0004938892266675,0.0022089155826966,0.0060566985273786,0.000425627830431,0.0008906228091156
0.0040344333914679,0.0044071101858462,0.0061307876046677,0.0100404988463764,0.0012229502216621,0.00109233561952,0.0024360447225841,0.0013463642055963,0.0026614656772561,0.0019376181223203,0.0074187218442784,0.0100717903704045,0.0072336793774414,0.0113643963931288,0.0015085604603143,0.0040622436892503,0.000291756658117,0.0008615898658068,5.391713201533415e-05,0.0007666962774192,0.0018918563221143,0.0047087975711634,0.0003351897725125,0.0011696101716672,6.338532080680216e-05,0.0003219270783165,0.0001457761388424,0.0012430480091592,0.0298782650425774,0.0375153730744516,0.0002718908412825,0.0009740624394202,0.000257917629719,0.0023150247536171,0.0001301888619082,0.0005195199819054,0.0010910352029004,0.0063372811356164,0.0003909569773544,0.0009152044923978
0.0043830775614145,0.0057201953646141,0.0045231871526725,0.0018125949972149,0.0016661454054321,0.0007106394450905,0.0035420595934729,0.0009263997453924,0.0033414041252329,0.0017154237689893,0.007356248114069,0.0143197419391468,0.0037790310041731,0.0027469012434566,0.0036199085055576,0.0046437856762338,0.0009207364189184,0.0011540075553246,0.0009784695713456,0.0015798002385031,0.0024466016767764,0.0049589604247736,0.0002878568265989,0.0008315789163552,0.0001078232528123,0.0002521280090913,0.0006913219218967,0.0031339586209777,0.0031538093626929,0.0032226233179255,0.0010655535756595,0.0007637327891317,0.0014018416022436,0.0016803636414249,0.0005267993892039,0.0004970690591521,0.0042608300165565,0.0119027126978611,0.0009828568098071,0.001301617219642
0.0050758139907393,0.0059785523237337,-3.268111867749357e-06,0.0023207163750432,0.0022052878581532,0.0008857020179352,0.003858400381821,0.0011063247336933,0.0011475283777476,0.000837390649127,0.0041243883025599,0.0139418248298081,-2.5329901826199453e-05,0.0013000017818157,0.0018787489803933,0.0045174981444786,0.0001614939576862,0.000990858343281,0.0001003524704977,0.0013406833469354,0.0015638903557891,0.0016000739523895,0.0001653163401469,0.0006727719561354,4.8438493162476845e-05,0.0002032597749408,0.0003673663589379,0.0028956953604361,0.0024475549346703,0.0024845864120504,0.0001074704898034,0.000430873293927,0.0004161173484829,0.0024230849039847,-6.075778161270733e-05,0.0003737671994167,0.0017579757342079,0.0118502479311294,0.000113325338574,0.0011188341257533
0.002910416373408,0.0037386692564268,0.0020268822151923,0.001815161261798,0.0012371285848636,0.0011921620271799,0.0024902082601692,0.0016965876987761,0.0025617609742294,0.0010846540639009,0.005263772973477,0.0135718602399571,0.0014534203738691,0.0010334249600493,0.0018070225027023,0.0017676617169018,0.0004077099782505,0.0007810700816595,0.0004160027826725,0.0006433377327525,0.0031942482224617,0.0040753757220328,0.0003066516811079,0.0003990343992986,0.000113600878964,0.0001614980574245,0.0003849388285594,0.0017194480102073,0.0026886739994374,0.0030604752630399,0.0002386420763889,0.0002069421226779,0.0006751837393454,0.0017402152180234,0.0001318504050283,0.0002744607076391,0.0028944305467566,0.003425768265576,0.0003909440643632,0.0007707595123162
0.0025995663736883,0.002137904733985,0.0025575062681112,0.0022649532210764,0.0016889473737703,0.0009033303479262,0.0031985058437919,0.0008615284777666,0.0016180497031688,0.0010303387454638,0.0042862229238903,0.0058448017968207,0.0018964890389985,0.0036541166310372,0.0021031975027495,0.0040415025158956,0.000272313820303,0.0006663187678815,0.000177388190747,0.00084992793348,0.0018486488957694,0.0035354848282853,0.0002081979274084,0.0002683103718646,5.5983639198247645e-05,0.0001848410600047,0.0003291473001242,0.0011233733242371,0.0008678298125287,0.0030399746065062,0.0005279515859032,0.000380012400112,0.0006387479788332,0.0011528350544034,0.0001493929482088,0.0001959894108134,0.0003696303645155,0.0068572859253213,0.0003042401198333,0.000999792386391
0.0027204706341117,0.0032492540440538,0.0062075876798169,0.0073064004114058,0.0011014651313132,0.0009121191833029,0.0011120817128334,0.0012523647140341,0.0025752057690752,0.0016242078848425,0.0039636191317059,0.001267871151999,0.0087335401298521,0.0096642877806073,0.0024328932648071,0.0014853329228925,0.0004210369820291,0.0004171276522154,0.000343847951449,0.0002461046763742,0.0023214405811407,0.0047545286700831,6.759422318720605e-05,0.0002191382480933,0.0001706323210726,0.0002823473392969,0.000290302350222,0.0010454788775734,0.0191651709200555,0.0240872609133846,0.0002010598986536,0.0005533852538768,0.0008775329241802,0.0018243495899887,3.328692225812094e-05,0.0003905636860941,0.0008425211044867,0.0019812007467549,0.0005017917698837,0.0005502371598013
0.0032652069755064,0.0047820214140951,0.0036982858443218,0.004809949404493,0.0014291472808612,0.0005437878913638,0.0032819388472565,0.0017272428085127,0.003486097712913,0.0018354778414749,0.0052332397998526,0.0179182969609185,0.004374348679871,0.0046094747754384,0.0022528262466209,0.0022815304644003,0.0011811020607268,0.0020169639869224,0.0005959745951303,0.0009791797907679,0.0042340169977007,0.0090519592342111,0.0002772011661065,0.0008948225187707,7.36866188768407e-05,0.0002219418709225,0.0010955499644002,0.0032669917651599,0.0122787715976601,0.0124486807559775,0.0002590879202665,0.0005474204791818,0.0012311980181093,0.0021048809973528,0.0001435049799963,0.0003607246488957,0.0037872636774891,0.0082999432073654,0.0005150835165385,0.0010191416780892
0.001269037915213,0.0010970883557216,0.0143481433144453,0.0235290646062539,0.0006497885870373,0.0002451283922715,0.0015882528322769,0.0005480967654458,0.0038650262273,0.0021161992490846,0.0057093822222386,0.0074644094493794,0.0196002822345394,0.0280875593906503,0.0014641579934716,7.769927598050618e-05,0.0002771515423943,-0.0002142945463586,0.0003799867798642,0.000684486062266,0.0024266429098777,0.0013902174877154,0.0001410994470771,-8.529768938564199e-05,0.0003460741432756,0.0006927507430547,0.0001695643036337,0.00041086402137,0.0772608503117395,0.0937294908025631,0.0003642104314537,0.0003249240882149,0.0007775836404442,0.0010637602434194,0.000144464851485,0.0003580446074144,0.0015137501264633,0.0046535885260847,0.0007393730165149,0.0008663333108833
0.002059159884031,0.0055367839242706,0.013456621790708,0.0224231912246931,0.001347150077927,0.0010570871842107,0.0025170380066393,0.0015099835070627,0.0085906794978865,0.0038155332469871,0.0132349482795219,0.0164718129594346,0.0170134247354006,0.0236060826291591,0.0028530417683565,0.0077392265838422,0.0011527731019443,0.001713628414148,0.0002733657760726,0.0008088021556589,0.0044923706134625,0.0105054803421153,0.0006762613736223,0.0016666604749263,0.0002556864487014,0.0005759108057684,0.0005235024547518,0.0028205920281361,0.072100992073516,0.0871495417217098,0.0002505863726774,0.0012229925608911,0.0011573049313827,0.0051088185392996,0.0001826834274992,0.0014702012098106,0.0028957381785696,0.0065026569987088,0.0002723634740494,0.0015346485723252
0.0029610866042156,0.0027203290129378,0.0019718535036299,0.0029953651694614,0.0011378814046997,0.000741673757295,0.0022376873682552,0.001370891547951,0.000664829854278,0.000729866304416,0.004983783427143,0.0071285283052247,0.0022247063315188,0.0018718736375372,0.0007639010687511,0.000259560565805,0.000388762753073,0.0003984789349884,0.0003541516527561,0.0007038466450526,0.0030028068084111,0.0030547653593977,0.0001524341783297,5.387791576767126e-05,8.496543392177142e-05,0.0001134878629824,0.0003520447903894,0.0012522603445329,0.0007917001547498,0.002646062569656,8.109111620295756e-05,0.000254577378969,0.0008009859346257,-4.454448745819944e-06,9.922143892590957e-05,-0.0001643449684461,0.0014603528212033,0.0037597601872617,0.0004811356178054,0.0004452373409882
0.002011012847099,0.0028760199046213,0.0011490568608803,0.002144094204761,0.0008608751177708,0.0005552875630902,0.0016209986358441,0.0010124067521292,0.0009311459092469,0.0007577014400452,0.0047887574295335,0.0084090913094653,0.0008450803423048,0.0020724404543917,0.002654891797526,0.0047634866868538,0.0003838694230178,0.000618524581079,4.0511758192691504e-05,0.0006155858139806,0.0040841895665949,0.0050886846037556,0.0002475467088163,0.000314101155159,1.4953044724772348e-05,0.0002588590530502,0.0002019211886308,0.0019045979873208,0.0040395081600696,0.0071696121376236,0.0009278087051807,0.00118505092276,0.0005419889247637,0.0030457297774416,5.176249655031846e-05,0.0006048241968966,0.0005871509894691,0.0034144989505431,6.722148786331531e-05,0.0007593731106519
0.0020798306908241,0.0032547636263688,0.0014030838622756,0.0015971446310311,0.0011806792254493,0.0007898010555582,0.0019123984112942,0.0005927588445955,0.0027268466626959,0.0014360690067983,0.0025396559367026,0.0055543519880205,0.0009068596252159,0.0010351126347531,0.0009045832191074,0.0047361047037313,0.0007487036121266,0.0012019809787543,0.0002417440484871,0.0005669446723902,0.0028109446860468,0.0064690236678553,0.0001704650696967,0.0006318385696414,4.975435900992186e-05,0.000200604099485,0.0001070639828294,0.0007008031089576,0.0032978511225206,0.0038518703906435,-0.0001494733333226,0.0001311320820987,0.0013919173958659,0.0017098882875273,0.0001055256035571,0.0002150973085481,0.0006024473171637,0.0014059716239363,0.0006455082022757,0.0005114438071396
0.0055266928578141,0.0087294082125157,0.0198472945456686,0.0258425703397153,0.0019647010189881,0.0016954595557394,0.0046469613685364,0.0040648522870399,0.008681986988126,0.0030783219267186,0.0214119505864904,0.0520641632519521,0.0162473838324276,0.024395303555158,0.0081225180456643,0.0130487057558058,0.0010491976963133,0.0028531753299516,0.0007973070511576,0.00220837373235,0.0070790838257833,0.0120669677594121,0.0008727848963279,0.0019506377113168,0.0002867121319167,0.0005994230204086,0.0017833347225622,0.0080970951430889,0.0728012366500365,0.0928326912949625,0.0013141009652612,0.0024199870267797,0.001742339993878,0.0051396775420192,0.0010028598783222,0.0027904578704795,0.0085804715806416,0.0208078495259172,0.0016159512076244,0.0034556301812573
0.0025935089225706,0.0050347275842889,0.0035965387192021,-0.0002818767076771,0.001383539844809,0.0006482504496778,0.0038472429185472,0.0004653322111736,0.0068136496501523,0.0017247150361095,0.0106543172194991,0.0186184215716184,0.0030837893513075,0.0011677952656986,0.0017136895677991,0.0067665893097873,0.0002239248200683,0.0018859799385264,0.0004241086100939,0.0009237346753135,0.0029624520616771,0.0089667618577233,0.0001675180752292,0.0012476411327143,2.436007147101209e-05,0.0003893063718623,0.0001798218711828,0.0025666877685967,0.0006521868353233,0.0065807969127614,0.000265236490534,0.0007169299757139,0.0005736709605279,0.0030278496741287,0.0001657651216601,0.0008551319136158,0.000912096977697,0.0115424380937035,0.0002075595206738,0.0010725098285286
0.000791143344389,0.0001912468836475,0.0043142929701594,0.002226654186672,0.0007804874310425,0.0004278810362753,0.0009384367552078,0.0005865077935347,0.0010564610837142,0.0004337137040851,0.0030851695272924,0.0015768114539456,0.0014943045269887,0.0018787558852895,0.0026684827730838,0.0016480065143788,0.0008324751956347,2.438621952971127e-05,0.0005140127043656,0.0005610493090541,0.0031381755113395,0.0024118875711093,0.0002164842458226,0.0001133621206468,4.501037647259432e-05,6.898550529712091e-05,0.000577311408485,0.0012239116816795,0.0005649672965426,0.0018425724463853,0.0005338704716783,0.0003428203397363,0.0015361300906764,0.000655030229042,0.0002466475512985,0.0002025616338479,0.0030268387640572,0.0052241120926587,0.0005406878292952,0.0007791463275935
0.0013076324645593,0.0024055827074481,-0.0002011962147383,0.00265566787582,0.0010430621901764,0.0004794826685209,0.0023579941467816,0.000690502367158,0.0022269033161839,0.0008116081213945,0.0010702868726407,0.0076307587868181,0.0007424444416202,0.0015735880769098,0.0028452354750591,0.0039217138130325,0.0001145629283779,0.0007220840337097,0.0001783560592955,0.0009646425726922,0.0021459195839883,0.0069090456294872,0.0001814349981565,0.0004530788920746,2.721400855081957e-05,0.0001808525591159,0.0002662052531713,0.0016960744898364,0.0024939586125674,0.0036519181774669,0.0001895581221039,0.000752971955796,0.000554946657398,0.0024741524628355,6.534779904918475e-05,0.0004995601971862,0.0007133604911937,0.0065595341528522,0.0002454362757115,0.0012832146639949
0.0031929714445282,0.0041115453240561,0.0029580355378579,0.0011657932136775,0.0007123691316547,0.0008583592381227,0.0013162699589501,0.0008570559391049,0.0020967160044771,0.0015074550370278,0.0045856097064685,0.0072706607519038,0.0017006339102134,0.0013947766882677,0.0008795446501678,0.0027450687244445,0.0004442756729552,0.0009362539218166,0.0002244467983305,0.0005197968255959,0.0038937760787464,0.0080193942804935,6.65247529661821e-05,0.0005106293481067,5.878495935254685e-05,0.0001893150828166,0.0002630670455357,0.000232075667439,0.0024181229145357,0.0032558087882831,0.0001664873621413,0.0003920831643952,0.00056638866856,0.0024894205123036,0.0001528713006185,0.0004660099028473,0.0010392911129405,0.0001083246135039,0.0003233467189618,0.0002856151509499
0.0017917983315497,0.0017792708392793,0.0014038658960932,0.0006971491929395,0.0010670834038404,0.0010403721245496,0.001983360778274,0.0015231884437457,0.0004378436711266,-2.988033994609544e-05,0.0048491208960257,0.0074589545927942,0.001527526663614,0.001773624275148,0.0011207117819393,0.0002299073319904,0.0006684273758516,0.0002160006390646,0.0005083063035037,0.0007154403905486,0.0017236728983027,0.0017581107809287,0.0002788426728498,0.0001558655842846,8.574156409034181e-05,7.323534558438047e-05,0.0005501564024177,0.0020051285555286,0.0020836027290575,0.0022212487974112,0.0005839410700114,0.0009701113138273,0.0011364416064776,0.0020123689196824,0.0002275715872715,0.0001441860745618,0.0023901167989438,0.0066224259749582,0.000179338332577,0.000597095002173
0.0016020289236269,0.0040546461207589,0.0048694831760333,0.0096224805443554,0.0012300367125071,0.0005289126030339,0.0027137957864934,0.0011715559752373,0.0021595648659835,0.0016942631544562,0.0064255621190698,0.0145886647868371,0.0051358204747969,0.0083597812608788,0.0029677543967792,0.0056393423260154,0.0006054980306939,0.0013936074069056,0.0002582877187213,0.001359976642722,0.0027348569589321,0.0070650115267886,0.0001931782649916,0.0006804206153716,9.481982080308342e-05,0.000350564096671,0.0004483435890145,0.0016402089060282,0.0278791245640466,0.0391131426883216,0.0003056085403614,0.0004920486827253,0.0009661587736743,0.0018497855493199,0.0002161059450272,0.0005156553493291,0.0021168895443761,0.0056017364173644,0.0004116524463772,0.0009189773232164
0.003022921965349,0.0017657569465146,0.0004534238070058,0.0020147242136463,0.0011843494049994,0.0007332084497065,0.0019171569557721,0.0008689856923621,0.0012005633229075,0.0007742873646146,0.0032515952545569,0.0036270329426388,0.000684564481676,0.0033920670142495,0.0028630416124982,0.0018658291176417,0.000436216276426,0.0002233623498428,2.757405962923331e-05,0.0002660893656763,0.0037594420742168,0.0039080628667225,0.000239624891719,5.037884234919412e-05,4.394194741817074e-05,0.0002282061367851,0.0001350392169326,0.0018763352030734,0.0042988763005891,0.0088129547837483,0.0004370507393892,0.0011452203370163,0.0010513514442925,0.0020300173253599,0.0002062601167218,0.0005354871505041,3.659364995991858e-05,0.0026099731177409,0.0003013474098841,0.0008848682613006
0.0019198358863225,0.0029672495066512,0.00114016521114,0.0023655682296765,0.0013614707248725,0.0005231245032318,0.002175783180468,0.0003371939598399,0.0013854833574059,0.0008658714902212,0.0031172407192549,0.0091563349049723,0.0031254725057903,0.0023974896989306,0.0017630381143629,0.0030326380869833,0.0004712697722523,0.0009271412191384,0.000444809311864,0.0006865072850091,0.0016119445622231,0.0019988741520016,8.283727188949068e-05,0.0005060628758791,5.8986512279851495e-05,0.0002803576075925,0.0003134366642769,0.0014903992248392,0.0043824790324842,0.0087677638315925,0.0001844440583693,0.0004496495310583,0.0001656262267826,0.002166246385127,3.183235988289481e-06,0.0005662775851232,0.0024455537900842,0.0021764494724187,0.0001642924951668,0.0007034372029234
0.002866736087001,0.0036356407583456,0.0038414824211389,0.0075537894312619,0.0010849522221431,0.0009511930315915,0.0022949365658031,0.001257424393991,0.0020464982532616,0.0014695404784616,0.006792726614895,0.0121393696364172,0.0162247835289139,0.0256283497437347,0.0021804657997897,0.0034600822892116,0.0007044247813421,0.0007866815170032,0.0007803541437952,0.0011596118228999,0.0020139453976511,0.0047628158225925,0.0003756045220941,0.000888392861059,0.000344717284184,0.0008514226061171,0.0007036678151203,0.0022985565633857,0.0572106255228702,0.0770015753935573,0.0007381935144067,0.0011073628279912,0.0012438952825836,0.0028001606407621,0.0002502147643385,0.0008169569953853,0.0032717195667576,0.0071587871588876,0.0004940418138401,0.0012824371328895
0.0031367088969549,0.004431907235229,0.0022885839177818,0.0019123255556599,0.0008387707848308,0.0007366544357156,0.0017986794431639,0.0008384981873208,0.0013448360515052,0.0012322833556158,0.0044169415441584,0.013578851341072,0.0020676763081456,-0.0001307814961229,0.0029831916457952,0.0045397510171333,0.0005896427527412,0.0012098357366165,0.0004992579567352,0.0009113059430485,0.0021870473019489,0.0063922024506704,0.0002496054065225,0.0007231234936851,5.541338841378992e-05,0.000235595626252,0.0004990340155037,0.0011984064570581,0.0026461265768291,0.0031819814666166,4.27266357191558e-05,5.376966384173473e-05,0.0004691808237911,0.0011292855640649,0.0001642782510815,0.0004060759707775,0.0033558142111311,0.0037141955201009,0.0003586684391503,0.0002317419091684
0.0017550258281491,0.0016426887920468,0.0017224317047942,0.0014302643348648,0.0009499429597133,0.0006739485866432,0.0020572917603496,0.0013643204645835,0.0026619082117958,0.00156927005265,0.0064566532865353,0.0067412883186149,0.002597048289281,0.0032507084316667,0.000451893524866,9.800261354104538e-05,0.0005666321530177,0.0003125462016241,0.0002429172406319,0.0008161133396886,0.0037689068511785,0.0043626382879509,0.0001878358737305,1.3309706629781968e-05,8.375765174681567e-05,0.0001298865665288,0.0005578331418269,0.002627891756805,0.0049329849288157,0.0086326584426724,0.0004196662283907,0.0005847966775542,0.0014021042485985,0.0012573754309709,0.0001967706947794,0.0002580404301812,0.0013532271918414,0.006086520906268,0.0003639058866137,0.0012386832962181
0.0044119668824767,0.0071949744864558,0.0008775586369015,0.0036025132459619,0.0015369860036866,0.0015728374693876,0.00623389896632,0.0042103257559539,0.0029834234909802,0.0009084554997714,0.0096810045841371,0.0256781687960124,0.0035641667323567,0.0069719069769574,0.0035889186676696,0.0082043070647417,0.0007392060679372,0.0016010511649675,0.0006303393632987,0.0017082653643605,0.0041213460133254,0.0109641519555185,0.0001861373812281,0.0011996920013815,0.0001019699176977,0.0005337660664296,0.0011576219196689,0.0046676783695501,0.0077435311982717,0.0127143860402215,0.0002791669319342,0.0010125081010714,0.0013261829418381,0.005084149154773,0.0004197553759772,0.0012820518858646,0.0049962647344405,0.0126953585495769,6.266124178118028e-05,0.0019169033208001
0.0065236643864281,0.008726847179856,0.0065552486785926,0.007015166542902,0.001253472333427,0.0011422130400336,0.0043508038618829,0.0022413879339936,0.0082405674992878,0.0047745091670063,0.0170316772143366,0.019163797808024,0.022493069817172,0.0283405005579483,0.0041573492403619,0.0077713766730437,0.0021380641817001,0.0020433867736269,0.0005179836519758,0.0013766899367174,0.0089102969381931,0.0124860050117014,0.0010671181380978,0.0019176037153296,0.0006673635296002,0.0011211540298687,0.0014655751750836,0.0059520557215887,0.0934389867191685,0.1080104895878772,0.0006461373175038,0.0009275856609061,0.0023288763936219,0.0035022482274763,0.0006909447406966,0.0013879924817339,0.0039947006347281,0.013613984140259,0.0013108696731998,0.0026390909803883
0.0036750268484856,0.0043839971798256,0.0072610625964649,0.0123846642594915,0.0021775793289642,0.0013739963858745,0.0028729535320812,0.0027284055229816,0.0038612291819018,0.0012755197864857,0.0174310568059203,0.0075053174146547,0.016169671045353,0.0185423145829008,0.0034185433909719,0.0057795982419996,0.0005919101194476,0.0014077560632888,0.0001719749743162,0.000492521522625,0.0038037269870592,0.0064219129189444,0.0007433818826002,0.0013687415843384,0.0003376681945439,0.0006484485270763,0.0004230701435456,0.0021341930387521,0.061115257722722,0.0713521564987767,0.0003204998539949,0.0008634559889463,0.0020737649816271,0.0056438324340225,0.0009187972509105,0.0012708603740196,0.0069885234225774,0.0063159224930886,0.0005390992324428,0.0013369786732607
0.0085524271584901,0.0104435388903391,0.004712684271341,0.0089058011660917,0.0023980226125106,0.0012595914056487,0.0033156577841603,0.0024830773505535,0.0070531817155754,0.0039843269839628,0.0105024277076628,0.0349903161918032,0.0188563041601431,0.0275985769218073,0.001910765099731,0.0056176566776463,0.0011088159227216,0.001585187670733,0.0017427939514404,0.0034267092057517,0.0062515140461341,0.0132880419631693,0.0006578269806575,0.0016802451100315,0.0005105149149491,0.0011554233799299,0.0017904240933298,0.0069686443050813,0.0968332197733626,0.1175582240602779,0.0007072709763433,0.0013184261668392,0.0013082985415301,0.0018085989448301,0.0002556972548378,0.0009373448780353,0.0121933468365547,0.0249895237143142,0.0004305723167753,0.0011877224850252
-1.3000796450844731e-05,0.0002245652524738,0.0031345114605789,0.0034612871557022,0.0002691883714504,0.0008143706387098,0.0001331616564948,0.0008402950663579,0.0012335584256994,0.0007626286744874,0.0055008812830484,0.0005809262323809,0.0044102659440571,0.0064562669896444,0.0027846818224231,0.0019049098786519,0.0005332299054337,0.0002802172485466,9.135840808672368e-05,-0.0003641742097506,0.0027522510993561,0.003815224581314,0.0001406762285187,0.0001688491495489,6.226281574615008e-05,0.0001243620365868,0.0001959994215782,0.0016009389608708,-0.0009900188057003,-0.0010200238628536,0.0006565219191942,0.0012137094310387,0.0010998647217273,0.0009116547650752,0.000102601225796,0.0003101126955898,-0.0006870202742981,-0.0026859640431382,0.0003904313161536,0.0002846961112097
0.025910049110872,0.0277652740756688,0.0098204465156182,0.0158604396515047,0.003553073415627,0.0026147030402234,0.007695888749058,0.0069367548630713,0.0040379780746177,0.0022921639904666,0.0296484109629062,0.0608004089322355,0.0232600658707729,0.0327813407706821,0.00955005791003,0.011889353891665,0.0057098067520446,0.0042623123330526,0.0004760642480345,0.0010657187054284,0.0068794201610518,0.0117382676375861,0.0003209038785645,0.0009228493151887,0.0004154184980356,0.000835616917173,0.0003909401263197,0.0025800489478721,0.0531421202562337,0.0669387715811647,0.0007357183181151,0.0015327414464695,0.0011520871158118,0.006506600086251,0.0001646646721549,0.0007185606111978,0.003575735619612,0.0112904428521794,0.0001085839893439,0.0015038905339042
0.0058689391118018,0.0065328052777705,0.0099340455295138,0.0094578773054009,0.002012891350287,0.0011524818686275,0.0044942658201691,0.0027336944685398,0.0072481623444332,0.0042648576040275,0.0211836177633388,0.0169002066779471,0.013392276595184,0.0150705101552979,0.0052815399183583,0.0070788006009426,0.0013687343970747,0.001596362696366,0.0008891646121962,0.0010456063576272,0.0065583002179004,0.0093614846098901,0.0009263092742339,0.0015138672720952,0.0002112409812676,0.0002399166089838,0.0013276586708568,0.0036205577620359,0.0391319132455522,0.044066376116206,0.0009463671128799,0.0011416249823622,0.001342774830376,0.0014152312605114,0.0011421125923555,0.0017043127757597,0.0046123032072897,0.0075778736180054,0.0014017029261631,0.0013951696068064
0.0023779454561175,0.0021563485997369,0.0026239520441061,0.0036423662865785,0.0013866441812586,0.0007390254023642,0.0041159775934704,0.002074637712821,0.0074800764447668,0.0041818461405131,0.0098081141140216,0.0142827608196286,0.0025448983654612,0.0033003743082997,0.0044571211845349,0.0070236826341773,0.0008462243433044,0.0013217279499373,0.0001991187492202,0.0007445815372883,0.0053428888436641,0.0087016033852701,0.0005615647963031,0.001191131344542,0.0001145848818794,0.0001805142746082,0.0009456668837871,0.0028173828252827,0.0026676780928218,0.0030377046500225,0.0004743478855017,0.0008926125776609,0.0010149706119616,0.0009305785086073,0.0003483784261562,0.0008167489842478,0.0015641035844026,0.0050089694046932,0.0003701985124265,0.0012422595915502
0.0022626659490035,0.0031808798597396,0.0034246678955215,0.004040881988796,0.0006790726186358,0.0007034478780566,0.0018000210949212,0.0013586032493403,0.0007100417945144,0.0011890850928218,0.0037942719101669,0.0048889461687972,0.0016011213145243,0.0024968189166647,0.0018224033245933,0.0031185011519056,0.0005208138445737,0.0006877263967445,0.0004404053067848,0.0003713466952445,0.0027835958104891,0.0045776648408504,5.082908043547123e-05,6.848009788697838e-05,6.270377821963115e-05,4.202262751876528e-05,0.0006997009459043,0.0017600573220777,0.0034796924025503,0.0032256703663926,0.0001667884756619,0.0001944652912384,0.0003627501401172,0.0017315283460144,9.03538094331917e-05,0.0002598753653062,0.0018150529913244,0.0026138289735758,0.0006012041111284,0.0003238440569062
0.0025137296665493,0.0034378337942933,0.0021157780912006,0.0029456107409218,0.0008816060177335,0.0007295810664903,0.0019463484983076,0.0012053115140888,0.0018625877582007,0.0013775406425894,0.0051818279509166,0.0085133158210056,0.0044047027349925,0.0039600675924851,0.0017699768889055,0.0032185130844732,0.0006400738588586,0.0008905122262155,0.0003226320533273,0.0012026299978578,0.0043916768947273,0.0068416122242229,0.0002789367936262,0.0004234193126637,9.13064551334784e-05,7.09678066019746e-05,0.0007245915172054,0.0020279821587325,0.00177488723694,0.0017738474460988,0.000232249418504,0.0003999475649492,0.0009984576080482,0.0011643924026103,0.0001982980610219,2.580031831562474e-05,0.0020632974437097,0.0037321474175097,0.0007702727854936,0.0005457558018416
0.0028100812240237,0.0039889191990754,0.0023003711070708,0.0038900897011622,0.0018639847221243,0.0006907935819364,0.0022791729871564,0.0011928066227565,0.0033618222457802,0.0017221441529012,0.0050316933288014,0.0077037807649519,0.0007827080731908,0.001906045583347,0.001542188107994,0.0029157788137011,0.0006068589113508,0.0011162328918799,0.0001627802139134,0.001045131789709,0.0008495898946292,0.0047489770521301,0.0002094212710485,0.0003458326643529,9.12453366703512e-05,0.000170231558112,0.0002204480956348,0.0020473729589449,0.0009177221294553,0.0035554347471789,0.0005135047406909,0.0008556093259533,0.0010168203229738,0.0022452165505982,0.0001206807586326,0.0005484670847212,0.0009209941494386,0.0048497907500033,-1.2603512122771535e-05,0.0010273660847433
0.0032339338336401,0.0023355064343852,0.0023329215342393,0.0015153632085124,0.0012438989308097,0.0005875842532365,0.0021586775773455,0.0013925253362028,0.0017774554044454,0.0010644768356231,0.0068372997998463,0.0064029596799416,0.0021098293323852,0.0022959704748789,0.0017491329335636,0.0027903072785377,0.0007717247509214,0.0008112462023265,0.0002995523732707,0.0005233474006983,0.0033005752575016,0.0041750544195903,0.0001688104219176,0.000416649588412,7.498767066756537e-05,0.0001910537593642,0.0005883170682923,0.0015366517444175,0.002903235497898,0.0042511840967898,0.0004004418110225,0.000832931459473,0.0007910582841856,0.002097985168744,0.0001651536686917,0.0005488862516763,0.0023826070113121,0.0027156946029642,0.0003498900470762,0.0009634698130843
0.0015319776870529,0.0017162725806728,0.000841729048031,0.0011462235616229,0.0009237841334554,0.0006133338285093,0.0003891944960819,0.000741628556778,0.0014345081529164,0.0008440062162008,0.0061694093229153,0.0050692994839623,0.003516712464353,0.0038273765925196,0.0022409833539005,0.0016451465483058,0.0004097223692495,0.0004324307400131,0.0004153768447408,0.000740023986177,0.0024242270597378,0.002485177467669,0.0002153884574881,0.0003102503203744,0.0001190972983748,0.0001273833413033,0.0003138847687398,0.0014572174079418,0.0027331417212062,0.0033344388668166,0.00064670784986,0.0008988198744952,0.0008957775222045,0.0023068583019634,0.0001249637661573,0.0004564492132525,0.0015164164949852,0.0056372721401404,3.672556415654599e-06,0.0008641868298741
0.0003319619341217,0.0021681290691362,0.0008017014139863,0.0022718256019742,0.0009828260701085,0.0004942656840381,0.0019482121821359,0.0007338609674289,0.0014887916116285,0.0002954083211948,0.0010700558884728,0.0060710257176025,0.0001132436967407,0.0012432559450655,0.0007111060801986,0.0019422985138512,5.032407837301709e-05,0.0005602094917972,-8.888546289770217e-05,0.0003493916269778,0.0013099285717752,0.0032300860374664,1.454285321473688e-05,0.0003433600519219,-2.3679427344652976e-05,0.0001507185319456,0.0002699999436702,0.0007519049715124,0.0018562828377983,0.0011437242251416,0.000156484576499,0.0006788733651033,0.0003915206335088,0.0030772187166112,-4.197649645378545e-05,0.0004004877285843,-1.5045090297548136e-05,-0.0002282248447057,0.000295232716408,0.0007812796866928
0.0018885140049308,0.002495299870326,0.0021906585460136,0.0015266437030266,0.001047495374541,0.0004807885490434,0.0021925974816723,0.0012127290703402,0.002351991158464,0.0014045602925354,0.0054223602006377,0.009865874928156,0.0025956268334754,0.0031255287954567,0.0014107784734365,0.001256604438697,0.000476892312216,0.0007955844243484,0.0003522651153806,0.0004097309156146,0.0029075967428571,0.0056377218396183,0.0001721774585652,0.0002756523591137,8.415689243537397e-05,7.52327768009651e-05,0.0004256496421851,0.0011057285858747,0.0033486175057515,0.0026110204794751,0.0004095471856231,7.12927228955497e-05,0.0007421507293432,0.0008164232151665,0.0001408046312342,-0.0001431209464031,0.0020834393913153,0.0049518580300411,0.0004410338873197,2.504912738698805e-05
0.0017598460705087,0.002103185662945,0.0014477904238251,0.003562426155464,0.0011554689738769,0.000457434872712,0.00086736827143,0.000332455386279,0.0014889179694078,0.0010463284619025,0.0056401344136879,0.0018720017270483,0.0010966221866617,0.0014043169851382,0.0007638385162491,0.0003622604780829,0.0001680788256207,0.0001332969795231,0.0003556455862157,0.0007218848411265,0.0009184992376416,-5.192421768457888e-05,0.0001689522995688,3.2871996532257e-05,4.993468964838716e-05,0.0001184140544251,-0.0001161959780645,-2.208221535567462e-05,-0.0001852277311613,0.0005165711988662,0.0003037272594123,-0.0001139459436057,0.0003438145180774,0.0012692718978458,6.122655732075165e-05,0.0003690748156058,0.0007061364458605,0.0043728368971584,4.476456303427279e-06,0.0002668800871381
0.0022414802769524,0.0032107098216692,0.0030645227844747,0.0028900944946365,0.001295885463641,0.0012215673709526,0.0044238479236741,0.0018506643137451,0.0029186454168166,0.0010451602650495,0.0077341771332812,0.011200850199967,0.0040551548870203,0.003056932773049,0.004194977074622,0.0056279200350152,0.0008598278332639,0.0016599655767791,0.0004070320631049,0.0007149775095227,0.0031623959890795,0.0071610858216612,0.0001490108398178,0.0005703209111684,9.01699788906193e-05,0.0002033869259241,0.0010019690715059,0.0027575737283419,0.0049983062410704,0.0030239969630635,0.000545077671604,0.0005317444436028,0.0010888662771842,0.0018776385479688,0.0003594395793077,0.0004760989812444,0.0036952426256559,0.00553960358881,0.0006031071931396,0.0013528725217599
0.0017087730058934,0.0009879792233922,0.0022557562970661,0.0045422087106209,0.0013754231339562,0.0011041082208003,0.002233099889008,0.000553756623712,0.0016613719900874,0.0005565682935405,0.0084305018065209,0.0022122855640992,0.0035606652643121,0.0065664419920999,0.002084658125006,0.0003026939674107,0.0009267030781973,0.0008608480088341,0.0001423225870352,-9.389522895470765e-05,0.0030448799457349,0.0019877008023375,0.0003084940797642,0.0001553154081465,1.0276170496950411e-05,9.512887202703117e-05,0.0007135674204316,0.0039848523878802,0.0047192271167181,0.0043776186503502,0.0009139271903899,0.0012382826261598,0.0011038249542722,0.004573388370491,0.0001108683740974,0.0008872531894565,-0.0010805133010045,-0.0010827447454138,0.0005046885339016,0.0008604583989698
0.0151630595132513,0.0192329670865987,0.002737474209672,0.0080098443671241,0.0026347033763956,0.001206003133323,0.0054383866302275,0.0033464638305986,0.0038325931756165,0.0017059327475379,0.0130887191407959,0.0282854983302785,0.0050567627107126,0.0075309690376429,0.0067580129012345,0.0113775012827179,0.0012398094545413,0.0022740705200261,0.0003917323703892,0.0020958015628852,0.0051017048155226,0.0074129455699763,0.0001281877714561,0.0008047481035723,6.852441310197186e-05,0.0003346468413153,0.0010357611774619,0.0050781528006837,0.0063873524403219,0.0077209723005286,0.0004256093008448,0.0002890668466651,0.0004696897851691,0.0009304311856424,3.470598280730853e-05,0.0006683187456502,0.0029679596074768,0.0092909884533305,1.5633483447394125e-05,0.001848921157113
0.0037171483290138,0.0027243252130205,0.003498821516454,0.0005666212843449,0.0004794780817165,0.0005467058073665,0.0017797856909199,0.0018130333376894,0.0017959463907152,0.0014773069312586,0.0099941185617177,0.0052958752565842,0.0034376637391351,0.000844835694657,0.0009170051305371,0.0016760599949442,0.000953268630219,0.0002319418608096,0.0004739764373787,0.0002225352671322,0.0020674000911888,0.005550070702224,0.0002982360996383,0.0008503015824439,0.0001100429479272,0.0001351009472121,0.0006285367302952,0.001981040021542,0.0024076055456632,0.0013379806418878,0.0002139452035947,-0.000198641712099,0.0015362760711023,-0.0004174997463304,0.0003305809426037,3.671079370859331e-05,0.0022943829584331,0.0015582609328953,0.0005933552347835,0.0005141802003182
0.0036524993624369,0.0023491115939404,0.0034583336863897,0.0024574489085871,0.0008703530106582,0.000652205587321,0.0025596168781095,0.0019053666132393,0.0015048971563631,0.000358320783289,0.0033378796126759,0.0095780501960016,0.0034203611638028,0.0045978182818009,0.0024779487883379,0.0031084576711799,0.0007895467534475,0.0009846934381564,0.0007348310367687,0.0007340203351723,0.0022951299545788,0.0053338842242265,0.0001260454342137,0.0001978553188908,0.0001306507537304,0.0001993116602081,0.0007407848802998,0.0026080722907685,0.0023545716272891,0.0042827717489579,0.0007107683898292,0.0015031880482468,0.001234763091975,0.0035079736295539,0.0001881233758999,0.0006760556516081,0.0031748828248896,0.0064666474781751,0.0002354663046966,0.0013661522082952
0.0010690202987494,0.002876517189493,-0.0014337232344747,0.0033031293685585,0.00090240397474,0.0006518677251062,0.0029794574593496,0.0017743677256671,0.0034323562233417,0.0005519705732661,0.0013518403128667,0.0115534308807646,0.0004242556546085,0.0031399202101338,0.0016144526351867,0.0044183587017343,0.0002085243611158,0.0013761729561877,0.0002685734585047,0.0009534772235996,0.0024053176472754,0.0065385623252403,8.855859926496858e-05,0.0005720948034875,-3.4325380462612554e-05,0.0001794620147379,9.19291200550434e-05,0.0021211117056633,-0.0009789401408129,0.0038370172029033,0.0002626464278152,0.0011490242182276,0.0001434294164451,0.0038161049368833,-9.49627958453346e-05,0.0006826382808405,0.0014288423394441,0.0029679170500618,0.000187037188232,0.001327808510396
0.0023759647507988,0.0036574260706277,0.0135458972730782,0.0192745524843025,0.0008821623802405,0.0008093144813569,0.0016601284246297,0.0009530316918277,0.0076333598932717,0.0049978314100243,0.0129607391849081,0.0083592989682026,0.0253132106728239,0.0320621726167235,0.0020375529189856,0.0063236092537775,0.0014020459467259,0.0015175737954423,0.0005567416127821,0.0008445977779243,0.0060710709279216,0.0086506677156517,0.0007603852170962,0.0015139320361238,0.000726691958368,0.0010433831537398,0.0009261968364732,0.0013674673652702,0.0948289644939163,0.106428853747645,0.0004012833701979,-5.047225215743144e-05,0.0016079952005723,0.001855905902782,0.000464062208793,0.0006858370323606,0.0043461750928729,0.0057462869850999,0.000615479138092,0.0006522923015041
0.0019274634768376,0.0042044788243796,0.0037178087082893,0.000488221884874,0.0007522217383299,0.0006947983040953,0.002767850405553,0.001348110110192,0.006026867616888,0.0039038657929325,0.0102070362925146,0.0062900346108745,0.0021925503101165,-0.0002028474860585,0.0014763516479095,0.0037291730081365,0.0007312254493218,0.0011112295533624,0.0002191152776879,0.0003166795571069,0.0043307350467493,0.008553205678009,0.0005217150401987,0.0008765142640417,0.0001455667944066,0.0001555756548797,0.000548423968663,0.0011893317610907,0.001173376119438,0.0009575763824866,0.0004055869671877,1.86858554568291e-05,0.0011443009576049,0.0006454447808614,0.0003719074596751,0.000285633380632,0.0007566865717007,0.0018947871206996,0.0003267245787681,0.0004506176689485
0.0025625346865592,0.0049193607933652,0.0066937092289799,0.0072168410127867,0.0015845892194877,0.0005018720816479,0.0030082527955122,0.0012765450258604,0.0045012779772491,0.0020861040642586,0.0051197707479998,0.0170065800693096,0.0054896745327595,0.0079766657983197,0.0057554130874297,0.0065661625783927,0.0004725628355586,0.0016624484562925,0.0006282918235943,0.0014524203271136,0.0042237785986532,0.0051515475709052,0.0001324937168952,0.0008512491299038,8.162639421592265e-05,0.000255475190871,0.0007161882068249,0.0034276876573604,0.0042408320723904,0.0066362051438869,0.0009541914811913,0.0019057206414649,0.0012465711531539,0.0040879268485166,2.8919221277472483e-05,0.0009488071154182,0.0034385514985638,0.0095354148844266,0.00089679601111,0.0017909309946104
0.0009825491912803,0.0039396865092391,0.0008646517251669,0.0032884015727818,0.0007906087847612,0.0011440136429887,0.0017249954838668,0.0012413272600703,0.0045349331327482,0.0022773712762051,0.004608778971509,0.0067233233893473,0.0007659601348909,0.0011611859741059,-4.69580323768022e-05,0.0044298346285422,0.0002007506026865,0.0013865945676294,0.0002316302250589,0.0006967251982789,0.002408961967302,0.0056487679623232,0.0001496957738229,0.0007977287497353,4.785829960494939e-05,0.000127202801349,0.0003690269586681,0.0001364714776829,0.0013055809276223,0.0012291162073599,0.0001788416216703,9.907536489907317e-05,0.0005315445746185,0.0021156222102472,0.0002667384187071,6.784849618616287e-05,0.0011414242736111,0.0015320775515847,0.0004983524325255,0.0001038414325521
0.0036146362767883,0.0016742909795008,0.001494161426933,0.0046488523620768,0.0012014385375796,0.0008995005320647,0.0025827202563059,0.0015741015768778,0.0035747116039884,0.0010133958129932,0.0063942490682807,0.0061239825884089,0.0013177954097365,0.0012556504061126,0.00207643904504,0.0024833681230142,0.0007281420622599,0.0007076335299619,0.0004130345875613,0.0003511951827006,0.0025139645226577,0.0057899576118835,0.0001369071264687,0.0003480073413115,4.4902423647373047e-05,0.000173373121195,0.0003744469433905,0.0029264137003047,0.0015842161678943,0.0040799609546283,0.000333158906155,0.0007385716883841,0.0010258508018067,0.0026015414145348,0.0001774519396687,0.000721749794939,0.0017692281836565,0.0029106164084701,0.0005409079109869,0.001057064640973
0.0024945634302285,0.0026313855589281,0.0008105192736775,0.004082983829688,0.0010877061921001,0.0004986866082796,0.0022961164472021,0.0007821757219319,0.0026908787437658,0.0003874683415288,0.0041308978168498,0.0056523223252613,0.0046376582249505,0.0050153942940853,0.0014964351004538,0.0026867776046581,-0.0001463996117238,0.0007380962390444,0.0001830038777543,0.0004576808123153,0.0030745235718701,0.0056757883776504,0.0001107029843215,0.0004519421882616,6.5390554182867e-05,0.0001210183272984,0.0002518192521796,0.0022173170706991,0.0069990883883699,0.0069455513412048,0.0001703262796474,0.0013512985060236,-1.5228904644307804e-05,0.0024185767889297,-1.046739534576974e-05,0.0006319493672135,0.0003800634756862,0.0027876193749337,9.496630960563026e-05,0.000589950461155
0.0026070127548179,0.004404273191159,0.0011028982323238,0.0001216613740187,0.0015978922062717,0.0009777914909985,0.0017736062158163,0.0012275756713108,0.0008844147933857,0.0013744826270254,0.0039973319914357,0.002848967301047,0.0022754703313044,0.001537471931663,0.0007139792484584,0.0018899713514399,0.0006415900600287,0.0007658657065013,0.0005685958721067,0.0005311801902026,0.004451630236792,0.0075696363695766,0.000338575333407,0.0004298257589849,5.6206256967342e-05,2.176200287102394e-05,0.000733118856165,0.001806776062889,0.0024717693720244,7.744637001216518e-05,0.0002487524717753,-0.0001776527946209,0.0008356998060295,0.0007388682182281,0.00015159699015,4.380423874166075e-05,0.002727739667376,0.0033397322346259,0.0003013578367118,0.0001703297545065
0.0021293301600253,0.0027840952153963,0.002013448527404,0.0010358176605506,0.0011288567007473,0.0009943611212998,0.0011643805123573,0.0009642802809738,0.0008167441719865,0.0011871838191999,0.0031040126571051,0.0059741046843902,0.0011285051514021,0.0014427172373095,0.0012468645309072,0.0010786839040085,0.0007554303881317,-4.002930128825508e-05,0.0004745068712857,0.0001652666837071,0.000484569868453,0.0007989700382177,0.0002792175773768,0.0001500592855088,5.329293950389459e-07,9.92465475246139e-05,0.0002438804441527,0.0015326632809062,0.0002558356390737,0.0031244543201781,0.0004620630331128,0.0001080596910602,0.0008636531734047,0.0011608854234019,0.00014023882884,0.000543099268614,0.0010343998768688,0.0029476233965819,0.0002969598687414,0.0010090586304163
0.002582060389772,0.0024402094645675,0.0026036098319454,0.0048109653820007,0.0011256405642109,0.0012385701652078,0.0021261462224731,0.0016330021480028,0.0023586850634574,0.0008278472838111,0.0045661695966194,0.0071754723630094,0.0010524370063901,0.0008622681463822,0.0020193124452581,0.0023460689879017,0.0006392852059684,0.0007483959004669,1.0754785313995876e-05,0.0002863997358557,0.0015400070758033,0.0034022590718458,0.0001105778551035,0.0003374786292307,8.988576172554376e-05,0.0001153069590029,0.0005158770648387,0.0015095275022153,0.001791920089971,0.0030315550521991,0.0002261004415758,0.0009267189683822,0.0004940984636516,0.0024224786631574,5.050334434590708e-05,0.000556902288962,0.0003432236585575,0.002852759524694,0.0002892975998867,0.0010373760466136
0.003859906900223,0.0038647115998149,0.0062317521120355,0.0096774433901411,0.0011592579545148,0.0005973307675555,0.002563100028664,0.0007787144904384,0.0033876401119247,0.0014779420901333,0.0033487310539938,0.0091556929190193,0.0092552896675157,0.012903871189368,0.0039003084346122,0.0051680642124033,0.0005690848127896,0.0008991033963833,0.0005487587892877,0.0008694559658766,0.0030760750935907,0.0044010515522938,0.0003910035336633,0.0001228471444246,0.0002707933017143,0.0003492971591669,0.0005085614171083,0.0019354796071926,0.0202276461840022,0.0237926171191718,0.0006382520633161,0.0004144851522124,0.0006159593688104,0.0016958880735135,4.789539135851025e-05,0.0005871327384971,0.0033465774752352,0.0056706205916224,0.0003055872321688,0.0003606243297745
0.0028612915411306,0.0046764710547687,0.0024461842281835,0.0026161711844928,0.0018458655462315,0.0019953577666583,0.0030478655444516,0.0023503702915427,0.0014664456908873,0.0008369457269051,0.0072728408341234,0.0099359248711169,0.0016892394855674,0.0011787887444991,0.0014020969881641,0.0033997586863961,0.0006760419025779,0.0013480212504593,0.0006430431540568,0.0013094788378098,0.0022618594972784,0.0046544642759266,0.0002885703460047,0.0006300974225671,0.0001687172209764,0.000337367115864,0.0001866030870017,0.002256291475939,0.0037572977767139,0.0029109370174105,0.0002700496457851,0.0001622430427853,0.0006385234247241,0.0002095151906902,0.0003826117678177,0.0001845153331432,0.0027552819303757,0.0089402425286619,-0.0002634903579923,0.000615839403988
0.0402986041721738,0.0404783395939614,0.033772083076851,0.0315146337185153,0.0029221568362834,0.0022224961236788,0.0040989842719301,0.002716311185617,0.0159186304734516,0.0094276594639218,0.0092229703050889,0.0481382029203019,0.0043898421005808,0.0059566642595984,0.0325723876169816,0.0411033177020934,0.0009648835110744,0.0017451565154307,0.0004161773554105,0.0010201458187349,0.0055935771685436,0.0075553678012888,0.0009640103261147,0.0020421258134086,2.353583111601928e-05,0.0001658698897881,0.001188782367596,0.0031158787135127,0.0057204493570744,0.0118169045881578,0.0015517378541573,0.0012274401547932,0.0012688407908523,0.0131596521018114,0.000994111005585,0.0002996670618119,0.0059834131476752,0.0099891556774852,0.0040175168444219,0.0059329365603573
0.0039888237107169,0.0034028105942315,0.0069436357306843,0.0120139110948895,0.0040041024489844,0.0018843343516281,0.0025981280129056,0.0009876254726056,0.007116925332531,0.0042824857370403,0.0047181053628299,0.0119465363714219,0.0016245500910458,0.0019566568836474,0.0071324111035466,0.0100390571490049,0.0009915318405152,0.0025439711341394,0.0003162063693305,0.0006453939607072,0.004921374171682,0.0075057111689567,0.0008926396770694,0.0021563660432983,-0.0005045828274004,-0.0005146411569564,0.000564963223701,0.00335034021405,0.0063249947370403,0.0146872539172204,0.0001787362668856,0.0005016722925032,0.0020893905630455,0.0136642863849423,0.0009833764853286,0.000524119613961,0.0019093980141531,0.0032514159703117,0.0017726968925896,0.0021717665977474
