"Time Range: 12:15:09 to 12:15:48, Duration 39.0 
 Start Row 2696, End Row 2852 
 Start Time 673.75, End Time 712.75"
Mean Values:
-0.0036511802693310834,-0.003460970936941353,-0.0005930419530476565,-0.00044847032900874697,-0.00139474201997351,-0.0011611730044595661,-0.0048856967728461214,-0.004367159983511387,-0.00024797707082896165,5.241719551259745e-05,-0.0029752729358335987,-0.0036446721669449013,7.164569810545895e-05,4.2669036099609936e-05,-0.0019152802996555442,-0.0023146897814773954,0.00027311259153611235,0.0009414387027644808,-5.611275756121914e-05,1.3474457037101794e-06,-0.005502657561215992,-0.007162890973768127,0.0002662714943070986,0.00019314595593438613,0.00011453674478782115,9.69377261117227e-05,0.00011132816854872136,0.0008413265411552399,0.00014210592587719038,0.0001715417586685403,-1.937043902502146e-06,0.00014418945537400158,0.00027396922844307743,0.0010660835466932384,0.000105375642157934,0.00039690079104809817,0.00014564010497721024,0.0005449504114837754,3.208600486131465e-05,0.00011834225198356834
"Size of mean values: (1, 40)"

"Time Range: 12:15:48 to 12:16:24, Duration 36.0 
 Start Row 2853, End Row 2997 
 Start Time 713.0, End Time 749.0"
Mean Values:
0.005001118116637683,0.005816656720892175,0.0009224488598075128,0.0012498177590322063,0.001578411499074324,0.0011628795372808486,0.00522619670664286,0.00468018178304484,0.00046152406337445764,-2.932807824050507e-05,0.004569570275658139,0.005424223752255793,-8.8161057325577e-05,9.732396392040207e-06,0.002867147386664399,0.003591181722915249,-7.86832937212182e-05,-0.0018612496202644441,6.201804623654092e-05,0.00011654737438495544,0.004742623445991887,0.006304320896481488,-0.00018750206437565962,1.678247810942518e-05,-0.00015012878363180742,-9.876750016605832e-05,-5.446178924984471e-06,-0.0007976695086294385,-0.0001846668769213303,-3.766476877446782e-05,0.0001651194654283271,-0.0001449358075041605,0.00012636068390069305,0.0002960674322560705,0.00016474386665752414,9.720938383024875e-05,4.853771387066737e-06,-0.0002526083880193348,7.405414743619446e-05,0.00020624405946401025
"Size of mean values: (1, 40)"

"Time Range: 12:16:24 to 12:17:00, Duration 36.0 
 Start Row 2998, End Row 3142 
 Start Time 749.25, End Time 785.25"
Mean Values:
-0.0024343145793275893,-0.003992518010294495,-0.0005111649227479298,-0.001288594956209716,-0.001178164332655191,-0.000716775346046656,-0.0036130447721814153,-0.0030093672660749388,-0.00039909148329522385,-9.559260032675326e-05,-0.003137694140921725,-0.004825362093311207,6.31794310424589e-05,-6.570525970636342e-05,-0.001190154213428434,-0.0022095904985858558,-0.00021381717432119497,0.0015393278760158376,-1.1326685588421142e-05,-0.00024588960069929185,-0.002418790513091616,-0.004077140021699609,-2.9355286067087058e-05,-0.00029619525592879326,9.430296912846363e-06,3.7659990587081546e-05,-8.609632777822172e-05,0.0003110087780525057,0.00011662575016303772,-9.899311376679888e-05,-0.000503680383225811,2.8706105123528645e-05,-0.000305488668119926,-0.0009193606480484487,-0.0004094755412863071,-0.0007371552337175626,-0.0003684806877593317,-0.000623806535328436,-0.0001398320423931335,-0.0003672098515573546
"Size of mean values: (1, 40)"

"Time Range: 12:17:00 to 12:17:34, Duration 34.0 
 Start Row 3143, End Row 3279 
 Start Time 785.5, End Time 819.5"
Mean Values:
0.00030363000725013,0.0007002024649896858,-0.0007582120780640725,-0.001142977467332351,0.0008528125257693261,0.0004101185561751282,0.0011869606807023844,0.001357212279174148,-0.0007827862302001223,-0.00012180715000593383,0.0009347124090452978,0.0023950931096504346,-4.2225285969331185e-05,5.6421760805352624e-05,0.0001828652347088891,0.00040745420711373677,0.0002267304470413739,-0.0009808484694529536,2.4998554275297697e-06,3.41054424633758e-05,0.001268235518316551,0.0022236496853900076,1.6065683703905577e-05,0.00019597276516356384,-3.9682949865591093e-05,2.42510248381142e-05,0.0001292708782116175,0.0012749636394330261,-0.00012424569030546734,4.546154954835275e-05,0.00047806420972786967,2.8422736290831558e-05,7.355922970486023e-05,0.0003729715528210449,0.00021683383202030315,0.0006824696688781784,0.0005028745679385025,0.0007581845456655163,0.0001861588383534198,0.0002258510626933126
"Size of mean values: (1, 40)"

"Time Range: 12:17:34 to 12:18:15, Duration 41.0 
 Start Row 3280, End Row 3444 
 Start Time 819.75, End Time 860.75"
Mean Values:
0.0026634176080671925,0.003926377457069151,0.002205285128768997,0.00411952416046307,0.0005077318615710199,0.0005385644651613822,0.0033636160971427633,0.0023976806097286978,0.0024948519846457926,0.0008502309007523314,0.001590542343204971,0.0017332420433460978,4.161603872460224e-06,1.9905504566322517e-05,0.0015743332193720277,0.0030437893326221584,7.777756268467057e-05,-0.0004525341410164368,2.13735440771475e-05,0.00028500657328147885,0.0017181265449437036,0.0026920956647244784,6.445825727472421e-05,0.0002279307509973606,-6.986032127589915e-05,-6.709908615625092e-05,3.563463461467029e-05,-0.0005214818668234436,-8.0918356657118e-05,0.00018610652260658944,-0.00043454819292327603,2.4435490980441432e-05,0.0003153741468830246,0.0010138807587462752,0.0003405171222435253,0.0005687429473775194,0.00014343430183837922,0.0005186456017416479,-4.482215166037814e-05,0.00014056941066588642
"Size of mean values: (1, 40)"

"Time Range: 12:18:15 to 12:19:09, Duration 54.0 
 Start Row 3445, End Row 3661 
 Start Time 861.0, End Time 915.0"
Mean Values:
-0.0010864490209978113,-0.0021243532020853687,-0.0018978014717198452,-0.0036778007603300487,-0.0006663429643782668,-0.0005698687642457753,-0.0027954590061810016,-0.002236850338722452,-0.0021640425371338284,-0.0006895900171374559,-0.0011112183571489371,-0.0015090594992195265,-5.206382131508543e-05,-2.7155831663783908e-05,-0.0015321182371013506,-0.0021960240051823086,-0.00044960125727351325,-0.0025702373138802442,-0.0001409676520392447,-0.00032364726321441775,-0.0019133176784279758,-0.0026604506221615362,-3.547051269069081e-06,-0.00048303670062926516,-2.524287380581229e-05,7.697441643286955e-06,-0.00013598603949503842,0.0002580709584682869,5.792747102833638e-05,0.00011047565921685096,0.00021210727629617448,-0.00012281984130507403,-0.0002459453356249207,-0.0011111245357700288,-0.00026863714545594347,-0.0006798640353062829,-0.0002874328582911275,-0.0007401448795520464,9.517923946422247e-06,-0.00017909696944680737
"Size of mean values: (1, 40)"

"Time Range: 12:19:09 to 12:19:38, Duration 29.0 
 Start Row 3662, End Row 3778 
 Start Time 915.25, End Time 944.25"
Mean Values:
-0.00053431508999876,0.001179501828244192,0.002418582777063972,0.004788029621627121,0.0011069780927691097,0.0007711825015368846,0.003020980316275717,0.0034819898689843545,0.003561089525425496,0.001289172269620907,0.0005358432968634556,0.0007110078163516588,5.283380655563205e-05,4.124201441373754e-06,0.002272399043225488,0.002058620131805582,0.0008552148231522112,0.005616797529263086,0.00020923476768111227,0.00033105435449221304,0.0031390590464198363,0.0038388962001974507,-0.00016185664810941045,0.0006190102152378335,4.494048986268473e-05,-9.21187951693377e-05,3.0173031323038453e-05,-0.0028923312106878775,-0.00014699462702937385,-0.0006744995608785904,-0.0002537101817109626,0.00014162602939425006,0.0002648642085848923,0.0010684525625341617,2.6270586842755238e-05,1.516917620323664e-06,-0.00019493463264334547,-0.0002631015702184606,-5.036607655636115e-05,0.00016172249016877758
"Size of mean values: (1, 40)"

"Time Range: 12:19:38 to 12:20:08, Duration 30.0 
 Start Row 3779, End Row 3899 
 Start Time 944.5, End Time 974.5"
Mean Values:
0.000453111175216392,-0.002082346042043825,-0.001485189284565232,-0.003062896923778578,-0.001023574148488184,-0.0008078931659318117,-0.00287877461662378,-0.0035730190106988942,-0.0027790076681001316,-0.0006104129785529281,-0.002112625654864969,-0.0030050747782998564,0.00026032834552926394,-8.71614975685569e-06,-0.0008519651733705291,-0.0011603555595754475,-0.00026111041697915476,0.000967643497933675,6.206542165307747e-05,2.7021613473985303e-05,-0.0032815419928686226,-0.004740992270672207,0.0002775656376984815,-2.642628009911934e-05,0.00040691697791683833,0.0002178794773618469,0.00029938185427679924,0.0024615017898848143,0.0005461998806707444,0.0003364060338194874,0.00030324505115443046,0.00018744679368965216,-0.0002866387080367298,-0.0004943630639988409,3.478362776146461e-05,0.00035622932396233727,0.0005130695218610363,0.0017268608398645587,-4.1853971816756104e-05,-4.005549979972066e-05
"Size of mean values: (1, 40)"

"Time Range: 12:20:08 to 12:20:38, Duration 30.0 
 Start Row 3900, End Row 4020 
 Start Time 974.75, End Time 1004.75"
Mean Values:
0.0010245944300939188,0.003210800988986687,-4.297270752143816e-05,0.0002080848072315938,0.001481033511145173,0.0014725224240326334,0.005242024090609621,0.005011923570731464,0.002311393984827677,0.0001406336135917419,0.003979434337610679,0.006200689360142529,-0.0004199178189707079,7.026056267529673e-05,0.0012155503325000747,0.0020339981311271824,0.0008602196448810233,-0.0013754780528252106,-7.448259436623063e-05,-0.0001460352738267477,0.004468165121932665,0.006762777429394743,-0.00032379072563123003,-0.0001885384202048872,-0.0005057930641447641,-0.00023947526113481815,-0.0003478526327734748,-0.001466033996902806,-0.0006255408645711154,-0.00013699896719998172,-9.679718906392846e-05,-0.00026760046663431376,0.00011980538323341903,-8.440716574198351e-05,4.0176381374144765e-05,-0.0002566716212766596,-4.272945062102156e-06,-0.001124542213923794,3.4890656255494045e-05,-0.00016092618001389855
"Size of mean values: (1, 40)"

"Time Range: 12:20:38 to 12:21:19, Duration 41.0 
 Start Row 4021, End Row 4185 
 Start Time 1005.0, End Time 1046.0"
Mean Values:
-0.0009607501189127656,-0.00017427067315853862,0.001014778536841829,0.0017537272965607973,-0.0003539271866567597,-0.000603595556948648,-0.001441659982827491,-0.0014140342848745163,0.00025178834877436797,0.00025315556801956175,-0.0017945573098943966,-0.0030992938574359165,0.0001471471263362216,-3.628700594392066e-05,-0.0006244908731998138,-0.0006895955677109436,-0.00046200696119880083,-0.002579287738553587,-0.00013068932605472025,7.481768579867726e-05,-0.001910727827990051,-0.00230224286762467,0.00011839557582041715,0.00029000665899108337,0.00021239478244474436,0.0001100855642317689,-8.517490292431603e-05,-0.0027897079596738063,-0.00032019387220229056,-0.0004424659980805589,-0.0001341243247390572,-1.4715176675081817e-06,-7.493755801869655e-05,-0.0006807102937025139,-7.774740295430461e-05,-0.0006105522297420051,-0.0004742149124279602,-0.0004850948906490348,-6.140707576362716e-05,0.00013692224670160642
"Size of mean values: (1, 40)"

"Time Range: 12:21:19 to 12:21:44, Duration 25.0 
 Start Row 4186, End Row 4286 
 Start Time 1046.25, End Time 1071.25"
Mean Values:
-0.0012227212240037203,-0.004150940762528334,-0.0020637189202320784,-0.003486079108586346,-0.0015186950912347474,-0.0009843801340339378,-0.004370251201256594,-0.00470798225784106,-0.002516719218261597,-0.0006605793351894911,0.0008430610975928149,0.0028072876705706315,4.417573780421065e-05,2.337305620850992e-05,-0.002800167304286795,-0.003799258597505086,-0.0003997915235607352,0.00718698493771413,0.00023610875574053182,-4.821995553478093e-05,1.3456502453284192e-05,-0.00032683403482127815,-1.4977400953773402e-05,-0.00031853025085140874,-9.43275440255385e-05,-1.4645431511583142e-05,0.0009110706618391695,0.01058377294327406,0.001546804029743265,0.0014468109853307438,0.00038286277325356744,0.00020766872320659473,0.0004089422036194851,0.0029253227993193856,0.0005494947163457711,0.0029083023731250133,0.001077569733848007,0.0019470334997313751,0.00024151870951480753,0.0002183904243468323
"Size of mean values: (1, 40)"

"Time Range: 12:21:44 to 12:22:09, Duration 25.0 
 Start Row 4287, End Row 4387 
 Start Time 1071.5, End Time 1096.5"
Mean Values:
0.0005805153684946462,0.00026651582332446415,0.0001282743957345084,0.000336503413846016,0.0015510552603262974,0.0014372751695846202,0.004162773037696425,0.0054875691695439426,-0.0004056437103454613,-0.00048319717090662906,0.0005187793031297688,-0.0009973572673322884,-8.30243857441946e-05,-4.031875002046886e-05,0.0028645762384655014,0.0026876339529418427,0.00039200716108018916,-0.002345354715251516,7.016223453006625e-05,-0.00013508760917396327,0.0018270607542632572,0.0011450810965058457,0.0001569925951375561,-0.000202700961818566,6.370538509832333e-05,-9.159009046696658e-06,-0.0009318443997250767,-0.006011182213707115,-0.0007973935472673478,-0.0008099258908728118,-9.877688285861077e-05,-0.0001459026928447792,-0.000616491461480551,-0.002802806046979815,-0.0008915435419680473,-0.002669174182479928,-0.0006632318349685361,-0.0015833911840684308,-0.00021607374814247812,-0.0006803713280144203
"Size of mean values: (1, 40)"

"Time Range: 12:22:09 to 12:22:46, Duration 37.0 
 Start Row 4388, End Row 4536 
 Start Time 1096.75, End Time 1133.75"
Mean Values:
0.0030703594439683785,0.00545900496650979,0.0017019111573577368,0.0030169077396182305,0.00030721344763864883,0.00012025285125712486,0.002377472792749856,0.0010522883527161178,0.0014050356025604369,0.0003421840746068827,0.0018410672401317461,0.0035610792790956116,-1.4993867161895056e-05,0.00013087206434835195,0.001403454252399365,0.003333421100886156,-5.057226387619265e-05,0.001191671163993527,-7.85851332597947e-05,0.00022973946112700536,0.0012527053294687344,0.0030349766198029663,-0.0001916600428674081,0.0004521475940099047,-0.0001535093841231665,1.8845604071315077e-05,0.00048650777644575427,0.0010507726009456012,0.000369189465723369,0.00018173812391773304,-0.00028705371845031975,9.787820101278167e-05,0.00038336720696450214,0.001765603505452704,0.00052511908928449,0.001569854402646795,6.978781995262472e-05,0.0003248257309280955,0.00014791406830580784,0.0006991288327033021
"Size of mean values: (1, 40)"

"Time Range: 12:22:46 to 12:23:17, Duration 31.0 
 Start Row 4537, End Row 4661 
 Start Time 1134.0, End Time 1165.0"
Mean Values:
-0.006945477781675215,-0.010556969815931919,-0.001226657568758837,-0.0026011616866259985,-0.0026462546939088273,-0.001963382792938501,-0.010163992515681517,-0.00838513910017484,-0.0015227078351016479,-0.00038129527867919574,-0.007952635217696171,-0.011969435980057971,6.169043407800153e-06,-0.00021473802645281887,-0.00548942077225666,-0.008875679999687426,-0.0005487606774793158,-0.0011836742978087952,5.285554922192942e-05,-0.0001336245870905522,-0.0072743147139310155,-0.011730734329963194,0.00015220621984331193,-0.0005318540789547226,0.0002818785813676999,-8.366632597635048e-06,-0.00027945873824523584,0.0004694465378294277,-0.0003532888280234007,-0.00025911937381090474,0.0005437788698304358,9.756836972957124e-05,-0.00028292306901312895,-0.001611983477883764,-0.0003711038920562532,-0.0012645598497895703,0.00015174148759331037,0.0003008087458557369,-0.00015203908557965968,-0.0006408086184842548
"Size of mean values: (1, 40)"

"Time Range: 12:23:17 to 12:23:51, Duration 34.0 
 Start Row 4662, End Row 4798 
 Start Time 1165.25, End Time 1199.25"
Mean Values:
0.003703850603888669,0.006210540908005674,-0.0019031672652460158,-0.002922826380357905,0.0016227342311049896,0.0015832291587366434,0.007370402110888493,0.0061046974964594275,-0.00036079519574357084,9.063900127263967e-05,0.006548139790693453,0.009710649513692356,8.909313787727584e-05,0.000131762836882013,0.004414158615833063,0.006644852520884371,0.0006757368111370437,-0.006945019078962309,-0.0002534333038165321,-0.000492081045565062,0.005571279186853544,0.008486764560331856,4.02883417033722e-05,0.00029950671609844064,-0.00018011695637258846,-8.239627383978292e-06,-0.0004902786651494559,-0.004443939469061506,-0.0008144364279441924,6.204275138864873e-05,0.00016253315033608665,-0.00017906415135265704,0.0002783373224949056,0.000662236988778411,0.0002734605689384909,0.00014550735349572164,-0.0001258107186770389,-0.0007026615625834165,9.807011160528506e-05,0.00014000785020609397
"Size of mean values: (1, 40)"

"Time Range: 12:23:51 to 12:24:21, Duration 30.0 
 Start Row 4799, End Row 4919 
 Start Time 1199.5, End Time 1229.5"
Mean Values:
-0.00022999712679801622,-7.035322682718438e-05,0.0037629822763095354,0.006536237697481234,0.00023302459607813664,-0.0004755199867806347,-0.0021554950348282365,-0.0017128080226639928,0.002690759379261771,0.0005877968031373828,-0.002443984336173051,-0.0034699513756821787,-7.362316852050428e-05,-5.7261666320895886e-06,-0.0018117923167230159,-0.002203108413159345,-0.0005027836048607427,0.007591648591694337,0.00035574614325895813,0.0008410888746449251,-0.002588650480356777,-0.003258669556267963,-0.00012846243499318557,6.631184371671093e-05,0.00017206738175593083,6.024701216577569e-05,0.0006603811498831822,0.005405104155707565,0.0009986429154056839,0.0001534520581459635,-0.0005846533053533116,3.7801505278049584e-05,4.1587371786674635e-05,0.0008959151858988348,-3.139379169357561e-05,0.000594594500778058,0.0004869411545559759,0.0018306855096293284,-2.726963978520637e-05,0.00019937539018214374
"Size of mean values: (1, 40)"

"Time Range: 12:24:21 to 12:24:58, Duration 37.0 
 Start Row 4920, End Row 5068 
 Start Time 1229.75, End Time 1266.75"
Mean Values:
0.0006273701527311874,-0.00017956405527618348,-0.0017419004606959007,-0.003311904256671703,-0.00015842609975093167,0.0004926482017733319,0.0021048859829718445,0.001841635622159578,-0.002750719138960696,-0.001163602460424137,0.00136461750300276,0.0012012239324576796,-2.4776490601728023e-05,-9.656093810874034e-05,0.002348405433945243,0.00274208184883289,-8.565469528829725e-05,-0.00044191503670202345,-0.00012030780446055199,-0.00038790013601981753,0.0024885419409952925,0.002775570023883962,-0.00010316199823091812,-0.0002789120545769202,-0.0002571242946050917,-3.630352254488689e-05,-0.00012360072281857439,-0.001927189952976209,-0.00013435824709134422,-0.00022744898904176512,0.00015194005360082632,-0.00011097725083684062,-0.00012885336252260884,-0.001026515059341306,-0.00010296482717802302,-0.0006268008228477184,-0.0004759016135206943,-0.0017496389567048698,-3.973507364074561e-05,-0.0002379661116420083
"Size of mean values: (1, 40)"

"Time Range: 12:24:58 to 12:25:28, Duration 30.0 
 Start Row 5069, End Row 5189 
 Start Time 1267.0, End Time 1297.0"
Mean Values:
0.001125097161798786,0.0010647810855695169,0.0007087420795360501,0.0013421351955931109,0.0006270066928941754,-0.0003615855536285512,-0.0009345064158984269,-0.00012205806446408055,0.0033084557898888345,0.0021610370170526954,9.009350924448106e-05,-0.0001683226725545351,-1.642677138341171e-05,2.8602967780282655e-05,-0.0005027894485534957,-0.0014044630933366825,0.000624083798819286,0.00017605826975719487,0.00010815643291197324,0.00021757324456068343,-0.0012847518555923164,-0.0014584472374934365,0.00041144092813436185,0.00019355858840343083,0.0001712750370687905,-9.433504798341162e-05,-1.0010668830921133e-05,0.00046961340821192684,0.00023524854349873622,0.00033699348926988286,-0.00012682408040014871,0.00021627549102336112,-9.503463529322863e-05,0.00016702635877012604,-2.8117712877511438e-06,0.00021662916443302953,0.00016149365196150095,0.0011101555335895036,-2.194186629299797e-05,5.295103880423489e-05
"Size of mean values: (1, 40)"

"Time Range: 12:27:52 to 12:28:45, Duration 53.0 
 Start Row 5190, End Row 5402 
 Start Time 1297.25, End Time 1350.25"
Mean Values:
-0.000613829784085087,-0.0008408984664955464,-0.0008503867601216174,-0.0010973249491259892,-0.0004290664080908553,-6.666868097469403e-05,-0.0007353315290173706,-0.0010758871440149143,-0.003216441610510276,-0.0019963714856426275,-0.0010919899762855305,-0.0006889872515354929,3.304557052452301e-05,2.532987428287517e-05,-0.0013889058271956752,-0.0014240169724532797,-0.0006017213606643299,-0.00023576776052986273,-9.968638938691052e-06,-1.6655282821850706e-05,-0.00022091586117883787,9.973066211992971e-05,-0.0002735251532945594,-0.0003957495729628637,-9.654069857733483e-05,1.6150489532716602e-05,0.0001531698625580879,0.0015326945797737382,7.444690343915052e-05,0.0002528824978388271,0.00019845575140429927,-7.259230085705829e-05,-3.25150244518654e-05,7.306662889178253e-05,5.4156775776722e-05,0.0003323646586273736,-0.00014331192240303866,-9.10768977795904e-05,5.8497095484752435e-05,1.3311652594422739e-05
"Size of mean values: (1, 40)"

"Time Range: 12:28:45 to 12:29:27, Duration 42.0 
 Start Row 5403, End Row 5571 
 Start Time 1350.5, End Time 1392.5"
Mean Values:
-0.0008415545793680443,0.00046528414466995294,0.00187928878202215,0.0028447953117872646,6.0489118513910406e-05,2.2498977494387727e-05,-0.00024111512968037174,0.00040207060061572917,0.006413985520900835,0.003178429140999116,0.0002454655838839117,-0.0005393942451238502,-3.9830478793393065e-05,-8.820260627350157e-05,0.001205169362012797,0.0011932977608391493,0.0014631544974474647,0.0022427410168316376,3.1604264764034873e-06,9.05103188060049e-05,-0.00030496913492525384,-0.0010482972496717855,0.0004884895786888629,0.0014805406804666804,4.1048894834454186e-05,1.557763887732315e-05,-0.00032683229832894026,-0.003943363642556068,-0.00040201635371184106,-0.000837060373627747,-0.0003163911567634219,8.544484965233073e-05,-1.933321414559055e-06,-0.0007826707311627026,-0.00018094719835920345,-0.0009900522170541964,1.9642755709328586e-06,-0.0008597662055869858,-9.655517919894236e-05,-4.740721201810172e-05
"Size of mean values: (1, 40)"

"Time Range: 12:29:27 to 12:29:53, Duration 26.0 
 Start Row 5572, End Row 5676 
 Start Time 1392.75, End Time 1418.75"
Mean Values:
0.00010689963694596645,-0.0015565086010811725,-0.0021954063146122707,-0.003651515921458138,-0.00022809774729348978,-0.0005760852680605523,-0.001833401726049077,-0.0025878248807360924,-0.01008993894475652,-0.004098720698058656,-0.0010432106026270604,-0.00035252197108707177,1.5841028789086193e-05,0.0002548118063555502,-0.002776461569362153,-0.0024639941140497464,-0.002948853709924014,-0.00845120398123015,-0.00017090784682849552,-7.363909467012168e-05,-0.0021576176874481975,-0.0023801885647724563,-0.0013797567407317574,-0.003759903093814567,0.00021443990647495418,4.9468780667857766e-05,0.00021558459474329078,0.0031425095998184787,0.00021536455775119536,0.0009545669699433885,-1.1855952478551198e-05,-0.00046261015148046464,2.830853863340805e-05,0.0009523071230989924,0.0003101644669667042,0.000926191562910079,0.0005818735695170741,0.0028704590911606005,8.905911081883686e-05,0.00021986637976148513
"Size of mean values: (1, 40)"

"Time Range: 12:29:53 to 12:30:31, Duration 38.0 
 Start Row 5677, End Row 5829 
 Start Time 1419.0, End Time 1457.0"
Mean Values:
0.0019079444037480781,0.0027669918960297633,0.0005802279785119849,0.0007943337254335179,0.0007455338119250226,0.001035694344007132,0.005283618610813969,0.004584084504900989,0.004340159288255168,0.0016742053373600047,0.0024052436493856464,0.004049060863805282,-2.7134149057036467e-05,-7.75921266414015e-05,0.0033791741115654266,0.004594684346913469,0.0015543380743173107,0.0066809900474014035,0.00013525874138895638,-0.00016195619444388368,0.004230950180855071,0.006180934699629408,0.0006135062420116698,0.00189170433312362,-0.00018593709474742673,-1.2442151498219572e-05,0.00016896405383338335,0.002261710265648843,0.0003874155454402799,1.8998990490257027e-05,5.0560661188765275e-05,0.00012402942584686583,0.00012868276171440078,0.0007817749001792936,-1.0468676848407007e-05,0.0007610267074304,-0.0002105726244370879,-0.0014231840185160143,9.189151782519263e-06,-7.278075366412809e-05
"Size of mean values: (1, 40)"

"Time Range: 12:30:31 to 12:30:56, Duration 25.0 
 Start Row 5830, End Row 5930 
 Start Time 1457.25, End Time 1482.25"
Mean Values:
-7.824487200252149e-06,-0.0008137658350344938,0.0013636860287218834,0.0024504234693531993,-0.000629258552813861,-0.0008192812052707425,-0.0034319235582031785,-0.003701992511453511,-0.007923677227284563,-0.004647972575154364,-4.802902428205811e-05,-0.0009221430859621924,0.0003140866388368535,0.00011526636773892928,-0.0037235977694942313,-0.0045580086063970945,-0.004907257371599701,-0.01428504571198952,-8.215279068897394e-05,0.0006602837324298866,-0.003993965902151785,-0.003446834724948562,-0.00018222977422097743,-0.0005447273971268326,0.0003696045202704801,0.00018697791503058105,0.00022158513367139746,0.003314653432914079,-0.00044470375220272937,0.0005051065679519793,3.075195223307291e-05,0.0005683271298923292,0.0011412607075946414,0.002967148302025524,0.0008222017090920486,0.0009045010634346585,0.000648861799404014,0.0018949778975973096,0.00015251976406980842,0.0003228138914738513
"Size of mean values: (1, 40)"

"Time Range: 12:30:56 to 12:31:20, Duration 24.0 
 Start Row 5931, End Row 6027 
 Start Time 1482.5, End Time 1506.5"
Mean Values:
-0.007681307365913438,-0.008820273012820505,-0.0027153114932237377,-0.004851710405069771,-0.000990353689191709,-0.0008233467315276008,-0.0050603002310234055,-0.0025869916740805616,0.010665277791018895,0.006431561428837885,-0.004700240019109396,-0.007883583408004841,-0.0001941474445912001,-0.00023127612402012404,-0.002250162136112611,-0.0059920017066724665,0.006528565207241801,0.015876138418319263,-4.516581332881657e-05,-0.0009586682525816415,-0.000679689576876329,-0.005199811414767989,0.00032060608845066533,0.0002910303863219148,-0.00018584753126406824,-0.0003053493197301587,-0.0008583270782622594,-0.012978239993996844,-0.00028896389438260725,-0.0018060129053630225,0.0003990887770589633,-0.0005747567909927177,-0.002199566588201439,-0.007511333895781326,-0.0016091670928536305,-0.004089977809784633,-0.0009736086008190352,-0.0023327682456961217,-0.0003650923684695063,-0.0006060911012329146
"Size of mean values: (1, 40)"

"Time Range: 12:31:20 to 12:32:07, Duration 47.0 
 Start Row 6028, End Row 6216 
 Start Time 1506.75, End Time 1553.75"
Mean Values:
0.004646788670333723,0.00701219032420443,0.0022424352433374067,0.004810908396689338,0.0015216693245156119,0.0008766363476750913,0.006072645690640214,0.003669684646318042,-0.0006218907923266468,-0.0007015313651703659,0.0022797377024618504,0.005661966433493512,1.9405330121931586e-05,9.515291131475181e-05,0.0024834525639913607,0.006545670492225315,-0.0016991080706017746,0.00013577389533122415,0.00017892959310211945,0.0007576578346031979,0.0019496459499825226,0.005172293594760505,-0.00021354164232562876,2.249713226662191e-06,6.575524164612238e-05,0.00010015265634859281,0.0006140140449688013,0.009527174970695896,0.00041682007237031974,0.0007565262179456009,-0.0002001204136363834,9.983553322640072e-05,0.0011012079047207583,0.004987358860441906,0.0007589139477778767,0.0032405418949861715,0.0005201973239584538,0.0014113927359347617,0.00024067857050999946,0.0003884052923420797
"Size of mean values: (1, 40)"

"Time Range: 12:32:07 to 12:32:38, Duration 31.0 
 Start Row 6217, End Row 6341 
 Start Time 1554.0, End Time 1585.0"
Mean Values:
-0.004415914122086805,-0.007902313055427653,-0.004029692079937531,-0.008598328721592137,-0.0019725835794019587,-0.000780190250149545,-0.007883168013813278,-0.004206573723941408,-0.0019989094109308984,-0.00019418731992693847,-0.0008318723713214989,-0.006167266469858869,-0.0001869594084535552,-0.00011353870675800815,-0.000557901326483039,-0.007426534436772998,0.0034527928483868856,0.0017954990475268623,-0.00028766978514731733,-0.0011560015242529915,-0.0020704533676124577,-0.006019671100254419,0.0014273461903730608,0.0026392390222591128,-0.0002665828030286618,-0.00016716988934201707,-0.0007865230715560754,-0.016854311831404414,9.108516569159114e-05,-0.0006517463152666166,-0.00014855082755785583,0.00010080579619526333,-0.0019309752033069992,-0.008364415623723108,-0.0009696978136912384,-0.005080716903550148,-0.0005855627415805142,-0.0012570562191241653,-0.0004246823289576942,-0.0003732528088899064
"Size of mean values: (1, 40)"

"Time Range: 12:32:38 to 12:33:24, Duration 46.0 
 Start Row 6342, End Row 6526 
 Start Time 1585.25, End Time 1631.25"
Mean Values:
0.003813562081550473,0.005721919329234438,0.0019010898308566995,0.0039540265612327775,0.001361951753552633,0.0007721179643745214,0.004451806676812747,0.003306767034495339,-0.0034784779328677147,-0.0027208504089052243,0.0020467900026969778,0.004245312808300871,0.00010980623639178119,0.00010891054570955406,0.002429647250042152,0.005845073826611865,-0.003229637133497582,-0.008067164993508784,0.00011196118328768678,0.00041922777169126286,0.002256178010366611,0.004095404606957949,-0.0006933038575916292,-0.001564982275079171,0.00045633904282150486,0.00012742977060005656,0.00016404643533793136,0.0056724008257306065,-0.0010442445570512954,-0.00046810549446066254,-2.9913822475849684e-05,-0.00016172019807704445,0.0012619091674658336,0.0043372651703223975,0.0006033765813061255,0.0019088871311736656,0.0004710127974254568,0.0008124515569624659,0.00017949154709563154,5.289072760874367e-05
"Size of mean values: (1, 40)"

"Time Range: 12:33:24 to 12:34:04, Duration 40.0 
 Start Row 6527, End Row 6687 
 Start Time 1631.5, End Time 1671.5"
Mean Values:
-0.003863802323359583,-0.005398853798708424,-0.0015649214171594968,-0.003157450286798867,-0.001645796033168379,-0.0010960478402282394,-0.0053399228045752705,-0.004460383242835191,0.0049807875700158535,0.0037619839179602378,-0.002592898893251809,-0.004120835923274474,-1.4866322111398785e-05,-8.828721031148388e-05,-0.004512853674736499,-0.0060883907978095215,0.0024017895223922155,0.004185255502663902,-0.00022067253248463946,-0.00040304660949415534,-0.0030248558437121877,-0.005992962640539746,-0.00014000374246740747,-0.0004099819581221565,-0.0005212892378506211,-8.301812985681581e-05,-8.7224872190097e-05,-0.0012980679120660928,0.000737639467791787,0.0007627018118901705,0.0003376328391449687,0.000172304149154594,-0.0008701911831756945,-0.002949278826607206,-0.00039503453163907077,-0.0008653138313292814,-0.00046311998665115364,-0.0013007084958213155,-5.3201175614914315e-05,-0.0001440048191206435
"Size of mean values: (1, 40)"

"Time Range: 12:34:04 to 12:34:40, Duration 36.0 
 Start Row 6688, End Row 6832 
 Start Time 1671.75, End Time 1707.75"
Mean Values:
-0.001173937429579922,-0.00209455872166943,0.0012034091224590025,0.0019974524937828417,-0.00017756352296447828,-0.00018906116642109226,-0.0006588791016395162,-0.0007560740370339792,-0.004152028869095641,-0.0031656882117739463,-0.000732786962111253,-0.0012459589031146446,-8.412503807051157e-05,7.923997974469036e-05,-0.001318698329270361,-0.002301777532575829,-0.0020597552231453203,-0.004463160109118157,2.2415577570924757e-05,0.00013806078272614905,-0.0012259296597561089,-0.0004794277014888225,0.00010904334615065021,0.00018591395622733566,8.68928094073671e-05,5.543626951063111e-05,-3.3994419208685086e-05,-0.001304932812131792,6.323327570397545e-05,0.0002251452449302096,-0.0003919851086407659,-0.0001372319178161262,0.00046187943661453267,0.001513903215148781,0.00013734915771391418,0.0001671876956010438,-0.0002557730539747724,0.0003284552093226221,-5.3513566012095037e-05,0.00011070258393431747
"Size of mean values: (1, 40)"

"Time Range: 12:34:40 to 12:35:32, Duration 52.0 
 Start Row 6833, End Row 7041 
 Start Time 1708.0, End Time 1760.0"
Mean Values:
0.00037463026447996157,-0.00018363855226464457,-0.0012266830351153847,-0.0025985408808146065,0.00015161390376070995,0.0002746406668860743,0.000632461587080372,0.0009478745996419724,0.0012228815840232546,0.001833958748857353,-4.280044980921028e-05,-0.00020081351055418396,0.00016041362851394525,-0.00012097192771792419,0.0010364389769411894,0.0008555715562128889,0.000548429095151595,0.0010122139668295998,2.6093243829855587e-07,-0.0002039848316869684,0.0010869417386839319,0.0010091376093506693,-0.00020401799244782742,-0.0008498714601679797,0.000290156426601591,-1.096085737347929e-05,-9.42715491616497e-05,7.812205326183804e-06,-0.00026446815284425534,-0.0005724070111121594,0.00041911924781330717,3.994849801409466e-05,-0.0005336733306360164,-0.0020599792228322453,-0.0004050981469440091,-0.0010415023132828156,8.494493315335434e-05,-0.00043571803177380394,6.094961986570284e-06,-0.0001807568166525507
"Size of mean values: (1, 40)"

"Time Range: 12:35:33 to 12:36:06, Duration 33.0 
 Start Row 7042, End Row 7174 
 Start Time 1760.25, End Time 1793.25"
Mean Values:
-0.0010073314709107522,0.0014741415871678935,0.0021290050399400138,0.0051392952400438245,0.00032318650423038227,-0.0005031516552546101,-0.0006732725530993311,-0.00130840232106635,0.00029777797025685977,-0.0022581732698077075,-0.002481037841278871,-0.001374643904131731,-0.00021873886714216008,0.00026272823807824814,-0.0005499337144662946,0.001280582955661193,0.0006940113975656703,0.006687018875778986,0.0002519319181321227,0.0007632526234748542,-0.0031029476842360302,-0.0037453562622100844,0.0006394548817938291,0.002314146946546858,-0.0005624065630123349,-3.0545345244928606e-05,0.0007474158205777888,0.0048651424091501316,0.0012561289618755267,0.0015647058566853485,-0.0006494256905843186,0.0002064087128053358,0.0011369623083240018,0.00519054182806917,0.0011324063577480442,0.003600306810270218,0.0007420060700480153,0.0024521994085595585,0.0001059396058018977,0.00055790598065001
"Size of mean values: (1, 40)"

"Time Range: 12:36:06 to 12:36:45, Duration 39.0 
 Start Row 7175, End Row 7331 
 Start Time 1793.5, End Time 1832.5"
Mean Values:
0.002482116303551612,0.0011851286084306584,-0.0008901295556431678,-0.002329965230854632,-0.0001495870385838811,0.000722347695243782,0.002227682519078396,0.0023666138811946156,-0.00016057078566339512,0.001035859191421495,0.0025839241108806016,0.0020498563406593758,0.00016347298440536607,-0.0001874194700137577,0.0015958352435243971,0.0006940920715454236,-0.0009731083722951414,-0.0067930612844545974,-0.00014821459060132888,-0.0003661404364972425,0.0036396269406804844,0.005471279459736689,-0.0011339347276075008,-0.0032225079475186403,0.0004282616887943715,9.564596519096381e-05,-0.000585579812914657,-0.002353544736682651,-0.0011299906746153378,-0.0010676102129947673,0.00029704784200193323,-0.0006694570215218827,-0.000535256343025286,-0.0027388841927103993,-0.0008000182851050677,-0.0024199135023669936,-0.0006348502854142218,-0.002118446028270966,4.11676673998381e-06,-0.00031741048785214064
"Size of mean values: (1, 40)"

"Time Range: 12:36:45 to 12:37:12, Duration 27.0 
 Start Row 7332, End Row 7440 
 Start Time 1832.75, End Time 1859.75"
Mean Values:
-0.0019255838055009808,-0.0015338892113440658,-0.0002430387518027685,-0.0003760779948714266,-0.00033064074871788206,-0.0009439795478582145,-0.0027720092960458777,-0.0029589162164697508,0.00039474268322188755,0.0001116719064936754,-0.001358104475416383,-0.0021717091211303535,-0.0004113710570297267,-8.324500790694453e-05,-0.001054646319749683,-0.0010872800580979931,0.0014470120345737884,0.0046091546648428,3.2619125572605456e-05,-5.17959435391218e-06,-0.0034179259895674424,-0.006190577182759018,0.002729440026013857,0.006916450561505556,-0.0006617980499917205,-0.00021798114745436622,0.00012407403775575895,-0.0003801659273721461,0.0002466773859470519,-1.6265859920588093e-05,-0.00016758320162301818,0.0015643455860604274,-0.00025772215381200556,-0.000600016230802259,0.000130777756070057,0.00047438631457998764,9.838874225323393e-05,0.001031906161879911,-0.00014765770846779163,3.1765354199814876e-05
"Size of mean values: (1, 40)"

"Time Range: 12:37:12 to 12:37:34, Duration 22.0 
 Start Row 7441, End Row 7529 
 Start Time 1860.0, End Time 1882.0"
Mean Values:
-0.0009974481208578098,-0.001044571595748099,0.0004912441275768868,0.0009042732293118895,-0.0012709118880671632,-0.0009988542851565466,-0.0054280394832537816,-0.0045651611723975275,-0.0012435236165959254,-0.0010028977927173282,-0.0006676153050422229,0.00020548405306345673,0.00038265415674623737,0.0002646422665758338,-0.004830951401409363,-0.006446517510881155,-0.0006712897487892956,0.0019054340259311428,5.6544156207746404e-05,6.208230043811718e-05,-0.0036075894417080087,-0.004386591772665772,-0.002194237168177381,-0.004748484954538375,0.0006909324813673597,0.0001471945227234593,-6.732361294505638e-05,-0.0012193707025334843,0.0007040129730872955,0.000886173013381611,0.00043019034445943087,-0.0012970737663552424,0.0001978192028663301,0.0009039749552631839,-7.148668981893125e-05,-0.00023258349248609015,-0.0004616316292269258,-0.0011123044208413682,6.514029164261586e-05,2.1438925715380314e-05
"Size of mean values: (1, 40)"

"Time Range: 12:37:34 to 12:38:04, Duration 30.0 
 Start Row 7530, End Row 7650 
 Start Time 1882.25, End Time 1912.25"
Mean Values:
0.004488430201399698,0.005419911752483761,0.00020607144846681338,0.0007808654743391696,0.003080642013132072,0.002509960771035927,0.010623089588684402,0.009515135675644704,0.005416640264940437,0.003182759969039352,0.005050913621864374,0.006190814617315106,-8.553058282840566e-05,-7.401177019315143e-07,0.007388569882162999,0.009811898933251744,0.0016444848910234311,0.0014971109399093258,-1.8159470270288738e-05,0.00012250824779932906,0.00939668592934177,0.014275387644813864,-6.183345876841272e-05,-9.75081382648185e-05,-0.00046596175782913894,7.482982144818909e-06,0.00035334803949058573,0.0011280129392863007,-0.00011967603180506958,-0.0003371673683675333,-0.00040338815110201845,0.00020112622919384957,0.0001485326686325857,-1.6847925258413347e-05,0.0002614441270426345,0.00047541768259233206,0.0004099579184856563,0.0008028886227577557,1.6680879045940256e-05,-1.6455941264605715e-05
"Size of mean values: (1, 40)"

"Time Range: 12:38:04 to 12:38:24, Duration 20.0 
 Start Row 7651, End Row 7731 
 Start Time 1912.5, End Time 1932.5"
Mean Values:
-0.0033570792687924885,-0.0057998109002344,0.0010329103038467292,0.0015674069800131868,-0.001154974249992513,-0.0008284411987717644,-0.00369551428082223,-0.003840172694145779,-0.009377431383145726,-0.005502787075067759,-0.006865284927360304,-0.0069448049341004365,0.00031931331784560357,-0.00011771313001785602,-0.005617807661084166,-0.0055634435353234,-0.004651765239169467,-0.008416941430249446,2.5639216868346787e-05,-2.586138369790771e-05,-0.006494273137691953,-0.009894056421591028,0.0002795339047668401,0.00020830879979227634,0.0004425070518393159,3.495709422642486e-05,-0.0005044060203007542,0.0030286024293188023,-0.0008022642748370851,-0.0004786979972966051,0.00042456128196533764,-7.872812273945783e-05,0.000694993390254524,0.0028904084780349984,0.00029989820195758406,0.000834604882446262,0.0004009196590554425,0.000555880928353915,-8.144088091140652e-05,-0.0001823428242921896
"Size of mean values: (1, 40)"

"Time Range: 12:38:24 to 12:39:01, Duration 37.0 
 Start Row 7732, End Row 7880 
 Start Time 1932.75, End Time 1969.75"
Mean Values:
-0.001828159260358517,-0.000676046719971578,-0.0020988713733450528,-0.003677583492264224,-0.0012805280365359116,-0.0012383474901739413,-0.004473993687001224,-0.003399070303997175,0.004639263082171747,0.0026740988196268076,0.001168887256364599,0.0003841517456282736,-0.00044483268455614954,0.00014227914179441511,0.0002610153898541581,-0.002277919173633113,0.00421285753595454,0.006177877773987274,4.0482635706249024e-05,-7.824164153402633e-05,-0.001479668381034687,-0.0019203330646579673,0.0008705713173900174,0.0021801249643924304,-0.00043726541743625754,-0.0001759350093409149,0.0002374161159247172,-0.0032497630046356735,0.0006217603870296946,0.0009717214006964897,-0.0004051813994227061,-2.366346623923833e-05,-0.0002886542788367197,-0.0010144983142655905,-0.0003566591696773949,-0.0009095684416418985,-0.0005231897488811944,-0.0007215136584439646,0.00017615066470285924,0.0005125574515952252
"Size of mean values: (1, 40)"

"Time Range: 12:40:51 to 12:41:18, Duration 27.0 
 Start Row 7881, End Row 7989 
 Start Time 1970.0, End Time 1997.0"
Mean Values:
0.005887242149820575,0.006035367455498815,0.001801233869911385,0.003169994735479226,0.0022011160439248576,0.0022970344956936566,0.009149786997654128,0.006687306259065449,-0.0024779297887141186,-0.0011770515379503578,0.001201010083403963,0.003407479403360065,0.0005333162816724465,-0.00031007686141803126,0.002788563695357495,0.007696518515942692,-0.0035018131206061803,-0.006117156238814151,-0.0001857747285035603,6.807635494010581e-05,0.004037770725008502,0.006273216994920248,-0.002058496433080802,-0.005060223866457032,0.00045022630726131613,0.00023567123564687776,-0.000149032403270444,0.004528318667632473,-0.0005324113694738523,-0.0009974511433069261,0.0001913949125736678,-6.293576237601123e-05,-0.00025274506924119505,-0.00105962497781876,0.0003363665178909559,0.0011867386573019766,0.0005099736416146303,0.0005194435009282782,-0.00020244090665659132,-0.0007110017647512148
"Size of mean values: (1, 40)"

"Time Range: 12:41:18 to 12:41:38, Duration 20.0 
 Start Row 7990, End Row 8070 
 Start Time 1997.25, End Time 2017.25"
Mean Values:
-0.00401454515955003,-0.005611578492151519,-0.000692304399089097,-0.0009296575024363652,-0.0010742845645553877,-0.0012268025524165825,-0.005797081172511698,-0.004279111496951528,-0.004016828968445934,-0.003363015284540325,-0.0021025721776045244,-0.0035477989253535494,-0.00026701421149889385,0.00022110485683047638,-0.003494538932212776,-0.0062635764674562715,-0.0028608838188191395,-0.002374765764945086,0.00018685978087911806,-0.00021315359446459102,-0.0036096734026190742,-0.005402432148017707,0.0006684020365489667,0.0009000395703429817,0.000319317272719023,9.349289922635961e-05,-0.00045046916885069276,-0.0021363112826581496,3.205961285873087e-05,0.00041253012851116626,0.0004023352625637833,0.000478030920552852,-9.333472429365153e-06,0.0007130877224252661,-0.00033304347343581143,-0.0007136222153900729,-9.347093105999352e-05,-2.900154577490773e-05,-8.83474432315723e-08,5.395011595719456e-05
"Size of mean values: (1, 40)"

"Time Range: 12:41:38 to 12:42:02, Duration 24.0 
 Start Row 8071, End Row 8167 
 Start Time 2017.5, End Time 2041.5"
Mean Values:
4.167344031137537e-05,0.0014599471484833895,0.0016858282712775851,0.0024990166817752202,-0.00014123322848327589,-0.00035844957293869887,0.0004721881487172139,0.00025451829378056836,-0.0015187138237799306,0.00021971912784396786,0.0013664178997580207,0.0012649964821241882,-4.368677461340706e-05,0.0001236033793037905,0.0018736897763603978,0.0022248826906885364,0.0014409227425737484,0.004256311717731841,-2.3958872820571488e-05,0.0002290796803844207,0.0011144737539198995,0.0015020872202641787,0.0005550682687587423,0.002544861562522737,-0.000245324538536309,-0.00019403013085122386,0.0005163818112363828,-0.0006406785934314248,0.0004322703379913507,-0.00013862734146361877,-0.0002587983522326067,-0.0002129055494382812,0.000445690040840857,0.0012907634729854784,0.00044115846522957473,0.0004968423920390805,7.853723526958113e-05,0.0002797782871142681,7.267984225364725e-05,0.0004938008678438586
"Size of mean values: (1, 40)"

"Time Range: 12:42:02 to 12:42:25, Duration 23.0 
 Start Row 8168, End Row 8260 
 Start Time 2041.75, End Time 2064.75"
Mean Values:
-0.002164693159648272,-0.0025698560066726734,0.0010387677344911653,0.0016004991268023761,-0.0013167981451822676,-0.0009234384077504464,-0.0037037195060559743,-0.0035321691619165352,0.007774863296802047,0.004228073776313169,-0.002816943943495014,-0.004179879426033262,-6.686963485802371e-05,-0.00014659662042419043,-0.005298883931347063,-0.0065893502556437005,0.0011707316498378133,-0.0004044348140120507,-8.922037980984947e-05,0.00022649608132422797,-0.004678278602848955,-0.006022578893406945,9.559216727165471e-06,-0.0003249674443162681,-2.887462762479404e-06,2.2788372980213493e-05,0.00013797748742501513,0.0012752370049759353,0.00034642214443575875,0.0004367252862879147,9.143044500159551e-06,-7.587213617443903e-05,-9.65800369065627e-05,-0.0005636345979757549,-0.00013057191235478754,-0.00013446626023018137,-8.810110120445342e-05,0.00012030028320923187,-0.00011047284175005865,-0.00021769426269394528
"Size of mean values: (1, 40)"

"Time Range: 12:42:25 to 12:42:48, Duration 23.0 
 Start Row 8261, End Row 8353 
 Start Time 2065.0, End Time 2088.0"
Mean Values:
0.003212135023658144,0.0034472427061359038,-0.003130987261540068,-0.0047211396129995505,0.0014589937113123404,0.0014804765057183852,0.002354925310130529,0.0037319633575709234,-0.0051379032819871915,-0.003397020486616546,0.004867075862587492,0.006383572137086464,0.00016066730583735224,-8.118551535563763e-05,0.005798440531782648,0.006621118462766825,-0.0007523860606060528,-0.0019472670747472604,-2.6041134225951968e-05,-0.0006047797371331767,0.008855332266365225,0.011297021187103766,-0.0004027598701180896,-0.0006954841550284653,-0.0002705693575010932,0.00010558010880298958,-0.0005761636645799666,-0.0029450458882488715,-0.0009391596454047492,-0.0008993930142653465,7.431644152359627e-05,-7.912016904777375e-05,-0.0006178977605274149,-0.00224577708536696,-0.00047866817061808234,-0.0011359755854206796,-0.00032549551640912306,-0.0010211337194731514,1.245250339526733e-05,-0.00026705058094169076
"Size of mean values: (1, 40)"

"Time Range: 12:42:48 to 12:43:10, Duration 22.0 
 Start Row 8354, End Row 8442 
 Start Time 2088.25, End Time 2110.25"
Mean Values:
-0.0010965943337491093,-0.0019312890320267772,4.940834566888723e-06,-0.00046746261553827316,0.0009107420584890807,0.00023306232727831905,0.002538767148187549,0.001206680661133126,-0.0003749420631183349,7.16852117932308e-05,2.5902881042300805e-05,0.0014855229067696279,9.193092328909013e-05,0.00019156152261357555,-0.0013596074390286846,-0.0008813607862155178,0.0004985448908583733,0.0015680349663225492,0.00022081272391363506,0.00019992354051228382,-0.002385637826938073,-0.003994847867353298,0.0006219803216835994,-1.9512266623637982e-05,0.00026491003852844534,-0.0001695190728389522,0.00023727031055428206,0.0010618098892492998,7.860763635635212e-05,0.0002574357848947192,-1.2740675461781978e-05,0.000423885669933622,0.00020763675507038523,0.0016998743151639736,0.0003895358182080066,0.0012737400323524003,0.0007226826468200179,0.0014779056686531394,0.000108402330767598,0.0002883780300204733
"Size of mean values: (1, 40)"

"Time Range: 12:43:10 to 12:43:42, Duration 32.0 
 Start Row 8443, End Row 8571 
 Start Time 2110.5, End Time 2142.5"
Mean Values:
-0.0013550743837079016,-0.0023768645731687852,0.0017902265258835013,0.0028682555404118174,-0.002671170925521872,-0.0018015912189676435,-0.00596030138303207,-0.005973444438901472,0.002034284447584577,0.0015624977884982588,-0.004480035976443868,-0.00745875031049799,-0.0002459567237366937,-0.00023925507796446527,-0.004720139962300978,-0.006020560588958821,-0.0008339099247620849,0.0006780262757922948,-6.839486871650293e-05,0.0002452047061671691,-0.0066122015503180965,-0.007903370808105036,-0.00040830190884951796,-8.818829801445626e-05,0.000116394455554315,4.568520015586686e-05,0.0001831818239984263,0.004228805355226936,0.00045543825240043113,0.0001379184244501897,-9.31725264281801e-06,-0.0001505692499565461,1.295994892880475e-06,-0.00016935339870435495,-0.00025674323893255205,-0.00014029604982343304,-0.0006545685365061372,-0.000957557153821279,-5.060765022006953e-05,-4.668971557468172e-05
"Size of mean values: (1, 40)"

"Time Range: 12:43:42 to 12:44:10, Duration 28.0 
 Start Row 8572, End Row 8684 
 Start Time 2142.75, End Time 2170.75"
Mean Values:
0.004060390475329922,0.006075570722403059,-0.0014944464892394276,-0.0022025840837831927,0.004070248058458938,0.0030793332936080863,0.012532522714121983,0.012464054582364648,-0.0023777334461032116,-0.0019793488592186707,0.008225492280378438,0.01145668302282096,0.00025818902568880517,0.00025802584205209954,0.010510943057901624,0.013051603131581508,0.0005621898772564084,0.0009123435132610111,4.547603717586355e-05,-0.00036129312847225323,0.013406428647054162,0.018283884443072704,0.00014592220898204154,0.00014238137595978622,-0.0005510998371129677,4.0313377074225575e-05,-0.00029373953171183716,-0.004778320541559998,-9.49312313312859e-05,0.0002636202326773299,-8.008736394360211e-05,-0.00017274489353085308,9.8803241423031e-05,6.660676787850707e-05,-5.496118296695926e-05,-0.0005661711370263614,9.698951164498909e-05,-0.0004670548330931747,1.813746121949969e-05,-0.00012083069849401735
"Size of mean values: (1, 40)"

"Time Range: 12:44:10 to 12:44:30, Duration 20.0 
 Start Row 8685, End Row 8765 
 Start Time 2171.0, End Time 2191.0"
Mean Values:
-0.004615698655962245,-0.003205278383838107,0.0018602993274907228,0.003454119074472042,-0.0005054196397736902,-0.0009306095654902218,-0.006400446098768524,-0.005060995995174003,0.001015783260497819,0.0001853223189918411,-0.006315699921617315,-0.008576453044634533,8.663036240093684e-05,-0.00017074914855882612,-0.004433604051309654,-0.005671630278148908,0.0005612578410429924,0.0015817288170949535,4.201900660406133e-05,0.00031267987134294865,-0.006423411917789871,-0.011914082305723921,0.0005109712731571215,0.0007559036360818813,0.0008349007845650661,5.8669690398506844e-06,-0.0001647628912447297,-0.008013750918898725,-0.0007557199637456582,-0.0018442390284931728,-0.00010470049350051533,-1.2767972917509536e-05,-7.489105058061261e-05,-0.0005610135152050177,9.718329615904493e-05,-0.0008814435782056056,0.0006207049438503031,0.0017358577923204457,-0.00016198596225464255,0.00010943075446423795
"Size of mean values: (1, 40)"

"Time Range: 12:44:30 to 12:44:56, Duration 26.0 
 Start Row 8766, End Row 8870 
 Start Time 2191.25, End Time 2217.25"
Mean Values:
-0.00012441389992072393,-0.003661433874549593,-0.00201566263282087,-0.003356949016578406,-0.0028175915403167214,-0.0016733098174961127,-0.004996923758609659,-0.006891938058038784,0.00029245346613280637,0.0012444096226421188,-0.004574479101239352,-0.0049009873209381535,-0.00012864155469481274,-1.1640093220980338e-05,-0.005661030933340596,-0.006670095106159675,-0.0008941684256966486,-0.0038021215090909715,0.00010188872736130935,0.00019096513472881678,-0.006619060620339807,-0.007317024720020557,-0.0007763925342418784,-0.001453691293738901,-0.00022999409768896843,-0.0001628804647417975,0.0004178860687991697,0.014386183417437559,0.001019294980342275,0.0023871228568299275,0.00043416187158497826,0.00027763872097606425,8.848027596650063e-06,0.0009935337299423145,0.00011495144708441791,0.0018912630661807076,2.0090881286946813e-05,0.00015276194317383963,0.000188751568106819,-0.00016833327552807012
"Size of mean values: (1, 40)"

"Time Range: 12:44:56 to 12:45:21, Duration 25.0 
 Start Row 8871, End Row 8971 
 Start Time 2217.5, End Time 2242.5"
Mean Values:
-0.0016588448918545102,-0.0011264600745151745,-0.0006915927559237725,-0.0018508323215206742,-0.0007513101985553774,-0.0004979973140647697,-0.0036732469762002316,-0.0021819321938360745,0.0041331022074257906,0.00238706731546037,0.001261143336186666,0.0027962919927365707,-4.760449578844534e-05,4.931432051321147e-05,-0.0006907703351337044,-0.0013342722563449451,0.0017902147209369337,0.0005245324640998536,-0.00019413404734325843,-0.000507543624066953,7.373802030854544e-05,0.0004018266329715482,0.0004483194374729443,0.0006295883338365454,0.00010314773829946417,0.00022670044288655882,-0.00030226734551966225,-0.005234541744801637,-0.0014351087655460632,-0.0017407858422144897,-5.912334581561888e-05,0.00011693914506115027,-0.000287053827573893,-0.0010179007777540044,-2.4480275339860466e-05,-0.0004722134841528499,-0.00039433301354976853,-0.0015109901826837271,6.660665325923092e-05,0.00021358380415623446
"Size of mean values: (1, 40)"

"Time Range: 12:45:21 to 12:45:43, Duration 22.0 
 Start Row 8972, End Row 9060 
 Start Time 2242.75, End Time 2264.75"
Mean Values:
0.007789664465972058,0.011132516846446996,0.006461443556687558,0.010862397686090288,0.005311155716878127,0.0035743119046368634,0.017575745335549304,0.01624495242205514,-0.009440360808703295,-0.007946572145828638,0.008905355080834034,0.0072361793187859305,1.3919403876458104e-05,7.293472967369415e-07,0.009013838313586101,0.011652890524580146,-0.0038239336542357154,7.545547355243103e-05,-2.610076674228307e-05,0.0004935617061975205,0.01123132469038796,0.0154492057446226,-0.0004991433576465565,0.000551890730713831,-0.0003412039166310788,-0.0001333154526773216,0.0002622345694325032,-0.007380057226797867,0.0017333115249537317,0.0007949766058480614,-0.001129460625038646,-0.0008009447185573895,0.0009498992168112101,0.0009893516852753305,-1.463892949550333e-05,-0.0016667218273271284,-0.0005784535963955655,-2.8109157431062566e-05,-0.0003230928208585034,3.862139799955389e-06
"Size of mean values: (1, 40)"

"Time Range: 12:45:43 to 12:46:02, Duration 19.0 
 Start Row 9061, End Row 9137 
 Start Time 2265.0, End Time 2284.0"
Mean Values:
-0.009125475083534909,-0.01020015438107073,-0.005495697753333371,-0.007918208388058299,-0.0042999559480369175,-0.0033102597824937194,-0.01718793941419051,-0.014966634108470286,0.00553515861670747,0.005332808793435469,-0.01043154153819002,-0.011309597768773078,0.000204681099988004,-4.3704687744786346e-05,-0.007182512149635518,-0.00938084295309945,0.0022776250048293983,0.003061979253477069,4.749807102022076e-05,3.861131940471418e-05,-0.012997422324607225,-0.018622924531308895,0.0008310723958753177,-0.0001716874394852637,0.0002971183340179362,0.0001672799750793211,-0.000352190408797898,0.002267665280441775,-0.0009620387221659055,-0.0007952909693477623,0.0008653219498779089,0.0007286827149256777,-0.0009963030231304195,-0.0017949490816455045,-0.00032209035993456493,0.0003640135465536208,0.0006867886228673665,0.0016009243914921413,5.096180456722922e-06,-0.00023811758836971735
"Size of mean values: (1, 40)"

"Time Range: 12:46:02 to 12:46:27, Duration 25.0 
 Start Row 9138, End Row 9238 
 Start Time 2284.25, End Time 2309.25"
Mean Values:
-0.0004722018388699664,-0.0023332948932317105,2.0247472073744622e-05,-0.0009392801572468778,-0.00021272207675452438,0.00017213527411240567,0.0005079391237163939,0.0005197537596454142,-0.0010936942367583463,-0.0005895004794706619,0.0017309276725525184,0.00238541748941233,-0.00010240775536404763,0.00010726608253969062,-0.0020180852844709687,-0.0038746772810060223,-0.00037388460506321383,-0.0052195899705876495,-3.652877594320198e-05,-0.000447880688746664,0.0022243830197656625,0.0025685170954950513,-0.0006042461138796736,-0.0013251609905622886,0.00012178057215719477,-0.00011795799475822173,5.18927360884292e-05,0.002570491072270746,-0.00016630683923786802,0.00045915758446407395,0.00045216390992993256,-0.00011671903253771289,0.0004595125699811054,0.0011247300212027843,0.00022601266683591363,0.00016560585412028482,8.040407864675017e-06,-0.0013163885498443891,0.00011296988329083523,-0.00012504462172797598
"Size of mean values: (1, 40)"

"Time Range: 12:46:27 to 12:46:57, Duration 30.0 
 Start Row 9239, End Row 9359 
 Start Time 2309.5, End Time 2339.5"
Mean Values:
-0.001555888010335263,-0.0030368790610506876,0.0004876740099072198,0.0008740609714190243,-0.0011657869415224028,-0.0010569397111449626,-0.004828752897282996,-0.004020591966587466,0.005051155379564993,0.0032948166183193297,-0.002547803217548293,-0.004371543817695688,-5.5988209531887175e-05,-0.0001844790402558516,-0.002025209835278754,-0.0024523193440646597,0.0026729682171287607,0.011839161453478202,0.00035210072498093487,0.000408731536959023,-0.003056705580957204,-0.004558399629300202,0.0007190910210033673,0.0019499328966350513,4.467923640451875e-05,-4.957364785620229e-05,0.00014553846158149228,0.0007308437962051179,0.0004628556457843057,-0.0005335843874173792,2.0666895745780838e-05,0.00015071707212351793,-0.0006973520709288274,-0.0008532855048929474,-6.646400747667941e-05,0.0008224422316233243,0.0003313901612808051,0.0015032466081098372,6.222912694246015e-05,0.0003918524615102505
"Size of mean values: (1, 40)"

"Time Range: 12:46:57 to 12:47:15, Duration 18.0 
 Start Row 9360, End Row 9432 
 Start Time 2339.75, End Time 2357.75"
Mean Values:
0.011314394118565585,0.018430681003971643,0.0002816254981382227,0.0015638113053854567,0.006324713092261223,0.0043311565241969325,0.024656983617951805,0.01866799410621023,-0.0016816759607414492,-0.0025832976597239586,0.011084092343177985,0.01890346782947934,-0.00022446680536901875,0.0002721255368356211,0.0128858377635801,0.02001526928007278,-0.000634594735551406,-0.010225888316422287,-0.0006427374651050974,-2.4478947078883625e-05,0.01369906589671408,0.02417408477081249,0.000826233997915913,0.002565567034995823,-0.0006942695626531239,5.194928360829034e-05,0.00029945426431509016,-0.0007128186990623069,2.106297980562866e-05,0.0015547525425812037,-0.0010047553987046261,-7.90219017183157e-05,0.001208767466322379,0.0028729131273095647,0.000792269139125354,0.0010534220501933315,-8.541302398959047e-05,0.0005630867778104872,-6.802173823204382e-05,5.95285579369606e-05
"Size of mean values: (1, 40)"

"Time Range: 12:47:15 to 12:47:44, Duration 29.0 
 Start Row 9433, End Row 9549 
 Start Time 2358.0, End Time 2387.0"
Mean Values:
-0.0036204302662057623,-0.005159768283807648,-0.0006375586696035995,-0.0016888448997046317,-0.0027115093646632856,-0.0014863438721780995,-0.01021274253337851,-0.007145876200982247,-0.005902292191952899,-0.0028393119198593846,-0.004387647666688182,-0.008116147921261332,0.000398589322495979,-1.0758942392017373e-05,-0.002797913259071119,-0.00551218237181209,-0.004256529584684622,-0.006477081986632451,0.00010993544664857641,-0.0003119801905794254,-0.005724738387551468,-0.011149473141543778,-0.0016702129892363193,-0.004774002205655329,0.0004710702163898115,4.608132519703399e-05,-0.0004080210368273525,-0.002332223936572754,-0.0006311033359916591,-0.0008766558388359299,0.0003954180163627117,-0.00031958773804673026,-0.00029882809950382635,-0.001978282826980486,-0.0006744974445088314,-0.0020872734883673337,-0.0004488293597774586,-0.0020895540056440386,-7.529030072761508e-05,-0.0004641029115490794
"Size of mean values: (1, 40)"

"Time Range: 12:47:44 to 12:48:02, Duration 18.0 
 Start Row 9550, End Row 9622 
 Start Time 2387.25, End Time 2405.25"
Mean Values:
-0.0005119271269002323,-0.0007696973319988028,0.0009132830185756466,0.0021489677189754316,-0.00011187152571597398,-0.0005999023447546852,0.00017884589730426758,-0.0014142934907870968,0.0028160943017077355,0.0018561989560945474,-0.0014670424516990458,-0.00025092606071382796,-0.0004562889478864001,-7.564237205204787e-05,-0.0026935576849983567,-0.0016753806615234076,0.003513876973024838,0.006504354919371849,1.2987357935587932e-05,0.0002847970757741905,-0.0013523525447742754,-0.0014420953161108682,0.0010493042465807146,0.00394825555567443,-0.00020868008215968605,-7.383081620326839e-05,0.0003000916691374803,0.004919349270905167,0.00025909189020095004,0.00048574102015391124,-2.0647880783160044e-05,7.533568064400163e-05,0.00023472757255341292,0.002013460078617085,0.000618581216655868,0.002381105810401909,0.0008182366370850521,0.0024756458467851544,0.0001323766622500992,0.00045833163990081287
"Size of mean values: (1, 40)"

"Time Range: 12:49:43 to 12:50:07, Duration 24.0 
 Start Row 9623, End Row 9719 
 Start Time 2405.5, End Time 2429.5"
Mean Values:
0.0016564043353973874,0.0014146293221729898,-0.001041479975091724,-0.0018587350187432381,0.0011472877725720008,0.0011385163005049345,0.003160855115069708,0.003039897497736272,-0.002066311115126312,-0.0021510146444029283,0.0013982959643315661,0.0036284752221736306,0.0001665313459757217,0.0001877273906982525,0.000557501831876197,0.0024936109961382494,0.000389969650159206,-0.006808746248935013,-0.0003994369676185541,-0.000444973022815696,0.0018272473848602994,0.004420247598186422,0.0007429236990450465,0.0006478720713718117,0.00014195708809779675,0.000275791316490666,-0.00027993662027297046,-0.0020750422444555192,0.0004985856070858197,0.0009648149553558365,0.00016220853391673868,0.0004408106270809939,0.0007378026417310163,0.0021093261163551516,0.00046998925885254625,6.433668000471535e-05,-0.00033862892362048353,-0.0002127770730383279,9.472685545407384e-05,9.057859509361657e-05
"Size of mean values: (1, 40)"

"Time Range: 12:50:07 to 12:50:34, Duration 27.0 
 Start Row 9720, End Row 9828 
 Start Time 2429.75, End Time 2456.75"
Mean Values:
-0.0019945399044123528,-0.0022409740185906427,-0.0001431620789970955,-6.550974182227132e-05,-0.0008087625214139811,-0.0005994530917795576,-8.814517936800335e-05,-0.00037892591828328964,0.006228700221334936,0.004707613234131084,-0.00019313067511818403,-0.0019290879461497262,-0.00029299394024853893,-0.00030322435155994006,0.0009610696966928994,-0.0018449284931387959,0.0012007111718160652,0.0102144602902484,0.0003465378739281221,0.0003055574638768873,0.0013436790664982008,0.00032033290795638043,-0.0007974249337914126,-0.001231657123986554,-0.0003592733088119755,-0.000325417351781415,6.179862410306351e-05,-0.0004979210055621082,-0.0006674071862074929,-0.0013466594805416883,-0.00026203360060564785,-0.00021540488853066174,-0.0013805076914100648,-0.004249282173217699,-0.0010269762234473747,-0.0012067977256903135,-0.00035601733462747767,-0.0013504825110647483,-0.00020376137452643052,-0.000350334394716804
"Size of mean values: (1, 40)"

"Time Range: 12:50:34 to 12:50:55, Duration 21.0 
 Start Row 9829, End Row 9913 
 Start Time 2457.0, End Time 2478.0"
Mean Values:
-0.0009414334730251514,0.00046154874743972247,0.0012636419613857668,0.001594663800463672,-0.0006617480112950827,-0.0007150364004795013,-0.0042184154430446414,-0.003329281225695349,-0.004830914900648944,-0.004329010189360678,-0.0005763662477387584,0.0004917318288310955,0.0004467687420401506,0.0002474256872700895,-0.0019216597851160503,-0.0012533434201618323,-0.002272083624920932,-0.006403442777574416,-5.051299558228286e-06,3.5361270686130454e-05,-0.003538565879213425,-0.004428164473949141,0.0002956866927523137,0.00019247191503570361,0.00030096330499596003,8.528516301782089e-05,0.0003631425041475287,0.002465589172172023,0.0003867491550124678,0.0006026712774533456,-0.00016692714901845427,-0.00035895657114991915,0.000964176456692715,0.0029260048746715815,0.0008619318226413338,0.0013679836629798333,0.0010099928584451582,0.0013053617305316672,0.00021939308266813473,0.00038436369854855784
"Size of mean values: (1, 40)"

"Time Range: 12:50:55 to 12:51:24, Duration 29.0 
 Start Row 9914, End Row 10030 
 Start Time 2478.25, End Time 2507.25"
Mean Values:
0.0020273893371581947,0.0016991212732534256,-0.00024661348492130967,7.439391935736326e-05,0.0019675658010786974,0.0010296559813088297,0.004400174311688016,0.003421677766696348,-0.0024695145354870192,-0.00014610492512023927,0.0006550244103565535,0.0010570919492687765,-4.381896684580241e-05,0.00012879028853904687,0.0011752913526442907,0.002404379569641832,-0.00031536698692979177,-0.0010508762572523243,-5.381078499971741e-05,2.8501082246343176e-05,0.0022184884918503103,0.004090414980052209,3.330212750238381e-05,0.00043515924899304977,4.1456635490077205e-05,6.52220973217817e-05,-3.979152941255513e-05,-9.604046191302581e-05,0.0002664015697762373,0.000436308714820905,0.00025775143443406166,0.0002992980099152098,0.00011252569706675023,0.0007929412752704559,-7.135431973945998e-06,0.0001591710101659012,-0.00041086224167315345,0.0004232995606585565,2.9279554484294774e-06,8.209044836182248e-05
"Size of mean values: (1, 40)"

"Time Range: 12:51:24 to 12:51:44, Duration 20.0 
 Start Row 10031, End Row 10111 
 Start Time 2507.5, End Time 2527.5"
Mean Values:
-0.0012095623356256444,-0.0027822791004589176,0.0005923603004036505,0.0008474214683755902,-0.0019080488249907717,-0.0010364188096371257,-0.005577280740194298,-0.004131181810835802,0.005512086703513534,0.0019387484093693818,-0.001279464681360216,-0.003880416890303306,0.00012156760012411193,-0.0002818877548657038,-0.001723608567864653,-0.003353285432123037,0.0019855641556062193,0.00492184344570059,4.870333670279099e-05,0.00016625235186219808,-0.001740862600359788,-0.003945336958780409,-4.2657721567432034e-05,-0.00011424102666548049,2.4231769425811983e-05,0.0001038169802512425,-0.00034328527076662774,-0.0030334911149891694,-0.00043074661211147015,-0.0009897445223568638,1.5504097705085523e-06,0.0005437400505076862,-0.0004017787671340095,-0.0017754538921628876,-0.00043747266737779685,-0.0011900150124357317,0.00012257534529469622,-0.00026595621571368045,-0.00018722133731319834,-0.00034746251566159604
"Size of mean values: (1, 40)"

"Time Range: 12:51:44 to 12:52:08, Duration 24.0 
 Start Row 10112, End Row 10208 
 Start Time 2527.75, End Time 2551.75"
Mean Values:
-0.0001917818012660808,0.000561713186813703,-0.0007665731398843963,-0.0015059227209275427,0.00033126226328577304,0.0009548804944375813,0.005561410212119977,0.005253369068304246,-0.0011893135148307525,-0.00036893595534928214,0.0015754949459278395,0.002419081903054724,-0.00023455072674578888,-0.00011159838855859021,0.0021644683382756277,0.001996939002287019,-0.0005152334510003657,0.0008872946702499013,2.2933112028721605e-06,-0.00030132105853968065,0.003146011987769349,0.0039902132164663946,-0.0003735854006025842,-0.0008241946592212788,1.722394123568856e-05,-0.00017592527331356086,0.0001896663865222513,0.0005702732547714887,0.00030407563266784,-0.000185322890107328,-6.320135765734532e-05,-0.0007374840218932839,-0.0004026101808932899,-0.0016164838006162954,-0.0002398154454246058,-0.0007220112939229048,-0.0005814319984376262,-0.0016152960555543493,-3.4449058731201036e-05,-0.00014546990489125783
"Size of mean values: (1, 40)"

"Time Range: 12:52:08 to 12:52:37, Duration 29.0 
 Start Row 10209, End Row 10325 
 Start Time 2552.0, End Time 2581.0"
Mean Values:
0.0005883002731561311,-0.000187164801240067,-0.001803929731271626,-0.0037969510702223286,-0.0005687700490988521,-0.0009069111126750701,-0.005003825435857891,-0.005076456973335749,0.0013800109589427985,0.0020876772002033812,-0.0004165791706579395,0.00034685589553225157,-5.8926117550248254e-05,0.00020751759053227916,-0.002038068085266458,-0.0024381013211297892,0.0002589318165338131,-0.013206963303712823,-0.0001433433173969065,-0.00011220463306358262,-0.003539760800809129,-0.003922718634234395,0.00026392055542002595,0.0006448832538509301,-0.0007481027831761051,-5.619799530945408e-05,-0.0004365324771048413,-0.0005933484497604926,-0.0010412603165086377,0.0010851770870072676,-0.0003316421008453143,9.275388928008364e-05,0.0005468018981680936,0.0014615760771966018,0.0005144497886082601,0.0006964819532930098,0.0006419496032609739,0.001574687248169888,0.0001964682403089093,0.0003448210661971506
"Size of mean values: (1, 40)"

"Time Range: 12:52:37 to 12:53:00, Duration 23.0 
 Start Row 10326, End Row 10418 
 Start Time 2581.25, End Time 2604.25"
Mean Values:
-0.002706541792402002,-0.0013133485638251129,0.0029020393749478305,0.006934406585478471,0.00023488645547127066,0.000229100947741344,0.0005644768061256774,0.001052780068229245,-0.0034739133045984466,-0.004800603177194413,-0.002898573670615246,-0.004102212943172842,0.0004545395434313882,0.00012241583829619368,-0.0004726990216723717,0.001141741055358084,-0.0013079986947313583,0.016924052360224675,0.00010309451421500085,0.00043792749609051736,-0.0009203573047891492,-0.0016115251959580468,0.00010117131508301356,8.939686344040066e-05,0.001813328902547905,0.00040357173967366436,0.00041808768999455274,0.0013091797615879357,0.0009421511834963219,-0.001601373276786874,0.0008511731469446872,0.00010015541907688251,3.9221434456491354e-05,0.0011043516372540622,-0.00016717512369360477,0.00046509546341695407,-0.0005973595710772249,-0.0006560079610710984,-0.000182408648027563,-0.00023927300965841632
"Size of mean values: (1, 40)"

"Time Range: 12:53:00 to 12:53:23, Duration 23.0 
 Start Row 10419, End Row 10511 
 Start Time 2604.5, End Time 2627.5"
Mean Values:
0.00747183171685269,0.009519752996292624,0.0024241183850383734,0.0034131069260337713,0.0034688930550336506,0.0024826216189414055,0.012217757244632662,0.01016490828936089,0.004457564107762935,0.00384968106122523,0.008992415651266699,0.012511928728335012,-0.0003462163926127263,-0.00034285387230105653,0.00719960784021905,0.009820350221436932,0.0014424986894669132,0.008638054720761675,0.0003541559203048737,0.000284056837384521,0.010520674248153679,0.015147393419214238,0.000433842042785719,0.0007443779689483624,-0.0011923491968766115,-0.0002606534685703027,0.0008663060773756329,0.0024017707122129866,0.0013373218717756855,0.0006679202404803187,-0.0006034161767970454,0.00010577455214940372,-7.467636798525434e-05,0.0004917914206874805,0.000403626735099798,0.0014061071453469113,0.0011320923036428911,0.001486451275286689,4.6921986133691246e-05,0.00022550335267624834
"Size of mean values: (1, 40)"

"Time Range: 12:53:23 to 12:53:52, Duration 29.0 
 Start Row 10512, End Row 10628 
 Start Time 2627.75, End Time 2656.75"
Mean Values:
-0.005446420330612743,-0.008119711050498017,-0.0030578971540743648,-0.005780617329059546,-0.0031887702741633613,-0.0023430853906994723,-0.009791314592305686,-0.008430786951548705,-0.0023729151372760483,-0.0016106590277995116,-0.006313063669771872,-0.009267040961724841,6.072073223339612e-05,0.00013612910848347554,-0.005494071948016785,-0.008611344816047731,-0.0003491959543940309,-0.011269038170312152,-0.000310940580098333,-0.000532532877398629,-0.007576231785436429,-0.01080423195330832,-0.00027174948006367,-0.0009209601327149482,0.0001206675130906273,4.6848216340790315e-07,-0.0006250650538555941,-0.001456404973951174,-0.0009299929608370197,0.00017090131100124754,9.697147607039585e-05,-0.00010686412468334644,-0.0001873829187621947,-0.0016212924620712028,-0.000548057964769351,-0.0016422752320701904,-0.0007723311315880059,-0.0015542934572992855,4.8068018078534e-05,-2.7295994089160936e-05
"Size of mean values: (1, 40)"

"Time Range: 12:53:52 to 12:54:16, Duration 24.0 
 Start Row 10629, End Row 10725 
 Start Time 2657.0, End Time 2681.0"
Mean Values:
0.00029961203618063926,-0.0011499938034534218,-0.001218401667182489,-0.002301833086617698,-0.00048702956211518625,-2.4792113811759092e-05,-0.0024110862325427136,-0.001209396805337672,-0.002673747145124859,-0.0012190209285013517,-0.0011968981348711176,-0.0026653026495820813,4.810643846283265e-05,-7.046326665904091e-05,-0.000875839847582379,-0.0021784963105641675,-0.00031749199520334095,-0.006750443320522475,4.839708176478614e-05,1.4384779211404185e-06,-0.0015225873811346938,-0.0039044955451376716,-0.00010617965735839713,-0.0005827708722986422,6.562305047733716e-05,-3.6614983757979055e-05,-0.0006003027119733894,-0.0017286859846512893,-0.0010266602157098744,-4.5257888415527286e-05,-0.0002256353579476742,0.00016977632806780543,-0.00032676365434211683,-0.0013789017596437532,6.811897324757175e-05,-0.0004894370501200309,7.089555409585814e-05,1.2351098427889534e-05,-7.348632653389913e-05,-0.00042132248516016667
"Size of mean values: (1, 40)"

"Time Range: 12:54:16 to 12:54:39, Duration 23.0 
 Start Row 10726, End Row 10818 
 Start Time 2681.25, End Time 2704.25"
Mean Values:
0.0015354136373592234,0.0048955399101278125,0.0038018109385550957,0.007318387524876715,0.002116236962431523,0.001013311203151741,0.006069754302420243,0.0050285196782933195,0.00520470174824525,0.0030018689461184687,0.0026273565842016883,0.0038157846268618008,-0.00010092487228715559,4.3905057029072654e-05,0.0031804176299861505,0.006036237953578009,0.0007151256949328106,0.016957115755831136,0.00014266128487183403,0.00029645807236872466,0.0038556470859868685,0.0055647559744940464,-2.2979510938298433e-05,0.0014215130269111494,-7.556598857808865e-05,1.9729037380551762e-05,0.0009592007066973231,0.0018014168642523985,0.0018415851255606964,-0.00031002691982165616,0.0005370056090125916,-0.00030703519219860533,0.0007330668430625915,0.003664620920029546,0.0003384658580644087,0.001677420779664541,-7.094859500131685e-05,0.0005548258822521224,6.57787640986235e-05,0.0005071162781098501
"Size of mean values: (1, 40)"

"Time Range: 12:54:39 to 12:55:01, Duration 22.0 
 Start Row 10819, End Row 10907 
 Start Time 2704.5, End Time 2726.5"
Mean Values:
0.00035932605740616764,-0.0008360283859154157,-0.0013605496317771553,-0.002185546910422076,-0.001185591369441167,-0.00046851370875852923,-0.0026858525444430842,-0.0027809518210240173,0.00032950415941814773,0.0008369054793409707,-8.711699242627739e-05,0.001237958764194493,7.971262524689099e-05,2.833921175629746e-05,-0.001041992678282402,-0.0015600057699772603,-0.0007066174432190988,-0.007870196975737445,-2.1993573739319822e-06,0.00011889133857992314,-0.0017932696014044628,-0.0009232617482043896,8.478158601372654e-05,-0.0004831264556756262,-3.18849727865497e-05,6.714210141384057e-05,-0.0003571311228560302,0.001904475620076696,-0.0007656484920311586,0.0007485477207245671,0.0001220765491814418,0.0003115604316237273,-0.00019594552581866023,-0.0009837126877383369,-0.0003465234290860538,-0.0005611000376437816,0.00028247764972667307,0.0005396950956573238,-5.0837129326049776e-05,-0.00020718330490037876
"Size of mean values: (1, 40)"

"Time Range: 12:55:01 to 12:55:23, Duration 22.0 
 Start Row 10908, End Row 10996 
 Start Time 2726.75, End Time 2748.75"
Mean Values:
0.0013040648713732728,0.001838018608424068,-0.0008711541062102422,-0.00207658229717908,0.001117486270746515,0.0007103225635272102,0.0029995115914313243,0.0031495678104670336,-0.005749738376040622,-0.004250357669547681,0.0009166920950507228,-7.668716046175318e-05,4.6439785692908534e-05,-9.900342556021111e-05,0.002536968427093455,0.0029297074303767734,0.000104594600207675,-0.003062346193478432,-0.00016635585150854258,-0.00039423823267575766,0.00216764919437766,0.0021842122446713266,-0.0003931241003631737,-0.0010497971394500534,0.0003866512499583304,0.00018320803575198262,-0.00018531584889328216,-0.004131403885316219,-0.00024827372003750035,-0.0010236099384711207,-0.0009525458857944878,-0.00028531947625556425,-0.00042835881334188114,-0.0021325653280995964,-0.00025507695104204484,-0.0015886938154447481,-0.0005723431575901814,-0.0019820031265260175,-0.00010354278736975081,-0.00025205210686292064
"Size of mean values: (1, 40)"

"Time Range: 12:55:23 to 12:55:51, Duration 28.0 
 Start Row 10997, End Row 11109 
 Start Time 2749.0, End Time 2777.0"
Mean Values:
-0.0022088988924312573,-0.003371672768148923,0.0006934511592819074,0.0005695525897090548,-0.0015469742344584063,-0.0009606009539921001,-0.004623083731969765,-0.0039076346121482124,0.0024433580122489042,0.0015155358152520915,-0.0025827461952229068,-0.0031696596957976196,7.53626560533128e-05,7.977360786495165e-06,-0.0028602980027878683,-0.004527800661100094,0.0001597475782091185,0.0017499264140674183,8.736001181262472e-05,3.454595949458448e-05,-0.0029309889947477206,-0.004965373992718076,0.00033191390526579937,0.001077859974306594,-0.00014005626149433636,-0.00017534631128697468,0.0001773407773833879,0.0015987303588923302,-0.0002607331020270821,-5.022252713917067e-05,0.0006581541299850746,0.0005044153517038527,0.00035446795968011545,0.0012840951913449705,0.0006231884759746556,0.0017557718201279993,0.0007414200598399601,0.0012348295945568794,0.00014153137638925797,0.00025493346735981566
"Size of mean values: (1, 40)"

"Time Range: 12:55:51 to 12:56:14, Duration 23.0 
 Start Row 11110, End Row 11202 
 Start Time 2777.25, End Time 2800.25"
Mean Values:
0.003168139904680673,0.004051745369888323,0.0010012110143937454,0.0034283457454395883,0.0026387851291352856,0.0013624216174330287,0.007099244477810249,0.005545818654104757,0.008382921903766643,0.005279911182893136,0.003534716150157637,0.0032660173441620053,-0.0008877464611089654,0.0001969388797028045,0.0060322559487712875,0.007659738239551518,0.003308465818123144,0.013471180651722512,0.00047996702172828544,0.001013905886138947,0.004401649830199691,0.007858979739415002,0.0003137351462787549,0.000986779489367795,-0.0013323266568041091,-0.0007356730322770074,0.0004072728327772126,0.0008988902905215611,0.001984074114741701,0.002269365789058815,-0.0005583585274881078,-0.00043030153702241597,-0.0003423653551831768,-0.0004132982591200434,-0.0005384598234977235,-0.001034126343923186,-0.00019400603701674607,0.002161604278255972,-5.474952097366145e-05,0.00013060337222529892
"Size of mean values: (1, 40)"

"Time Range: 12:56:14 to 12:56:37, Duration 23.0 
 Start Row 11203, End Row 11295 
 Start Time 2800.5, End Time 2823.5"
Mean Values:
-0.0032600514842856883,-0.004810150200304067,-0.0037479941154501518,-0.00751697252879362,-0.001802311371756995,-0.0009003132888135991,-0.004817914360929568,-0.00348996192254947,-0.013562118551767406,-0.007523156006430764,-0.0014808032144423135,-0.001487228637448186,0.0007396997935836852,-4.40523905677507e-05,-0.005750699197214581,-0.006448961902694852,-0.004685952573598709,-0.016266930030835267,-0.0008760757876958838,-0.0015742270736956753,-0.0017359371165559063,-0.003977647965654119,-0.0005950174393903157,-0.002648638649838252,0.0013043091899299162,0.000988774652528126,-0.00030755410001597204,-0.0012722363398028856,-0.001217769647350814,-0.0017321065443443862,5.6340289718048766e-05,-0.00016694344420160043,-0.00023204223556263327,-0.001473048300836922,0.0002675679498587914,1.999622073391311e-05,-0.00028846785157481765,-0.003022793215691536,-5.4081742566994405e-05,-0.0003566129281017933
"Size of mean values: (1, 40)"

"Time Range: 12:56:37 to 12:56:56, Duration 19.0 
 Start Row 11296, End Row 11372 
 Start Time 2823.75, End Time 2842.75"
Mean Values:
0.005604507578755621,0.00946181219219117,0.003225365604720956,0.00458547395524555,-0.0009016343305399503,0.00017418616263742713,0.0014371473707700604,-0.0006458273850769128,0.0019464496212669795,-5.566525936216022e-05,0.0017846355117105814,0.005356434502492823,0.0004345400717220476,-0.00029672006261508395,-4.813202549655884e-05,0.0023742050273044897,0.00012773653812203279,-0.014040955998546443,-0.00037340966055940774,-0.00019925343102737158,0.0001554927875096424,0.0029810430156159452,-7.402400283584363e-05,0.001183506086855744,0.0006021042370249462,0.00015212681297146655,-0.0009233360880245341,-0.00048023551303872264,-0.002617837066452105,-0.0012273829983139555,0.0008416173825150553,0.0006015861330593806,0.0011816141362330187,0.0026380307913594406,1.4592254923794622e-05,-0.00018326798093095902,-0.000704364249885311,-0.0020266804798651514,7.600763995005362e-05,-0.00012215282287887593
"Size of mean values: (1, 40)"

"Time Range: 12:56:56 to 12:57:20, Duration 24.0 
 Start Row 11373, End Row 11469 
 Start Time 2843.0, End Time 2867.0"
Mean Values:
-0.0033383489640005965,-0.004248488920467215,0.00015643853576512544,0.0018407345190679602,-0.00011663875190810786,-0.0012481274868936165,-0.004114196087056146,-0.0032152238952827174,0.006309309889424832,0.0032194417309095256,-0.0005175849801573379,-0.001782951505974909,-0.000498952796054214,8.989771721216822e-05,0.001982458177290771,-0.0006534315801396965,0.0019428838437371902,0.01796927009252412,0.0011248469253689077,0.0017459161843901517,-0.004225873607383315,-0.005803934688232574,-0.00014302749415341488,0.0002147730439877656,-0.00019925005340219466,-0.00038154110839163686,0.0007843263326071895,0.0018245231813567057,0.0008780628723293537,1.807781384821269e-05,-0.0004221153293448124,-0.0003713968511830659,-0.0004920865294408443,-1.0945250187968905e-05,-0.0002639257478331721,0.0006546015347623205,0.000724395064340306,0.003249639967077017,4.9505056459583436e-06,0.0005495898221846348
"Size of mean values: (1, 40)"

"Time Range: 12:58:50 to 12:59:08, Duration 18.0 
 Start Row 11470, End Row 11542 
 Start Time 2867.25, End Time 2885.25"
Mean Values:
-0.01183920577015172,-0.015418027713767426,-0.0007901012904658373,-0.00229767142080509,-0.0019662981298078355,-0.0012160043565366371,-0.009321638258937285,-0.005290943970493064,-0.008915715360678257,-0.00434233311140661,-0.007994696016967503,-0.014011173422895514,0.0004279010336337944,0.0002816430458347603,-0.007036201197227519,-0.0107624760783883,-0.002093391437330186,-0.0010711030334212403,-0.0003272264872236223,-0.001138201208028875,-0.0028013326013878338,-0.00958164608137052,0.0004183347824003602,-0.0013074860219463602,0.00024181386273538791,1.2194426919825232e-05,-0.00011757900674296851,-0.0052891257578482585,0.0026275432523522073,0.002261673805285098,0.0005591247740734988,1.8236736773758517e-06,-0.0006813378996225834,-0.0027283555903312978,1.6378179552967077e-05,-0.0011290740685054787,0.0004443305840841704,-0.0006223267727220466,-9.110661526341487e-05,-0.000466596247264053
"Size of mean values: (1, 40)"

"Time Range: 12:59:08 to 12:59:24, Duration 16.0 
 Start Row 11543, End Row 11607 
 Start Time 2885.5, End Time 2901.5"
Mean Values:
0.0189447792665073,0.022846648163489094,-0.001277108199251103,-0.002064955057798205,0.005504765772054529,0.004651050947620455,0.023425913221687758,0.017820962589790025,0.0025371234486621275,0.002121720198966898,0.01436854153566031,0.024823207822442187,-0.00045692320959975604,-0.00032749486525196183,0.01057865947104441,0.018263955443818692,5.205891518809317e-06,-0.0006086942083326687,-0.0004927564320494486,-0.0006475907346537647,0.01487750524342063,0.025715630544326618,0.0005649008812703228,0.0017749030625129215,-0.0013196917868296772,-0.0002273318731214344,0.00014609515126883264,0.006541317131665113,-0.0006036231430503245,-0.0006318854993326936,-0.0006551110766893664,7.13221565947985e-05,0.00034390493875403194,0.0017078521010023672,6.173430193417188e-05,0.0005904668793424326,-0.0005738814952788319,-0.0010740797179731058,0.00011672075318369616,-6.616525836046609e-05
"Size of mean values: (1, 40)"

"Time Range: 12:59:24 to 12:59:42, Duration 18.0 
 Start Row 11608, End Row 11680 
 Start Time 2901.75, End Time 2919.75"
Mean Values:
-0.0031083455427538434,-0.007422794078877921,-0.0004949495158970741,-0.0015872871731144383,-0.003549419848585404,-0.002084916211186671,-0.010706939828571276,-0.008018402093915522,0.011348600867450204,0.007632725687101173,-0.00629705494298135,-0.01310619708257322,-0.0007057918986466428,-0.0005396282366322678,-0.004582970833345352,-0.007562932134895497,0.0043040373245058,0.0009655199246373419,-0.00012106917469552611,-0.00020581702284669699,-0.008275110654333265,-0.013810946955802135,0.0012184074977485842,0.004335930080248666,-0.0009423172388112807,-0.0005230855273889412,-0.0006679885171512132,-0.0019509537940303977,-0.0009577005476800571,-0.00042323969209165466,-0.00032893260239207333,-0.000184786410720622,-0.0003651021418317543,-0.002788726003140449,-0.0008440356577234169,-0.002802530646281049,-0.0010048397477034098,-0.0026123640494640516,-0.00017889262621698012,-0.0006856617347461884
"Size of mean values: (1, 40)"

"Time Range: 12:59:42 to 13:00:01, Duration 19.0 
 Start Row 11681, End Row 11757 
 Start Time 2920.0, End Time 2939.0"
Mean Values:
-0.0030455541328717186,-0.00010465167908043067,0.003581457006194629,0.006470317790291791,0.0010260439891773066,0.0003587700229081612,0.002684550247832869,0.0016258858056109936,-0.009703579664734572,-0.007443278667176527,0.00036172739018301367,0.001773324191988627,0.0013289896728340758,0.0008533072090160464,-0.0025687268734812378,-0.0027759458275137035,-0.006861737000714933,-0.020315421561500038,-5.951769305545712e-06,0.0005911839628284294,0.0016095125087184751,0.005054232914956768,-0.0032618526047931925,-0.009092957325412938,0.0023186261102271567,0.0013328951942745677,-8.092723706011033e-05,-0.001972615672441961,-0.0010684213679779467,0.00013514842120324183,0.0007466747461216021,4.2405474361026e-06,0.0017586705786073289,0.00526723401106593,0.001242960424521027,0.0028273579149050527,-0.0004972828671160193,0.0003961462173974148,7.311593654619106e-05,0.000692701371132604
"Size of mean values: (1, 40)"

"Time Range: 13:00:01 to 13:00:19, Duration 18.0 
 Start Row 11758, End Row 11830 
 Start Time 2939.25, End Time 2957.25"
Mean Values:
0.0028315944066320217,0.008830492409987577,0.002117977793251094,0.005548439117772429,0.0037196385531150416,0.0016181173642817435,0.011556290078199466,0.004801618281840333,0.008026541211099171,0.002486488438021579,0.003510196168480931,0.009543065553125157,-0.0006205496746777528,0.00014327004516396702,0.0032662016353451734,0.007662777553091383,0.005013724913301033,0.01856290834083897,0.00028534251321858753,0.0010968301050425318,0.0026372210626490044,0.00841014115940471,0.0017549284786752151,0.006867524566565239,-0.0010177811786479972,-0.000538700663186371,0.0011961235411238522,0.004980154999803217,0.0016014081311555024,0.0010353056381387372,-0.00015251437573255086,0.00045360935990300844,-0.00030355037184709476,0.0017057145208331614,0.0009264449334217655,0.0037911641500995544,0.00283884374772748,0.00767662312255441,0.00018385464822624986,0.0012797149239030811
"Size of mean values: (1, 40)"

"Time Range: 13:00:19 to 13:00:36, Duration 17.0 
 Start Row 11831, End Row 11899 
 Start Time 2957.5, End Time 2974.5"
Mean Values:
-0.006434662553474673,-0.013089929208343674,-0.0056707038510324945,-0.01037254172324038,-0.004265281657893192,-0.002158915464236242,-0.01633925815086849,-0.008670752459027336,-0.014389304899273224,-0.005299005213485836,-0.006331472423687188,-0.010130916747232979,0.0003260698127547521,-0.0005308192982854951,-0.001597731292665649,-0.004940320852774013,-0.003940123514124382,-8.064033541034521e-05,0.00010829929388909177,-0.001014989341591484,-0.005895931338524517,-0.014891852921365027,0.0004023107860688413,-0.0020786710247906737,0.0006214559166526116,-0.00016549954822936893,-0.0008365036847469176,-0.003121780628639781,2.7401031198943213e-06,-0.0013337157098663812,-0.0001861995170825592,-0.0003177951605136687,-0.0017766614154243326,-0.006331301870420152,-0.002437262470289523,-0.00551632865978041,-0.0014019064313951497,-0.005649351618147051,-0.0001166692742705074,-0.0014466836501009733
"Size of mean values: (1, 40)"

"Time Range: 13:00:36 to 13:01:00, Duration 24.0 
 Start Row 11900, End Row 11996 
 Start Time 2974.75, End Time 2998.75"
Mean Values:
0.0020020795056256606,0.0013373164931400664,0.0006726481967980422,-0.000286860257583145,0.0003520095326620105,0.0003186668463305269,0.0010206391324695677,0.002541428935986926,0.004622559753145148,0.0028801662507856674,0.001715822359090822,0.00011492389947622606,-0.0003211649821855019,-8.456943666166807e-05,0.00033306187018382355,-0.0016237297347706208,0.000787956564252882,-0.0024171279562537487,-3.8346806037099135e-05,-0.0002125082750438033,0.0037804202005793162,0.002957823186108673,-0.0003960648266725997,-0.0007578040233663173,-0.0005278241368853996,-0.0002189492173652001,0.000121145332594853,-0.0007400507416970028,-0.0003521344375852791,-0.00015588177191824226,-0.00032705654483287575,-5.581146777795467e-06,0.0006667596920452038,0.0009855337158992084,0.0009600713715414976,0.0005295103482538794,-1.879400028011559e-05,-0.0011347450604823513,-9.85655972371283e-06,-0.00018825105958823618
"Size of mean values: (1, 40)"

"Time Range: 13:01:00 to 13:01:24, Duration 24.0 
 Start Row 11997, End Row 12093 
 Start Time 2999.0, End Time 3023.0"
Mean Values:
0.003905300631958395,0.005857598859180538,0.0009524652892513025,0.0021386077789665014,0.0011975948585199658,0.0005851073479261513,0.006114954965758774,0.002484609802766179,0.0030129211193564384,0.0008985814880922764,0.0023511901186948174,0.0036535434145739134,2.721266638933299e-05,0.0002968181531809274,0.0021404890956631334,0.005425534200489202,0.0021902672177997167,-0.0005510559463509038,-0.00016890630404083106,0.0001723428164443013,0.0009236099118989316,0.005463553470777015,0.0003555303360543079,0.0020792596481922845,-0.00022861056385828704,0.00026695811465141214,0.00021567604219514745,0.0013587646745267072,-0.0001068346481252318,0.0003434587973207283,0.0003260319459485155,7.459470716835966e-06,0.00052036261275113,0.0023421084462557766,0.0005929462584684748,0.0020176914873467045,0.0003022735401460386,0.0026015692201989326,3.562961094363441e-05,0.0006619060496389016
"Size of mean values: (1, 40)"

"Time Range: 13:01:24 to 13:01:45, Duration 21.0 
 Start Row 12094, End Row 12178 
 Start Time 3023.25, End Time 3044.25"
Mean Values:
-0.004967997578832157,-0.006151394549015686,-0.0007145844639290246,-0.00075863451693496,-0.0013885936620098495,-0.001079206579922403,-0.006665628670959454,-0.0046632566680539275,0.003688990099209712,0.001822638664663425,-0.00395440600214126,-0.005320707073489758,-0.00020985438696584686,-0.00025311143363884844,-0.0030892086325354294,-0.004814293744511094,0.004209886864097923,0.014299574471593423,0.0001303086527076748,-0.00011850809758331366,-0.005465938168798433,-0.008675461208795499,0.0012059832681127175,0.0021533951660230154,0.0001835228521766,7.029244644723012e-07,-0.0002929850900938569,-0.00146627654378054,3.269224932406745e-05,-0.0006465752760612702,-0.00012886494956442244,8.334797580101016e-05,-0.0013162420883933103,-0.00418459918001027,-0.0014913171248257069,-0.0025745348256102445,-0.0008015463480018408,-0.002304725470150658,-0.00013300134159763985,-0.0004980766336483751
"Size of mean values: (1, 40)"

"Time Range: 13:01:45 to 13:02:09, Duration 24.0 
 Start Row 12179, End Row 12275 
 Start Time 3044.5, End Time 3068.5"
Mean Values:
-0.004037074655415134,-0.006007999746950961,0.0004918105021548522,0.0003202746453804692,-0.0014564801119826545,-0.0010657409626900398,-0.004039208006043893,-0.003894029401548831,-0.00668383188874189,-0.0029431278662859777,-0.004235397593655499,-0.006119216102705343,0.0004014181221168056,-1.5438910282934208e-05,-0.00492545158677279,-0.007506755872743656,-0.007345786321304229,-0.015015493260900134,2.2935793395719985e-05,0.0002108304416341803,-0.002892354433468115,-0.0056660055074455856,-0.0017526276042149863,-0.004390742398066032,0.0005820512916226168,-4.146373881201644e-05,0.0003342522388474926,0.0030357505064697683,0.0005310328511752434,0.0008729779413656218,0.00012807704664660955,0.00019270471581953467,0.0008502549833262793,0.003280125859293668,0.0012667862681874425,0.0026630128834203176,0.0009329566411483303,0.0016257685960119794,0.0001057746836929522,0.0002486184547972404
"Size of mean values: (1, 40)"

"Time Range: 13:02:09 to 13:02:34, Duration 25.0 
 Start Row 12276, End Row 12376 
 Start Time 3068.75, End Time 3093.75"
Mean Values:
0.007622788303053559,0.009700598138933016,-0.0007522267588131792,-0.001185588816513674,0.002358957538217023,0.0020185820893840953,0.007740459397495461,0.007495697794364172,-0.0009349883636944012,-0.001105160727354409,0.007064959804461809,0.00999436719081953,-0.00018077662485126248,0.00011096348136295018,0.008089921164578347,0.011945959259161986,0.0019044799447857767,0.001950903646512402,-7.702707122603257e-05,-0.0003351989208449098,0.007376970448140736,0.010412034404412414,0.00027941100320552143,0.001121090422490107,-0.0005184562285429812,-9.520050547159349e-06,-0.00050651645930475,-0.003294537490664398,-0.0004425841358715568,-0.0005128635741791526,-0.0004033237994873045,-0.0005858337081304488,-0.00017022464466868103,-0.0014827383637889082,-0.0010584367080592268,-0.002962095711619532,-0.0007875093910553028,-0.0016256534111371108,3.8723937879351535e-05,-0.00024655111696104937
"Size of mean values: (1, 40)"

"Time Range: 13:02:34 to 13:02:58, Duration 24.0 
 Start Row 12377, End Row 12473 
 Start Time 3094.0, End Time 3118.0"
Mean Values:
0.001398859651036397,0.003381846783153178,0.0012825530497510673,0.0023323207226212186,0.00041656039799058033,0.0002885717149446126,0.0009067765962695621,-0.00023543591097636656,0.0013536386330928166,0.0010837310377358105,0.000709443366010035,0.0011033654403323416,0.00025503067447773,0.0002230127236269525,-0.00013586715891344967,-0.00027060171737234694,0.000931095368832979,-0.002015955676913606,9.79732146919825e-05,0.0005807542426994692,-0.0009839849003249425,0.0006744731169290913,0.0006712304144233185,0.0010542238250178322,4.015998636405321e-05,0.00011183902615011774,0.00032104741182065774,5.210561627990657e-08,-0.0008444124505223086,-4.414923535978516e-05,0.0006471183768682314,0.0005971747079693971,0.00018061034655605666,0.0008901039214678058,0.001094588269612505,0.0023487496304220074,0.0009274398565586159,0.002279770005669332,0.0001633309450758557,0.0005747419917826219
"Size of mean values: (1, 40)"

"Time Range: 13:02:58 to 13:03:19, Duration 21.0 
 Start Row 12474, End Row 12558 
 Start Time 3118.25, End Time 3139.25"
Mean Values:
-0.005582137829469045,-0.007724454780122451,-0.0011479085394915575,-0.001718441173658285,-0.002548134882355012,-0.001991454452122131,-0.007974764346123915,-0.00609709614594366,0.0040020761699992155,0.0028904199765102064,-0.004926346351112374,-0.007081495621928788,-0.00044058182761590533,-0.0004306261058004185,-0.003929168015190695,-0.005657505407507494,0.0003931270824626189,0.0005789955697539787,-0.00015491282969188193,-0.00041890862271523583,-0.003991421598562563,-0.006348071663734426,-0.0006273495054542372,-0.0009146043465750166,7.189303556852551e-05,-4.506807516846893e-05,-0.0005901275011282087,0.0004235024675257833,8.384899288750264e-05,-0.00020435764136470354,-3.585074202453879e-05,-0.00026652413939587844,-0.0006009552433143381,-0.0024782565762013794,-0.0009019748611065983,-0.001515740285908579,-0.0008874958185510365,-0.002185550902892439,-9.499933842094406e-05,-0.0005253383684905876
"Size of mean values: (1, 40)"

"Time Range: 13:03:19 to 13:03:46, Duration 27.0 
 Start Row 12559, End Row 12667 
 Start Time 3139.5, End Time 3166.5"
Mean Values:
0.004104312878523507,0.002517803514612901,-0.00033845895073219916,-0.0010613568482716871,0.003988875136947796,0.003070109675831269,0.014401694034611225,0.012930172134112404,0.0005086830092333269,-0.00012855029900213656,0.009476612796171503,0.014466944148683422,0.00012715309670743762,5.515854117932342e-05,0.0035072663769087115,0.005291468192472978,-0.00037133850831507246,0.020279823121298557,0.0002708997237866978,-0.00024705575150666244,0.010985450077667873,0.014761437393725308,0.00021338004577426913,-0.00037205933599070525,5.3078260971530236e-05,-0.00016191544284806364,0.0015106983487099125,0.0049906416260326976,0.0034017850443981024,0.0012457342574401155,-0.000778927316873529,-0.0001164795249227052,0.000687591853832445,0.003755334324389448,0.0005113960352321374,0.0014888418732899316,-0.00015849340406526538,-0.0007713795535071627,-0.0008522362968845387,-0.0006083499373129048
"Size of mean values: (1, 40)"

"Time Range: 13:03:46 to 13:04:08, Duration 22.0 
 Start Row 12668, End Row 12756 
 Start Time 3166.75, End Time 3188.75"
Mean Values:
-0.006289900997154866,-0.00717239542175979,-0.00022297557068556644,0.00023913189053681452,-0.0027824535471919695,-0.002541700081556279,-0.012698384719825321,-0.0108554547826482,-0.012105810722097987,-0.006705187141510596,-0.007163316272637338,-0.010978452868691814,2.9809807353409443e-05,0.00043088961612812877,-0.0023796287524974636,-0.00570431564738762,-0.0006190341820398852,0.010803200087633398,0.00017976003271640475,-7.990547853589968e-05,-0.008854034526731638,-0.014619909316216496,-5.610880607897192e-05,0.00020445693859294734,0.0001521112949333532,0.00023306719308578588,0.0009850232341182172,0.004058516507284104,0.0028209522599289497,0.0019527695287506269,-0.00029588931183232464,-0.0005668798864730004,0.0004866344611569453,0.003084148080878061,0.0006804791301978399,0.0022809696362037606,0.0002247643680954327,0.0009852129645627071,-0.0003876857875504584,4.186425230903929e-06
"Size of mean values: (1, 40)"

"Time Range: 13:04:08 to 13:04:29, Duration 21.0 
 Start Row 12757, End Row 12841 
 Start Time 3189.0, End Time 3210.0"
Mean Values:
0.007887126695665032,0.012784880269517521,0.001816491958908312,0.0024203378144811646,-0.000798311237395774,0.0002038171594393356,-0.00027627799712451025,-0.0020319725887182304,0.010914134819893511,0.00629268689412993,-0.0035430893090656213,-0.0067998633125244574,0.00013348211381426748,-0.00027761067374571977,0.00016097261454890987,0.0033326767840415003,-0.00039483444337017493,-0.0658022915569296,-0.0008919481670927611,0.0006970367863468131,-0.0040218499338549795,-0.0007733696056283558,-0.0003195271121715684,8.74363519526516e-05,-0.00044556385751733064,-0.00017188816591493823,-0.004457470961705595,-0.017905896237159994,-0.01145704593315087,-0.005020247920092921,0.0014976556792264872,0.0011019273690516546,-0.0014941538128345037,-0.010396145022402398,-0.0017475039313007135,-0.006530416513812583,0.00021455629179505207,0.001273842866199839,0.002588022286238724,0.0017313668261813228
"Size of mean values: (1, 40)"

"Time Range: 13:04:29 to 13:04:48, Duration 19.0 
 Start Row 12842, End Row 12918 
 Start Time 3210.25, End Time 3229.25"
Mean Values:
0.011748286027692003,0.024020501088322436,0.003919450747013923,0.0058268177260210625,-0.0045741951180824775,-0.002119705080423064,-0.010359994437821441,-0.013232061709596545,0.02218466752286212,0.010018401772097875,-0.003622065157928876,-0.00329725344708622,-0.0002932379687070399,-0.0008420195185118939,-0.002331869285725792,-0.0003262043354227692,-0.0006764654952884196,-0.14363966356164315,-0.0017084686583084653,0.0016608545389551748,-0.016009899904234147,-0.014319072467073958,5.144507256941416e-06,0.0008485360596189813,-0.0010424353022274496,0.00014615353395253686,-0.009802419448509283,-0.03927520295616316,-0.025016144655315514,-0.01081125952178158,0.0020568747865434374,0.002006277408240304,-0.0031421040261484672,-0.021213666911559435,-0.003418047517697408,-0.013501141485966884,0.002041489104389791,0.004115240262156939,0.005936400833137111,0.003930234126828158
"Size of mean values: (1, 40)"

"Time Range: 13:04:48 to 13:05:11, Duration 23.0 
 Start Row 12919, End Row 13011 
 Start Time 3229.5, End Time 3252.5"
Mean Values:
0.0014118137511644037,0.0014747032448052424,-4.2955970531403065e-05,0.0001158643173876325,0.0018482148689981527,0.0011261641088705066,0.00855537812246961,0.006182028110173302,-0.003699862088654929,-0.0023643500743549314,0.005054507843067208,0.008552119364495998,5.562022445880637e-05,0.00010819239348896581,0.0020467905539554307,0.0037394050340636207,-0.000579180141720214,0.022215035964820516,0.0003771127450233334,-5.356051045962406e-06,0.004966289071259808,0.008885823852015683,0.0004130885180386855,0.0010327945067821625,-8.12386031763401e-05,-2.051351771877896e-05,0.0016214442730470321,0.0071347915178122485,0.0031865636471739506,0.0006008349331400022,-0.00048799540765316797,-0.00047710142653688276,0.0005023745958232951,0.003805691389542436,0.0008639073865132068,0.0032593195763820503,-0.0001450421441914004,-0.0003942536532520784,-0.0008836839476305338,-0.0005499402741633851
"Size of mean values: (1, 40)"

"Time Range: 13:05:11 to 13:05:29, Duration 18.0 
 Start Row 13012, End Row 13084 
 Start Time 3252.75, End Time 3270.75"
Mean Values:
-0.059505329251898914,-0.111162280800089,-0.017877427627763936,-0.025504123753274974,0.011074330288720013,0.0021780367898598593,0.014192870905895464,0.03291955604035289,-0.06900711762944248,-0.033191103593641275,0.010450247657258386,0.013543599252141011,0.000744912242588866,0.0018497348910518963,0.004789613562711037,-0.010806133658807116,0.008060281623140299,0.5755844962966771,0.007221637798692538,-0.00654167005293236,0.04956768416875569,0.028103005918550458,0.0012736822364113815,-0.003838936034204002,0.00464796855230153,-1.787749599590703e-05,0.037155222825968066,0.1520700504635925,0.09702292245007053,0.040631673675501453,-0.007164426004824377,-0.007185455702264387,0.010392277796004873,0.07742158978482473,0.010683501405255234,0.04701752188722797,-0.006562727186988067,-0.016449751523305262,-0.02317072832860356,-0.016433572515812244
"Size of mean values: (1, 40)"

