"Time Range: 14:57:15 to 14:57:45, Duration 30.0 
 Start Row 3546, End Row 3666 
 Start Time 886.25, End Time 916.25"
Std Values:
0.0076532625892206906,0.02095940827424557,0.007720287130904293,0.016331181347660734,0.009711800059976268,0.006900984325662966,0.01989331477861693,0.01321417339594685,0.029445622975323403,0.013775911023566538,0.008695861906767348,0.04308612472706251,0.0010504833430368512,0.003302173849231208,0.003995527002690229,0.021661983888314498,0.008823777877319501,0.019999943956008938,0.0040381398102640725,0.012072313705903878,0.004663220892659128,0.015443962893765107,0.0008369361435231507,0.003089629444149329,9.322508331026593e-05,0.000709662206561374,0.0031580288443489265,0.013164608012314933,0.000760024601808003,0.0021399378878605934,0.00012523079339899154,0.00028719737637102625,0.003917166007041769,0.012409886425827313,0.0002643946530553704,0.0006750414984438437,0.0010884394515697968,0.0010955376481619722,0.0004549109697218707,0.0006780786856376126
"Size of std_values: (1, 40)"

"Time Range: 14:57:46 to 14:58:11, Duration 25.0 
 Start Row 3667, End Row 3767 
 Start Time 916.5, End Time 941.5"
Std Values:
0.007333354344030961,0.01030525299093292,0.010479398561841206,0.015095522538038069,0.016938914451730378,0.01521204386247556,0.019909111305794272,0.020410785705394185,0.019945805440022744,0.009809447077323128,0.010191201259807336,0.019307413690852787,0.0009782248074029832,0.0019379394625501148,0.008449747390031579,0.01339265020808174,0.004571549748976785,0.008313059652520868,0.0023022893130046893,0.005330443383991309,0.00818372534990846,0.015141455035976402,0.00032143634038845216,0.0011999673598561958,6.250179701396975e-05,0.0002476475731197536,0.0012099520884692348,0.004441218611428005,0.0034542802610472907,0.005224752889521908,0.0002113381656452953,0.0005028333361984824,0.0019481128087324466,0.004824536511940747,0.000482609109472058,0.0010867682225732397,0.0032846692232659943,0.004508732924185867,0.0018693875445806667,0.0017782036494481323
"Size of std_values: (1, 40)"

"Time Range: 14:58:11 to 14:58:53, Duration 42.0 
 Start Row 3768, End Row 3936 
 Start Time 941.75, End Time 983.75"
Std Values:
0.006325048593307087,0.013569188748142887,0.004390023081027112,0.012113311758690586,0.009911790348191233,0.008342554825058985,0.014806963679051715,0.012598464435931687,0.025981082833239348,0.01202203320071123,0.007290558404148194,0.026183759726571523,0.00072540316688035,0.0021657562529173056,0.004716157227889707,0.013711888880372385,0.0066054837682901065,0.014407913108652281,0.002855415631070275,0.008506709050655696,0.0028149392019905183,0.007518344754989773,0.000523736617681954,0.0019048569116461344,0.00012581666857163672,0.0004805494736404683,0.002024567171223964,0.007882378296013579,0.0027414156136685314,0.004459006363564162,0.00010411571232373769,0.0002728294582546051,0.0021939842100577693,0.006807717284197825,0.00015602148222422697,0.0003879635305614965,0.0010496935551835636,0.0013589499277301986,0.0006563026513105885,0.00096668152210488
"Size of std_values: (1, 40)"

"Time Range: 14:58:53 to 14:59:25, Duration 32.0 
 Start Row 3937, End Row 4065 
 Start Time 984.0, End Time 1016.0"
Std Values:
0.003417335518052606,0.009005961577221019,0.007453825614857929,0.0139977248076331,0.004261188397076831,0.003745842228438722,0.008460299895030339,0.00674828351071614,0.03562640786895432,0.017895762576924015,0.005522492547369606,0.018643720792024348,0.0007519037230816906,0.0022166445627636706,0.0030315695011909703,0.007073187246337096,0.006048447452680138,0.01332256371361975,0.002515771135970892,0.007102064287681435,0.0030910306063155492,0.0064336948637486995,0.00036458321118543305,0.0015641871816274972,4.8621809479830274e-05,0.0002632948016910911,0.0015422886728281389,0.005982205694718644,0.0007765581301734924,0.0013956824741050834,0.0001134923811780957,0.0002639497747065585,0.0019613235685704195,0.006185523879867368,0.00020502688026958384,0.00047725356579696973,0.0006257640943954357,0.0011876990428011385,0.0001296310240668124,0.00027920263255618597
"Size of std_values: (1, 40)"

"Time Range: 14:59:25 to 14:59:50, Duration 25.0 
 Start Row 4066, End Row 4166 
 Start Time 1016.25, End Time 1041.25"
Std Values:
0.0034823905508402577,0.00987855838290098,0.0035653733610465552,0.005612581336405357,0.0058912617924996215,0.005858441609876454,0.010891266425699174,0.009376661056660343,0.014378664204297464,0.0066626059917012535,0.006142926538888584,0.027838027107663085,0.0005083907766975255,0.001049408341025328,0.002876508434816674,0.012416291604227836,0.004645909353578654,0.006798251555877715,0.002251860287775554,0.004362985038136895,0.0018348452522970408,0.006421485413737487,0.0006769056637307505,0.0017222591372604266,0.00010176919763342076,0.0004122105219154033,0.0016023728926634882,0.006653108296569962,0.0006688174490969235,0.0011984633532170028,7.669526697711051e-05,0.00011110054369796651,0.0016658559570014839,0.0038887639929235216,0.00019295024879650589,0.0003872334245291095,0.0006325713824818636,0.0008819512515298086,0.0002579168098597127,0.00020966462285897835
"Size of std_values: (1, 40)"

"Time Range: 14:59:50 to 15:00:23, Duration 33.0 
 Start Row 4167, End Row 4299 
 Start Time 1041.5, End Time 1074.5"
Std Values:
0.0030464534848636394,0.0036916356392657367,0.0029704553978803987,0.004905609094056743,0.0026593782315597553,0.00142872507227288,0.005447514804438736,0.004206977804271381,0.010357091043193366,0.004819578459591845,0.0027631811277528625,0.003208579731961009,0.0002016774631675427,0.0006263771678008806,0.0023352486206698196,0.003999141923032707,0.0017516913740513722,0.005015726617527597,0.0006294246603910681,0.0021167566166930473,0.0023219843133202916,0.0033494600672065752,0.00018467179507904174,0.0005279633377130347,3.0428580794360563e-05,0.00011673748642176493,0.0007526769984154386,0.0031503002551468984,0.0010279014789016565,0.0015679686555607189,6.762480162177287e-05,0.00017863741322368828,0.0008409762521658642,0.002741227579571279,0.00012044315458510662,0.0003103998912384339,0.0007373631209258197,0.0014719331465692916,0.00012209601201245438,0.00016905814293621365
"Size of std_values: (1, 40)"

"Time Range: 15:00:23 to 15:00:53, Duration 30.0 
 Start Row 4300, End Row 4420 
 Start Time 1074.75, End Time 1104.75"
Std Values:
0.003447651968518779,0.009932032546071138,0.0019032259679373378,0.003980823959661561,0.003954791023203821,0.002134760838533035,0.003933512219284097,0.0020912946309520437,0.0037577444370535088,0.002112203577616772,0.0020088614269264046,0.010092769394273744,0.00020877752165002452,0.0006316729545693444,0.0018776137752273578,0.00719691048045719,0.001154341169263844,0.0038520068798475952,0.0007776339554634107,0.002452496899537847,0.0029345033256172456,0.0028697964563669967,9.525284766065512e-05,0.0003312816470263872,2.4518265693859957e-05,0.00010024165114342616,0.00039095208080997717,0.0014022418265211898,0.0007004807688113482,0.00100644551705767,0.00012974624239850356,0.00017447532973107662,0.0007936635574590912,0.0017448523086771566,0.00022576340574982095,0.00043702929683296155,0.00030908050549430943,0.0008507962306140157,0.0001656234798734278,0.00017208228844717196
"Size of std_values: (1, 40)"

"Time Range: 15:00:53 to 15:01:32, Duration 39.0 
 Start Row 4421, End Row 4577 
 Start Time 1105.0, End Time 1144.0"
Std Values:
0.0019957104116342787,0.0037300009871295186,0.000917163095316641,0.002121073046405724,0.003472765571306023,0.002664675355393437,0.007399092490866692,0.005951881774885517,0.002756310193551302,0.0015001419848232145,0.0026521216437552144,0.004384397002429521,5.766131294591603e-05,0.0002743561457588583,0.0018827704534851056,0.0031618547417968613,0.0009557756595397278,0.001671533678502664,0.0002785084914828969,0.0011248620544936432,0.002558399143593138,0.0033398822300843545,0.00012146769297941907,0.00027218386122242113,2.9268214919069325e-05,7.98277758668966e-05,0.0005327208700711283,0.0021126337954526344,0.0006041515411148272,0.0008907712352852343,5.639794806028903e-05,0.00010888218909655201,0.0007113011215631044,0.002036813779959344,0.0001201090230071146,0.0002836572205322741,0.0003800771123516672,0.0008120137470854778,0.00011891195085204996,0.00012997392111524256
"Size of std_values: (1, 40)"

"Time Range: 15:01:32 to 15:01:56, Duration 24.0 
 Start Row 4578, End Row 4674 
 Start Time 1144.25, End Time 1168.25"
Std Values:
0.0028343063228190826,0.003606780690888261,0.001905091469874263,0.002836124980093829,0.002223459903129998,0.0014314237541734375,0.0037245454903573724,0.002048273406386639,0.0011821525131658496,0.0007256883656982355,0.0020424665020299672,0.003956316146488991,6.063309749818472e-05,0.00020044078902630385,0.002231121088904073,0.0031513994581840628,0.0010206418390616848,0.0019074445779586318,0.00028105452865647416,0.000658929117793274,0.002309169539644245,0.0025764690055483314,0.00016509767387793426,0.00024941475242046095,2.1868800158070314e-05,6.495688090098138e-05,0.0005158846012377838,0.0016206223352292744,0.0008529212436367947,0.0011260238133880632,8.282648852039621e-05,0.00011844115086980799,0.0007959069093942278,0.0019996414570428375,8.196255110927203e-05,0.00013428874421727284,0.00033149284836734167,0.0006594759817511947,0.00011656224178978975,0.00012809053692494583
"Size of std_values: (1, 40)"

"Time Range: 15:01:57 to 15:02:22, Duration 25.0 
 Start Row 4675, End Row 4775 
 Start Time 1168.5, End Time 1193.5"
Std Values:
0.0026677729703797545,0.0017325809314325338,0.0024314465559824873,0.003898766977388628,0.002483315111844356,0.002600991253720532,0.007078573571274346,0.00471751116990068,0.004596561020158577,0.0031774420140239967,0.0031951179575527206,0.004306079777858871,0.00010462346048559392,0.0002711141668142499,0.002863280913389124,0.002591267449324495,0.0013123313922994203,0.0019475329187673585,0.0003599357890913808,0.0012549204795244363,0.00641429175994207,0.010538435353158003,0.0003934103715560805,0.0009066419505254047,6.286228644757162e-05,0.00018887303600226008,0.0013038390391647253,0.005608511611052291,0.0005900960189867283,0.001214152035171216,0.00022388662212989387,0.0005055347348271057,0.002109750423414341,0.006048604537350971,0.00046983985538952733,0.0011420887358389747,0.0010371070623650966,0.0023749861065398615,0.00016373524313644718,0.00025879918675280906
"Size of std_values: (1, 40)"

"Time Range: 15:02:22 to 15:02:44, Duration 22.0 
 Start Row 4776, End Row 4864 
 Start Time 1193.75, End Time 1215.75"
Std Values:
0.004592443668814264,0.004413464121185727,0.00094329133178734,0.0016841895063438733,0.004446876755559832,0.002942106253068168,0.0066368671502347746,0.005129978341695214,0.0013384872669807825,0.0009354481723728021,0.0034443793286240455,0.004914557334272462,5.869552063862575e-05,0.00014743100883794438,0.002577622930118907,0.0036981470496936196,0.0014412630562026794,0.002926859186371727,0.00035101737261723797,0.0005090452599448003,0.0030627023240466,0.004508128066386511,0.00018875906677127206,0.00041748926515120655,5.3565897135498194e-05,0.00013441960126749363,0.0004812802842559943,0.002202972530142331,0.0009893896735207169,0.001466428044499194,7.827720477100467e-05,0.00018894836340462628,0.0006148104805587391,0.002263452213776671,0.0001521122240835434,0.0003811097724104718,0.000452146159803667,0.000793132876246898,0.0001727987232964254,0.00020472652673860262
"Size of std_values: (1, 40)"

"Time Range: 15:02:44 to 15:03:03, Duration 19.0 
 Start Row 4865, End Row 4941 
 Start Time 1216.0, End Time 1235.0"
Std Values:
0.0029158008313307105,0.0025447277593342306,0.0008578431478183796,0.0013435504921012183,0.002017659234209423,0.0019484007422126872,0.0042528350994289685,0.0034906922469042155,0.0020912173312351754,0.0008177934935633454,0.0028999862482708724,0.002726979213807484,5.934499921886825e-05,0.00019335781723886443,0.0026576939129474937,0.0030835462530555864,0.0009731567616040035,0.0015423831721183797,0.00029374271125501104,0.0007453257298104266,0.002889398111171924,0.004055398315376109,0.0002703382326638001,0.00045078427815220426,4.152034102173128e-05,9.126855393403427e-05,0.0006634039137861992,0.0024262782801122156,0.0006742530507833727,0.0009493374139519305,9.894630059436239e-05,0.00012569776460200608,0.0010456927784935487,0.002545397815298737,0.00018533169482938305,0.00034594836848893457,0.00045019297631403274,0.000779009027133131,0.0002302524499650975,0.00022853991123354418
"Size of std_values: (1, 40)"

"Time Range: 15:03:03 to 15:03:26, Duration 23.0 
 Start Row 4942, End Row 5034 
 Start Time 1235.25, End Time 1258.25"
Std Values:
0.0037467663304888233,0.009364674704317018,0.0017248596811126188,0.002860454699290854,0.0050474656130014214,0.0041912949411343145,0.006612067089578886,0.005463666531341621,0.00580407254211731,0.0032214676007778697,0.003044060476072477,0.00888970233589229,0.00014618717019787924,0.0002538630031879012,0.002145371283820153,0.008443707693996697,0.0014829718140135079,0.0026273072249300873,0.0007258309452443012,0.0012922563451620642,0.001290126824866745,0.003524444482765366,0.00018156256009561178,0.0003947674393648326,3.8255801892388705e-05,0.00011633912109950808,0.0005287067975219343,0.0018461365085918036,0.0007021314600145466,0.000999037024325732,9.710245795214912e-05,0.00010104076828293304,0.000875537579099724,0.002128269279844782,0.00018304703889238273,0.00036556632658152496,0.00036981165041195335,0.0007203295175899449,0.00012665652947290373,0.00013233098729820324
"Size of std_values: (1, 40)"

"Time Range: 15:03:26 to 15:03:51, Duration 25.0 
 Start Row 5035, End Row 5135 
 Start Time 1258.5, End Time 1283.5"
Std Values:
0.004815303072457518,0.00623803557426798,0.0012391028956182082,0.001778650268723058,0.005767901402594471,0.0040182471478449645,0.008090516307127574,0.006149335858262668,0.010876730128130226,0.005733976689231896,0.0031647811780769275,0.008925085701721732,9.911293916356548e-05,0.0003638828525391179,0.002691687559571417,0.007443446210489476,0.0016729629708096413,0.0035788515166070875,0.0007210826164958552,0.0015334739439717342,0.0023733383010800368,0.004498230551269837,0.0002625222141913744,0.0006318780937176323,4.629821395707203e-05,0.00017040641052509846,0.0008509321944554143,0.0035318130581284894,0.0006460785052746819,0.001104503760271887,8.124412564129588e-05,0.00021367070779837883,0.0009694392964085895,0.0032582380970637413,0.00018886506019962358,0.0004184010739627144,0.0007076774896363588,0.0014829768723220692,0.0002993480261679679,0.00034627608631605854
"Size of std_values: (1, 40)"

"Time Range: 15:03:51 to 15:04:21, Duration 30.0 
 Start Row 5136, End Row 5256 
 Start Time 1283.75, End Time 1313.75"
Std Values:
0.0023051260904854484,0.0050956932911584,0.0005887453277154724,0.00171285802314522,0.0023659041397520834,0.0018116370851372987,0.005511843370306003,0.003918248493731658,0.005196154283276077,0.002621633779667416,0.0028264891977590858,0.0041210505677405996,0.00012808396663293732,0.00036769785921433954,0.002692513221090509,0.004963404173416242,0.0016713126103605983,0.004178162912087964,0.00034430484006409714,0.0009585197760982592,0.0034173418682040438,0.005904051515980217,0.00026807165276215676,0.0006535691374476595,5.2685654523018596e-05,0.00017048093644956457,0.000999380602102919,0.004356109037854428,0.0011055083307713917,0.0019250872631357322,0.00013643410376860943,0.00035678551179314273,0.0014565971754520735,0.004597774319721671,0.00024271055577123422,0.0005976451161144307,0.0012584994708594564,0.002480482747170482,0.0001521647649565431,0.0002517207751815135
"Size of std_values: (1, 40)"

"Time Range: 15:04:21 to 15:05:03, Duration 42.0 
 Start Row 5257, End Row 5425 
 Start Time 1314.0, End Time 1356.0"
Std Values:
0.0023648481705428755,0.004359898251983614,0.0026826049766785647,0.004163520050355706,0.005722984161774348,0.0036591332183938926,0.0050207187120044575,0.0031652701286523223,0.0035639752454630184,0.002521533269166022,0.0023214939665497664,0.003337602022004871,0.00011408369925465502,0.00032215358990285843,0.0024573787902424536,0.003528508354163783,0.000615643467053523,0.0018608080584573568,0.0003544465920938538,0.0010008483374196518,0.0027471425152841215,0.0038142378489432354,0.00019213503507815202,0.00039605303351039156,3.087710226306299e-05,7.305930003827192e-05,0.0008309910491412764,0.003101431164761519,0.0006962806793108741,0.0010584511550806566,8.318313807382209e-05,0.0001756587098113403,0.0010407275537080117,0.0027175559058898917,0.00023485376574518952,0.0005213835439539234,0.0005449991095432243,0.0011707248912119041,0.00019645263786860078,0.00021973954614048447
"Size of std_values: (1, 40)"

"Time Range: 15:05:03 to 15:05:42, Duration 39.0 
 Start Row 5426, End Row 5582 
 Start Time 1356.25, End Time 1395.25"
Std Values:
0.003669204887624893,0.00820629501291257,0.0033183834047638486,0.006965457298649525,0.005048363264844712,0.0033019280560586343,0.009694908499479397,0.006452861634809271,0.01304568946994665,0.006274357705170335,0.004115770189094687,0.012651743676139427,0.00031972388774644575,0.0010558460817395874,0.00227254284331095,0.006598742595773418,0.003577463737955793,0.008194744158921904,0.0012958278968661348,0.0042128645456050275,0.004116134398899956,0.007449074050258372,0.00040146151548165013,0.0012295665606140284,5.8407775844324385e-05,0.00025159439656983036,0.0014000810571093373,0.005788246798406635,0.001074520454403629,0.0018157733146014529,0.0001612172569822676,0.0003383195370170966,0.0019354201294767568,0.005921349767406663,0.0003017980776727878,0.0007109346167979702,0.0010143928599108821,0.002129783453985794,0.0003268724806642873,0.0004243397207210291
"Size of std_values: (1, 40)"

"Time Range: 15:05:42 to 15:06:13, Duration 31.0 
 Start Row 5583, End Row 5707 
 Start Time 1395.5, End Time 1426.5"
Std Values:
0.004998908781307257,0.009973265415459495,0.0038774334258162126,0.010058111061372372,0.005682221528160915,0.004518383686773429,0.010207660639493313,0.00925742710999561,0.022977397807770486,0.010562331572094663,0.005644581326524859,0.02723229573255701,0.0005856001780541541,0.001956105747235393,0.003334903912881712,0.015025075806369482,0.007507577002890336,0.017911148985293123,0.0028753436120750276,0.009124074843516046,0.003576420909981168,0.00720026202167216,0.0007362454418180481,0.0025359348159507394,5.263948848723625e-05,0.00045319373710850846,0.0025011637588810685,0.010216974852847024,0.001647706230522682,0.0025083442767747377,0.00010214590382232092,0.0003000902671903861,0.002910638305636057,0.010155960868786788,0.0002989173078866934,0.0007035674620789681,0.0008583763661752439,0.0013170620873517928,0.0005911279956481827,0.0007737114690069937
"Size of std_values: (1, 40)"

"Time Range: 15:11:04 to 15:11:41, Duration 37.0 
 Start Row 5708, End Row 5856 
 Start Time 1426.75, End Time 1463.75"
Std Values:
0.003436054037057203,0.0084347620885399,0.001499701964560028,0.003143075708876406,0.003513426709367201,0.0018492265114456062,0.004052540643755981,0.003133810388799258,0.0071319052564763116,0.0038992800004212964,0.0029207610889814216,0.009039948753540606,0.00018762873649540734,0.0007557933554620341,0.0023270583509441213,0.004562034804376314,0.00261292330816697,0.005253528267565749,0.000887783361821808,0.002785747391817837,0.002998418488478202,0.004618962131235022,0.00021170019294257714,0.000775900755488888,3.8879891077377465e-05,0.00016948849103005679,0.0007933777037476897,0.0037646836009654606,0.0005151623986269905,0.001001902326879153,6.643646794768593e-05,0.00012145062169443372,0.0010603265981332349,0.0031216075370204613,0.00015762355002526003,0.0003872618972980785,0.0005239609379529932,0.0009650435745363239,0.00013785515838004762,0.0001733309754550905
"Size of std_values: (1, 40)"

"Time Range: 15:11:41 to 15:12:32, Duration 51.0 
 Start Row 5857, End Row 6061 
 Start Time 1464.0, End Time 1515.0"
Std Values:
0.004439926468745388,0.005934855539934139,0.003127066169754117,0.006354979803915348,0.005490258070717866,0.004308359626658128,0.01160304354892794,0.009526310338032614,0.015010213637710879,0.006825337732562958,0.005513256930027678,0.02303181680766184,0.0004989790838171604,0.001548403038328832,0.0034606674803002654,0.01034732880486306,0.005920281284306086,0.013980252238990165,0.002328340534025535,0.006764345210230927,0.005825483605183567,0.010881813054228345,0.0007731330047541529,0.0023884540977603245,7.317280919337146e-05,0.0004203283557009107,0.002251413049523658,0.009596382090604653,0.0015732715348216793,0.002406034952607404,0.00019893519820296884,0.0005096719850877829,0.003443792739221291,0.010907383502854305,0.0005293100990394999,0.0013091821744965408,0.001213465662397793,0.0022778536763065496,0.0006834811140767508,0.0008131427767918861
"Size of std_values: (1, 40)"

"Time Range: 15:12:32 to 15:12:59, Duration 27.0 
 Start Row 6062, End Row 6170 
 Start Time 1515.25, End Time 1542.25"
Std Values:
0.00468257005321906,0.009665703662245359,0.0029094993095142418,0.004670176357097108,0.005777358717686976,0.0035240672738488287,0.008016034534581322,0.005803749305275849,0.006574476924203537,0.0032164742775011488,0.0032304500412669154,0.010523228825385063,0.0002102580216718119,0.0005786794537642164,0.002697317478714748,0.00815383440231742,0.0018659342292192658,0.003963599009771087,0.0006631255458675303,0.0021065662966715604,0.002043192540052867,0.004617227439374046,0.00017133162615774842,0.0003746654159220135,4.948427305003696e-05,0.00015512090560652574,0.0011049068015484193,0.003959635660085888,0.001118766757347299,0.0017099427951082062,6.649247616873838e-05,0.00015173399093847074,0.0010209885192742896,0.00274123175383371,0.0002069865012439247,0.00046439473360518964,0.00043425420866279545,0.0009612902982568014,0.0002320536750762932,0.00020407043557363412
"Size of std_values: (1, 40)"

"Time Range: 15:12:59 to 15:13:39, Duration 40.0 
 Start Row 6171, End Row 6331 
 Start Time 1542.5, End Time 1582.5"
Std Values:
0.00349143607310385,0.005944793100940929,0.0023736654538917728,0.0031753096401385492,0.0037976129631756964,0.003446673022264381,0.005494347796955201,0.005780253130481881,0.004746953125967319,0.0032290619544124073,0.0034492488561053917,0.006163413129865773,0.0001753426239324064,0.00030256613114292534,0.0020876696942921926,0.006289035040347707,0.0011117638876777158,0.0030935897846583226,0.0005913272081056542,0.001421545556202423,0.0030102317919339407,0.004199937377060871,0.00029092850031437985,0.0004925030599007417,6.211763063651656e-05,0.0001375061228790295,0.0011029502887198888,0.004484614993808197,0.001815408973972909,0.0028189798750144967,0.00010601297537833442,0.00023676229666534573,0.0013418628379142927,0.003994247324152366,0.0003344997138796884,0.0007304344425883154,0.0007277414085361576,0.0017301454120070645,0.0004926576806324726,0.0005108427006677993
"Size of std_values: (1, 40)"

"Time Range: 15:13:39 to 15:14:51, Duration 72.0 
 Start Row 6332, End Row 6620 
 Start Time 1582.75, End Time 1654.75"
Std Values:
0.007281470131617699,0.01201376205652883,0.0033145590206943793,0.0064399523878058106,0.007017027211332467,0.006183643218861025,0.009011312364094607,0.007615266028492199,0.01603439974676717,0.007299183109156367,0.006055007249094266,0.02146767819480088,0.0005402351399745761,0.0013962882161192818,0.002386802816008995,0.009372730102902039,0.004976346538936346,0.010178855700451328,0.0021802452739927425,0.005666207280643601,0.0035548104218430924,0.007471598631084533,0.00048231454791543613,0.0015304554055978743,8.500611625605177e-05,0.0003172036181275043,0.001341103752399641,0.005348699677496869,0.0012551647444644922,0.0019175833719986117,0.0001392358479326697,0.0002713565327063581,0.0016326401539827006,0.00459043222348872,0.00028884346718471675,0.0006711999168385902,0.0009601094106088506,0.0020007341240500134,0.000431163634227532,0.0003338614294497778
"Size of std_values: (1, 40)"

"Time Range: 15:14:51 to 15:15:17, Duration 26.0 
 Start Row 6621, End Row 6725 
 Start Time 1655.0, End Time 1681.0"
Std Values:
0.002684591858304207,0.00169439930231283,0.0016192326988010727,0.001981723751266719,0.0033157323212742694,0.0020938387631808295,0.0033710373450721205,0.0023487165691529885,0.0012317719511245454,0.0007591551446729503,0.0017513457364741528,0.0031389288839784755,4.720175904845259e-05,0.00014858087074273382,0.0018105128183716628,0.0022415348864667944,0.0005253654548416769,0.0010782575376654853,0.00014552604263872587,0.0005209351353135566,0.0018205562269566471,0.0018542899749574978,0.00010702443117170026,0.00025154802694220366,2.896027247396989e-05,4.5235846221420515e-05,0.0004697868014337237,0.001642696423658345,0.0005143712142473197,0.0007588458344628642,3.8126411889864406e-05,0.00010415576818006846,0.00045567828100485263,0.0013609681664502092,0.00011048110741840241,0.00026285747672353935,0.000266117749941707,0.0005201772200057676,0.0001256120530886344,0.00011634505952016503
"Size of std_values: (1, 40)"

"Time Range: 15:15:17 to 15:16:06, Duration 49.0 
 Start Row 6726, End Row 6922 
 Start Time 1681.25, End Time 1730.25"
Std Values:
0.0030447640376897434,0.004595061912451568,0.001469978729909816,0.002476490536405319,0.00460193013910492,0.0030034450967075504,0.006107328766633579,0.0033397426295977933,0.013122315928288253,0.00557162009143669,0.00210935976000274,0.003577740952043534,7.940993989829404e-05,0.000510438266758589,0.002396967508430105,0.003989697292316471,0.0016264250746728574,0.0038029096725209323,0.00047786238186387886,0.0011542419935699575,0.0022138702908614948,0.0033651330702903952,0.00024117942519197628,0.0005020467078082087,3.7222634421058944e-05,8.540405620755827e-05,0.001003421461813607,0.003500289234113917,0.00044067800746135067,0.0005457906763732464,8.9065464296757e-05,0.00019968950235798477,0.0010056229877538798,0.0029028443441799614,0.00018186765106653925,0.00041212146918480564,0.00045641520107565276,0.0010535861729370445,0.00026360481362627694,0.00022551716175135832
"Size of std_values: (1, 40)"

"Time Range: 15:16:06 to 15:16:34, Duration 28.0 
 Start Row 6923, End Row 7035 
 Start Time 1730.5, End Time 1758.5"
Std Values:
0.0048315480627720425,0.00418867063300694,0.002761264774103195,0.006702988136317064,0.0068514951490113085,0.005171532811587349,0.0033300571668771284,0.0028505510271020413,0.02342460102054085,0.010751474818303299,0.0022042560393236077,0.004301644576854452,0.0003463321324355415,0.0011664893131464531,0.004070389813776576,0.005080548129386561,0.0015173242731124788,0.005711787497149045,0.0007336310978171772,0.0036668229002665116,0.0021978824474103106,0.002981845560983262,0.0002842339606178126,0.0003809037123223561,2.284869490770279e-05,0.00010034530177742731,0.0005942494521733637,0.0016365889219004275,0.0008995066090568826,0.0014882823593235768,8.709253862037924e-05,0.00017592054198686078,0.0005257968664976617,0.0018660094729542962,0.00012078388386211395,0.00025486346679075636,0.0004705577924799045,0.0008670387037890293,0.0005505237779650856,0.00044965145889155797
"Size of std_values: (1, 40)"

"Time Range: 15:16:34 to 15:17:19, Duration 45.0 
 Start Row 7036, End Row 7216 
 Start Time 1758.75, End Time 1803.75"
Std Values:
0.004804277808366423,0.016897331188126564,0.005224083134708213,0.01385715633496943,0.0069179640901957055,0.0030427430661635166,0.014677440948735458,0.00785064375907235,0.03469106440307093,0.015347593493997183,0.004407412774780719,0.028523836082885914,0.000794280411649625,0.002721017925526426,0.003275447046666472,0.01428193419003342,0.007553136130136164,0.01873390588518076,0.0029752799314310455,0.010235384230833517,0.004441154986196711,0.01159773226703933,0.0006974753860927186,0.00267766314154959,6.654742512736065e-05,0.0004696742979109555,0.002133177893337837,0.008575575936248666,0.0010650005550665719,0.001540453747473145,0.0001769344284907946,0.0004304868393785027,0.0037196283522112016,0.011165077575111244,0.00039960809781662625,0.000979796004559548,0.0013778643375251135,0.002676868040831915,0.0003490884510370307,0.00043415249035898805
"Size of std_values: (1, 40)"

"Time Range: 15:17:19 to 15:17:56, Duration 37.0 
 Start Row 7217, End Row 7365 
 Start Time 1804.0, End Time 1841.0"
Std Values:
0.005168863940393044,0.013778543887989889,0.004738741081088522,0.010937832509140264,0.00840127141317287,0.00491206015016398,0.012259541355392027,0.006541850438962117,0.023349381012906262,0.010872134408007267,0.006362307386132083,0.024025082003310442,0.0004976438408878384,0.0016812883553903397,0.003445913655612593,0.014834820634603209,0.0049941615481903425,0.010920885107363932,0.002283167023877286,0.006619972661000852,0.005888136060463193,0.012442364996122123,0.0004480382146783129,0.0017526209209650766,6.960747314642109e-05,0.00041103766213408487,0.0017605401249700169,0.007189871286855383,0.001863378121372577,0.0030362524563032267,0.00013365186672213464,0.00031286449490735164,0.002164981704932268,0.007906578807354092,0.0002979848536221569,0.0007015266020264579,0.0010340344304980704,0.0018531920989219076,0.0007130247847978768,0.0007873076284244054
"Size of std_values: (1, 40)"

"Time Range: 15:17:56 to 15:18:25, Duration 29.0 
 Start Row 7366, End Row 7482 
 Start Time 1841.25, End Time 1870.25"
Std Values:
0.0031352401044897286,0.005238273887905844,0.002875838862540927,0.006169744114878455,0.003923987140809815,0.0025544425858171544,0.005744135346662696,0.004078658864538152,0.012160351440935965,0.005511102166032259,0.00235931388160078,0.010366326252861675,0.00029666336980666946,0.0010003970730087489,0.0022932850004230058,0.005707910836814535,0.0027844360843547232,0.007448093842759733,0.0011967107752844446,0.0040989077985363305,0.0022224332719696757,0.004294823169300234,0.00021193271907084805,0.0009493687432522657,3.5452406839008255e-05,0.00020659440600332319,0.000842897214804114,0.0035434877313993527,0.0005036076257509419,0.001099238021979099,8.084163354198448e-05,0.00016675884747386133,0.0007235920134389445,0.002550349243139049,0.00011188324363093174,0.0002601256489615607,0.0006283111269193355,0.0011768749982470665,0.00017815006266583245,0.00012842198080598036
"Size of std_values: (1, 40)"

"Time Range: 15:18:25 to 15:18:50, Duration 25.0 
 Start Row 7483, End Row 7583 
 Start Time 1870.5, End Time 1895.5"
Std Values:
0.009085436779706368,0.01707107720946866,0.00602386944249975,0.009246791899757459,0.011034476541906152,0.008216110098039743,0.014420884658263175,0.011156977154488178,0.016249078190051423,0.00746560956396321,0.007774755754780621,0.018138143509940502,0.0010097700805852105,0.0019160029165938748,0.003623047098110631,0.010501791026682718,0.003956625536096784,0.009818613495250575,0.0016675107701104894,0.005046518251838561,0.003300217572554436,0.007731672395182086,0.00038543776396176985,0.0012370758653241967,0.0002026927566533756,0.0005422040851572468,0.0017663751872002197,0.006878720718034985,0.002345316676168787,0.0040847824041409546,6.879520316043679e-05,0.00012167329451985651,0.00214488052075679,0.004170548065762651,0.00033838569372283256,0.0006265103956942326,0.004207271301538891,0.0039181558666834485,0.000661873087253665,0.0005992971964572072
"Size of std_values: (1, 40)"

"Time Range: 15:18:50 to 15:19:20, Duration 30.0 
 Start Row 7584, End Row 7704 
 Start Time 1895.75, End Time 1925.75"
Std Values:
0.002919264591261333,0.005609111096629644,0.002858757918625061,0.003603403369141857,0.0042953138958253525,0.0024440616290171014,0.007598369311202852,0.006495470128035686,0.006646591304021363,0.003558965114923043,0.002691628812521069,0.00547772089781572,0.00020172228675795843,0.0004989676550364299,0.0030831228748628243,0.008241049127363486,0.0014138432264288905,0.002675413359093804,0.0009599292733372327,0.001552060352919674,0.003593206161394528,0.005503901308054479,0.0003035617269102052,0.0005026093355123145,4.4315469748219115e-05,0.00010010487388105494,0.0010506897294838757,0.0037595604303529945,0.001267327668501623,0.0019390888475835492,0.00013636147741754733,0.00030453181736497,0.0013439137636101497,0.003242991679415625,0.0003330803058263885,0.0007770740153296731,0.0006538907869411444,0.001668407114761906,0.00023862891941388477,0.00036018673108098966
"Size of std_values: (1, 40)"

"Time Range: 15:19:20 to 15:19:48, Duration 28.0 
 Start Row 7705, End Row 7817 
 Start Time 1926.0, End Time 1954.0"
Std Values:
0.0046899130765171194,0.004930217304447274,0.002029062026382703,0.0029575420045951694,0.003873362802061092,0.0020242286072377574,0.006012688691234108,0.004840481922930646,0.0038091120127164706,0.00310879014545768,0.0028593694141017586,0.004189305150400419,0.00011786012031979798,0.00029967638783105066,0.002731787763590241,0.004966760880764596,0.0013998346495704844,0.003553369250459612,0.0003761314780115417,0.001127344011432745,0.0046167402975907405,0.00648161415132476,0.00029724212947302917,0.0006968666652742954,5.7316956487931296e-05,0.00019079774449383579,0.001077110927940271,0.004133410161015759,0.0005708893330568274,0.0012150802888952125,9.132208823630802e-05,0.0002513246607013324,0.0012606258650220343,0.0036904334861992526,0.0002368477426806951,0.0006134883664213009,0.001224770636816109,0.0024294338188291585,0.0001405552757492407,0.00019399350922384934
"Size of std_values: (1, 40)"

"Time Range: 15:19:48 to 15:20:15, Duration 27.0 
 Start Row 7818, End Row 7926 
 Start Time 1954.25, End Time 1981.25"
Std Values:
0.0033936422163493405,0.004690120973622979,0.001805417655943248,0.00431807901418761,0.0029283282032036917,0.0023096999161718104,0.0032564083011200075,0.00285682859470175,0.010597628442374012,0.005587721704923009,0.002882400463562543,0.007675095398992307,0.00024833916521177344,0.0008559296487785186,0.0022789019199787094,0.005596358414854265,0.002310256846700036,0.005275172698430012,0.0008743213102527765,0.0032381551125117355,0.002055620240725527,0.0038455262561847884,0.00025397965476280023,0.0008496788829099339,3.910415338012418e-05,0.00016772313807072748,0.0011016295307677466,0.00427348486074019,0.0004517591616763092,0.0009163969319641886,7.101710914645274e-05,0.00020161787425372501,0.0015170582699263033,0.004578536024965481,0.00017846835439394175,0.0004441020768539535,0.0007792598772551992,0.0017918248073050922,0.00019013291423591446,0.0002999204248536754
"Size of std_values: (1, 40)"

"Time Range: 15:20:15 to 15:20:39, Duration 24.0 
 Start Row 7927, End Row 8023 
 Start Time 1981.5, End Time 2005.5"
Std Values:
0.0026246141838838603,0.008226358687491123,0.0028453832689225183,0.005967463709293718,0.004694880412440067,0.0032159761525219466,0.006558147635961765,0.0050310298113850896,0.012744150340437785,0.006043888082684231,0.0033514700575393973,0.00966572746585392,0.00020718754244539674,0.0009043169533375431,0.002604689540526356,0.008565211909156701,0.0021016903953914893,0.00663324975743518,0.0009277313440064633,0.003805538194952744,0.00297727812721209,0.0053334774690596,0.0002043039152220358,0.0007893606595607053,3.682054330805693e-05,0.0001993611324146735,0.0007282039607691123,0.003028463039188349,0.0006042586322628984,0.0012768255735870196,9.421355565123691e-05,0.00019939836469216906,0.0010289574017474518,0.0029721012681686696,0.00021819241283856154,0.00048351100222801465,0.0008374603241511364,0.002013473566149292,0.00038342935524291274,0.0004242659953381438
"Size of std_values: (1, 40)"

"Time Range: 15:20:39 to 15:21:08, Duration 29.0 
 Start Row 8024, End Row 8140 
 Start Time 2005.75, End Time 2034.75"
Std Values:
0.0026051419731003963,0.0029987128329598974,0.0012733469347049092,0.001989992420245699,0.002798927557444689,0.0014824236430120115,0.00328405127551575,0.0015878549569115297,0.002414710520800667,0.0014624856721293744,0.0022295625312902896,0.0037606907727753213,8.350899148946738e-05,0.0001413014494167981,0.0022977914248261413,0.0030028656262068992,0.0006573912105113194,0.0012322709953588662,0.00029382556114484446,0.001037508941901693,0.0019233098291681894,0.003099196412071506,8.361577975133203e-05,0.00023984977287136978,2.0572792720278233e-05,5.05831388507605e-05,0.00035698847886532357,0.0011479513218055574,0.00029352953451735063,0.0005447904782961421,4.473178415042547e-05,0.00010818084830725685,0.00043742307361079556,0.0009172990216237442,0.00010826401317892978,0.0002475883622515704,0.00025089577438764505,0.0007466031141669798,0.0001170130755449406,0.00011944822653239744
"Size of std_values: (1, 40)"

"Time Range: 15:21:08 to 15:21:35, Duration 27.0 
 Start Row 8141, End Row 8249 
 Start Time 2035.0, End Time 2062.0"
Std Values:
0.002204729948546347,0.0039032812147295174,0.0009451383755922093,0.0014049016205526933,0.0016782540090671707,0.0009850316268968818,0.001726214080162753,0.001484544273749341,0.0015136664475298366,0.0008356613008530449,0.002690185102865154,0.0021849874400142197,5.980262269229036e-05,0.00023896116217863054,0.0017750623321647046,0.0037417448078326497,0.000665029472625271,0.0014772913971210014,0.00017133217004559033,0.0013351743509220312,0.001389647246718702,0.002260384656733888,6.830478216161974e-05,0.0001843698233618531,1.9604861298142227e-05,5.414886443402327e-05,0.0004308921650796154,0.001570128270207444,0.0002576197296863326,0.00045963018346276846,5.801907422728341e-05,9.917142256356887e-05,0.0006947468419664771,0.0019133868139371234,7.99365638670148e-05,0.00020561874840143639,0.00042386050278933233,0.0007695682798124546,0.00014550288482725735,0.000123706735021947
"Size of std_values: (1, 40)"

"Time Range: 15:21:35 to 15:22:04, Duration 29.0 
 Start Row 8250, End Row 8366 
 Start Time 2062.25, End Time 2091.25"
Std Values:
0.002405530549373537,0.0030465922326900125,0.0014978093777416586,0.002347363366131126,0.0018418378955546723,0.0013621636715356342,0.001961975816037681,0.0015432251739909068,0.0017132799053535556,0.001195974819148176,0.002390692217308779,0.0035528086609905632,0.0001427125676007429,0.00030851549280751564,0.0019983835018904154,0.002844011256757463,0.0012360337779737669,0.001646211716615996,0.0006666192492145289,0.0012589789391310965,0.0016915257347916858,0.0026432475396212353,0.000127395699680717,0.0003156631236731962,4.179399903794138e-05,0.00011660267854215789,0.000822729077341747,0.003050323264736741,0.0005042081328810317,0.0009353264423064024,5.7342725742983126e-05,0.0001361943939134012,0.0008967086596059802,0.0024468134349473905,0.00015578339478011907,0.0003808246761749749,0.000610481385302382,0.001181287740094569,0.00012131228890969068,0.00013376944468121776
"Size of std_values: (1, 40)"

"Time Range: 15:25:01 to 15:25:30, Duration 29.0 
 Start Row 8367, End Row 8483 
 Start Time 2091.5, End Time 2120.5"
Std Values:
0.001924357122321212,0.0025875723704335113,0.0011823865588202614,0.0015862021810000623,0.002466047670212788,0.001897504105622891,0.002897783396916701,0.0023403021938785814,0.0025854512357270684,0.00178967307925566,0.0018712254603091498,0.002712959217307439,7.602778193172946e-05,0.00011448528063887835,0.0015725968439313906,0.0036633664265189694,0.00047068256612267623,0.0013715861960424576,0.000264657369632166,0.0011661348405472736,0.002372190875092469,0.003497409269337736,0.00018174922747538964,0.00037122062266943084,2.3891853301540503e-05,8.174220459280422e-05,0.0006521604520081066,0.0023057236268251846,0.0003817620750962973,0.0007980503434188215,6.376730075731107e-05,0.00013836351072838245,0.0008243623932241361,0.0023073576627445657,0.0001714230384127129,0.00044117547794593053,0.0006553743328421135,0.0014001738555296597,0.00010676164524402245,8.875805542312555e-05
"Size of std_values: (1, 40)"

"Time Range: 15:25:30 to 15:25:58, Duration 28.0 
 Start Row 8484, End Row 8596 
 Start Time 2120.75, End Time 2148.75"
Std Values:
0.0028863584196899793,0.006596687957888823,0.0015239024518131097,0.0026305176167038292,0.004357357021343656,0.002600646638718884,0.005610501965326122,0.004365546494946416,0.004146452228937998,0.0023828039863730546,0.002531234081107403,0.008363030455058687,8.938203083783056e-05,0.00036868532519872683,0.0022968286059359758,0.005564991610350721,0.0012815041368646554,0.0032344203204012294,0.00039906523823684615,0.0016192387485253362,0.0028436502054267876,0.005289300436486129,0.0002452577021280173,0.0006409288180209202,4.007779930065674e-05,0.0001377271007661172,0.0009251366551352883,0.003590658130705523,0.00040048305152934837,0.0008649413320786763,0.00011390164785776897,0.00029245865080094373,0.0012972505901019816,0.003941505217659853,0.0002235699539218078,0.0005617078720911774,0.0007898518618901849,0.0015531855817703406,0.00015481037193338423,0.00021076877161176476
"Size of std_values: (1, 40)"

"Time Range: 15:25:58 to 15:26:20, Duration 22.0 
 Start Row 8597, End Row 8685 
 Start Time 2149.0, End Time 2171.0"
Std Values:
0.0025926344590464674,0.005674591283615897,0.0012692606696764414,0.0028420995291332306,0.0029347755750500646,0.002412277495914709,0.003247974798999264,0.0040171926053248815,0.003604296603031039,0.003403172352260038,0.0020383578140154308,0.005496084458582981,8.197876480178766e-05,0.00026507917597804874,0.002098760674483134,0.007787364577472566,0.0012019698850739377,0.0023896764729991918,0.0003026705279912446,0.002431362727379097,0.002401058101158552,0.003882122160053724,0.00024079316986896278,0.0004636753186556664,2.885847288933785e-05,0.0001091828803560386,0.0010580716730583994,0.003520771115444434,0.0006793271642532484,0.0010863992034439026,5.143235080370702e-05,0.00016461366656997796,0.0011933272103150036,0.0029741383312314584,0.00017562397046338285,0.00043347414918955556,0.0009843422029137494,0.0017338841229221401,0.00018769077141238017,0.00015731811131824142
"Size of std_values: (1, 40)"

"Time Range: 15:26:20 to 15:26:39, Duration 19.0 
 Start Row 8686, End Row 8762 
 Start Time 2171.25, End Time 2190.25"
Std Values:
0.002559144341959008,0.0042446053467855415,0.0024170647746991495,0.005197632665291728,0.002534014588494437,0.0013336295425197073,0.004188044657026195,0.00268613057086286,0.007538974242817893,0.003024922664085513,0.0021771832949800487,0.007537827057268336,0.0002147557471685588,0.0008340734668303136,0.0019277900322124287,0.006003468128683718,0.002269111658475621,0.00656932321017574,0.0009674580370268085,0.003918537625395221,0.002815508339194965,0.005259922336041059,0.00015667458336797454,0.0008370072721845722,3.0613767197446813e-05,0.00021782665987152186,0.0008838658297130881,0.0038737492089720785,0.0005304917731970315,0.0011720730187352129,4.7043390010649424e-05,0.00018405781018498906,0.000917503273011925,0.003029710694733747,0.00022249596850974326,0.0005113765487100615,0.000668430389034102,0.001370982866184971,0.00011919090991195958,0.0001346480335427515
"Size of std_values: (1, 40)"

"Time Range: 15:26:39 to 15:27:09, Duration 30.0 
 Start Row 8763, End Row 8883 
 Start Time 2190.5, End Time 2220.5"
Std Values:
0.003619464053694878,0.00971591516760454,0.0028317025355340726,0.0055565831333761785,0.00362377786889178,0.002998267036974923,0.007744416843435882,0.006037106105525742,0.01083122066374799,0.0052441112324223835,0.004770056763302681,0.014048871905791396,0.00036076891236212435,0.0010106545649031407,0.004003908481890324,0.008349117497626981,0.0033545561822458133,0.006182931880095103,0.0011994865603362505,0.0034823496841944333,0.0037629603792880204,0.007603825820596291,0.0003813855765346116,0.0010964930834769808,6.781496511281089e-05,0.00022763598961691127,0.0015422601683346704,0.006148070360500992,0.0007565068414884272,0.0014936657106362295,0.00014276263643762537,0.0002942921360353388,0.0020164049613691395,0.005543365283283971,0.00026961516615423464,0.0005880765714860467,0.0008268927536354043,0.0013627817801429383,0.0001640283550109288,0.00021398211651464105
"Size of std_values: (1, 40)"

"Time Range: 15:27:09 to 15:27:39, Duration 30.0 
 Start Row 8884, End Row 9004 
 Start Time 2220.75, End Time 2250.75"
Std Values:
0.002965116300405392,0.006814810197381089,0.00139176969991835,0.0037206571386287483,0.0033264391484786834,0.0017735249540472091,0.0036773376723159604,0.002517601435424668,0.005246914039413664,0.0021981208536856916,0.003016652601877488,0.008038202331004999,0.00016504336802094098,0.0006005275959227852,0.002584713373517209,0.005779737520351019,0.001619979576470371,0.0050909059742180645,0.000669426331898821,0.002843991192576902,0.0025761840730168712,0.003803800547169822,0.00025276421457745123,0.0007647424141331784,3.540492929091629e-05,0.00016310167957894512,0.0009905333378759183,0.0037882862869814517,0.0004965271145681529,0.0009882402659615944,8.867047980519823e-05,0.0002558502642668263,0.0013229384493531964,0.00413252427790732,0.0002143193704857296,0.0005286567035728304,0.0006694495318262688,0.0015279675761622187,0.00016117996206199342,0.00020534215830139246
"Size of std_values: (1, 40)"

"Time Range: 15:27:39 to 15:28:04, Duration 25.0 
 Start Row 9005, End Row 9105 
 Start Time 2251.0, End Time 2276.0"
Std Values:
0.0030006995269127395,0.009666667090316222,0.004414442089098038,0.009083765887886466,0.003003836569295817,0.0016112979097808533,0.006773437226764363,0.004336003574518151,0.015029190104048533,0.006030127684812858,0.003608162408705622,0.019199780929425356,0.000532202700492773,0.001780360698657838,0.002179272482996462,0.010166476239910963,0.004404193374451188,0.011704695385495904,0.0023178246293918546,0.007070596381079285,0.0021144744453286913,0.006156957916537897,0.00031888235975531103,0.0015531289467273271,5.272806140178079e-05,0.0003636676929644126,0.001221499745250841,0.00552452936815773,0.0006664309076448861,0.0014868793860556514,6.724608292126636e-05,0.00015253993642056493,0.0013009851611267616,0.005083971668965744,0.00015851675646694996,0.0003462007003132984,0.0006605107338537012,0.0011123082535695395,0.0002926646827584989,0.0004099653761959586
"Size of std_values: (1, 40)"

"Time Range: 15:28:04 to 15:28:31, Duration 27.0 
 Start Row 9106, End Row 9214 
 Start Time 2276.25, End Time 2303.25"
Std Values:
0.0038611095057713607,0.004411618970900431,0.00405932476862886,0.006752874486571093,0.005614541741306174,0.004376432249666389,0.005339832131350967,0.005145990950393293,0.009717177920841638,0.004703835803880909,0.002578127083668338,0.007561900520788054,0.00023998121667443274,0.0007599829781333508,0.0028576455105528394,0.0033650158582523067,0.0029153712218959937,0.0057451508530182195,0.0012901901020913426,0.0030664298032038956,0.0017892063437099977,0.002018638195645633,0.00028011174379985503,0.0007564281049317167,3.1847539846055054e-05,0.00012516820857987672,0.000833745230410113,0.0026397950620545116,0.0004656655754400042,0.0006670684213916618,6.458811321760398e-05,0.0001638995209698357,0.0006965015859033462,0.0020052511664883817,0.00013001557119659844,0.00032404259593483894,0.00043957648577601615,0.0009255153696213211,0.00018301526623271848,0.00015460206711541665
"Size of std_values: (1, 40)"

"Time Range: 15:28:31 to 15:28:53, Duration 22.0 
 Start Row 9215, End Row 9303 
 Start Time 2303.5, End Time 2325.5"
Std Values:
0.0028147104662940067,0.002991036461863826,0.0015793991408432184,0.0034604471215504114,0.003472778412022819,0.002309355291609887,0.0034981424356476773,0.0022355835644861295,0.006710645537000623,0.003250935260544842,0.002846097656727211,0.004083323405572135,0.00016263715049071067,0.0005160629436138417,0.002228415633670016,0.002804311721253386,0.001190743789700668,0.003150573188693535,0.0005355188764453475,0.002114114709055961,0.0018537047003368032,0.0016901148718881792,0.00017819324528964783,0.0004841578254099904,3.25462489248138e-05,8.839448858970581e-05,0.0009059899474002611,0.0032732278522287863,0.0003389761875134994,0.0006220988810553688,7.435782088090469e-05,0.00014912587679634083,0.0011880601790648696,0.003339822968048263,0.00020278342253234375,0.00045116871544132007,0.0004369950334192263,0.0008503000209767562,0.00010019807659490531,0.00010132410443800342
"Size of std_values: (1, 40)"

"Time Range: 15:28:53 to 15:29:20, Duration 27.0 
 Start Row 9304, End Row 9412 
 Start Time 2325.75, End Time 2352.75"
Std Values:
0.00445887232078721,0.0052490525086802955,0.0012815722536296122,0.0016973228503519102,0.004791287158896432,0.00314287503642811,0.004569686176824943,0.0041388700683320945,0.0031349158358319608,0.0019484154111623923,0.0026166825728445495,0.0050783388220239905,5.499304164952545e-05,0.000169970267045948,0.0023714844641290196,0.003863842491454496,0.0011466193684153284,0.0021706432421617307,0.0004740841017016177,0.001077755716526437,0.0021018461211309287,0.0036041326711010535,0.00022377578171568432,0.0004483000721704718,2.5323337145180173e-05,8.182042765855676e-05,0.0008100144200164464,0.002738458203973983,0.0002590610316530745,0.0004986744366106897,7.187810115080025e-05,0.0001675536991892653,0.0008750437550075355,0.002542545018521414,0.00018091173785215103,0.0004199697784119279,0.0006354065001081577,0.0013145582015968516,0.00010106690999294227,9.330005253574547e-05
"Size of std_values: (1, 40)"

"Time Range: 15:29:20 to 15:29:43, Duration 23.0 
 Start Row 9413, End Row 9505 
 Start Time 2353.0, End Time 2376.0"
Std Values:
0.00549782803860963,0.0029049479143795137,0.004211836081123835,0.0070643828803764915,0.006313430115450571,0.005609345229154685,0.005221155182865382,0.005232505504060017,0.00720904743640722,0.0037214655631915136,0.003327139434637783,0.006056259037445499,0.00022106916946409028,0.0007453877362018878,0.0029250777343426517,0.002566116129669625,0.003796614961348757,0.006606978859563936,0.0015398791013529333,0.0038096690796056406,0.0021047304567335706,0.001991134393593049,0.000429322970730514,0.001078114629040432,4.8848994565065243e-05,0.0001543817311246819,0.0013830548343594185,0.0049823528738192156,0.00036851530521143526,0.000692162061642487,0.00010231914226061874,0.0001352918641092303,0.0010279319166523085,0.003256840244466687,0.00018107945311987442,0.000432418693290889,0.0005905431877468719,0.0011432291911061003,0.0003634052183142824,0.0003002983778456038
"Size of std_values: (1, 40)"

"Time Range: 15:29:43 to 15:30:04, Duration 21.0 
 Start Row 9506, End Row 9590 
 Start Time 2376.25, End Time 2397.25"
Std Values:
0.002635466015572144,0.002646420790729702,0.00204511217220955,0.0032611615618593796,0.002508554404279743,0.002183641172652576,0.0035616957353346176,0.0029424236805436106,0.003836845451929563,0.002248466268130487,0.0026584406009032,0.0036934805487799064,0.00014991092823030347,0.00036085020779044453,0.0018739965581663289,0.0028384989461075253,0.00161830734898844,0.0023879466377262535,0.0006834105742076385,0.0015646875576556386,0.0019507380324249072,0.0035433560344167846,0.000202511982387379,0.00038327300885395327,3.256302854848051e-05,0.00010859809752732976,0.000915707558597474,0.0030786265982493287,0.0005455177888349647,0.0008806563385022235,9.112061535937647e-05,0.00018226455718640592,0.0013294105280239963,0.003355727765392987,0.0002747291649164418,0.0005697897458988737,0.0004617492851402243,0.0010732468993260452,9.286641508887125e-05,0.00010842448742674219
"Size of std_values: (1, 40)"

"Time Range: 15:30:04 to 15:30:26, Duration 22.0 
 Start Row 9591, End Row 9679 
 Start Time 2397.5, End Time 2419.5"
Std Values:
0.0031431299080421755,0.006366589158505165,0.003693727960367692,0.009551857423767513,0.0046036366644501385,0.0019639062442292437,0.006801772949351483,0.004526477216274542,0.013507774500219246,0.005763650946318539,0.003404762116866016,0.011274068410909874,0.00028875877296308375,0.0010635941267728463,0.0021144515462984156,0.006610802406666875,0.0029595339601702617,0.00828601080774944,0.0015937473773672524,0.005627133112308503,0.002029734006207349,0.00436613807419506,0.00022133066918444036,0.0009340846170018518,4.9545058956595784e-05,0.00024757961210739835,0.0009068084436619765,0.004204772872370731,0.0008197380223347244,0.0015490217961672758,7.12943962369693e-05,0.00011953655087024437,0.0011668684809894277,0.0036717327360824155,0.00016116429921255693,0.00042325746371958293,0.0008882898901305514,0.002118525770059342,0.00020352292902215045,0.00015525468608168342
"Size of std_values: (1, 40)"

"Time Range: 15:30:26 to 15:30:55, Duration 29.0 
 Start Row 9680, End Row 9796 
 Start Time 2419.75, End Time 2448.75"
Std Values:
0.0032695054726909465,0.0070547491474596295,0.0025942635617204114,0.006668626536358715,0.005025132600934495,0.0029522442893140685,0.004283985022095674,0.0024889272780838113,0.00791565000259042,0.003260443656450583,0.0023733675934151646,0.005635006045270765,0.00017115473715677892,0.0006607231165420988,0.002885781425243961,0.005336809133110546,0.0021183977686967544,0.006502280069036707,0.0012413379976534428,0.004234790966125044,0.0022096217725657355,0.0019258942080266715,9.92677850349823e-05,0.0005998269243191607,3.148312397369024e-05,0.00014390549217130005,0.0006485328006366187,0.002425920580926614,0.0005000332864675482,0.0008295638675571876,4.2133908466481795e-05,8.164332262638906e-05,0.0007265129074159245,0.0017941512759872308,0.00012945771664459203,0.00025108542562867706,0.0005601459028083649,0.0010297372038982622,0.0003082673940253062,0.00027626781637307625
"Size of std_values: (1, 40)"

"Time Range: 15:30:55 to 15:31:18, Duration 23.0 
 Start Row 9797, End Row 9889 
 Start Time 2449.0, End Time 2472.0"
Std Values:
0.006364220746672612,0.008475244799616432,0.0018485005000210071,0.003892359926414528,0.008209884798745256,0.004755039777592396,0.009568656354161294,0.005885442817317173,0.010695937369707488,0.004730672316707905,0.0025144142886574725,0.00880190474192842,0.00018766291566248654,0.0006511841433671881,0.003983043508396527,0.010009777637230185,0.0030252335728769434,0.008061948587735616,0.0008656207927707526,0.0036281106276609475,0.003694058141534565,0.007472279285328366,0.00038750658420805793,0.0011409662112443857,4.5770586400626574e-05,0.0002204784505202553,0.0014744920989805677,0.005793032603703236,0.0005954260887424557,0.0010925320079740808,0.00014195875882947912,0.00037687539858536446,0.001995237793458719,0.0060019566559702765,0.0002969256416912808,0.0007394141315229247,0.001118844876579547,0.002426808751802449,0.0001925449224093601,0.00022433741361736187
"Size of std_values: (1, 40)"

"Time Range: 15:31:18 to 15:31:42, Duration 24.0 
 Start Row 9890, End Row 9986 
 Start Time 2472.25, End Time 2496.25"
Std Values:
0.003137841955710313,0.00360974758709769,0.0024826506856540616,0.004647410890241782,0.004185847371698411,0.0022780884303092146,0.007502823408115942,0.0040749659882966015,0.010923009918349859,0.004842700458557858,0.0024316753290647016,0.007405665834684743,0.0002050395268998939,0.0007836800946783702,0.0025695137334122956,0.004095080244106839,0.0023686579215642387,0.007043032114646397,0.0008943332281447955,0.0034295072510236837,0.002559827398727114,0.005455882460212971,0.00036692913262857354,0.0012642371747404882,3.317902063557594e-05,0.00022827106637795226,0.0013565216500700849,0.006088420309597623,0.0005381018014828817,0.001309528248201909,0.00013683623147716872,0.00034705684118767105,0.0017420773283391504,0.005560803725609397,0.00032051889417352564,0.0008224752715185167,0.0009689786546100631,0.0021159037440522405,9.304914447040832e-05,0.0001784831905484132
"Size of std_values: (1, 40)"

"Time Range: 15:31:42 to 15:32:08, Duration 26.0 
 Start Row 9987, End Row 10091 
 Start Time 2496.5, End Time 2522.5"
Std Values:
0.002565377399125999,0.0029056843216476304,0.0016903794788825624,0.002823594301185515,0.002876525212885401,0.001999303475093101,0.003717838701816832,0.003910298796578359,0.00435923508813907,0.0026778558836658456,0.003161949061751473,0.00910930321835494,0.00018868308531297547,0.0005804261403663784,0.0023918008380429236,0.0034890588420471423,0.0013867983597415554,0.002927693837956211,0.0006480456901189576,0.0021126066597247925,0.0023819948186258166,0.0037602784958725554,0.0002455843242328522,0.0006483831983166622,2.471404363013907e-05,0.00016467260673298914,0.0011009949664174772,0.0038864485742384266,0.000285385784441951,0.000669794852102089,8.030187715070037e-05,0.00017874271842362651,0.0014586249421828933,0.0038528181240736364,0.00025315386823516534,0.0005563797021574786,0.0008091899927691422,0.001656746560101934,0.00018271079705518655,0.00020553137262596988
"Size of std_values: (1, 40)"

"Time Range: 15:32:08 to 15:32:39, Duration 31.0 
 Start Row 10092, End Row 10216 
 Start Time 2522.75, End Time 2553.75"
Std Values:
0.003051117645265188,0.005374404790719457,0.0018620431830108758,0.0035779259593975094,0.003692654705568621,0.002367917194425997,0.004644325475403843,0.0033106435437630683,0.006706806856333128,0.003355757094540877,0.0035851973427004154,0.007596875782026361,0.0001732428381364117,0.0005501269624606301,0.0023262982207359647,0.0036505511526832004,0.0015171116742667056,0.003931267491363372,0.0007572666650170775,0.0025088004152293802,0.002617220601460292,0.0032823191722320226,0.0002747100431801747,0.0007358451393742686,4.162096903164991e-05,0.00012508461118733273,0.0010793695236612664,0.004189447219402466,0.0005583485049545312,0.000797686555133944,0.0001435385331232807,0.0003583427816927214,0.0016288613557834588,0.004980622549828645,0.0003509111625875027,0.0008173421896891103,0.0006279278646755435,0.001874560205557585,0.00029234714517602093,0.0003533816163954029
"Size of std_values: (1, 40)"

"Time Range: 15:32:39 to 15:32:59, Duration 20.0 
 Start Row 10217, End Row 10297 
 Start Time 2554.0, End Time 2574.0"
Std Values:
0.0017528780969767175,0.004917311341565946,0.0008122911238265489,0.00398944723761707,0.0018014331177454732,0.0011744960627091204,0.001594228250819024,0.001439152487625672,0.002108996517482059,0.0014241741868041373,0.0022005629601300437,0.004175155413937621,4.541513744394019e-05,0.0002977380786832679,0.0020211260453277665,0.0028701324471221037,0.0007983108728801037,0.0021461948053840417,0.0004378563638579951,0.002384921685851922,0.0018492306677534388,0.0016635595401238055,0.00011125016561208975,0.00032826346165019303,1.8947549456838633e-05,8.178647941324208e-05,0.0005325058950764347,0.0019687371373565223,0.00016933060893306384,0.00039847352467490594,2.8626316229614377e-05,8.080283481234499e-05,0.0006508635183735432,0.0018355551364502122,0.00012755198844515472,0.00028096004452291836,0.0003453262007814781,0.0008515851628865832,8.57767539510506e-05,0.00013478720864449313
"Size of std_values: (1, 40)"

"Time Range: 15:35:37 to 15:36:18, Duration 41.0 
 Start Row 10298, End Row 10462 
 Start Time 2574.25, End Time 2615.25"
Std Values:
0.0026453538222278384,0.003113386845623213,0.0014722632788741015,0.002955303918705261,0.002807802623074449,0.0017850924568666995,0.0035341127569265556,0.0023527706035650605,0.0024389359459700303,0.0019218392818827793,0.0021499948642089966,0.0030636070452956235,5.662003355253817e-05,0.0001488110955837876,0.0018500751740579947,0.0037487531960572976,0.0005656202695810252,0.001904294368817392,0.0003964518149022652,0.0011678371859336113,0.0018270966037329422,0.002409630900731073,0.00012852906100707944,0.00030124923483255863,2.1214671018193088e-05,7.604226223384514e-05,0.0005499689997584806,0.002108806041855859,0.0005274463406722689,0.0007950623134183502,5.8205498534176556e-05,0.00013110042109321148,0.0007105226459083814,0.0019620250466701327,0.0001455114672293014,0.0003447117788767392,0.0004818263956545952,0.0010230826943656666,8.746323598818166e-05,0.00012167325232035731
"Size of std_values: (1, 40)"

"Time Range: 15:36:18 to 15:36:45, Duration 27.0 
 Start Row 10463, End Row 10571 
 Start Time 2615.5, End Time 2642.5"
Std Values:
0.0038851372117774106,0.007499485792819748,0.0013870111204641372,0.0034959940589375277,0.005486896591861747,0.0028084791719141626,0.00816718135317746,0.006010655099808498,0.006164325509251992,0.0036780480382006073,0.002852119035781306,0.008274332309985415,0.0001527182730064231,0.0005981073840264584,0.003406580442260486,0.008107627567136283,0.0022713945254905408,0.005782136912441945,0.000597595450228202,0.002990244593341796,0.004270140316373274,0.007556192328435505,0.0004549412864761563,0.001159474773128961,6.478394378494944e-05,0.00023595824082256808,0.0019593847305898098,0.007579068810716854,0.0007363867206435322,0.0015915571908817927,0.00017206005327448078,0.00044764629132329335,0.0024047495889933856,0.007198073106147351,0.00043379619535487216,0.0010726382526631362,0.0012923156397597953,0.002773372071261209,0.00019560466073316576,0.00030683711913455277
"Size of std_values: (1, 40)"

"Time Range: 15:36:45 to 15:37:06, Duration 21.0 
 Start Row 10572, End Row 10656 
 Start Time 2642.75, End Time 2663.75"
Std Values:
0.0037939249864715604,0.005748454453705272,0.0014974789670158552,0.00201979761827331,0.00511601097411394,0.0034249063023375228,0.006894719324966351,0.005961692223557453,0.00530257641267057,0.002972749201159714,0.0029977597651799598,0.006551959151448364,9.67239822823576e-05,0.0001997823486968429,0.0023592592967320706,0.005818827023901441,0.0015598614071474259,0.004168702533427227,0.00033920590542111013,0.0009871198074775072,0.002320143047410266,0.0045927399114734065,0.00033977628680914823,0.0009078258929497756,3.238192878801923e-05,0.0001452407373281465,0.001372878472727227,0.005373059311389878,0.00035386072809703823,0.0005706396806946338,0.0001051019462432388,0.000320683967714754,0.001383524260531077,0.004368075920205571,0.0002694716141527318,0.0007066181589356474,0.0005498403658832613,0.001086836642576121,0.0001556170692223984,0.00020966131288526719
"Size of std_values: (1, 40)"

"Time Range: 15:37:06 to 15:37:41, Duration 35.0 
 Start Row 10657, End Row 10797 
 Start Time 2664.0, End Time 2699.0"
Std Values:
0.008389560368042599,0.011631211693311322,0.004108958688689195,0.006688316919483415,0.005042048880681509,0.004593775011958942,0.011404333377630338,0.009957402911689358,0.01984005197646258,0.008727760463070387,0.006222866976736274,0.019476956700842266,0.0004781599397169098,0.0013312394517626268,0.004539515098989973,0.013185561550723647,0.004371650336870393,0.011300713747765284,0.0014732634391169156,0.005247075137748513,0.00546135015374799,0.010212762724203496,0.000732401348495722,0.001707013441758245,0.000154112475555462,0.0004978987619682935,0.0024828467439994744,0.009651114466355163,0.0033227613279713155,0.005794865602282896,0.00015425495643841923,0.00031504868036515523,0.0027002954876943074,0.009191957324521863,0.000544504670234426,0.001048136731996799,0.00183788851090275,0.002135877567495461,0.0008188420499629474,0.0010498309234682707
"Size of std_values: (1, 40)"

"Time Range: 15:37:41 to 15:38:09, Duration 28.0 
 Start Row 10798, End Row 10910 
 Start Time 2699.25, End Time 2727.25"
Std Values:
0.0028916741299749972,0.003495861940949484,0.0020461543434386353,0.002475488763988362,0.003666005467207988,0.002813886259586508,0.009227758773211516,0.0052524539295360755,0.005628461670310579,0.00254832835181923,0.002656510252314176,0.012619216773594644,0.00021004915735443452,0.0008157405087861506,0.0024451589329837244,0.008451216977109089,0.0030537262829371734,0.007889260145229976,0.0011488198242168043,0.0039986528313240375,0.005070117111781835,0.011407823827782066,0.0005650215355239023,0.0016307996039433051,6.146668325449915e-05,0.00034888421054528584,0.0012345264470758613,0.005925714342880069,0.00039589913532156386,0.0011326125946646095,0.00016171884982431372,0.0004021315857244003,0.0018230977299646708,0.00606932715980309,0.0004085624706570122,0.0010417106537949196,0.0011746026837843309,0.0030998875456935988,0.00012147532990294993,0.00021523877307340445
"Size of std_values: (1, 40)"

"Time Range: 15:38:09 to 15:38:43, Duration 34.0 
 Start Row 10911, End Row 11047 
 Start Time 2727.5, End Time 2761.5"
Std Values:
0.0029292068275392612,0.00563920078054634,0.001542043060408332,0.0031247093789192166,0.0031937439927647556,0.0030866877408994627,0.00394900326975939,0.004010022496270961,0.005312027462851765,0.0030346683642034416,0.0030959687998429897,0.006798535662994934,0.00017100847975544883,0.0004095067928353191,0.0021493590179902985,0.006647676641466818,0.0015200563775028537,0.003066658138189576,0.0006212891820427028,0.001855978650411268,0.002618828406546189,0.00329543084816136,0.00023873200049997868,0.0005448914948579707,3.5353433761312626e-05,0.00014191653200745286,0.0009983617437817347,0.0035648494908400337,0.0005775858479104201,0.0013169427643429938,8.028014761342773e-05,0.00018411242276711543,0.0011662049935915841,0.003250740672775643,0.00021958805061996964,0.0004957332599542141,0.0009467530013072069,0.002159979720363435,0.00023191901751865,0.00023614234881903925
"Size of std_values: (1, 40)"

"Time Range: 15:38:43 to 15:39:00, Duration 17.0 
 Start Row 11048, End Row 11116 
 Start Time 2761.75, End Time 2778.75"
Std Values:
0.0030382621817520556,0.0036476121144619796,0.00042984431001753836,0.0013050797820101296,0.002871696350342093,0.0014359706229819576,0.003818825392759263,0.0025548112022470994,0.003671536673183431,0.0021478859900848353,0.0019507533781589845,0.004456326213919854,7.028645723371584e-05,0.0001554591565882639,0.0018008898072835687,0.0038533859337624545,0.0007465850484850427,0.0023771038162201433,0.0003576862756198573,0.0009147508375706649,0.002097122365445058,0.0035597311400510576,0.00016080981498628713,0.00035780407833550386,2.9674628293261284e-05,0.00011118344459616317,0.0007286100511795445,0.0028429354982695714,0.00033969423830809817,0.0007083859104359518,8.01929883871119e-05,0.00016906730488565276,0.000995919124667354,0.002529753039225912,0.0001840503030502677,0.00037950467132248183,0.0006802829072915969,0.001318144962705131,8.29163681034679e-05,0.0001326663210246339
"Size of std_values: (1, 40)"

"Time Range: 15:39:00 to 15:39:24, Duration 24.0 
 Start Row 11117, End Row 11213 
 Start Time 2779.0, End Time 2803.0"
Std Values:
0.003186965214709784,0.004730058093004909,0.0010875495320157207,0.0023425736467747233,0.0029378922931152514,0.0028613599532283005,0.0041806370732658076,0.003253880994057158,0.0047222982205246435,0.0022476516209242177,0.002386267058160472,0.00869592396872613,0.0001668411650852632,0.0005424497130024097,0.0018595233422347116,0.0048472987827358795,0.0011819813698336734,0.0031641233479584516,0.0005383578621781637,0.0018922671586732388,0.0014595070454701303,0.002681425005654679,0.00013425397023447436,0.0004212861108099521,2.396341949404176e-05,0.0001149571446419707,0.000703439341081778,0.002546935030052699,0.00034843914614753106,0.0007194008757304252,6.35269226086061e-05,0.00012781406958457881,0.0008511897587092751,0.0024708099696692637,0.00015011175103741105,0.0003267981868046541,0.0004405126765570403,0.0010958678474933838,0.0001370553931937255,0.0001843914595538137
"Size of std_values: (1, 40)"

"Time Range: 15:39:24 to 15:39:47, Duration 23.0 
 Start Row 11214, End Row 11306 
 Start Time 2803.25, End Time 2826.25"
Std Values:
0.002135835274803342,0.0028711325607282162,0.0015262321553642507,0.0028402250503458478,0.0031425381213651964,0.0024503064078119667,0.003963346162043075,0.0033620836894468196,0.0054820937811684385,0.0030013174419268045,0.0029456700952509335,0.0042174094567139645,0.00013944759105572092,0.00036957237773243716,0.001988284233540102,0.0039339023928699444,0.0009190858539281022,0.0026021626141042786,0.0005659644258309933,0.002282827872607729,0.0019275503129337094,0.002943153748512587,0.00022304651427525933,0.0003902899686219619,3.4189942720501205e-05,8.929197922532112e-05,0.0009239991655340457,0.0032385379666880895,0.00023861355273393999,0.0005488891692771797,0.00011329362103226712,0.00019411921425821778,0.0013887445532237326,0.0036210249867102604,0.000296759906050708,0.0006485087625209212,0.0006435375399067735,0.0017225724072690719,0.00016636970203716503,0.00018694630888129682
"Size of std_values: (1, 40)"

"Time Range: 15:39:47 to 15:40:09, Duration 22.0 
 Start Row 11307, End Row 11395 
 Start Time 2826.5, End Time 2848.5"
Std Values:
0.0027724747848647388,0.0071436492574351055,0.0017940134565970507,0.0035010070887277014,0.004906420564069413,0.003091954243690625,0.007537652085402821,0.005041455035227599,0.010035092332645315,0.005912908873358077,0.0036644687522717954,0.01570480622125969,0.0002581653401702556,0.0006879930583201763,0.00272976845433887,0.007102703932421597,0.001744389331930974,0.004787185268544688,0.0010367174977086516,0.0032259043509187276,0.0030492951999219727,0.006177561917829902,0.00040611299513206045,0.0009524579546653546,3.217790957580876e-05,0.0002599759624354859,0.001594544665931865,0.006134731991310255,0.0007673101869191606,0.0016590702562472828,0.00018940367892145079,0.00047446960710056257,0.0021404407999045176,0.006111692808620018,0.0005288516883043758,0.001213835259652559,0.0012768594570265665,0.0028929621203994645,0.00016235972183257187,0.00024058194577741165
"Size of std_values: (1, 40)"

"Time Range: 15:40:09 to 15:40:34, Duration 25.0 
 Start Row 11396, End Row 11496 
 Start Time 2848.75, End Time 2873.75"
Std Values:
0.003200770819650595,0.008866137279340212,0.0025930459885349024,0.0051503714942439105,0.005733926058988966,0.004168629473842543,0.011254623534012268,0.009521052127873337,0.01481786723893069,0.00753169122231145,0.005381989512665727,0.025010447717053567,0.0004789593633603067,0.0014865057775344894,0.0038342440377172066,0.012615209298889533,0.004863696345363174,0.01110021350363424,0.0018474523801103916,0.006659109664211727,0.0037164774916920262,0.007885444468213227,0.0006705795885287812,0.0019438456525530073,8.014417041645705e-05,0.0004411855748639232,0.0023153056783829385,0.009340058935569667,0.00139512653039109,0.0025607442032008006,0.000196932945187541,0.00039204685736308104,0.0032001530053963685,0.009334602533276785,0.0004548606325377212,0.0009595336360196985,0.0008230176263095314,0.001330460901672117,0.0005277120223232528,0.0007885303722124977
"Size of std_values: (1, 40)"

"Time Range: 15:40:34 to 15:40:55, Duration 21.0 
 Start Row 11497, End Row 11581 
 Start Time 2874.0, End Time 2895.0"
Std Values:
0.004581571139096725,0.005053422838187817,0.0036828362546203947,0.006078321649057703,0.005136415270567156,0.004203257617967429,0.009093689089895414,0.006422502531195222,0.010977492767330139,0.004625607923339612,0.0033524607366561005,0.017316985898458214,0.0003480947205819624,0.0012498780842182186,0.003002742620191434,0.00740811147958162,0.0036755423121593257,0.009114018922788833,0.0013795407178227568,0.0046134537331471845,0.004423332841570609,0.010013502615262978,0.0006349567624389373,0.0018611028198922037,5.033485371579919e-05,0.0003375404498037928,0.002281487756076035,0.009073425977666888,0.0006835606234422809,0.0010159406646761797,0.00016704648856621912,0.0004834627648938955,0.00299509096042585,0.009485821680546439,0.0005043906926542026,0.0012295022573406743,0.0012330048593335583,0.002503382838855899,0.00021086332765844176,0.00048107984498691614
"Size of std_values: (1, 40)"

"Time Range: 15:40:55 to 15:41:19, Duration 24.0 
 Start Row 11582, End Row 11678 
 Start Time 2895.25, End Time 2919.25"
Std Values:
0.003799322321957163,0.00399362240134561,0.0037568883188371406,0.0067873608909360846,0.004154268052659816,0.003398235010981499,0.0036148745552709504,0.0031646037400770606,0.005001615147752326,0.002729283700566206,0.0019321328311260688,0.0035740138723408662,7.615934761725847e-05,0.00036489561499767665,0.002409649643599076,0.0024648378452399628,0.0016495998597345187,0.003302756614784037,0.0006456964600301384,0.0015353993103018413,0.00204633263590757,0.0018084895006130225,0.00018220306535879192,0.00045648303703916713,2.1958401358901144e-05,5.6345242307049964e-05,0.0007483540273591309,0.0025025648004877304,0.00030590858474760805,0.0004299262132876347,6.0128044013551244e-05,0.00012681530139402038,0.0008680405582835787,0.0024747589073252163,0.00013831739559789423,0.00030757704039536946,0.0005736853691985877,0.0007875806922705575,0.00022839474595085237,0.00028608631192493343
"Size of std_values: (1, 40)"

"Time Range: 15:41:19 to 15:41:44, Duration 25.0 
 Start Row 11679, End Row 11779 
 Start Time 2919.5, End Time 2944.5"
Std Values:
0.004832569523789963,0.004841794291696278,0.002126955529692262,0.001670177335868876,0.00352840853538053,0.0034703258309159287,0.004514562797891068,0.0038280335932517826,0.0021862450628732,0.0012898570732593378,0.0028967985831020596,0.006187148485421443,0.00011437211584374265,0.0002035423820866829,0.002333681926630303,0.003895772955877514,0.0007335276564147266,0.0010620538046085346,0.0003497717365233099,0.0004908933012044064,0.0019001984814095883,0.0030328872891474453,0.00012188061095539593,0.00022985657886307248,2.5580568193396256e-05,4.408514475069989e-05,0.000771921933813995,0.0020236275968522717,0.00046534194894088364,0.0007680659094611088,3.702600050515262e-05,8.494912417615095e-05,0.0007088310564133673,0.001590836651690619,9.008603131926462e-05,0.00019292604565290727,0.0002532506921972836,0.0009438642051059175,7.905797044434129e-05,0.00011577522944949016
"Size of std_values: (1, 40)"

"Time Range: 15:41:44 to 15:42:06, Duration 22.0 
 Start Row 11780, End Row 11868 
 Start Time 2944.75, End Time 2966.75"
Std Values:
0.0026580482023896347,0.0026844541444614313,0.0013392340477862347,0.0028202769089802934,0.0042504355941953295,0.003046451285172781,0.0033373132430234713,0.0025942546898478935,0.0016102237193924285,0.0011331514842365738,0.004350938675074936,0.007678010493253264,0.00017181754630042162,0.0004981801634401706,0.002394573397382872,0.001885534798500732,0.00047570129751467347,0.0010882986659070035,0.0007885704497679995,0.002274276403198778,0.0028198910152884018,0.004198271401483912,0.00016321473687231345,0.0003284702915996276,4.6705482998719675e-05,0.0001582918906658218,0.0006451142671365425,0.0018514232646943609,0.0005154227281231968,0.000810278587799045,8.915780781578651e-05,0.00018470150064830217,0.0010965776581254897,0.002602487958479732,0.00017383705160843393,0.00038962222153809647,0.0006402719959663017,0.001057457116738876,0.0001024067601873407,0.00012760359568744287
"Size of std_values: (1, 40)"

"Time Range: 15:42:06 to 15:42:28, Duration 22.0 
 Start Row 11869, End Row 11957 
 Start Time 2967.0, End Time 2989.0"
Std Values:
0.004044758561443638,0.0030709199254972132,0.000807832161395857,0.001551808393257949,0.003598790973837843,0.0031936064590908355,0.0027153187506009286,0.0023052681266046565,0.0015051828694473053,0.0011961989643938988,0.0025255861623697485,0.003489390142865669,9.384312554797034e-05,0.00011049363796493526,0.003429039724887287,0.002634514334791386,0.001782416316984976,0.0019420593808373186,0.0002998339183723727,0.0007095590307423418,0.001958260738071459,0.0024044111710644425,0.00020590918679434583,0.0003421751262427629,2.9226491081933013e-05,7.808563661411386e-05,0.0008814948768069615,0.00300211256325753,0.00039667022407358153,0.0006467086145487348,9.914452202504096e-05,0.00014426396447825217,0.0010736438459233906,0.0028097255181167824,0.00019322003090138147,0.0003961657843325072,0.00034648834653822096,0.0007372463658932908,5.3913166984627796e-05,7.841750798342258e-05
"Size of std_values: (1, 40)"

"Time Range: 15:42:28 to 15:43:03, Duration 35.0 
 Start Row 11958, End Row 12098 
 Start Time 2989.25, End Time 3024.25"
Std Values:
0.003495002645523932,0.004243874847109167,0.0036390899018080495,0.004916321168670567,0.005127995719371332,0.003645784399700023,0.004188395296467523,0.0032031851139650296,0.0015517355063314707,0.0008611136140939864,0.002346404171238619,0.004835150018395688,7.040018554537665e-05,0.0002847554300785737,0.0025202627580386398,0.004490295745883996,0.0012490038492232367,0.0017942152580739642,0.0005850564969954233,0.0016504741242435712,0.0020269711772480776,0.002795032165635166,0.0002436629370271323,0.0005466399490536748,3.542648259514903e-05,9.862562373134329e-05,0.000916382425600752,0.0031164254654215775,0.0005820126020197361,0.0008520888402842985,4.415649062112855e-05,8.096556854619051e-05,0.0005954751851860162,0.001760554613417543,0.00011046896392902502,0.0002557213306311937,0.0007198865568231747,0.0012555131613772208,0.00017147528039519204,0.00018104387783527393
"Size of std_values: (1, 40)"

"Time Range: 15:43:03 to 15:43:25, Duration 22.0 
 Start Row 12099, End Row 12187 
 Start Time 3024.5, End Time 3046.5"
Std Values:
0.00320870863048888,0.005652506760362483,0.001255638396919358,0.0024330227882927878,0.004778785508402788,0.0037993475240459752,0.007541343704572723,0.00589176074521427,0.00554143961031493,0.0031566543781667176,0.0031487329765603404,0.007820326222562462,0.0001463419994078305,0.0004035414678090347,0.0020867608631438186,0.005596205168887919,0.0013906294068752468,0.0035893070513828207,0.000624192274140896,0.0021888774012542157,0.0023530540464363125,0.004402756020628734,0.00020936797184608295,0.0005117376700744318,2.702317681090751e-05,0.00010799431185177231,0.0008112726460861079,0.002855082140114458,0.0002804330298244939,0.0006392992577231288,4.3027400663874e-05,0.00012961423268516322,0.0007527936526444063,0.002316468125762965,0.00017557962663385172,0.000394461538405462,0.0008140461007850822,0.0017565143941486445,9.631651340301366e-05,0.0001089888845613196
"Size of std_values: (1, 40)"

"Time Range: 15:46:22 to 15:46:48, Duration 26.0 
 Start Row 12188, End Row 12292 
 Start Time 3046.75, End Time 3072.75"
Std Values:
0.002744503495698157,0.004357223514749497,0.0017838733766038688,0.0036860764028042755,0.0034277645701682345,0.0021535420518749527,0.004209411625628289,0.0024624230648315946,0.00644158177097088,0.0025364949115882457,0.0017350165719417702,0.004292400025571709,0.0001532322994348435,0.0004309890568033094,0.0020168998428703347,0.004122353672149619,0.0016965871679339732,0.004734762995160231,0.0007754658150577594,0.0022930017002065744,0.001636196572756997,0.0022721905643215503,0.0001386546575023669,0.0005168844776900485,2.8465087755624747e-05,9.543037576947338e-05,0.0006310322282278358,0.0025229240086730516,0.0006262129196155684,0.0010480906411842012,5.733840623361076e-05,0.00013729021711736769,0.0009129442929319352,0.0025834639703892315,0.00015203695600076063,0.0003235732367644305,0.0005444574447094007,0.0010173553630840957,0.00014121259430417734,0.0001575568265240008
"Size of std_values: (1, 40)"

"Time Range: 15:46:48 to 15:47:06, Duration 18.0 
 Start Row 12293, End Row 12365 
 Start Time 3073.0, End Time 3091.0"
Std Values:
0.0021913404802389536,0.0017817406404865336,0.0007502248019576857,0.0007795963148988391,0.0027349568116896658,0.001130095178782462,0.0034306572396217813,0.0016899790546769766,0.0014770059784617884,0.0009428168527475166,0.002098607959078481,0.0037069932553376386,3.3864162671275206e-05,0.00012165919060109777,0.002150113528882653,0.0027954496699415577,0.0005380160477737435,0.0015897254233615543,0.00033724550885538205,0.0009454296290037828,0.001768600354313674,0.0026650831052441966,0.0001290729861808812,0.0003117123452690843,3.149552521574919e-05,8.633411918932332e-05,0.0004915152013321072,0.0018805954366326726,0.00032835140285809394,0.0006445245354383356,4.193650625193799e-05,8.116912041508878e-05,0.000579354266788465,0.0015677448217775196,0.00011887309432513044,0.00029267889013791313,0.0004084515703474039,0.0008202665606574337,4.95402595084954e-05,0.00010965466373854566
"Size of std_values: (1, 40)"

"Time Range: 15:47:07 to 15:47:44, Duration 37.0 
 Start Row 12366, End Row 12514 
 Start Time 3091.25, End Time 3128.25"
Std Values:
0.00247527973957349,0.002324713490744405,0.0010409315103454741,0.0014231223479671301,0.0024662123218387078,0.0012531988946963956,0.003324936815919061,0.002108354788617022,0.002908985350885722,0.0018211158494893366,0.0025517376058584286,0.0031015967309416656,6.143207367453967e-05,0.0001345692905260426,0.00243463408070701,0.003179908474284966,0.0006643016447316653,0.0016272156801349497,0.0002674660731856616,0.0009411986620199019,0.0020888497488975176,0.0030355391215751383,0.00014576283605877683,0.0003649566929389872,2.86749478319375e-05,7.302134245875828e-05,0.0007984932721353675,0.0030182095779598076,0.00037969929409431053,0.0007131107890142384,6.658908710079116e-05,0.00016691637295109294,0.0009440987105440367,0.002820945952213515,0.00019037674377760263,0.0004358655611103201,0.0006454640674318756,0.001330393649923286,7.383182946168195e-05,0.0001284346031381376
"Size of std_values: (1, 40)"

"Time Range: 15:47:44 to 15:48:10, Duration 26.0 
 Start Row 12515, End Row 12619 
 Start Time 3128.5, End Time 3154.5"
Std Values:
0.0029593716779919,0.0034624101735912056,0.002718705616427746,0.002223716997114024,0.003771030220765642,0.0029612210829508593,0.005300001632261674,0.003904774366301017,0.006085324620856466,0.003420658198985929,0.004157485451664591,0.004161093304028233,0.0002477294395608716,0.0003426209550199995,0.002489378908410925,0.004530626896684471,0.0011529119676228657,0.002316224026584092,0.001064018232216515,0.0014111586053553382,0.0029844313240131636,0.004860384647768589,0.0003077837368746041,0.0005680453900272806,4.370460687009706e-05,0.00011471206683699882,0.001238471613707243,0.00463168139617608,0.000791389979035971,0.0011512072076153969,0.00017233200429994522,0.0003362676008891819,0.0018543217563577468,0.004698758567475476,0.00040963246158243926,0.0009346826728199218,0.0009662082705522747,0.002809415027244058,0.00010259361294813288,0.00018947180202146593
"Size of std_values: (1, 40)"

"Time Range: 15:48:10 to 15:48:35, Duration 25.0 
 Start Row 12620, End Row 12720 
 Start Time 3154.75, End Time 3179.75"
Std Values:
0.003307267411989807,0.004962438476669885,0.002151398737035799,0.0030806915139748275,0.002532590150632204,0.001645693121976476,0.0032898506254125243,0.00228058100069082,0.003912985075714965,0.0026528665178555655,0.002437715265330686,0.008143649636020572,0.00017514372839411106,0.0005658853428017348,0.001991866169487904,0.004405715417947373,0.0018027079000573945,0.003797375185176529,0.0008589416443782415,0.0021625594240425134,0.0021063534388432305,0.0036358374372759076,0.00016693966822475952,0.000578661388402358,3.640200996345465e-05,0.00015870077691324314,0.0007526292361904168,0.0028711726134817337,0.00042547517546836914,0.0008676716823321518,4.633192295953092e-05,9.839694155374583e-05,0.001008438354764986,0.0028126230049139583,0.00017509925980543242,0.0003369491868166369,0.00050669227478723,0.0009118242457321757,7.145518054272172e-05,0.00013313357719633897
"Size of std_values: (1, 40)"

"Time Range: 15:48:35 to 15:48:56, Duration 21.0 
 Start Row 12721, End Row 12805 
 Start Time 3180.0, End Time 3201.0"
Std Values:
0.0031113784043174213,0.004593878955198718,0.001634324739878968,0.0024204373349156747,0.003887442688768591,0.003407475982840792,0.005315772138442494,0.00418090004160062,0.0033567308338019472,0.0016350620672866678,0.0038014959431117556,0.016777100928677784,0.0002966630412917647,0.0008593786426640585,0.0020796341465513803,0.0068431324400264355,0.0034498374437950535,0.006221080422120035,0.0017184447050921793,0.00356135048096928,0.001865042079941554,0.003247501155834559,0.00029997243555567716,0.0009382743674100399,5.4606816279453324e-05,0.0002648503185406594,0.0008693475590963436,0.003261889000372498,0.0006152702958096652,0.001209244462682186,8.284558643225318e-05,0.00017404120144743276,0.000906823219229873,0.002699461277349207,0.00017208568483679005,0.0003492581706590845,0.00029222201587521284,0.0007157670254287093,0.00011380831544736859,0.00022089176309385874
"Size of std_values: (1, 40)"

"Time Range: 15:48:56 to 15:49:22, Duration 26.0 
 Start Row 12806, End Row 12910 
 Start Time 3201.25, End Time 3227.25"
Std Values:
0.0024016475509385047,0.0037602655482914054,0.000673829533428768,0.0012340034933567764,0.002969540086756134,0.001518600236599295,0.0033394454866397328,0.0022804349091022523,0.002770425880158494,0.002359038483514712,0.002899833881444371,0.003201836142961773,9.057877463594615e-05,0.00015268632892407238,0.0023257929380672854,0.003208916163585681,0.0010504343691396412,0.001802624358080038,0.0003993280602750313,0.0006335520590850581,0.003035229255879336,0.0030309593652028993,0.0001696474891960712,0.00047122231406057343,3.794853477653896e-05,9.282749651466862e-05,0.0010375071904120705,0.0036864042730230862,0.0003477392855286215,0.0007239784557447676,7.196917344074935e-05,0.0002128768183734389,0.001365841746519855,0.0036839979477525982,0.00023177772236075686,0.0005328869624170368,0.0005324030647761178,0.001125064780159477,8.794588466996524e-05,0.000142772860728848
"Size of std_values: (1, 40)"

"Time Range: 15:49:22 to 15:49:45, Duration 23.0 
 Start Row 12911, End Row 13003 
 Start Time 3227.5, End Time 3250.5"
Std Values:
0.002939314070932942,0.004123142221435645,0.0010712817553603542,0.0012626195757025783,0.0033427841799833196,0.0014154877860765417,0.004824387755550635,0.002247387978220038,0.0022126545699200943,0.0013039718901123633,0.0037067972509939894,0.00606812721798115,8.691298202081948e-05,0.00014822264846058605,0.002205842470598767,0.0032480086671513786,0.0007666016443653758,0.002095408160875591,0.0003237831567815056,0.0009571260173431562,0.00176746993328636,0.00291655490487128,0.0001436152813742582,0.0002837015482574781,3.4479479165537285e-05,7.352303744959688e-05,0.00048183901092811303,0.0017277651379947107,0.00025807154438561516,0.0005289567840370459,4.786049893612383e-05,0.00016384749391808748,0.0006030286947840968,0.0017006832506104672,0.00010877489587175535,0.0002634589659595622,0.00030379503577865677,0.0008094422489607732,5.766375438845955e-05,9.631738920962596e-05
"Size of std_values: (1, 40)"

"Time Range: 15:49:45 to 15:50:10, Duration 25.0 
 Start Row 13004, End Row 13104 
 Start Time 3250.75, End Time 3275.75"
Std Values:
0.0024666982426304537,0.0034446026423545963,0.0018965388251410132,0.0030373800647693536,0.002837649662384063,0.0013910632237470449,0.0033317886193930985,0.0022181465880458445,0.0022048117090483817,0.001279237787664617,0.002480347716035455,0.0038240465577065595,8.480727820816922e-05,0.00018172709508827058,0.002199762812885909,0.004304941288693306,0.0009194151640273018,0.0018454142134896661,0.0004804842801705301,0.0010166501705477417,0.0016572510142267654,0.002373349043125669,0.00013796579800362784,0.00028943154590585686,3.4203314955385236e-05,7.722693653748275e-05,0.0007422995530358648,0.002577705680360358,0.0002599727419193361,0.0005745093572030063,5.451166364619776e-05,0.0001048320283768099,0.000766901945917619,0.00211330739726254,0.00011913749035878494,0.00026027382709236177,0.0005418166483819206,0.0009525664862964899,7.970600724313484e-05,0.00011178055877241772
"Size of std_values: (1, 40)"

"Time Range: 15:50:10 to 15:50:31, Duration 21.0 
 Start Row 13105, End Row 13189 
 Start Time 3276.0, End Time 3297.0"
Std Values:
0.002330822041802203,0.003935984570629618,0.001481547438740196,0.0017871568017101954,0.0037078668429158827,0.0022442259635512872,0.007434696756757746,0.006236210309629182,0.003966806707249254,0.002624143788383674,0.0033100894014185113,0.004825001786975364,0.00010052424850428403,0.00016084066731594516,0.002192053885262835,0.004155491478752307,0.0010398738643680578,0.0014595761830961272,0.0003743173666426087,0.00046474983228981766,0.002624123349391519,0.004142314949872317,0.00030520052365468644,0.0005348023956673774,3.958407501441199e-05,7.440775017506476e-05,0.0010696656779024597,0.004006911015785658,0.000178399486282645,0.0004735157337019681,9.513553435820493e-05,0.00021964864138357534,0.0011905199670688349,0.003367808629303251,0.00026737628821153845,0.000604727599060661,0.0005277660710636141,0.0011329611205218072,7.69564122577437e-05,0.00014563348004376658
"Size of std_values: (1, 40)"

"Time Range: 15:50:31 to 15:50:56, Duration 25.0 
 Start Row 13190, End Row 13290 
 Start Time 3297.25, End Time 3322.25"
Std Values:
0.0029575439130241038,0.002845389475717548,0.0010887490782915264,0.0018239888589257245,0.0035758356711611938,0.0014925690587480874,0.005829464038264819,0.0037732865172106097,0.003377938219612314,0.0027501079410051994,0.002755526910825836,0.0031254926809111024,0.0001077206659775023,0.00018673891058686268,0.0022345877950597664,0.0038661836172596605,0.0009822604328829797,0.0024102150088721333,0.0004511586902605804,0.0008536247420814558,0.0022161836240723824,0.0038697475524268263,0.0001956692657284178,0.00045806078093452764,3.968223017802242e-05,0.00011703375745413609,0.0010149328295118991,0.0036712401430707003,0.00038707526165864583,0.0008339867947860985,7.586853807841951e-05,0.00023030432077413368,0.0012243633023379075,0.003542112802735113,0.00025075268529528084,0.0006155099715846711,0.0007117799191348465,0.0017596729586286798,5.128163788037305e-05,0.0001243670200222298
"Size of std_values: (1, 40)"

"Time Range: 15:50:56 to 15:51:23, Duration 27.0 
 Start Row 13291, End Row 13399 
 Start Time 3322.5, End Time 3349.5"
Std Values:
0.003426169675880069,0.010621500063154264,0.002259988701282537,0.002958325564313921,0.004708648562566918,0.002873682628431879,0.007755952776901776,0.004656075635526502,0.005622257044034575,0.003473815994989372,0.0031739628445855406,0.025990088808187293,0.000415175546182579,0.0012231556185820606,0.0027528376049351954,0.01140714805926603,0.0041577476434823,0.008097055385218934,0.0018329887969990263,0.004524819551258273,0.002387557828135626,0.008519452754933555,0.0004619063252803908,0.0017095312495789114,8.148853629087163e-05,0.00044882453216563834,0.0016757643866068608,0.00711723716407773,0.000717928334872916,0.001674504049497918,0.00010591739320318079,0.00027239108998399343,0.0019305670642408084,0.0063312393621095696,0.00021382877561011208,0.0005522464260494408,0.0008305326991274661,0.00130997408529833,0.0002788756973140894,0.0004760931307856914
"Size of std_values: (1, 40)"

"Time Range: 15:51:23 to 15:51:44, Duration 21.0 
 Start Row 13400, End Row 13484 
 Start Time 3349.75, End Time 3370.75"
Std Values:
0.0021795164653995165,0.003786387266411717,0.0018229657911501512,0.0034744807582043594,0.0047176360774215265,0.003517323916397192,0.006389218680624695,0.0058052458708076436,0.0075426934579984235,0.0039291150284612355,0.003716817672036722,0.010601319509658558,0.0002871097566720184,0.000880574706131503,0.0025786983301523776,0.0064913594790947425,0.0024993730037781254,0.00543221189525885,0.001029975808054208,0.003008733844434115,0.0024211968338296564,0.003347035290534782,0.0003051796230587344,0.0009653318584299959,3.8461016802979e-05,0.00022702452266491099,0.0015630038759561152,0.006236593141450493,0.0006369210099948022,0.0014953427899703285,9.851817855552241e-05,0.00021990145617346388,0.001746699093759409,0.005507150557310019,0.00024299181417510686,0.0005845642088526059,0.0008336236249331027,0.0014455304641463687,0.00022596575601698657,0.00037345287094516985
"Size of std_values: (1, 40)"

"Time Range: 15:51:44 to 15:52:11, Duration 27.0 
 Start Row 13485, End Row 13593 
 Start Time 3371.0, End Time 3398.0"
Std Values:
0.0029377810659165313,0.0036119819619807327,0.001629749962437832,0.0020519777487527347,0.0025918815470899205,0.0020564726908257392,0.003455107179984519,0.002632947836937798,0.0025003453429706703,0.0020006878984165605,0.003326416436732506,0.0027209173086856888,9.022120468466452e-05,0.00018240479804521715,0.002075344334563129,0.004538434683021805,0.0007624295734073633,0.002545055158628368,0.00034329880434297056,0.001522654444805186,0.0018836147529788922,0.002615539707038303,0.00016916883544602294,0.0004193479588851512,2.952291524987877e-05,7.979273146294701e-05,0.000792363111161059,0.0030976880811635845,0.00024405692550464298,0.000626675035753,6.751621541765781e-05,0.0001922776825863904,0.001104691086623746,0.0032179774720600494,0.00020883542957448348,0.0005187673995217892,0.0007767721192091889,0.0016191674473282204,0.0001420273529098884,0.00020951389586886218
"Size of std_values: (1, 40)"

"Time Range: 15:52:11 to 15:52:41, Duration 30.0 
 Start Row 13594, End Row 13714 
 Start Time 3398.25, End Time 3428.25"
Std Values:
0.0021268343706754666,0.004678085773119215,0.0009888942338536013,0.0023627235332575607,0.0038419986855784257,0.0031259944338599267,0.008511623411316825,0.006928997934789175,0.005365891611998211,0.002594936261256198,0.004555939742987747,0.01117283627470031,0.00022953919866313408,0.0006345506667334126,0.0026045632540314867,0.005011268897437355,0.0018595891717976167,0.0033136849467833244,0.0009101778020318416,0.0021977432723665267,0.0019835319169245556,0.0034390852419375773,0.0002467511569963389,0.0006295594585665236,3.6716924188126465e-05,0.00018378264668544546,0.0010969783279028904,0.004155543918100578,0.0003653291360925473,0.000912574006273575,8.857316793312389e-05,0.0001451231185101106,0.0013434031307820702,0.003760690210234083,0.0001868102308516959,0.0003929300066803229,0.0004373449421443846,0.001070514190906001,0.00017180244430392208,0.00026512082809809485
"Size of std_values: (1, 40)"

"Time Range: 15:52:41 to 15:53:11, Duration 30.0 
 Start Row 13715, End Row 13835 
 Start Time 3428.5, End Time 3458.5"
Std Values:
0.003374490321317566,0.005324254844265133,0.002556258000110705,0.00339064760709471,0.0034366685629846428,0.0017069808183689296,0.00446310577996379,0.0026289376807783964,0.004540938479942738,0.0026531423230323646,0.002828304499141966,0.005813315685398855,7.208840800412887e-05,0.00041066068315245114,0.0018650582351003146,0.005222837060627934,0.0008269582360323072,0.0033716673529979838,0.0005686482281229121,0.0020088655114918826,0.0017471185275718636,0.003780470152967867,0.0001755237201633982,0.0006527321133990364,2.8963456833134567e-05,0.0001439388296457986,0.001097442886000364,0.004324199759872313,0.000369646529756945,0.0008758280940415377,7.935978246475305e-05,0.00022155930930566991,0.001159761875030157,0.0036308743816212434,0.00021428119843781065,0.0005167746664904153,0.0009361482425394865,0.001982018329317814,0.00011988924837489963,0.00021436075453385592
"Size of std_values: (1, 40)"

"Time Range: 15:53:11 to 15:53:34, Duration 23.0 
 Start Row 13836, End Row 13928 
 Start Time 3458.75, End Time 3481.75"
Std Values:
0.0016758035480994393,0.002483817180840688,0.0007374327468405339,0.0015447213768820561,0.002187521087275579,0.0014930811965337925,0.003147155053782778,0.0020964989032672627,0.0021960598092700357,0.0016402023967106178,0.003619526147285771,0.0028073969268122,0.00010048482390513094,0.0001277217519115337,0.0015322906283507518,0.0028841200194560214,0.0007785772766443922,0.0017051163010808202,0.0004391735321203927,0.0007240172191859014,0.0013408212862140326,0.001758304239047855,0.0001459111513010029,0.000314741732314313,3.3757600443076785e-05,7.549316172770011e-05,0.0009026011047056271,0.0033048091518558874,0.00024037945110763376,0.0005526202331930312,7.974087439339399e-05,0.00014115426188339902,0.0012647051325241636,0.0035545971175524388,0.00018222879433765215,0.00038752066022138866,0.00033961168185279577,0.0006705192720226289,7.307707125378821e-05,0.00013524404046638339
"Size of std_values: (1, 40)"

"Time Range: 15:53:34 to 15:53:55, Duration 21.0 
 Start Row 13929, End Row 14013 
 Start Time 3482.0, End Time 3503.0"
Std Values:
0.0025082334256570447,0.003620725975663696,0.0010705369167265779,0.0025671859877177696,0.004431004330687755,0.0023748542891583015,0.007575759445681505,0.005747196176009093,0.0020328095305923617,0.0016546492534921277,0.0028957158745227985,0.005282975227978087,7.472292240692812e-05,0.00026768531701278634,0.0018603056015038413,0.004468814751135991,0.0008085573375614017,0.002843685052375892,0.0005327122556712016,0.0013776193512208797,0.003052942992089527,0.004253080184046774,0.0002860295130374576,0.0005983843565795986,2.5955935985523477e-05,0.00011150840410287867,0.0010615155771916244,0.004306422018937073,0.0003047331131166759,0.0007673348954942854,0.00016463235402536046,0.00034933627155144583,0.0014784016939351995,0.004127425306431283,0.00036759751529083284,0.0008397298145109394,0.0009685452771474858,0.002182211128980307,6.352108423762412e-05,0.00011276812515499816
"Size of std_values: (1, 40)"

"Time Range: 15:53:55 to 15:54:14, Duration 19.0 
 Start Row 14014, End Row 14090 
 Start Time 3503.25, End Time 3522.25"
Std Values:
0.0034509556129883466,0.005565317100183458,0.0016154606135089329,0.003449638472378398,0.005349576775952704,0.004461946259577816,0.009362941294377376,0.00817094198004743,0.006617814708170712,0.0044660110012324766,0.003614547798763037,0.00865728391118481,0.00014853201139960825,0.00032722575648786226,0.002280841412724812,0.008614327091107472,0.001349189185584554,0.004854998744507254,0.0004732773541939754,0.002412575053665768,0.004639371192345486,0.007648421383645629,0.0004970772331374913,0.0011652575528175232,4.30639235891574e-05,0.000234306806474531,0.0018412562371265878,0.0071927154135185715,0.0008628526833722765,0.0018391633388637715,0.00015514657774049585,0.0004531514871139159,0.00217662534961407,0.0066594877191500585,0.00044931616940748024,0.0011162493223715216,0.001657692279552568,0.0034717699028491986,0.0002626881204187144,0.00041194124551831383
"Size of std_values: (1, 40)"

