"Time Range: 13:15:02 to 13:15:42, Duration 40.0 
 Start Row 3286, End Row 3446 
 Start Time 821.25, End Time 861.25"
kurtosis Values:
-0.12450001474407779,0.09157337162840928,-0.14500650556219963,0.19199931899598166,-0.075676520515493,0.17243466735398627,-0.6192298462619186,-0.5323888048101564,-0.19524608460641435,-0.5715448949862236,0.6318333591216216,0.13673663313351447,0.014042037642366445,0.1921553208916893,-0.32343868344518834,-0.6952972411275526,-0.24089647331045594,0.7613525876731337,-0.9597200074292696,-0.9650733783499676,-0.6395536753014932,-1.1193146298297805,-0.21506693325061876,-0.40216156945771164,0.10669943095294832,0.18189112610173552,0.1399950026922201,0.2612975111773226,-1.2102663826727318,-1.2159385863523475,0.19125760208971165,-0.2595901528775131,-0.49812401091348324,-0.5337856811069273,-0.6381294969099822,-0.7553595068907817,-0.022012851788111742,0.04050210143614619,-0.26980514217602414,-0.31442790433447243
"Size of std_values: (1, 40)"

"Time Range: 13:15:42 to 13:16:26, Duration 44.0 
 Start Row 3447, End Row 3623 
 Start Time 861.5, End Time 905.5"
kurtosis Values:
-0.2829485746750353,-0.7642530246109858,-0.14682442244517313,-0.7561930000147314,-0.004954573221489511,-0.2376194118685917,-0.5692352358177919,-0.7599284135853064,-0.7750996152724938,-0.9285336101548793,0.7226384609052827,-0.5270795059224183,1.0789895832922118,0.05116212934185027,-0.3408632601835593,0.17606258589404167,-0.4172854576641911,-0.1447908229148549,-0.4456713707653486,-0.6482644404802662,-0.9167512502172857,-0.8377190881070407,-0.44897486986844815,-0.4858398184814843,-0.40052969554587214,-0.5156359006702695,-0.2738468147649522,-0.03690908813147553,-1.2043490452935004,-1.1142435179968284,0.13511025136544585,-0.3956092293286644,-0.46646933657510914,-1.2542905914602873,-0.6116326374283827,-0.5737416511030564,-1.2078006841246254,-1.202022778229852,-1.0556739496815504,-0.48933054786925556
"Size of std_values: (1, 40)"

"Time Range: 13:16:26 to 13:17:04, Duration 38.0 
 Start Row 3624, End Row 3776 
 Start Time 905.75, End Time 943.75"
kurtosis Values:
-0.32970872528124584,-1.096366431420866,-1.3337025778996645,-0.6499027084447437,-0.6611913089414436,-0.5477105018734072,-0.9196600500051941,-0.6028134831120648,-0.9011927321158608,-0.8621637009648344,1.010655245255836,1.395030779670476,-1.6120490231696676,-1.2829537888084976,-0.4083761126573835,-0.45222393104713055,-0.5439296262824156,-0.07555191319414645,-1.2240758786653136,-0.7805571571802767,-0.23676193664020495,-0.1879830875459958,0.2908863655963727,0.2924687506649706,-0.38182623605126587,0.3082395437638179,-0.43600231101487363,-0.5300553830680248,-0.7956961555579491,-0.8273714134527035,-0.29766440638021363,0.09294284499099703,-0.7698748590039552,-1.0405211678039898,-1.1927138579910552,-1.0835297082424282,-0.8824764762386534,-0.9187253622307541,-1.301586644650058,-1.1748198457265033
"Size of std_values: (1, 40)"

"Time Range: 13:17:04 to 13:18:01, Duration 57.0 
 Start Row 3777, End Row 4005 
 Start Time 944.0, End Time 1001.0"
kurtosis Values:
-0.14751563551768587,0.0015458974472783993,0.8314120431080538,0.3953910428051648,-0.4437574644998481,0.354963607283997,0.23066532850239296,-0.9453062879165972,-0.8864888631974215,-0.01352552289629294,-0.023691594421456408,-0.34997929550284246,-0.6433946016671808,-0.3422651150106688,-0.5930910857746037,-0.8223734097329061,0.01728389396626584,-0.85004295015858,-1.1174777350299199,-0.40994734426548085,0.26361612123935263,-0.24038077068350283,-0.015213732462376672,-0.5619416383235536,0.289378861245293,0.6379113485711576,-0.05340131552990979,0.1736124679224602,-0.5531403242284534,-0.5840576120430483,-0.029957020457631156,-0.4528546046760482,0.013646484655340796,-0.28036783897314654,-0.28660304348658183,-0.24881214449457767,-0.3805700068499509,-0.3412240703564997,-0.07993069649467754,-0.4594485492740805
"Size of std_values: (1, 40)"

"Time Range: 13:18:01 to 13:18:55, Duration 54.0 
 Start Row 4006, End Row 4222 
 Start Time 1001.25, End Time 1055.25"
kurtosis Values:
0.8644816360585739,3.893630291742772,26.63213743258805,27.52009953062184,1.2139450715101194,7.525588857754016,2.6195830771957587,2.325262048979816,22.681081858733894,24.275991977346,11.430729984406945,31.85590543999035,24.987017903744956,23.038476763553035,-0.6405232884620959,2.427061231388434,3.993629478144671,2.7396156701340555,8.274192002867217,24.515744474186803,0.3373618697692158,1.547697477259601,1.6070994856103011,1.4706197781461912,23.64135315865857,20.930711105459913,25.917826084508132,22.94645746046983,0.39228362721446874,0.3128282281501398,-0.4190101338219665,1.4466189112152517,0.5384672690255745,0.38839315059434654,10.992126745298506,0.40381857285341605,0.445548677374751,0.4081596227728803,0.3819728166722012,0.5918447037358043
"Size of std_values: (1, 40)"

"Time Range: 13:18:55 to 13:19:43, Duration 48.0 
 Start Row 4223, End Row 4415 
 Start Time 1055.5, End Time 1103.5"
kurtosis Values:
-0.16540963409082865,-0.4103647888527808,-0.06871321900906624,0.561348657718836,-0.0037565088620756804,0.04582322050030374,-0.9424765281345207,0.03042102030958116,-1.2492855062788721,-1.1197362572570198,-1.2457734428306384,-1.0411200612141143,28.337723484646524,20.482362231307622,-0.0430631685058982,-0.5433003692060581,-0.9446120708762291,-1.2065633289791797,1.5919210610274606,0.623333085410763,-0.6035279503001592,-0.5519522407219526,-0.23919368640206562,-0.2165977257345575,32.87578957786839,15.297915087824592,0.5835080295937298,0.49317311646922457,0.5557828614129949,-0.18108083010948972,-0.1903585464581976,-0.325484278212433,-1.1538638021756402,-1.4170675011995275,0.34105749114006034,-0.7214752402728046,-1.4657140039215013,-1.579737485736794,0.7419867986385902,-0.4696348143969997
"Size of std_values: (1, 40)"

"Time Range: 13:19:43 to 13:20:37, Duration 54.0 
 Start Row 4416, End Row 4632 
 Start Time 1103.75, End Time 1157.75"
kurtosis Values:
-0.043790456983117565,-0.19882022056330229,48.104664657380106,30.32274910841692,-0.2999061594078496,-0.4689797624350649,0.3482997131182506,2.218632313372937,6.508514286746308,6.359972685316741,11.277566724422272,3.989290412768579,72.99557240186051,68.32188782437052,-0.1338970860674733,-0.10603290950581812,-0.793576694663674,-0.7260779193592057,-0.3537383706405355,-0.944529446727044,18.23443537304238,9.449746304527576,-0.5853689722256754,-1.072262715817409,28.050260509629044,18.936389571140026,-0.23066482604828886,-0.46816327522110246,44.23491937976846,41.65842866139913,-0.021436502850268546,-0.984554527052873,0.93403121684692,4.070809060372339,-1.1802228285043106,-0.9425590508114277,3.061515250229517,1.70245435520137,4.34574459001885,1.5712468334412941
"Size of std_values: (1, 40)"

"Time Range: 13:20:37 to 13:21:13, Duration 36.0 
 Start Row 4633, End Row 4777 
 Start Time 1158.0, End Time 1194.0"
kurtosis Values:
-0.36785337456499345,0.27476448004667997,0.46229373726303535,9.77963373292871,-0.9976711358353043,1.4142268146971677,-1.3181067833612121,-1.3458204696913696,-0.7293103798357405,-0.07022279020102973,4.442209389368518,11.233418899371802,-1.1695341677431073,0.3142361821688828,-0.39067618329416787,0.3086547903973167,-1.4264487498447993,-1.031434935710423,6.010259868567889,-1.4763868411376395,-0.8365715994658949,-1.276916020361795,-0.475868934597631,-0.90628323360525,6.358988863429893,10.938643096969786,5.500857708677646,6.261878368739211,-1.6340499215587727,-1.6894999677561096,0.22707279024575788,-1.0214410211832834,-1.57677528341817,-1.6040876370559911,3.788091765052215,-1.6445519507368367,-1.6695598804884435,-1.6982781362707575,-1.7055079115790157,-0.8883529677483932
"Size of std_values: (1, 40)"

"Time Range: 13:21:13 to 13:22:02, Duration 49.0 
 Start Row 4778, End Row 4974 
 Start Time 1194.25, End Time 1243.25"
kurtosis Values:
-0.21141901382653128,-0.05203984999883504,-0.9059249200777693,-0.336346168438443,-0.7458502426638991,-0.8832272921857376,-0.9192253445207621,-0.025819682717425074,-0.6120338947125972,-0.570166379967755,0.6574464401168303,0.3110637371929621,-0.17535099304632773,0.32595776600268067,-0.2711128159365166,-0.07250823835152342,-0.3043501472888117,-0.5519816176767547,-0.8794084610203701,-0.4364423784779161,0.09846046646333972,0.10236646148740158,0.03086685357020169,-0.5063822986882074,-1.0456817743134548,-0.7415065328476356,-0.05514410740721187,-0.23589152784254752,0.6306891319723169,-1.082779806309,0.29289025036199723,-0.20951775689884133,-0.7958942768394923,-1.4506582659114768,1.6739925810445113,1.7267719352301265,-0.9799580829214385,-0.803333546671805,-0.6515937361497848,-1.1644464724879224
"Size of std_values: (1, 40)"

"Time Range: 13:22:02 to 13:22:58, Duration 56.0 
 Start Row 4975, End Row 5199 
 Start Time 1243.5, End Time 1299.5"
kurtosis Values:
-0.14717516614511705,-0.9189001451734691,2.1335933852473,-0.6299921499871703,0.07251782262931261,0.07737817755854515,-0.6471674411289055,-0.259455228737429,0.5839972111959342,1.5121799006261787,-0.6417474626223516,-0.7896376584489144,1.182616857529581,0.15702355884758656,-0.2528336034725882,-0.46959809916181783,-0.2933996154138412,-0.6644795160811743,1.7766141321390796,0.7143304605061087,-1.063814794802655,-0.6562848334386358,-0.20408723607037782,-0.5929891745571858,0.14180237447553568,-0.7891925449628192,0.10911899516148882,-0.25439589814390295,1.9724631564100061,2.0381306632345098,-0.6583207924417329,-0.2609217965156625,2.1424065168285917,2.0927387958223562,0.32658707934924935,1.6590510675742562,2.301740698130608,2.308693454600639,0.9755185041313132,0.10909176996593484
"Size of std_values: (1, 40)"

"Time Range: 13:22:58 to 13:23:46, Duration 48.0 
 Start Row 5200, End Row 5392 
 Start Time 1299.75, End Time 1347.75"
kurtosis Values:
-0.48703284610090325,-1.2422847548969087,0.1418574339539722,-1.5513900691975138,-0.7158933204632123,0.6420372147447639,-0.8169001631300179,0.6365504991247608,-0.35523678726824315,-0.8367213141379946,-1.3654675987319458,-0.3993342461869873,-0.8683284865967993,0.19709876042421914,-0.0215420594290876,0.04260012582790251,-0.40700092629432705,-0.7824602249180912,0.9406989913945836,-0.8501060744439575,0.21159216511450607,-0.9651378445669083,-0.10024128248447983,-0.6302055336209182,1.1389916953783494,-0.5276129520824866,-0.2570741166068373,0.4209193397516722,0.6204598413277056,-0.9014939197992398,0.1672078044021501,-0.4173733552177481,-0.18247808509751717,-0.04259872308940693,0.29143676599004387,0.38530028533118266,-0.6270391412741332,-1.066389015016112,-0.5470958429294956,-0.4156169713190474
"Size of std_values: (1, 40)"

"Time Range: 13:23:46 to 13:24:33, Duration 47.0 
 Start Row 5393, End Row 5581 
 Start Time 1348.0, End Time 1395.0"
kurtosis Values:
-0.15219593378739749,-0.5213507870810914,7.799550845674183,14.067170864755738,0.040427958813765486,13.732067213910625,0.29888401191353164,2.361659369588163,26.010310372457365,27.864449342379892,29.556062635586542,30.977025127131114,21.354517918392634,28.862299666952914,-0.5293057349614054,8.886680186382678,2.990013364971741,13.626099295693216,26.328389421071478,11.42297608341701,0.41196173670779856,3.8640093788778422,3.6216244063234706,1.1994204263623853,27.386902609814683,28.3357567776362,26.53876641278149,28.8709246164372,20.66345890554206,10.020087414366877,-0.1561676307438029,0.49218032136699286,15.42333794702288,15.4884057338571,17.417164574173466,15.05071913233061,-0.3336152092197975,1.1038557463396623,15.616743889807829,28.406943728098398
"Size of std_values: (1, 40)"

"Time Range: 13:24:33 to 13:25:27, Duration 54.0 
 Start Row 5582, End Row 5798 
 Start Time 1395.25, End Time 1449.25"
kurtosis Values:
0.5577138710925094,1.035156696914438,0.07346811193326186,0.874009457368845,0.3172323397503929,0.962835003956168,0.7262878194256266,1.2373368926223192,5.444422285113264,15.391980310266362,30.601678242014223,37.8090494819524,0.5144106579472889,3.4370524329784686,-0.3033545029093041,0.4758167590022353,0.6776268405411745,0.6505695673709138,2.8333092913853726,4.286696934358031,1.265253839534899,1.035904454293008,-0.7372545950456644,-0.5422768599329149,34.76892884746769,30.75345872234717,39.64305260331081,47.664346686043935,0.5871115391664032,0.5298156695142247,-0.21629682257760852,-0.3753245081893817,-0.03498627576996949,0.34986670135678555,4.332173763582827,0.5789147447204819,0.8917960351838836,0.8646865583109253,-0.07454970978159059,4.919778950690129
"Size of std_values: (1, 40)"

"Time Range: 13:25:27 to 13:25:50, Duration 23.0 
 Start Row 5799, End Row 5891 
 Start Time 1449.5, End Time 1472.5"
kurtosis Values:
-0.026803135083980578,-0.5795652771040025,-1.4438741841911047,-0.44894390810493956,0.8513305860891465,1.116275010714599,-0.8317786661536886,-0.5839660361585888,-0.6512349519953968,-0.749885239472444,-0.7406449690538328,-1.536932463844659,-1.374526443889473,-1.3189887226149801,1.2403505141714044,0.15858340185013553,1.98963239054868,0.6641663226575165,-0.7284990999832628,-0.9740497063688518,-0.8639227876010862,-1.0265707449036268,0.21514761064304766,0.1363251366116649,-0.8754393497514572,-0.824592804905719,0.24880824511193955,0.2389885442434636,-1.5521494396070548,-1.1483186089426245,-0.29420808033490786,0.6810712462174577,0.4325298479150672,1.033761589312424,0.8633969589663488,0.7122461691086341,-0.14579344459332955,-0.2214037741631647,-0.6553147872908514,-0.0030802559793245976
"Size of std_values: (1, 40)"

"Time Range: 13:25:50 to 13:26:38, Duration 48.0 
 Start Row 5892, End Row 6084 
 Start Time 1472.75, End Time 1520.75"
kurtosis Values:
-0.15482046940950944,-0.2571069792106222,-0.2967254390838514,-0.43124527753831554,-0.27599479376598746,-0.4764101529344229,-0.684471791456124,-0.6308902291750802,0.04485460925538298,0.7962019819077799,-0.7980239157412736,1.212404342692479,-0.3385406109270699,0.01801399159896322,-0.4929392282434364,-0.06105636910970569,1.2663974899704797,1.5981082702275131,-0.4219284531807834,-0.35185052071416356,-0.8609650197252825,-0.6356721105026333,0.3297439656041421,0.03773812666622334,-0.9613229308404998,-0.8709062838284085,0.17289051897260643,0.3361102216841485,-0.6020553692796446,1.0783625549796962,0.11336815722654636,0.661446279053409,-0.0768791717687276,-0.01920588855275529,-0.3681416221193774,-0.4701805715337861,-0.6658724940231462,-0.9035290251822881,-0.30872880852670814,-0.4078384771584562
"Size of std_values: (1, 40)"

"Time Range: 13:26:38 to 13:27:01, Duration 23.0 
 Start Row 6085, End Row 6177 
 Start Time 1521.0, End Time 1544.0"
kurtosis Values:
-0.4351439326916844,-0.8761113824992357,-0.7441146456628673,-0.16405293045152503,-0.3658955233020471,0.12269048632864887,-0.4373759189193063,-0.046031366598637824,-0.5923482429557683,-0.6627711199316284,-0.1986754697394546,-0.4913688829945375,-0.5719878627248116,-0.1973107748204277,-0.14625102108359034,-1.1947339832587793,-0.7856641437922742,-1.0050436961087108,-1.3972537673834686,-0.8578569284081734,-0.12632059739956691,-0.45347752964654653,-0.1191237497863078,-0.6147045756823077,-0.3069157713876325,-0.6472066435843189,-0.14998460416040027,0.296922662926431,-0.3019517790197619,-0.9168715814250703,0.29913027141418347,-0.6348603422766148,-0.5773955145646665,-0.8520079474927531,-1.0396014833526992,-0.886858058157463,-1.0100888131505719,-0.9281879950531424,-0.3940172710488228,-0.29444762988552053
"Size of std_values: (1, 40)"

"Time Range: 13:27:01 to 13:27:52, Duration 51.0 
 Start Row 6178, End Row 6382 
 Start Time 1544.25, End Time 1595.25"
kurtosis Values:
3.4751559369722838,7.202109078635951,9.680081738207502,19.252940401316586,2.6280878634443,4.006981925903018,6.862678681630836,13.007727964361926,21.601975530093277,23.725884540543507,29.040998564922347,29.032327898513763,9.970297101161714,21.94910519564427,0.8663427548220484,0.9711139664826041,11.603271045474656,7.750759027990409,29.518902220133583,31.506029249003902,1.9450693429487194,-0.08939743922911791,4.402952595643674,1.6859687992124295,21.36605812594107,38.16301689251849,15.285250874579027,21.591536739123953,20.630169351292757,22.513643864132135,1.5334828471828263,0.9701666475035888,16.755547794806755,19.553893790220776,15.740359027084558,16.060656095722962,24.83287075598208,21.011005087114274,6.659079935391226,8.737650119201419
"Size of std_values: (1, 40)"

"Time Range: 13:27:52 to 13:28:32, Duration 40.0 
 Start Row 6383, End Row 6543 
 Start Time 1595.5, End Time 1635.5"
kurtosis Values:
-0.6687214254313743,-0.672289127150091,0.28831687002615825,-0.8557289602871956,-0.8243228018598612,-0.22153462708567329,0.36491956948414517,-1.0195139885916826,1.68150751602185,0.2632492357118581,-0.17253884987753754,0.13321728698383328,-0.22751982873374832,-0.3694096240113174,-0.25388498882990973,-0.8166397740964819,-0.5501413896851304,-0.3537291113055314,-0.42784287688659894,-0.56720298959599,-1.0395236006159252,-0.5775298224283669,-0.4310287442466296,-0.22964917342262403,-0.9220686513838081,0.37619281134574223,0.03224577497206438,0.060447807144021315,0.13510833071267303,-0.022298846857204513,0.6576614754585419,0.09373888833673494,-0.5666175601821903,-0.7203772158232904,-0.2971771436199875,-0.9432606089245348,-0.8346341451201633,-0.8322613753790438,-0.562491080147498,-0.5996832467826629
"Size of std_values: (1, 40)"

"Time Range: 13:32:41 to 13:33:12, Duration 31.0 
 Start Row 6544, End Row 6668 
 Start Time 1635.75, End Time 1666.75"
kurtosis Values:
-0.6618471716091436,-0.46530110460858554,-0.650445162725978,-0.48883215263765134,1.44053793183779,0.001018336716942958,-0.9007089243070121,-0.8266486682901775,-1.3406329425523995,-1.211218853226463,-0.46461905290516636,-0.5419697806207715,0.14370127748817563,-1.2784234296961048,-0.5527449550902332,-1.0095750588794026,-0.20767143979356595,-0.33892540600458654,-0.37231182597760304,-0.3409651375041345,-1.3042705509966024,-0.8923109226225208,-0.47944705978304025,-0.6279623192470942,-0.05260951979584627,-0.5885974961954528,0.17484637737571251,0.8150993104507971,0.23594625293803606,-0.9611712648725348,0.33145059655471965,-0.3225513359779608,-0.24142265041704825,2.045291297223881,-0.32584220765937255,-1.18577275641598,-1.1594233056199656,-1.1900096836505716,1.7064030769313252,-0.4318782968023567
"Size of std_values: (1, 40)"

"Time Range: 13:33:12 to 13:33:45, Duration 33.0 
 Start Row 6669, End Row 6801 
 Start Time 1667.0, End Time 1700.0"
kurtosis Values:
0.2637091561820104,-0.8487369052751337,-0.07249023809424537,-1.1287606060183724,-0.48155110151335867,-0.3964758425883539,-0.9717518664811791,-0.6635169870601847,2.2771706480637492,-0.4365233072180059,-0.8850991223139246,-0.5058020305163398,-0.46782428188497027,-0.2662303531019461,0.3591994556821274,-0.23331663235376343,0.42937232366791545,-0.25346675488428083,0.19892553367719268,2.3509288310147856,-0.42267933107206135,-0.7822772452825024,-0.6664667784567104,-0.9048095586258746,-0.8717543210986829,-0.8659815796422032,0.2920053660987607,-0.16553326067895657,-0.3450032883125571,0.5957103003976374,-0.3845069048316567,-0.6048755586715497,0.47015210731944546,-0.7818849417515152,0.09907436165759398,-0.5176266546344896,3.219416685403102,3.9690187762740035,-0.3646042108246097,-0.353236716423432
"Size of std_values: (1, 40)"

"Time Range: 13:33:45 to 13:34:28, Duration 43.0 
 Start Row 6802, End Row 6974 
 Start Time 1700.25, End Time 1743.25"
kurtosis Values:
-0.15634041648208674,-0.4160030252176683,-0.19795952594494404,-1.0700223512724558,0.4068246122415231,1.2030857098499546,-0.6398137584246371,-0.40869193911535273,-0.8069297018927717,-0.9294747107697088,-0.6516739933738309,-0.5944167373377436,-0.5904365005143424,-0.5880033694786642,0.4969468163887867,-0.16005100310039877,-0.1482310292763307,-0.7611839607674566,-1.4887437535615815,-0.7129859079189584,-0.46972976210115425,-0.38098310897331533,-0.012483715969279885,-0.14605310618933265,0.9769325866634357,0.11088586997297245,0.6517388054448658,-0.5127710603002242,0.0083282770006754,-0.8847963727693031,-0.012989545835061289,-0.5474376502092624,-1.2240346608496864,-0.8285674058606531,0.13000047308103113,0.4257268541669248,-1.6328972932601429,-1.4746424781290208,-0.5538112378141444,-0.7161928460338998
"Size of std_values: (1, 40)"

"Time Range: 13:34:29 to 13:35:37, Duration 68.0 
 Start Row 6975, End Row 7247 
 Start Time 1743.5, End Time 1811.5"
kurtosis Values:
1.2698180241586403,-0.7891082168223051,-0.4630092126574934,-1.0441713714992094,0.17007022178289644,0.5800498167205914,0.9239146985812159,1.726091549037399,0.5882505706126606,-0.2010740067689447,-0.07331272476391959,-1.0114493780789415,-0.7978278581920617,-0.45536194430700005,0.6405386085730052,0.5910376388989955,0.07438189212675983,0.3439696111463322,0.4234465242252381,-1.1013459610306553,2.5172295434206253,0.3263755477099788,0.6499069183674142,0.6444086707342773,0.20544909475200113,-1.189596891490579,0.2771811500175225,0.28967401152421823,-1.020333127720831,-1.1953775680892342,0.06638149282742889,0.5125815692956688,-1.0413230639183986,-1.155235501637407,0.968412442438007,-0.08744732625689045,-0.5144618755540944,-1.2554115663823124,-0.002813735516254745,0.28053217066598624
"Size of std_values: (1, 40)"

"Time Range: 13:35:37 to 13:36:16, Duration 39.0 
 Start Row 7248, End Row 7404 
 Start Time 1811.75, End Time 1850.75"
kurtosis Values:
-0.5460934763976653,-1.2255613798957525,-0.3930455079103572,-0.1689711779985008,-0.393209986061696,-0.6222473681084195,-1.1538867184166497,-0.8720513580886777,0.08511696840353622,-0.5184242702041564,-0.22957787652863892,-0.7150787714601696,-0.279222628042171,0.6759851173493492,-0.4587086617591485,-1.1669113890571887,-0.9516697779779317,-1.335067832434905,-0.9787491765889595,-0.9291716426593144,-1.1515909820874588,-1.4341884197965034,-0.407597581262507,-1.0552980088185808,-0.3419305217501085,-1.3767615871265448,-0.6398979175204178,-0.34338705184444995,-0.959777065279801,-1.2686427369826985,-0.04186887979832532,-0.8041779819644703,-1.046926718759299,-1.06783864387082,-0.8938411441862351,-0.8653110872097236,-1.1612018633408399,-1.2623373586743585,-0.35030801366743036,-0.6606835553802002
"Size of std_values: (1, 40)"

"Time Range: 13:36:16 to 13:36:52, Duration 36.0 
 Start Row 7405, End Row 7549 
 Start Time 1851.0, End Time 1887.0"
kurtosis Values:
-0.38189343602148407,-1.3973242312947713,0.28352414837491846,-1.111654040594747,-0.2856853176464118,-0.7427234881427731,-0.8767912689926236,-0.65986190729366,2.7085349794384275,1.4121863826814955,4.6800360531201175,7.676815568043057,-0.41376577942826875,-0.1349967114071231,-0.5118574154515589,-1.0129843219097985,-0.20982302285796317,0.05903964042199883,17.296703923700395,0.9604574405983817,-0.558187343320494,-0.878935965657508,0.13933002072803102,-0.5587296986428947,9.558440511648655,3.6576413579919977,11.000900606740645,19.15133663509109,5.322272938768432,2.665633823880256,-0.02180850581434335,0.31548518985200324,16.48601193584052,23.010638418438507,10.508020157716084,20.629130140001795,2.7242780907518016,1.2129853638863342,2.624422657138447,5.722064096103761
"Size of std_values: (1, 40)"

"Time Range: 13:36:52 to 13:37:44, Duration 52.0 
 Start Row 7550, End Row 7758 
 Start Time 1887.25, End Time 1939.25"
kurtosis Values:
0.08776206791953012,0.0861152208845164,-0.919851491688521,-0.10442172936000382,-0.7796177040946408,0.06148905704885754,-0.5888570971044822,-0.2866054021626727,5.304896805874304,15.751228375717321,31.648670695265963,26.19460603445601,3.091830348323623,2.8919225530991035,0.025277174891198406,-1.1403806329510142,0.7615968781838904,0.5390871610505261,21.073709735159483,24.83313264364627,0.19559548302638774,-0.13506396311119673,1.150692028357179,0.23784704358702724,21.358288093893922,13.918425587699446,26.893224543482475,26.42387390179916,8.565389438590403,14.73899718415305,0.8373282063511907,0.9926820442017226,5.2538209419344035,4.421860110605701,17.07986813361392,14.623311452665611,0.4878397245086843,3.67305642092069,3.931017600233387,6.588168279694099
"Size of std_values: (1, 40)"

"Time Range: 13:37:44 to 13:38:24, Duration 40.0 
 Start Row 7759, End Row 7919 
 Start Time 1939.5, End Time 1979.5"
kurtosis Values:
1.006532384579348,0.021174962413147203,1.9300145441766139,0.5544477831948882,-0.6576119585526929,8.579944091844428,0.04894697912730672,0.07573333152587436,5.164678349095297,11.244862433088592,39.25300738042415,36.619021121474496,13.344127068248522,11.266564562508007,0.6899000098070274,0.025465921556562687,2.778081216863714,1.4775702983707042,24.94924535660368,24.705106854884598,-0.5833791537488864,6.4644423943539415,2.7470355793522483,0.5102431485708454,29.6477269886145,25.952753575553064,35.52698807130427,34.61619715875428,7.988233946704815,9.700053314781783,1.9688465747759585,-0.5562115535128878,24.251474151554568,21.468354650523704,27.641147146811335,12.807054246983604,-0.8664946853092741,6.114439064274293,0.11314564012655959,9.563712391194157
"Size of std_values: (1, 40)"

"Time Range: 13:38:24 to 13:39:18, Duration 54.0 
 Start Row 7920, End Row 8136 
 Start Time 1979.75, End Time 2033.75"
kurtosis Values:
2.35802495722349,-1.0740700409723618,3.866654530526972,-0.4848426739383527,0.41736794443752245,3.972694744024258,0.9176283367083613,2.8842394133843143,8.201063153681208,9.84509151889945,2.0384181751803663,13.357286789342222,1.2402391326165745,-0.7591567420461001,0.8095344492304877,-1.2060835362312292,3.2047544279284175,0.605601994760304,12.690217101520245,6.556598566851271,1.0604462687839176,-1.290814219447982,1.5797246117745978,0.8791350643401641,6.506671408852203,0.06432930705828266,9.684597572043726,12.449932185162021,2.399040490311581,4.28237646678471,1.727184419775548,1.9268772664278515,2.612768677199952,3.4246907813117833,0.868882928321344,1.9808192735629548,1.7487623273610815,2.670952390450428,1.4523564235291975,1.2451856515842321
"Size of std_values: (1, 40)"

"Time Range: 13:39:18 to 13:40:10, Duration 52.0 
 Start Row 8137, End Row 8345 
 Start Time 2034.0, End Time 2086.0"
kurtosis Values:
0.09251730706410077,-0.5525938411452058,-0.9337369957225152,0.9697931840101983,-0.5804802096550139,0.2620203623717181,-0.5184901997567564,-0.06835611353845783,-0.1222823236666386,0.0746730432265954,-0.8690144841256098,-0.8884682944143458,-0.7275321626401783,-0.3880906988123707,-0.06522280959455218,-0.014400263506868072,0.1881398644073098,-0.3439395486876826,-0.5261337511357138,-0.6793704601065143,-0.29444888150010673,-0.02582171092434704,0.1706614151768684,0.28223633813817806,0.3022239753063318,0.40108998236203863,0.18519919039956356,-0.0848797113061206,-0.8927359349419319,-1.0343017390885805,-0.22252835494340406,0.3775704095972956,-0.5506766546823512,-0.5277168065962741,-0.09810208767625372,-0.8455698318420453,0.08531372591676423,0.7391005348514557,-0.22018716424111018,0.06389867078696021
"Size of std_values: (1, 40)"

"Time Range: 13:40:10 to 13:40:59, Duration 49.0 
 Start Row 8346, End Row 8542 
 Start Time 2086.25, End Time 2135.25"
kurtosis Values:
-1.1375012544914138,-0.832546029678388,-1.9049006074838524,0.038101592528982486,-0.9469080683659392,-1.249775319709893,-0.8560130895356024,-1.5684935330105731,-1.7439808274852113,-1.7273428933838888,27.45748853402384,18.80298947276264,-1.9295250765937357,-0.993934294085538,-0.4387323017957985,-0.17657257963896322,-1.2024984767338212,0.4219538955806512,5.183595267571523,-0.8292182010963454,-0.6634313125309914,0.6243287678120661,0.3478302506920472,-0.12321988712440524,2.256288411386466,12.457946270232208,5.704653770964622,4.761990982869843,-1.9311593279405908,-1.9389520698675518,0.044562456153166785,-0.06291726685186694,-1.732326157514103,-1.9249584708272354,2.5361710211591406,-1.868150733128181,-1.9371887710921332,-1.9627989340745173,-1.8679867476292027,-1.7335537298916424
"Size of std_values: (1, 40)"

"Time Range: 13:40:59 to 13:41:39, Duration 40.0 
 Start Row 8543, End Row 8703 
 Start Time 2135.5, End Time 2175.5"
kurtosis Values:
-0.9641619085523514,-1.3951093465100848,-0.9459383080835808,-0.6743047975832197,-0.8789194202616408,-0.6477196814750918,-1.327584384207537,-0.7549611496629463,0.34323567459108295,0.03327310891291102,-0.9025243222696826,-0.9359843336998357,-0.6764713104875204,-0.8965253572476648,-0.3902054729833151,-1.3267064169042657,-1.0772050235351878,-1.2856927133140705,0.5546645407288535,-0.30310246640317917,-0.1311717174514757,-0.7191784685565383,0.09486186539748465,-0.5510629183204903,2.876647108396229,-0.6323830253372971,-0.7969325840648769,-0.9138780127831758,-1.1588833898091262,-1.2128556112126927,-0.23660611409835175,-0.9396163219637605,-0.8623816108170601,-1.093453164451231,-0.9579617659781863,-1.1317391027375001,-1.0683171568763898,-1.0746283421164902,-0.46938449159361273,-0.8070596658905633
"Size of std_values: (1, 40)"

"Time Range: 13:41:39 to 13:42:09, Duration 30.0 
 Start Row 8704, End Row 8824 
 Start Time 2175.75, End Time 2205.75"
kurtosis Values:
-0.2430822854492649,-0.7554348480287492,1.1541876900364318,0.49965824608776677,2.103682421076398,0.5286056843459406,0.5916291808281846,1.242976559006415,-0.7118029546230131,-0.5782563006277028,-0.7458442262683938,-0.5897695419936166,2.7153208887934195,0.15508227504706218,-0.21628485352657512,-0.7137512571596605,3.3654401248206547,-0.390381444406946,0.3483738236568201,-1.0611670473962682,-0.2012769697456429,-0.5343459662226437,0.48762730583481506,1.2368909176763285,1.968986668914388,-0.3514148518797251,0.06178929354837415,-0.37829150789238586,13.584517855604496,12.389058506252429,-0.3231843275566577,0.3103632287684608,3.1538156018053165,9.960601847936152,-0.6013254852901118,6.880146954303182,11.730219316909336,10.64154457327495,6.804450175567611,4.312669677893153
"Size of std_values: (1, 40)"

"Time Range: 13:42:09 to 13:42:47, Duration 38.0 
 Start Row 8825, End Row 8977 
 Start Time 2206.0, End Time 2244.0"
kurtosis Values:
-0.5858967013224881,-0.09184825879253822,-0.012169411714311185,-0.32168819717872754,-0.07162007673544313,-0.19699062931401468,0.8098863857340817,-0.8909134031245758,-0.9042264759186835,-0.5535104331582206,-0.17846029411039677,-0.9306852310735425,-1.3874230358596005,-0.8073198329042248,1.1036387274899955,-0.4900514545998238,2.206615993146583,2.775971186591418,-0.687153315039946,-0.05971178231510432,0.7928695038146802,0.4063096636447132,0.5669889779842094,1.0435127005310978,-0.7731905897940559,-0.8983775029178216,-0.4116200370942611,-0.17430780651114697,-1.0434643268897275,-1.2093789529783014,0.5821248387013074,0.016467821733884502,-0.5729679478105876,-0.554029931538965,-0.6630233251727278,-0.869853941959235,-0.9991155711005018,-1.0466608385281049,0.08014533236970323,0.017608824227197672
"Size of std_values: (1, 40)"

"Time Range: 13:42:47 to 13:43:14, Duration 27.0 
 Start Row 8978, End Row 9086 
 Start Time 2244.25, End Time 2271.25"
kurtosis Values:
3.1030050360881507,1.8191857918867447,9.175913811728083,5.9308213007283825,-0.11356682634535309,2.9641666660308337,5.083009098833969,8.400948945340582,2.701656405668669,4.860442324898715,6.033083576114883,3.8482036705821363,8.017116882800254,4.264191792772843,-0.5482347208352722,-1.1326622110516917,1.6484631572159385,-0.18084706584231025,6.160056298563834,6.457878068230272,-0.42611465277550664,-1.2652385424645383,-0.8870585600343315,-0.991727534985972,5.097021657055869,3.6811932451559866,4.340760368697253,3.6368731673320616,8.77670534189471,8.998933333715001,0.31743818657258327,-0.3459540431199968,3.344406687477993,4.248340266862162,2.781760242784781,4.436052076706856,13.087155681828698,9.456934793984379,14.340818280873393,1.9293400029642216
"Size of std_values: (1, 40)"

"Time Range: 13:43:14 to 13:43:43, Duration 29.0 
 Start Row 9087, End Row 9203 
 Start Time 2271.5, End Time 2300.5"
kurtosis Values:
-0.36104869487024605,-1.4264171203254876,-0.4502227818892308,-1.2608374811462943,-0.5532170152255178,-0.26656091057607423,-0.5972263178313981,0.35935346435612514,-0.5783186219599448,-1.2521294753526189,0.23107981437327263,-1.0925886342640603,-0.49689441919410093,-0.8991374374320538,1.0729079688417897,-0.38727377764283766,1.3802106476943834,1.118012057741458,0.8156777340883195,-1.2973491214391761,0.05453676298160648,-1.1070108458899741,0.19726511699499083,0.5127288739993991,1.0148340989234255,-0.24482144348703638,-0.05884009585703298,-0.15470662667494484,-1.057796118555622,-1.0933398251490316,0.07314045473400732,1.0268880584823457,0.2863888673818571,-1.1319149132020667,1.1706864023478296,1.862746500402988,-0.9463055796725008,-1.2555354218095576,-0.6650566864554346,-1.0931689917006493
"Size of std_values: (1, 40)"

"Time Range: 13:43:43 to 13:44:22, Duration 39.0 
 Start Row 9204, End Row 9360 
 Start Time 2300.75, End Time 2339.75"
kurtosis Values:
0.06656952502155189,-0.9722260927120279,1.3007930287192169,-0.2982724696754362,0.8034688483046,0.2599897688101942,0.24895757185215972,0.025864174418822827,-0.42573369632576696,-0.8436827707261934,-0.30652711394669474,-0.6017061680375346,0.3038082539478477,-0.28913591575645325,-0.11162425076717586,-0.5167540372888735,0.7581958921538936,0.981575466531067,0.1809423416502729,-1.358988059613178,-0.7371235356892702,-0.6071344193187143,0.2079687109022994,0.2636721697950941,1.0843007600100574,0.4107686546995395,0.04607878242520824,0.0690252428761946,-1.4582020652698988,-1.085336064274469,-0.4809456171951334,0.2121051937427314,-0.1724632115767153,-0.4384706077047764,-0.5591497288689107,-0.9189575938920678,-0.8213712879749786,-1.1952618359101113,-0.2205120263699909,-0.3375452187114365
"Size of std_values: (1, 40)"

"Time Range: 13:44:22 to 13:44:54, Duration 32.0 
 Start Row 9361, End Row 9489 
 Start Time 2340.0, End Time 2372.0"
kurtosis Values:
-0.30381824096615206,-0.5614456740400993,-0.6463829436109219,0.67059676485077,0.029462499079361493,0.009142720136582128,-0.1955957046258714,0.04707831066227364,0.7974239333325936,1.302595661880364,0.05626617037159587,-1.1726652643850273,0.5045745642247921,-0.3589764950647716,-0.05379367236566868,-0.809143709256051,0.829963782654751,-0.23975789713297813,0.21582811351027065,0.17750156506655035,-0.38616591525045996,0.9289018478777056,0.7223645644923238,-0.18185177660154084,-0.2968725233205647,-1.0774070512013751,0.014891065820255456,0.008026110826358401,-0.17424136590138328,0.4178926777689598,-0.3942112282607879,0.21148329655971576,-0.24047899474639944,-0.5768944719936338,2.7809607731417145,3.1607900401452085,1.0038870903482557,1.15564992827366,-0.275135354868393,-0.08470875292014046
"Size of std_values: (1, 40)"

"Time Range: 13:44:54 to 13:45:22, Duration 28.0 
 Start Row 9490, End Row 9602 
 Start Time 2372.25, End Time 2400.25"
kurtosis Values:
-0.4777846101024057,-0.981993677283167,-0.7174404967444934,-0.6629240497085451,-0.25558378919296976,-0.3548780516931269,-0.877718500983593,-0.7744607318602248,-0.8092313890174334,-0.9029466136508546,-0.19863264348101062,0.32656747128227837,-1.2054989316267186,-0.2757264731570639,-0.2791853492317431,-0.3643498332739159,0.07012399151586557,-0.18206322015709286,-0.45321223034124003,-0.11397671226172701,0.3533495257140373,0.734271829317704,-0.1100948623468283,0.03624331417081583,-0.5034397514776661,0.2675772064615636,0.5270715844804235,-0.8467107370618683,-0.8854897636468904,-0.9765115735191321,1.4084658111131727,-0.21338148288330094,-0.159581558479454,-1.3885739277075286,-0.37145180473990447,-0.7002410819920035,0.6129559645221194,0.3023127560363177,-0.7042113814785327,-0.4833915264187696
"Size of std_values: (1, 40)"

"Time Range: 13:48:16 to 13:48:40, Duration 24.0 
 Start Row 9603, End Row 9699 
 Start Time 2400.5, End Time 2424.5"
kurtosis Values:
-0.4435346671891516,2.515804271646675,0.9418610540382422,3.068977665435531,1.836908366738534,3.9926224263231127,0.5464781296854282,0.47637105787869016,3.5077778882815176,4.532232629631219,6.5297375817709735,5.965737227878478,4.65854798448623,6.726188851160499,-0.31573684654621204,0.9123693776353328,2.0981832943739747,1.5826919719900339,0.2844543426218853,0.9828159956940477,-0.17807954443043128,3.8623237224117197,0.9455579830340972,-0.19738683917793765,6.917832563380884,7.753527673809302,7.6538865701267085,7.087769823336378,3.361472369254926,1.3492991823895917,0.5771225606536463,-0.1591139900474694,4.249037377667285,3.6680180571418948,5.062819901754061,4.055548738746795,1.2754808606444987,2.4781403180296984,1.1541176752151188,3.1642499339202033
"Size of std_values: (1, 40)"

"Time Range: 13:48:40 to 13:49:08, Duration 28.0 
 Start Row 9700, End Row 9812 
 Start Time 2424.75, End Time 2452.75"
kurtosis Values:
-0.7396024004069433,-0.1054324767435566,-0.2013400966269976,0.7432648457667148,-0.5483208014058816,-0.6510453283873074,-1.0707260737135535,-1.2182700477464476,-0.9999926509393511,0.9443772854471715,-0.48809617658516746,-1.2871972746206066,-0.7347190013523335,-1.3280116141692253,-0.43291803936544326,-0.5877768908658023,-1.4237183898113304,-0.8176207372242987,-1.2735264959719421,-0.4155196356264623,-1.3043565429492505,-0.9699518788518255,-1.3790786605582845,-1.0867783796135952,-1.2764225214621545,-1.3041179279820703,-0.37543974279981374,0.14735864949852484,-1.255659207959324,-0.8400240044832299,0.9689949545560022,-1.0473910067920862,-0.5882260356875939,-0.5320012699876515,1.5022835819651874,0.7548088256258056,-0.7174473448309753,-0.9216269195838054,0.815095022868825,0.1777358247641505
"Size of std_values: (1, 40)"

"Time Range: 13:49:08 to 13:49:31, Duration 23.0 
 Start Row 9813, End Row 9905 
 Start Time 2453.0, End Time 2476.0"
kurtosis Values:
-0.41606154749594815,0.0509870174058209,-0.6042544710880513,0.0013679320845501053,-0.2845806335983232,-0.26569184992839023,0.03140851454788196,-1.3303705634860183,0.38664779153678186,-0.08169608195233957,-1.0749652395165572,-0.025676812508823588,-1.219030826506471,-1.0253900642463518,3.8122707509674907,0.7153830900362355,0.6945665118165167,0.7453285764390065,-1.1258496626960115,1.773237981148264,-1.3531682356409092,-0.37292919913011735,-0.26734085753952286,-0.5850565760467403,-1.3609743737167666,-1.486149089598632,0.0961390593238276,-0.2085905408473585,-0.7343236830714694,-0.2693885193448766,0.5788880156118195,-0.07758445583017615,-0.35067684733269333,0.905114579613767,-0.32523285426306536,-0.010773495050388604,-0.784780030711703,-0.907126344851068,0.2801153984017728,0.6788569778356175
"Size of std_values: (1, 40)"

"Time Range: 13:49:31 to 13:50:00, Duration 29.0 
 Start Row 9906, End Row 10022 
 Start Time 2476.25, End Time 2505.25"
kurtosis Values:
0.1660822190255078,-0.9860033414156435,-0.3803300291333098,-1.6505727837418942,0.3125619371125419,-0.26906875233423566,-0.9807545179282444,-0.3358167335663711,0.0025642049691838587,-0.5992689227151233,-1.0317578346516474,1.0570977051299097,-1.0389560519201222,-1.3618017483720612,-0.18744537785132165,0.32007794415943946,-0.06272918726994137,-0.64966707525384,-1.63473678641057,-0.01316471682398257,0.19901036970221453,-1.1007120701902486,0.8259765493510249,0.23144915154069245,0.10786737909636646,-1.390423907977943,0.2748570524047813,-0.4534232369979341,2.737744008911454,-0.8108783180561532,0.6310192032232167,0.5442199205279126,-1.499169570501015,-1.5266636618990683,-0.5316977934242626,-0.5526550520546385,-1.2191825283874747,-0.9601413924244735,-0.8110267627357906,-0.7343246854682963
"Size of std_values: (1, 40)"

"Time Range: 13:50:00 to 13:50:18, Duration 18.0 
 Start Row 10023, End Row 10095 
 Start Time 2505.5, End Time 2523.5"
kurtosis Values:
0.09601834447744917,-1.1882075676204633,-0.6572073217579075,-0.5511449857718858,0.015942480205344722,-0.11009583829206093,-0.7951074198024997,-0.8529245407460522,-0.7391198403330161,-0.7037308365567649,0.024647618512455338,-0.23239033203919313,-0.7909301724179953,-0.7631879316605179,0.02684269126806349,-0.7694994759700857,-0.508103742713014,-0.8926705290370163,-1.343800765047209,-0.8295888226192187,-0.7343390700580401,-1.1802158547188404,0.11877043791425912,-0.626439213780194,-0.8818735400326427,-0.884046814644766,-0.5258836248563683,-0.6949582384999005,-0.9818317712235514,-0.9237981994593958,-0.3546346760515626,-0.9061695828722893,-0.6971154223896874,-1.2996475273122052,-0.5278869355987998,-0.5340350929618198,-0.19854099200582231,-0.4726602529716559,-0.4105686851027217,-0.7947683364642852
"Size of std_values: (1, 40)"

"Time Range: 13:50:18 to 13:50:44, Duration 26.0 
 Start Row 10096, End Row 10200 
 Start Time 2523.75, End Time 2549.75"
kurtosis Values:
-0.3939887223691807,0.20137179760030444,-1.2574099021858556,-0.3065384651688383,-0.005375168218201942,-0.514543712976284,0.8050270940078335,-0.220032004944275,-0.46720803321787985,-0.3206584594660078,-1.0045135345421892,-0.48242358885733516,-1.2939926441560043,-0.95227865916761,-0.6289018503905557,-0.408276718523481,-0.163376900047282,-0.057600550586710764,-0.44730356387715675,-0.47080784222082883,-0.21451935476965422,-0.04970168550830323,0.17358375157569172,0.7284802729063413,-0.7470648179490897,0.01862518570862015,-0.10505130628715476,-0.42605720404502145,-0.2964147403115973,-0.09092518416080209,0.17558493067556213,0.7173157276338431,0.8991182425727757,0.9122991918865253,0.3752962574966632,0.7485269283217519,-0.9047769059171604,-0.9144071229543282,-0.28238512403600113,0.3430094975660567
"Size of std_values: (1, 40)"

"Time Range: 13:50:44 to 13:51:08, Duration 24.0 
 Start Row 10201, End Row 10297 
 Start Time 2550.0, End Time 2574.0"
kurtosis Values:
-1.0343547325088953,-1.189046170368801,3.172812229575303,1.8763085060868843,-1.1760463521688853,1.2968001163168976,-0.14786356808568968,-0.11554797441120757,4.247157091277411,7.444620390170986,9.280167536806193,6.970416432666916,2.769694668553848,1.5412235683298343,-0.6466548778989831,-1.4347130396874108,-1.5579165100745533,-1.402721556742855,4.376041332742334,4.780526435745171,0.34791329730360454,-0.33401745200430577,-1.262301365271909,-0.4778854793444687,2.6723737160907977,2.120755898294526,2.1231304597318843,2.1046890946424206,16.949071503527463,12.381113568105569,-0.06870254755853233,-0.4818059870594573,-0.9489960756123854,0.5596852547522944,-1.2723415932453992,0.8406723673656065,20.82059285081039,14.103982150694655,-0.975919984963237,1.3577482252809459
"Size of std_values: (1, 40)"

"Time Range: 13:51:08 to 13:51:31, Duration 23.0 
 Start Row 10298, End Row 10390 
 Start Time 2574.25, End Time 2597.25"
kurtosis Values:
-0.9972501459457885,-1.098432965042851,-0.5351428649265499,-1.086226539053393,-0.46611760774524313,-0.5113948447281462,-0.23607457777644836,1.5695955693236154,-0.1039135285907995,-1.0977819653372973,-1.548400543027795,-1.345094548981986,1.3485564385704336,-0.7696837206635054,0.5267260385847057,-0.3385481906362875,2.521600244750541,1.4057878714730423,-0.3829938007863132,-1.4081052237527263,1.996664354168443,-0.7256211127531826,4.463086339324987,2.305083247962445,3.8853549081448,1.1515830185870062,0.3279239552978366,3.401919939790825,1.0476885863246936,0.4317457274899543,1.1751710478427233,4.243184138013251,-0.3793584923831159,-0.2805098902808143,1.787940223858305,3.146548316072513,1.120575323352318,1.3601779450928149,-0.9782858878539828,0.3710165180936098
"Size of std_values: (1, 40)"

"Time Range: 13:51:31 to 13:52:30, Duration 59.0 
 Start Row 10391, End Row 10627 
 Start Time 2597.5, End Time 2656.5"
kurtosis Values:
0.15717874618690386,0.6996917861026453,1.859129778055335,1.607269424000016,0.013597382522837709,0.5043493067012519,-1.3054256264027533,-1.365768555141565,-0.9476112396616436,-0.5940773907693191,-0.24449737150475448,-1.3345879393280498,-1.3863315482361587,-1.3853511024253544,-0.23026968278485294,-0.7800119455951391,-1.261195749579359,-1.0946344998720512,-0.7929976556510492,-0.27393822325444406,0.5200088213755016,0.43582678284911536,0.2380511302568471,0.3071299063518236,-0.3737110943454467,-0.6969842133622621,-1.1779017421439495,-0.8231278013273764,0.4471569234663697,0.23127285448652346,0.7058384883835229,-0.5639640023113963,-1.5191849943453462,-1.5169059636431539,0.9718636174938005,0.9117621180271187,-1.1300834179622241,-1.2851840908115837,-0.4812240052621215,-0.976456327740777
"Size of std_values: (1, 40)"

"Time Range: 13:52:30 to 13:52:53, Duration 23.0 
 Start Row 10628, End Row 10720 
 Start Time 2656.75, End Time 2679.75"
kurtosis Values:
0.19532240321747452,-0.9490839211837958,0.022185572748095517,0.022731328352225244,-0.2272527176975987,0.6216330300944417,-1.3833071519202302,-1.261547038751015,-0.566019728881336,-0.6294996638257153,-1.7447515056344323,-1.7105598157204975,-1.5436771201980501,-1.5973581801915728,0.7105895667264388,0.26966481942636955,0.34146225629975735,-0.6033393201710133,-1.7235333745467898,-0.966663239269645,0.3202486232416457,-1.1806288408622547,-0.19852251497252782,-0.9162598680233907,-1.3818414776290358,-1.4601325155704985,-1.2693687751201763,-1.3576947612946861,-1.883336078695417,-1.8580581750840182,0.4470629195830327,-0.2621381719260869,-0.9200252601221166,-1.2337818789888912,-0.8396365834723203,-0.988618090160629,-1.6968345320820233,-1.5918457611555952,-0.5426934398697059,-1.0939697534301214
"Size of std_values: (1, 40)"

"Time Range: 13:52:53 to 13:53:22, Duration 29.0 
 Start Row 10721, End Row 10837 
 Start Time 2680.0, End Time 2709.0"
kurtosis Values:
0.20549152915660995,-0.7338656536562764,-0.3545310098032113,-1.43579684762553,0.1907141767772771,-0.5101538337764855,-0.28367306433257067,-0.49133687035657614,-0.11185202126095772,-0.5539563706599568,-0.2507597584711392,-1.34464528529469,-1.0380681117340484,-1.4667999713744773,0.44268060451970914,-0.19070759475321886,-0.23426774748181556,0.18965205762752202,0.7441472183067699,-0.5879194210612124,-0.04142244605722123,-0.3175320783667508,0.25645820905368,-0.3165448021185018,-0.6604385268214736,-1.1588216284762425,0.49473934626750005,-0.31742217525850114,-1.1600152372466617,-1.255376760599554,1.0998840599686979,-0.6512221959238929,0.10280352680049232,-0.2941295831617903,-0.025941928733125952,-0.2983687711291929,1.3986755121885954,-0.38177904080862435,-1.2312157613554673,-0.9144635671417101
"Size of std_values: (1, 40)"

"Time Range: 13:53:22 to 13:53:40, Duration 18.0 
 Start Row 10838, End Row 10910 
 Start Time 2709.25, End Time 2727.25"
kurtosis Values:
-0.6720413829850185,-1.1161982064480358,-1.6282905708205082,-1.5867091137475684,-0.8115940002481752,-0.6003617123453777,-0.35405105492739475,-0.07683081417869664,-0.8339661142485815,-0.9479206388945038,-0.847641614833107,-1.1140793479080102,33.86879350890165,29.85055685355399,-0.7312281081602752,-1.1253611094295042,-0.9806600123666915,-1.1753267157407228,-1.1326587549061438,-1.3685821548776316,-1.076391204666083,-1.0442067124003307,-0.8760589319983589,-0.8778896061512915,2.3875482548103086,2.977713111529585,-1.0287100572715795,-0.9491188437228124,25.513067464538864,20.259447556816937,2.539654122551319,-0.803775197908632,-1.5053278448216871,-1.4375521435631595,-1.269488665497871,-0.5185108804670575,-1.455642545824068,-1.6852495961652119,-0.3006661949210021,-0.6301328455079651
"Size of std_values: (1, 40)"

"Time Range: 13:53:40 to 13:53:56, Duration 16.0 
 Start Row 10911, End Row 10975 
 Start Time 2727.5, End Time 2743.5"
kurtosis Values:
0.4500563893219933,-0.7317855504348554,1.0769752599660478,-0.5133461194201541,-0.576631806745993,-0.15089881870728794,-0.4861969776806876,-0.4047361559022371,-0.323084476849699,-0.7893712571436287,-0.6960484469820116,-0.30535906744076957,0.16239190023832073,2.8049915185267587,0.5430292962560022,-0.481339088644853,0.0821381372032608,0.2020390194290762,1.9443994952281898,-0.6629445424368186,0.2115343238975247,-0.1834600812917908,-0.22187444104713983,-0.09459037241703072,-0.3200478754208542,-0.6314579292286671,-0.7619692858782221,-0.03565496924599332,-1.457329268958762,-0.979846681095609,2.2790123925263934,0.31430360980534156,-1.2317013764010722,1.1660555909994965,-1.2007224572773436,-0.93898205451621,-0.9909072490562254,-0.9359074982287532,-0.2771581218514707,-0.15254291376093176
"Size of std_values: (1, 40)"

"Time Range: 13:53:56 to 13:54:31, Duration 35.0 
 Start Row 10976, End Row 11116 
 Start Time 2743.75, End Time 2778.75"
kurtosis Values:
1.5653703298395225,0.8185643428977256,-1.3435316934903754,-1.460702661030259,-0.9193895567326056,1.6184684731501404,-0.7486083233453722,-1.3886455813595489,-0.7220697524227679,1.2330864665628916,-1.4070833974770929,0.020103325983264142,-1.2808737265418342,-0.8417436208389883,-0.38049720763807304,-1.2210923678497358,-0.4628078351259308,-0.857723925872214,3.188992994094855,-1.486581881571172,-1.4609366832425283,-1.4424054327931857,-0.40933790461804564,-1.3863779883183698,17.013233370049,11.831199359832835,-0.5854459073861173,1.2188339183090893,-1.4449329157773527,-1.4581283292656335,-0.3455125618193886,-0.2797904454433149,-1.466173077655769,-1.4660313639991969,-0.4021572696081517,-1.4665158581078854,-1.5386739705437047,-1.5641883746518181,-1.3164938377544315,-1.2112157654237772
"Size of std_values: (1, 40)"

"Time Range: 13:54:31 to 13:55:03, Duration 32.0 
 Start Row 11117, End Row 11245 
 Start Time 2779.0, End Time 2811.0"
kurtosis Values:
-0.4348509340023412,-0.7840812003635445,0.3773706916148418,0.6488973252744263,-0.26209771942741833,-0.34413067586325985,-1.1139510770796444,-0.7665296663171834,0.8966513191469305,2.315878116309298,5.610228403005589,3.7440938061998086,-0.41165994299287956,-0.19697237574709003,-0.427489033483921,-0.7815587070145291,-0.5450604712832354,-0.6218150534985778,-0.477681673325149,-0.757528993461754,-0.8930735513800006,-1.1476948592208855,0.18057751915023257,-0.5104948128638371,-0.9318099987034083,-0.8833936118299466,0.14749356591016793,0.9887632625623684,-0.20380957487597673,-0.7630227429448588,0.6069504379083814,-0.37584851210810477,-0.49787163275911706,-0.9564697163000115,1.0785818710436104,0.11477518869462777,-1.1437997426489495,-1.1721237381828795,2.3693234782911397,0.23461386162896058
"Size of std_values: (1, 40)"

"Time Range: 13:55:03 to 13:55:21, Duration 18.0 
 Start Row 11246, End Row 11318 
 Start Time 2811.25, End Time 2829.25"
kurtosis Values:
-0.2721424334212159,-0.6709050091008395,-0.6740034147504836,0.6282387125186562,1.3252420803265261,-0.5755584812263668,-1.034045047479705,-1.3859129513460202,-0.2002920420635128,0.1365378230476626,0.9485625052421058,2.436817091420729,-1.4219609878269421,-0.44408841939909305,0.7768997751130708,-0.27559211954468577,-0.6234594078267564,-0.4337472451859776,-1.068325893484036,-0.7967759415971303,-1.4720054409747159,-1.0583572523447473,0.2055118844201087,-0.710501323566417,-0.052153561309329355,0.6823970372048525,1.0994659678092207,-0.39463997218095725,0.8228170024632346,0.6808938540518614,0.018354502246216153,-0.6771279143546747,-0.3046344185022791,0.24823103016048975,-0.7340863661063963,-0.5685258674203566,-1.5035212959617497,-1.472562407610204,1.1304945249521507,1.7991393736721282
"Size of std_values: (1, 40)"

"Time Range: 13:55:21 to 13:55:45, Duration 24.0 
 Start Row 11319, End Row 11415 
 Start Time 2829.5, End Time 2853.5"
kurtosis Values:
-0.6421334745122453,-0.898035076547687,-1.1746264379268452,-1.0808700232415704,-0.15985293219124186,-0.3187052938100341,-0.9586946133554037,-0.5754014343575071,-0.3555055442090955,-0.6618946106504593,0.3840542043282813,2.1836183435002834,-0.8956451552463305,0.5560345311003685,-0.4126343482062844,-0.694206844884866,-0.6806629347052966,-0.23469674834043763,-0.249160114762641,-0.14649216857476022,-0.9261498782453219,-0.48259607585541975,7.424636922984934,-0.24014837889035157,-0.622655768425159,-1.2848737293410384,-0.3413940393477408,0.2817249195064915,0.524205182228755,-0.530967255569383,0.02015261545614999,0.2685278867281129,0.8484742605575217,0.2332328723138879,-0.16530805660927417,-0.49249229416447937,-0.6988082819576067,-0.9939086111218582,3.1661484452520057,0.810802499618529
"Size of std_values: (1, 40)"

"Time Range: 13:55:45 to 13:56:17, Duration 32.0 
 Start Row 11416, End Row 11544 
 Start Time 2853.75, End Time 2885.75"
kurtosis Values:
-1.962805690944379,-1.971920206725955,-1.9644399657248492,-1.9766292199369098,-1.9576482677394056,-1.9642838010031436,-1.97120480342671,-1.9790596422258848,-1.9825871334702927,-1.980397676590398,-1.959437812784906,-1.9284462107194353,-1.9429450517886864,-1.9603838327712235,0.04017897447771679,-1.9172817912891715,-1.4072405166646427,-1.9689764890312011,-1.9619139644095906,-1.983343809568101,-2.0075206818831077,-2.00272350441224,-1.6716287885907484,-1.769349795130587,-1.9227941781079143,-1.9142261659616124,-1.4105895795885082,-0.780601311425948,-2.0006761697429987,-1.9998236225563082,-0.5292660523634778,-1.4792614744219779,-2.0032301702546214,-2.0048904062012225,-1.9566185247884136,-2.001172487308796,-2.0076381028985346,-2.007215022993447,-1.9193057001986933,-1.6550854917813287
"Size of std_values: (1, 40)"

"Time Range: 13:58:54 to 13:59:27, Duration 33.0 
 Start Row 11545, End Row 11677 
 Start Time 2886.0, End Time 2919.0"
kurtosis Values:
-1.2863906578589441,-1.2750488565659135,-1.290096082460878,-1.28587442160897,-1.2713546407857952,-1.2931230766358792,-1.2808609394091335,-1.2876691149551884,-1.2813347904186971,-1.2832408659898826,-1.313547587212588,-1.3150645252640285,-1.2838555517199168,-1.3072424230638129,-0.4406111672752129,-1.2798076035830348,-1.137399602690991,-1.2900696878631783,-1.3026279872135196,-1.2971936188126734,-1.2779745488228857,-1.2806673599166702,-1.2939983654994343,-1.2824941541119623,-1.3532741314498318,-1.3385444070481858,-1.2300461404951208,-0.815844163585115,-1.2964074071065568,-1.29356448392971,-0.7878886906029812,-1.1603477789719927,-1.2921480900921796,-1.291419704560245,-1.30398326851459,-1.2990084256299141,-1.2892880761870065,-1.2969709140887464,-1.2242618399724388,-1.1160195947349039
"Size of std_values: (1, 40)"

"Time Range: 13:59:27 to 13:59:56, Duration 29.0 
 Start Row 11678, End Row 11794 
 Start Time 2919.25, End Time 2948.25"
kurtosis Values:
0.0922185764991097,-1.5883199184093437,0.003518547984579179,-1.295556237687829,-0.30346160762850616,1.1650634960117898,-0.4697223909025796,-0.12551004966622958,-1.3410377480433064,-1.4832438112569526,-0.9421065725472553,-0.6636075103721826,-0.4787734787501159,-0.5265770449391578,-0.19651851800033526,-1.3942953187096385,1.1788842518943135,-0.24721861897964237,-0.7613026599947905,-1.504059100907296,1.190402818578491,-1.0914062070349861,-0.3202639195369894,-0.4352437139780987,-1.2373687246417875,-1.0178853078235068,0.2856661578880848,-0.8174950558356677,0.01160172832545392,-0.6068136789795235,1.2012738752392877,0.2368175654567355,2.3898442859146254,0.9409859991133969,-0.5085045997591258,-0.38574515092089845,0.9764915809124881,-1.3466320922734702,-0.7550471500525995,-0.34866816580269777
"Size of std_values: (1, 40)"

"Time Range: 13:59:56 to 14:00:20, Duration 24.0 
 Start Row 11795, End Row 11891 
 Start Time 2948.5, End Time 2972.5"
kurtosis Values:
3.5577564229542773,2.0984271036494917,32.18964306616764,26.27968772689591,0.34033775477499395,-0.39958592466765186,9.055116449207281,10.299900916721842,2.3850600831612665,5.705634415138761,-1.1113577737369267,-0.28457827371497846,27.44869831932129,25.947792698886246,9.165898492052012,26.77396717067029,-0.26421760941105665,-0.6626233518778268,-1.182508750347457,-0.877277685413993,25.05062660679845,33.90056310969172,0.5757236415028713,-0.3567992305355374,29.455282865509872,25.774883733027156,-0.06493286408492249,-0.4753383571537628,34.81013980180646,35.268053882993144,1.0063940590620177,-0.5415809556257867,5.392934906209305,35.046607576244554,0.12772979484545122,13.267165492840121,-0.6670316464670569,0.6187597333404269,6.629153824568338,4.468850699353705
"Size of std_values: (1, 40)"

"Time Range: 14:00:20 to 14:00:49, Duration 29.0 
 Start Row 11892, End Row 12008 
 Start Time 2972.75, End Time 3001.75"
kurtosis Values:
-0.09717890207864244,-0.2425577748596286,-0.7506541148300476,-0.4567368939112857,1.2087554529559252,-0.02531785422146271,-0.8453608684307792,-0.9685849077212536,0.26220814305719653,-0.49821737554078016,-1.1915093026041146,-0.9050575716058371,-1.0544454127048941,-0.43154842560274087,0.2948950961029331,0.34157849395527373,-0.5968708993969969,-0.8066504798905858,-1.0765310820002774,-0.9956236998603067,-0.40489439574420194,-0.47150268842254617,0.06173878410747413,-0.3697689447571477,-1.1365734931898523,-0.2143749229804479,0.12268058111183011,-0.002530588762932773,-0.5231575623045885,-0.7949284907208707,-0.4384502890881552,-0.2777139410095364,-0.4800782690120764,-0.17973380704148134,-0.23908332514770336,-0.032120738899318546,-0.4474081717518752,-0.9709213051833672,-0.07842940410039434,0.06150915943462776
"Size of std_values: (1, 40)"

"Time Range: 14:00:49 to 14:01:20, Duration 31.0 
 Start Row 12009, End Row 12133 
 Start Time 3002.0, End Time 3033.0"
kurtosis Values:
-0.2600190714393298,-0.5624039499814506,-1.4385589259245901,0.419149427899808,-0.21180196181283728,-0.035399130150833624,-0.8596225289063959,-0.6558375894824806,-0.33044780189087275,-0.9859055639603858,-0.811627938863698,-1.5786982493885606,-0.5110236877457308,-0.6370670044337117,0.38678518279924434,-0.5527287651042179,-0.052166306096172566,-1.1355356715348914,-0.6665309634598238,-1.3214278445823098,-0.42109721386529797,-0.9892797999960021,-0.48981506097068417,-0.8213224125327647,-0.5398155541315277,-1.290445241640863,-0.21151939686172128,-0.48751917060530126,1.0345485056226718,-1.056131791005905,0.6447650998990992,-0.5119381821351645,-0.22965122891521572,-0.901872686494273,-0.6284843702774516,-0.16157132334817437,-1.5755346751099457,-1.6079579911732655,-0.9182126046173957,-0.8652678893118892
"Size of std_values: (1, 40)"

"Time Range: 14:01:20 to 14:01:48, Duration 28.0 
 Start Row 12134, End Row 12246 
 Start Time 3033.25, End Time 3061.25"
kurtosis Values:
0.02568196314178639,-0.8884480048496348,1.0272818325462287,-0.1478124242803034,0.6559046305010314,-0.5011735579357297,0.321358513103402,0.1384468195280104,-1.0503746882664893,-0.968518316022859,-0.7929037576485278,-0.5403495924292949,-0.9204657123382267,-0.9747611420432278,1.2649089145973225,-0.07492822056081261,-0.9388623807058325,-1.1558963464752086,-1.0738611751272646,-0.7500139926173395,-0.1252157746331446,-0.3963603583251216,0.11294263058552101,-0.583769355779522,-0.4991206644773256,-0.16531365635845008,0.009217668143476132,-0.4968824334888322,-0.10015056061451366,-0.39470312814330555,0.9564691538054189,-0.9277007123712981,1.4025132363325374,0.8859998468280614,-0.29278400526318693,0.16081530078192152,-0.9550867398838574,-1.0674669900957763,-0.423435022036319,-0.5281786490152705
"Size of std_values: (1, 40)"

"Time Range: 14:01:48 to 14:02:14, Duration 26.0 
 Start Row 12247, End Row 12351 
 Start Time 3061.5, End Time 3087.5"
kurtosis Values:
9.407952060507181,9.96322999343862,9.360123593485252,7.893829138136962,5.14295771058678,11.187464056382286,13.242496997114358,13.732037613137258,17.137008438042102,17.70278826064333,17.96515974493661,17.438635539770864,18.455277356774584,17.244206899431024,0.871323884948668,4.155429658867302,2.414193535242477,7.427712923437085,14.846034845986232,13.408547310438621,6.518466294461563,9.698247007547796,2.454153514324462,2.1236908351404082,15.654026973863058,13.67168267072637,15.76117348417285,15.059430012257625,16.43442732932009,15.52644327775291,0.3661360885105509,0.17789957889910202,13.872470644121968,14.517305710873636,9.547233878895318,11.026591544791655,17.023614706042984,17.32610116746925,8.834878406747174,10.890961660560874
"Size of std_values: (1, 40)"

"Time Range: 14:02:14 to 14:02:31, Duration 17.0 
 Start Row 12352, End Row 12420 
 Start Time 3087.75, End Time 3104.75"
kurtosis Values:
0.4951423558618693,1.031550794887707,-0.7024678487966822,1.7943021500595577,-0.0052238418319787705,0.7042758288002435,0.6194790748551289,0.9632597804732828,-0.03819306320612048,0.7170362665746444,-1.047301881963664,-0.3515580692601725,-0.2700028263591747,2.0526773208020366,0.17758351993192534,0.4583178524785336,0.1807586246780053,-0.105141922073817,-1.0479692126079738,0.4400912339122143,1.2217415676230612,2.8600070804357696,-0.11082879533453704,-0.28528463785005487,-0.7143300952184961,-0.14920913652803547,0.37208744087245993,-0.25381356156994395,-1.7040784339933415,-0.9241285155191274,-0.09149587490879041,-0.3163615734825713,-0.7375355851729544,-0.0967641035820761,-0.4925381491896439,-0.6866533768835814,-0.9880199735260193,2.0687934858811445,-0.22675668308924735,-0.4999218750212391
"Size of std_values: (1, 40)"

"Time Range: 14:02:31 to 14:02:56, Duration 25.0 
 Start Row 12421, End Row 12521 
 Start Time 3105.0, End Time 3130.0"
kurtosis Values:
-0.855849097783886,0.11363122178883112,34.42880428903653,40.25288817916273,0.12320837887988967,1.1116316184521917,1.2790516721183902,0.5282400456698744,-0.74766600166264,-1.1872252572759463,-0.21488518042635762,0.534887322403113,14.85629244449489,15.158379307030089,-0.17925315036181333,1.1137340522078638,-0.24774728170370786,-0.5001239664507566,-0.9826965219584198,-0.4148301501396121,2.9627605745952117,2.6835257316283094,-0.18211741498243672,-0.3633192279736508,3.4843325320601473,4.097145950719296,-0.151316831182422,0.018391842034595207,29.103508044316868,23.899822043850556,0.3944588126549071,-0.4720926673186754,-0.7977677803235173,-0.9472128860934688,-0.34059768645424526,-0.687754653549713,1.0893902349020204,-1.2591400947040448,1.5418833482942027,-0.6510709556452121
"Size of std_values: (1, 40)"

"Time Range: 14:02:56 to 14:03:36, Duration 40.0 
 Start Row 12522, End Row 12682 
 Start Time 3130.25, End Time 3170.25"
kurtosis Values:
0.559758704183265,0.40448877343569434,4.196170979217961,1.623595398489714,-0.2152619378246614,1.3271080985388455,-0.10683457987549216,0.7910992502099239,4.067758544459503,3.4534244198108883,3.2253105068911765,3.3574319395106356,4.6982498065036715,3.564498418790029,0.032438748959486396,0.891130025623804,0.8031893963442585,2.4988900218542582,3.339745566639589,2.1517134128079327,-0.7216466949836753,0.8104880741031679,-0.3157356510211953,-0.1547244231261522,3.459114335561365,3.1719307342912693,2.866343722434139,3.2623436758145914,7.703008250965892,4.760944509591433,-0.05838762512163509,-0.3086347977341126,14.87312563372387,21.47607563069359,2.8152216733853166,3.426443671576127,0.9463603615855067,-0.6332350776018236,5.112539075728716,3.42052225781865
"Size of std_values: (1, 40)"

"Time Range: 14:03:36 to 14:04:01, Duration 25.0 
 Start Row 12683, End Row 12783 
 Start Time 3170.5, End Time 3195.5"
kurtosis Values:
-0.6936570686613344,-1.5291252905610355,0.5401449843091681,-0.6246441139189978,-1.0206224083596227,-1.0573771662626572,-1.379416371069457,-0.4044353508199423,0.28432479573408864,-1.0023765106688385,-0.8253252814333001,-0.7837311021409565,-0.12483290654997514,-0.6442940477198666,-0.3245484025310783,-1.4025414239281615,-0.3539959479045245,-0.9855342303371968,-0.510034745263884,-1.5210264055743132,-0.7891967540953728,-1.3480893501720357,0.14854268700203077,-0.6327019180325597,-0.21462797081275342,-1.377190927075651,-0.3579653104187921,-0.6458146663372513,-1.1211663682896347,-1.214752022771799,0.5365264671896686,-0.4442998833543488,-0.8205553637298286,-0.8332785759107604,-0.478536630843692,-0.05762376529700308,-0.7490449840871998,-1.1737793786921267,-0.22758866250500143,-0.6185083609091873
"Size of std_values: (1, 40)"

"Time Range: 14:04:01 to 14:04:26, Duration 25.0 
 Start Row 12784, End Row 12884 
 Start Time 3195.75, End Time 3220.75"
kurtosis Values:
-0.7101358967046858,-1.2124384443475935,-1.5069881475363487,-1.6362052580004705,-0.7405537921559415,-0.5113649696792355,-0.5800641539167577,-0.7925125808985158,0.27174112364999203,-0.06678471328599134,-1.3483265818142323,-0.5775445842655618,-0.11438366372293052,-1.6058385258168333,-0.475813237550057,-1.4405282178415473,-0.30921524816981805,-1.1249749771437823,-0.7896542033054206,-1.0612464588344221,-0.5751181210529559,-1.1212486391074648,-0.01428076498856612,-0.6636660359034003,-0.4934302104832833,-1.2212662655169764,-0.16956973419312016,-0.5569490059307944,-1.506216770257442,-1.3710748742963919,-0.47792712834522844,-0.5270009734501322,-1.1604034643860157,-1.1274742606489112,-0.4000422938896864,-0.434554116153401,1.853612301599937,-0.2119955887248577,-0.7864126089103567,-0.8792652699731258
"Size of std_values: (1, 40)"

"Time Range: 14:04:26 to 14:04:52, Duration 26.0 
 Start Row 12885, End Row 12989 
 Start Time 3221.0, End Time 3247.0"
kurtosis Values:
-0.6376382875947408,-1.3753911859925003,-0.6542258410348722,0.433263401320938,-0.1726030324134773,-0.05995204431592782,-0.944700904019844,-0.19184238463948589,7.653719714974219,4.397277679073081,24.13271595872591,35.2420465040004,-1.1916474652845985,1.2425545858505336,-0.2707225874057757,-1.292280735475285,-0.39897895559887475,7.438870917110977,5.259596715499921,8.05083903198944,-1.3561233382661115,-1.4740174817961134,-0.19670142652416267,-0.8904736625156486,-0.06387984331240926,1.7363884427557252,0.9120015327538487,3.3885395125688884,2.757843345572468,3.1533188029620813,-0.35494068320299643,-0.7547038531910681,-0.40644337989378654,0.815601246341028,0.9226007421284033,-0.7852927031822179,-1.3079010073758106,-1.1681446026290754,27.105973631650254,22.661506113047057
"Size of std_values: (1, 40)"

"Time Range: 14:04:52 to 14:05:16, Duration 24.0 
 Start Row 12990, End Row 13086 
 Start Time 3247.25, End Time 3271.25"
kurtosis Values:
-0.4097550214488068,-0.8797485520884156,-0.6926959226731317,-0.3008614865693251,-0.46648571487697765,-0.7580538200242151,-0.8370163399808201,-0.8489246146272835,-0.9536263737077508,-0.8427286918968462,-0.8968977897737664,-0.11667280056268403,-0.7164841705800833,-0.6055065942715414,-0.36533686719093206,-0.2536800175557312,-0.7164377157000903,-0.4959646315121522,-0.5632818067800929,-0.32733891036042406,-0.9534203859881645,-0.6264712956967853,0.04488880291727648,-0.5922800671249333,-1.082659314002592,-0.9183800975472436,-0.20432884921417127,-1.2044772240036696,-0.6729706170607526,-0.6969395993211496,0.24746784404342748,-0.9279002502882916,-0.7622001246801244,-0.5578691959266151,-1.3910353854028525,-1.0912573949674809,1.3409464701406986,0.5374993786951645,-0.1723470209395246,-0.8781394005725844
"Size of std_values: (1, 40)"

"Time Range: 14:05:16 to 14:05:36, Duration 20.0 
 Start Row 13087, End Row 13167 
 Start Time 3271.5, End Time 3291.5"
kurtosis Values:
-0.4364587092678094,-1.2177366698491159,-1.6450452290582436,-1.178763952813999,-0.13471426696889566,-1.0311055904666566,-0.5704150071054395,-0.37360503212474283,0.4065342980468989,0.2766092630388619,0.22155839849518388,0.1408848751422931,0.3535307321432697,0.06594032731293842,0.2459194067041146,-0.7086423410593241,-0.08595919983386491,-0.35693058929361055,-1.0367738850982056,-1.3479083230314797,-0.5034550126031623,-0.7044745942540205,0.36397828010371924,-0.40179446874781855,-0.7265993474261885,-0.9372666329009349,0.5549983433593972,-0.6238872238885973,-1.1127019342682214,-0.9378469686469382,0.5787678649639192,-0.3906301238021648,-0.9532137254672142,-0.4945416520709083,-1.2714079105716416,-0.9146310466946321,-0.7856713732422191,-1.0613372740870135,-0.8971126972891201,-0.6282687729247556
"Size of std_values: (1, 40)"

"Time Range: 14:05:36 to 14:05:58, Duration 22.0 
 Start Row 13168, End Row 13256 
 Start Time 3291.75, End Time 3313.75"
kurtosis Values:
-0.40412029271468874,-0.15112856827566912,-1.5107995261703495,-1.4452293880230136,-0.5346196184404968,-0.7614141912936288,-0.7331184784000455,-0.29691153327433684,-0.2492009977658789,0.36832283303449875,0.9688287053844902,-1.5568904302996276,-0.7559660359749532,-1.5243984165002609,-0.2010754639737402,-0.3921001599972085,0.24531248500085034,-0.7535963205264888,-0.8100536548169694,-0.032189817827975364,-0.3613208287927465,-0.8257205650384907,0.07578838065885352,0.03228284551108107,0.0033310057013689054,-1.3696612742119594,-0.1263835147904211,0.030997854553794113,-0.1970082028297182,-0.749285699631546,-0.7003970571894906,0.30331750023576687,-0.7810109918456605,-0.8457382808772307,-0.6564789552256234,-0.9329225740394893,-1.3517861828967643,-1.0226258286505852,-1.0340003478532056,-0.5140430393470359
"Size of std_values: (1, 40)"

"Time Range: 14:05:58 to 14:06:16, Duration 18.0 
 Start Row 13257, End Row 13329 
 Start Time 3314.0, End Time 3332.0"
kurtosis Values:
2.688124898341135,6.454542429195897,11.485798631663139,10.082851157906672,2.029566673682236,9.373458932639824,6.961331687908951,8.27299032611097,12.161452244003819,12.363747891656184,12.815662157572897,11.927093342107135,12.206150408035215,11.05637579981824,-0.024392465151982012,0.8114928112998951,0.2820015395314086,8.018864066398256,11.730995963016957,11.352412398987525,5.2113139111220335,6.8419936444981,-0.311529996668817,-0.8384197108410376,12.769568828814865,11.384287657396944,11.356236607260533,10.361195838203916,13.253726727437364,12.564096188486758,-0.15099478956760182,-0.8123736289367054,11.964309698220115,12.3603314476322,7.874692382356425,9.529910167648627,16.760984686329554,14.970108129024982,6.9647406512358,8.610177549297665
"Size of std_values: (1, 40)"

"Time Range: 14:06:16 to 14:06:37, Duration 21.0 
 Start Row 13330, End Row 13414 
 Start Time 3332.25, End Time 3353.25"
kurtosis Values:
-0.557019832724555,-0.46213927408584254,-1.2090451035309935,-1.688958476653967,-0.5514720241241484,-0.5436491603749465,-0.25992944292990394,-0.6855095121465498,-1.0684413495375196,-0.8578469203723671,-0.25792709968754446,-1.0186867794390664,-1.2014215477829926,-0.6865351262974686,-0.16446184757354043,-0.6242308921246824,0.0555381411223399,-0.2908227171373903,-0.3122299422587109,-0.8403311562681521,-1.0996897102201515,-0.18696723929572467,-0.36352719900301045,-0.3060811070678642,0.17063004825666184,-0.12088983091925032,-0.8874262412233067,-0.7297605345534697,-0.16901626377336987,-0.6358434334046961,0.012949162692751148,-0.012031109897209902,0.08612869976795912,-0.3214189756945811,-1.1412416562654348,-0.5930796015289701,-1.1383740345899493,-1.3207698609937857,-0.7024636122426169,-0.6446902688489673
"Size of std_values: (1, 40)"

"Time Range: 14:06:37 to 14:06:58, Duration 21.0 
 Start Row 13415, End Row 13499 
 Start Time 3353.5, End Time 3374.5"
kurtosis Values:
-0.7939734786274295,-0.9939691966281581,1.3027685015748904,1.3620382278457512,-0.5359020323678187,-0.21777724205027393,-1.1484842966568531,-1.0387066724759257,-0.8653115972206082,-0.7410000331660762,-1.1542183428022414,-1.053828176684136,3.206353651748797,7.870138845975525,-0.2714102945787631,-0.8222256456219634,-0.7693412279218452,-0.4891692145695732,-0.4077176386147028,-0.8702444720272524,0.3247524903498116,-0.1100702452002702,-0.7054744848372891,-0.9153779663622394,-0.7805844831558284,-0.5464042889633491,-0.9521058445521295,-0.8285331706172006,5.2486339735853385,2.3247435914910746,-0.20266949036997772,-0.6376439568907761,-0.2387793425032667,-0.4118764144800293,-0.671901836722232,-1.2368476762705711,-1.467468780929015,-1.5174554381781153,0.5347646601147678,-0.06422129962374479
"Size of std_values: (1, 40)"

"Time Range: 14:09:32 to 14:09:56, Duration 24.0 
 Start Row 13500, End Row 13596 
 Start Time 3374.75, End Time 3398.75"
kurtosis Values:
-0.20813256997406926,0.03695783916762663,-1.383038544711607,-1.1418766264679645,-0.4833379144019059,-0.8945251522954227,-0.8919413302925525,-0.5858811521563947,-0.7369818278916114,-0.8467176715166134,-0.7546669714398302,-0.18724301095730844,3.9070382159446835,4.221181275175349,-0.45650629272757515,-0.8684012655501991,0.11693127759900968,-0.17691920203453737,-0.5197426439898876,-0.9270600237743709,-0.2959522451123995,-0.5583220654847274,-0.6394234195945665,0.2833042953653613,-0.7920404899035072,-0.5465573425603094,-0.9453380439537709,-1.3233315579620757,-1.429320055409919,-1.2732729569480534,2.2358166853785395,-0.027795843753461558,-0.8996344016138305,-1.21454704658419,-0.8769539257450805,-0.30254240856503145,-1.1207096170046769,-0.885942776530857,-1.0096741516756333,-1.0840232846467914
"Size of std_values: (1, 40)"

"Time Range: 14:09:56 to 14:10:12, Duration 16.0 
 Start Row 13597, End Row 13661 
 Start Time 3399.0, End Time 3415.0"
kurtosis Values:
-0.4591737075393114,-0.8939327507370658,-1.228131462158324,-0.3696318773143137,-0.6809173176195737,-0.32198292870934253,-0.580028109373834,-0.4966503431402187,0.16720516118456885,-0.12772828598463448,-0.5759726114511543,-0.45132131352941673,1.5204897674692255,-0.1353259569290448,-0.03529116865484516,-0.9150170771142898,-0.40620936668984964,0.20726660941939867,-0.7947361018561714,-1.1357936483395494,-1.0909703897579786,-1.0626998238277938,-0.826701565676101,-0.36956504520337363,0.06409532851957378,-0.39477644267975753,-0.28703205518255626,0.36854784864003776,-0.31199858082107346,-0.7377468593278804,-0.1556341010283786,-0.16018700180618284,0.31561135580616373,0.15994178706567963,-0.8554338742710792,-0.6251240928297115,-1.2230732139525196,-1.3532306559686789,-1.0234457703008935,-0.39202523826085667
"Size of std_values: (1, 40)"

"Time Range: 14:10:13 to 14:10:31, Duration 18.0 
 Start Row 13662, End Row 13734 
 Start Time 3415.25, End Time 3433.25"
kurtosis Values:
-0.2785076888146065,-0.4205067500957065,1.8706048040751462,0.4113750412808552,-0.22169728785026654,0.20987509602022936,-0.8180015494876316,-1.06644545837256,-0.6075802924238443,-0.7196968846987088,6.750300109444357,5.567372373774852,-0.8558147983313003,-0.9145247895164568,-0.22518435328572295,-0.4188813675458163,0.14132369549224366,0.9968386307605988,5.087489662054857,6.6784119395572255,-0.47735757387206723,-0.32667506037397587,0.36248923457057947,0.30582600804554616,-0.10833056164230737,0.36139562681373727,-0.2657445923747259,-0.1021389427358037,0.0706100557118634,1.358109172776671,1.0254996656767386,0.8161152621949053,0.003208407306281913,0.03429199531931415,0.26112864850592743,-0.6448105609695824,-1.489567589072927,-1.3407250050400472,-1.4143953271675975,-0.06706671838874279
"Size of std_values: (1, 40)"

"Time Range: 14:10:31 to 14:10:54, Duration 23.0 
 Start Row 13735, End Row 13827 
 Start Time 3433.5, End Time 3456.5"
kurtosis Values:
-0.027721356498858984,-0.8317268630290631,-1.3375305109433322,-0.9356932523261468,-0.8951387623699878,-0.4627261390437396,-1.2150510254819518,-0.4665963331374252,-0.7969885330626525,-1.0542987374743953,-1.05058711202638,1.3951016884195946,-0.7505905003490221,-0.38962682347728483,-0.6890545465285802,-1.4392785272162845,0.23926422067936182,-0.45095945674921767,0.01069267162055576,-0.9664132481365373,-1.4068159451464721,-1.2842273908926987,-0.14871260268382747,-0.0957920181854619,-0.690513177855828,-0.3186044521868099,0.17067919607106274,-0.4122583413287306,1.0312721875842419,1.052686497052166,0.1702173756091443,0.01117168783949607,-0.8444601361369277,-0.7422701272501491,-0.8326171907555406,-0.6360706670052059,-0.7018481620363692,-1.4882528879118289,-0.6852470223966578,-0.18770080305590708
"Size of std_values: (1, 40)"

"Time Range: 14:10:54 to 14:11:23, Duration 29.0 
 Start Row 13828, End Row 13944 
 Start Time 3456.75, End Time 3485.75"
kurtosis Values:
-0.25921622743817396,-0.7334898352037365,-1.1335654385148408,-0.869891559185417,-0.6149455795388796,-0.016271609872675175,-0.574294332786776,-0.31681047634061876,-1.0919601134022527,-1.0578637029592832,-0.4529816364696395,-1.152932700866881,-1.3103606643951597,-1.4362352722219278,-0.18311629639503435,-0.9818137932080737,-0.786120978386462,-0.32522144398581654,-0.7163201113232667,1.522472689821087,-0.005385761423645885,-0.767590543099991,-0.22263256078104243,-0.47850371745609843,-1.0657702687296127,-0.9093346241149796,-0.7499114504045208,-0.36833422104334,-0.9676645076834616,-0.9407234269345457,-0.4011051916882904,-0.14143337216362095,-1.1004487746396154,-1.2278858410403153,-0.15920074101349435,-1.0211301014242278,2.1223105178239337,2.6979272255722533,-1.1951234947458764,-0.2879688912917855
"Size of std_values: (1, 40)"

"Time Range: 14:11:23 to 14:11:38, Duration 15.0 
 Start Row 13945, End Row 14005 
 Start Time 3486.0, End Time 3501.0"
kurtosis Values:
0.016403317389126038,0.2279025082803563,-1.1731856689488291,-0.9564389000971971,-0.020476226775520967,-0.5172133747139216,0.2083449900216623,-0.4450224099310818,-0.23300602102989565,-0.30980890320746646,-0.11841241979414852,-0.04173273687806356,-0.04076726704619027,-0.3104333164386226,0.5610888380727346,-0.02139118726034539,-0.8865206796136125,-0.6622459746099172,-0.5102816874529443,-0.49866696020546897,-0.3868241174866802,0.018986241221357947,-0.8086489381897852,-0.1137522125669137,-0.7059057085170819,-0.5115469260000776,-0.30679166193893703,-0.3775464777798314,-0.5121300884110269,-0.35187075785065947,0.2913393082371405,0.23838848553528758,-0.6835463479815402,-0.5591031945079044,-0.9237216785492008,-1.1479632336657342,-1.0339852088869468,-1.0466000785838379,-0.9591034459026542,-0.6793797293583133
"Size of std_values: (1, 40)"

"Time Range: 14:11:39 to 14:12:04, Duration 25.0 
 Start Row 14006, End Row 14106 
 Start Time 3501.25, End Time 3526.25"
kurtosis Values:
-0.4382000219564852,-1.1226731634336722,-0.40399878914177956,0.03245034141647629,0.5068385342353974,-0.05162507626182178,-0.3738685428413935,-0.7571455876058599,-0.12003855303168054,-0.29821455132567287,-0.23280240240737937,-1.1292333817963283,1.523656005102369,-1.059234277266444,0.650813571554905,-0.508857942510268,-1.1759205867163902,-1.4442368800346697,0.06522237198983527,0.3195536849857561,-0.43624275006791047,-0.6120371027916116,-0.016533153333190498,-0.8329149777575351,-0.4711666744327143,-1.0972939431764537,-0.42213573601749044,-0.7202866454708854,-1.6244554917966838,-0.9940877820840694,0.44029522049239533,-0.8135108159145163,-1.137545842278457,-1.0906007819290529,-1.0243919982758212,-0.6027270040418014,0.6553918443518887,0.5145817973173163,-0.7184803545760263,-1.0168679346650014
"Size of std_values: (1, 40)"

"Time Range: 14:12:04 to 14:12:25, Duration 21.0 
 Start Row 14107, End Row 14191 
 Start Time 3526.5, End Time 3547.5"
kurtosis Values:
0.3720790985435838,-0.9074194209211717,-1.4582018950547269,-0.9471802262902829,-0.4863774126669069,-0.020201719615410063,-0.9388430852969702,-0.184809203391199,0.05658168559290999,-0.24602590039063577,-0.013173042337190743,-0.8017481524902479,-0.2737647207282268,-0.5271864237116559,2.229869755811152,-0.43569097367719456,-0.6366181679049614,-0.36620244609982766,-0.6722976487514405,-0.875596956216961,-0.8245706642072519,-0.6374567969922316,-0.46561111199082994,-1.0338855111861267,-1.2567708416970773,-0.6230023764148576,-0.7384751345006033,-0.36508805743735406,-0.6670548153635538,-0.4015002393801419,0.6110576946451349,-0.741020038288827,-0.04799143120130944,-0.028343645890015257,0.19017594735988208,-0.07811521711243463,-1.0069404812774783,-1.160069026124412,-0.24249516946080885,-0.3490445259249051
"Size of std_values: (1, 40)"

"Time Range: 14:12:25 to 14:12:49, Duration 24.0 
 Start Row 14192, End Row 14288 
 Start Time 3547.75, End Time 3571.75"
kurtosis Values:
-1.1869382649548827,-1.2701242696624868,1.137154957623415,-0.33104807110373846,-1.4893952452941581,-1.4617037221413258,-1.1738828442442908,-0.9665197514604529,0.13292715356039642,-0.09104071281266224,-0.5105493476016618,-0.3015829973830755,-1.3217949567783347,-1.193382753134466,0.589161324359126,-1.4569559214247199,-1.7358071462076454,1.9652544224520234,2.4385948869813623,1.821454031314163,0.09038676744260421,-1.5414766833778353,-0.9940434430458884,-1.3571685510146205,-0.6255919793589544,-0.9066473890347271,-0.2576402734881431,-0.08160605830517476,0.5945848427101046,0.04636142355026607,1.4458977923076404,-0.31670144183611537,-0.7972390094085209,-0.6007615583243808,2.1288624802562595,-0.4073601718176354,1.088547321003741,-1.5867461272148997,7.352913598412989,1.998903556869518
"Size of std_values: (1, 40)"

"Time Range: 14:12:49 to 14:13:10, Duration 21.0 
 Start Row 14289, End Row 14373 
 Start Time 3572.0, End Time 3593.0"
kurtosis Values:
-0.14506787881700944,0.294772482942562,-1.486527686170684,-1.2106706370036149,0.5260914609174323,0.14642818447646722,-0.3547049805146174,-0.3217646614741576,-1.2971019235939658,-1.1940063271512682,-0.9743566261145089,-0.6142513806607903,-0.838257145899683,-0.3056712596064579,-0.12481342953622176,1.3684772210190044,0.007891647658468504,-0.5486973309107803,-1.2609079917900594,-0.31588238278433645,-1.0881276290833362,-0.48315568619264004,-0.24688343465199258,-0.44171616434694005,-0.5973437714236813,-1.1174059768827287,-0.7939205613449221,-1.2594183224007622,0.09736453823556701,-0.2920880460926032,1.04873895169675,-0.17788930160973893,-1.2646160853354333,-1.5016345784136935,0.03598414208225398,-1.5015085108097066,-0.555629747951774,-1.0641453712286106,-1.1975605676134013,-1.000839252620203
"Size of std_values: (1, 40)"

"Time Range: 14:13:10 to 14:13:27, Duration 17.0 
 Start Row 14374, End Row 14442 
 Start Time 3593.25, End Time 3610.25"
kurtosis Values:
-0.7905737132801347,-0.8770642668275226,0.5114702706787311,-1.1958497544469462,-0.08768093554982181,-0.4163535604893922,-0.7190198859332164,-0.6157030484231361,-0.009410355065091469,-0.33827154459933517,0.017914854161728666,1.2203270724387973,-0.5469916928804395,-0.7699967005002142,0.3394780964498487,-0.22514499497767648,-0.3609512308743845,-0.7778700935126888,-1.0729519385206208,-0.691704808063268,-0.036394594538622815,-0.7677734150532691,0.2054158158379229,-0.4103501498122455,0.26583061217538795,-0.7713544160121137,-0.23005060450216597,0.04251661946437535,-1.299894219401942,-0.8423302403307389,-0.19703274185985853,-0.7347691975911337,-0.5144038616410622,-0.4120344053852678,-0.38632541148074173,-0.44163745143750877,-0.16883079368666065,-0.522261729715475,-0.5724673036128243,-0.8333452615049128
"Size of std_values: (1, 40)"

"Time Range: 14:13:27 to 14:13:47, Duration 20.0 
 Start Row 14443, End Row 14523 
 Start Time 3610.5, End Time 3630.5"
kurtosis Values:
0.47959996537154614,0.42221395535965467,-0.5190918747414695,-0.30431113425798895,0.019594725382801492,-0.6548276618573796,0.31485423814702296,1.0124399540449334,1.14148707322345,0.7546860068840369,0.8019027338568954,-0.10319397447635525,-0.2595269061849139,-0.05151179856612309,0.28170244453085047,-0.19300188122590622,-0.2802517465648666,-0.908979777876235,-1.0729903203916977,-1.3113913511015045,0.5347694503627007,0.49082008243162134,-0.6026401857241535,-0.17947153645415348,-0.4406434358425475,-0.40273023351145776,0.48442954106666347,-0.2686016568448282,-0.6442999672915466,-0.32897839731103673,0.018760272722082583,-0.13269098334356633,0.31143808782111115,1.6123406952052655,-0.5170671527888033,-0.46613842365947367,-0.9789148277961024,-0.9106194222489172,-0.6970705446570586,-0.11238344596112171
"Size of std_values: (1, 40)"

"Time Range: 14:13:47 to 14:14:11, Duration 24.0 
 Start Row 14524, End Row 14620 
 Start Time 3630.75, End Time 3654.75"
kurtosis Values:
-0.23805915366426023,-0.3327481696163357,0.5475103484883705,-0.03158553957604093,0.42434076215341276,0.10542930567710762,-0.779896795864385,-1.4627986612225685,2.740041694738138,0.22362775314250571,-0.9719112337242786,1.731343052155351,-1.3560544047176615,0.35430521902686607,-0.5374849038872966,-0.6495614805357608,-1.0563020326786372,-1.1088398293653055,-1.4789365712592075,-0.9486384121358569,-0.9210950729654659,-1.0638252285445835,-0.43532673620212403,-0.4940204964570798,-1.1207688209555902,-0.17233819904132908,-0.2785026074257124,-0.6369185771580419,-0.6477463909578454,-0.8415860089014662,-0.7871856445617027,-0.8385122122824247,-1.1676861473508895,-0.15068884145932016,-0.26836291187237205,-0.26148026096379784,-0.9989981794079226,-0.5767785941027017,-0.9639624080513736,-1.3486398262239896
"Size of std_values: (1, 40)"

"Time Range: 14:14:11 to 14:14:30, Duration 19.0 
 Start Row 14621, End Row 14697 
 Start Time 3655.0, End Time 3674.0"
kurtosis Values:
0.24390235264625915,0.25144877456809045,-1.2519324897565882,-0.7178588012794553,3.6155008385078276,0.19869868017936998,2.825956816231095,1.9770261207026891,-0.5970022919658868,-0.006936826297224918,1.2758653610507542,0.15981772234209757,1.4477197814509033,3.237432551348312,0.4278889012445477,-0.6519855671745534,-0.5674227058927195,-1.2986673881200215,-0.7827837928550836,-1.298288827863423,-0.08970922269633119,0.3485240037458248,-0.4566264423344988,-0.3864077977556635,-0.7825209725107678,-1.0933260831907616,0.06541019056723973,-0.48662490344855813,4.316416797036308,3.1554683305379303,-0.22388124616488714,-0.30021470721365207,4.655191981718397,2.7527510044270542,-1.0954592921719095,-0.5991341916315704,0.14225362507886175,-0.13574313541501626,-1.4352961245655365,-1.2185669540673192
"Size of std_values: (1, 40)"

"Time Range: 14:14:30 to 14:14:50, Duration 20.0 
 Start Row 14698, End Row 14778 
 Start Time 3674.25, End Time 3694.25"
kurtosis Values:
1.351127014489852,-0.9901834254455704,-1.9011687372725645,-1.8757914737781503,-0.13629918713584654,0.3773045692178383,-0.729721181634523,-0.7074595855792061,-1.2439429197433534,-0.9502358467611316,-1.4365254491299584,-1.698173893203004,3.1635160632771555,-1.0845848371848477,1.702373049041606,0.14602861410128432,-0.7760301874970992,-1.5240617495713586,-1.8224000449743787,-1.8433951831637192,-0.39865685137961826,-0.3918680593193171,-0.4810654000069592,-1.0009892832324383,-1.1486938366995287,-1.394472690564409,-0.9187608589474152,-1.2325776856072606,-0.848795238827349,-1.0605886998159717,0.4392942680726244,-0.768626025568234,-1.2535152079532161,-1.5989166392451895,-1.446143836319879,-1.5583640213264167,-1.3031779952440863,-1.1875242843009666,-1.7228696982710732,-1.6381805682750612
"Size of std_values: (1, 40)"

"Time Range: 14:14:50 to 14:15:11, Duration 21.0 
 Start Row 14779, End Row 14863 
 Start Time 3694.5, End Time 3715.5"
kurtosis Values:
0.05127686297851408,0.0696183612078527,-0.9475307328599936,-0.25520942576375516,0.28503872778258543,-0.34970901055345305,1.5645174625423204,1.2066625934761621,-0.6289859566512761,-0.8487205837878649,0.035075662526404816,-1.2748657325063408,-1.1169422908526376,-1.516532612653471,-0.04786881842405366,-0.7970023707718257,-0.6864452632184106,-0.4384897725003758,0.7259967196709614,0.5922302162214099,0.8693225463110732,1.158297924606667,0.577045020561008,0.22359782071442158,0.5172875281771927,-0.6673871133902094,0.054042540892019986,-0.4680002026091383,-0.8283516743346255,-0.6612336567437551,0.7610358673660755,0.6660125146521421,-0.575342746267109,-0.7317712954725089,1.0737293379037638,1.2954658273716477,-0.36623652898447556,-0.7472782512665264,-1.156020775058376,-1.2451594623146034
"Size of std_values: (1, 40)"

"Time Range: 14:15:11 to 14:15:32, Duration 21.0 
 Start Row 14864, End Row 14948 
 Start Time 3715.75, End Time 3736.75"
kurtosis Values:
1.0289594719961492,-1.4097671400506544,-0.7998908403718898,-0.5030244777649795,-0.21626894711300304,-0.28890412423611433,-0.6027189810028775,-1.1941790947347057,-0.15821901870444277,-0.1588991482377593,-0.5875607836251442,-1.060363571327736,-0.47385830614764535,-1.1696126911137525,0.6346269997842455,-0.6179343098803085,-0.0876629985655275,-0.13290520295612218,-0.6872226407301083,1.8082397920171447,-1.3584884710361635,-1.1921959517811853,-0.3915125330519391,-0.23294971827542543,-0.5242625197302386,-0.05493077308005834,-0.077323519756201,0.13713001752015197,-0.9069030014818766,-0.6549137941711707,0.9656282313047759,0.2193822921337074,0.32618850891421936,-0.4593394415664087,-0.12930441667704207,-0.23108158648131738,-1.1811850296766275,-1.0020786586809234,-0.5428272804232299,-0.5675650581643907
"Size of std_values: (1, 40)"

"Time Range: 14:15:32 to 14:15:56, Duration 24.0 
 Start Row 14949, End Row 15045 
 Start Time 3737.0, End Time 3761.0"
kurtosis Values:
-0.23266042928067998,-0.7481852452380542,0.6553745972339233,-0.9081214785233302,-0.2983172405013228,-1.0501619270446896,-1.1145790236395448,-1.3272545518424426,-1.2726672951277263,-0.8964551956640414,0.19378233113281018,-0.18384639986242757,-0.5864752079377373,-0.3004490152097854,-0.17824453878763524,-1.1146224417635813,-0.5791767426448993,-0.7622370973000301,-0.31909276139882214,-0.8633408077323717,-1.1573906882565315,-0.9608024849779557,-0.6141302027243545,-0.6086650420900037,-0.8840072958806013,-0.35169612998311406,-0.23158353402052656,-0.7989995372276115,-1.208613181834827,-1.2555348288321377,0.5642140231765094,-0.6297619978863178,-1.0999310727743665,-0.7241801392871059,-0.4025509815082926,-0.5080414325863796,-0.619617105952825,-0.5383483733108054,-0.280366385050292,-0.8727181706557579
"Size of std_values: (1, 40)"

"Time Range: 14:15:56 to 14:16:12, Duration 16.0 
 Start Row 15046, End Row 15110 
 Start Time 3761.25, End Time 3777.25"
kurtosis Values:
0.2666629617067371,-0.6721308032900195,-0.6587425165582794,-1.3906651141546078,0.10276244305572435,-0.4396141310785313,-0.4970505049054541,2.2300087532765236,-1.0392578533261008,-1.4707647314632348,-1.0204966088488516,-1.1099029482342269,-0.3458698851320281,-0.9852619986493552,-0.44523337643723426,-0.9107727447721041,-0.5405601348225089,-1.1272930945311543,-1.0427740746559018,-1.37285933512187,0.6876920725339075,-0.03504557494308003,-0.43472354445727435,-0.4897075497924108,-0.28680667261953774,-0.73718809550294,-0.903797497566122,-0.41945794147673165,-0.5709059854972272,-0.4272342861054361,0.2036189637050927,-0.3416417126779705,-0.6681955714846164,-0.5836706978366988,-1.1075707542328435,-1.0623237201274325,-1.5816258329222268,-1.491774694536362,0.10283363205851881,-0.5112562265676388
"Size of std_values: (1, 40)"

