-0.0129276834399977,0.0114920497929464,-0.0053084060796343,-0.015181952352048,-0.0322416211483194,-0.0167872354164082,-0.0113009316333339,-0.0046202727083653,0.0609894773836497,0.0182047324436635,-0.0292432282538592,-0.1124010669954431,-0.001531522740571,-0.0016761667219042,-0.0195602477166529,-0.0296229880744991,-0.026967046742198,-0.0410223831413007,-0.0033760449633403,-0.0108933348597441,-0.0218804129862648,-0.0520350232422159,-0.0035900205195622,-0.018355912693131,5.828190892852537e-05,3.795754023727378e-05,0.0650758611126633,0.296010706386024,-0.0004157044460065,-0.0010750363865988,-0.0095173943620571,-0.0295089843764281,-0.04353192710682,-0.2333022018149432,-0.0135562902625845,-0.3352485328702218,-0.0596473836201649,-0.1946179745461871,-0.0174649821504588,-0.0799358234639768,2.0,78.5126916,3.0,80.5652451,3.0,83.911933,1.0,1.0,2.7839460517001173
-0.0181513308969812,0.0016461345829197,-0.0107061403276127,-0.0195333258156907,-0.0378519454048116,-0.020067408024468,-0.0085215397755699,-0.0002508342157004,0.0966688105007931,0.0389079429907976,-0.0321735886526408,-0.1240440242423198,-0.0016134133229096,-0.0008234411755871,-0.0398420444209441,-0.0655050468558115,-0.0264532345562853,-0.0351234176246635,-0.0036527031581578,-0.0107479979733908,-0.0097100026918929,-0.0378292100753555,-0.0029684978528659,-0.0183534489047818,-1.7701203306940424e-05,-0.0002243085161394,0.0430051744160048,0.1748726390006104,-0.0003124328458917,-0.0008352927670236,-0.0088788229102182,-0.0296081039954299,-0.0383530217987264,-0.2304130734063011,0.0014472046913173,-0.3087334442897044,-0.0552961063693177,-0.1963455208440089,-0.0138269941324055,-0.0673147347653796,2.0,51.8766784,3.0,54.4040915,3.0,55.9041909,0.0,1.0,2.647500568320857
-0.0148806892017506,0.0137816876555552,-0.0139267729258892,-0.0252518395557855,-0.0311398161814864,-0.0164153042941781,-0.0035270951984912,0.0016245150637871,0.0867007776770694,0.031754300330695,-0.0290321856474413,-0.1080163533584493,-0.0012756325925945,-0.0004827838979171,-0.0414271679560382,-0.0699176298472055,-0.0255216022892189,-0.035418017584926,-0.0035414376504822,-0.0106224092896055,-0.0104212977742694,-0.0355026162880394,-0.0028311870170441,-0.0174696022595509,7.075709520037939e-06,-0.0001497277436868,0.0514300658767989,0.204128062876704,-0.0002460920008102,-0.0006462512599112,-0.0092857196713889,-0.0292042441806447,-0.0380917850711269,-0.2292464400848306,0.0015355215982555,-0.3059346591213067,-0.057970287282169,-0.1994381331534354,-0.0178780864600721,-0.07561505041763,1.0,32.1860384,4.0,33.9358232,3.0,40.5177922,1.0,1.0,2.5550222167602628
0.0040859830344142,0.0160964705819877,-0.0069324077499014,-0.0166600323723935,-0.0093911642679305,-0.0024719846453239,0.000692575591935,0.0017321958982185,0.0928862040054698,0.0373030486151836,-0.0172084544968865,-0.0640182271053165,0.0001015009925529,0.0022403092971319,0.0254420547198697,0.0693757442256388,-0.0100214157767898,-0.002777966626149,-0.0019841927617725,-0.0053767617568173,0.0094993251442444,0.0196434155076343,-0.0004384096324459,-0.0052149989783099,-3.589384643778623e-05,-0.000128247106988,0.0233315660211888,0.0818778968627364,-0.0001291783900219,-0.0003268102812759,-0.0079358884706346,-0.0269704495097907,-0.0241437825593563,-0.1368905497612875,0.0287778228731888,-0.2302110019175641,-0.0585200975432783,-0.1558097946744993,-0.0226052028507453,-0.0539952522366293,2.0,69.4712014,4.0,76.5397614,1.0,78.8424721,1.0,0.0,2.825747420568314
0.01311012042491,0.0186724657433646,-0.0065624645603622,-0.0138336825769162,0.0017439314737564,0.0038095366936267,-0.002146667893125,-0.0006142380037531,0.076594711960711,0.0336873536682059,-0.0030237117451376,-0.0332352430224273,0.0005299086319701,0.003064231933371,0.0169107299821406,0.0490154917502507,-0.0057693497443257,0.0118610323673322,-0.0013972574693393,-0.002698209253129,0.0070825864416271,0.0188608002491406,-0.0004575397558737,-0.0023725552713162,-4.499348175574109e-06,-2.359203487670467e-05,0.0208203325697031,0.0706115765749129,-5.9428677968202616e-05,-0.0001729502755704,-0.0099104250499617,-0.0313400128563888,-0.022290367193389,-0.1250822835137837,0.0240258085549708,-0.2438576749673167,-0.0368530944259545,-0.0952757932869432,-0.0156339481488103,-0.0274816580847783,1.0,20.6867691,4.0,21.7506584,1.0,25.2157004,1.0,0.0,3.1510580233735253
0.0151422912102829,0.0138749560774597,-0.0078141815384218,-0.0200812604948215,0.0026641843452311,0.0054093650918214,0.0105339375258045,0.0079830218637832,0.062896969218425,0.0268295955848685,-0.0013131057019583,-0.0346825209560865,0.0004903567875699,0.0024084439955473,0.0059859405375101,0.0166071862930282,-0.0057591273953584,0.0092511466080865,-0.0013110950958289,-0.0034267371376334,0.0110390055162413,0.0249200730461129,0.0003531138967034,-0.0012253844231818,-7.447806200792e-06,-6.415751083741592e-05,0.0216307268431386,0.0740497930358957,-5.805379920998868e-05,-0.0001774950196089,-0.0094893360120942,-0.0301718101408279,-0.021800283357483,-0.126070228108541,0.0268535128090207,-0.2383297033294965,-0.0332518053131232,-0.0954880320255976,-0.01620330832378,-0.0302927928315907,1.0,22.3393231,4.0,23.0916541,3.0,25.8039747,1.0,1.0,3.9510898637098992
0.0024437569700175,0.0039397219815346,-0.0088241459658495,-0.0211328791345456,-0.0037016351972177,0.0003094143294458,0.0001979482340672,0.000591906141666,0.0398616080917469,0.0165761420032732,-0.0127245626518107,-0.0500926905180122,0.0004723578686354,0.002215518996541,-0.0119115685334934,-0.0188025988851448,-0.0090845099330644,0.0014070660685934,-0.0015507129124236,-0.0039860191364466,0.0056246694453498,0.0106463231194979,-0.0001711600748114,-0.0037557151884873,8.371100440316244e-06,-3.480910258080387e-05,0.0234584404618913,0.0792379300491478,-6.57142228779685e-05,-0.0002013607112107,-0.0099506018110323,-0.0312711179334375,-0.0251284987278198,-0.1474650753672392,0.022749372215478,-0.2523778406210992,-0.0365918172215878,-0.1072985198063211,-0.0223718258284525,-0.0524473832178346,2.0,18.1333337,4.0,27.5091791,1.0,30.4190799,0.0,0.0,1.8387366263150309
-0.0023379643821989,-0.0200956323629989,-0.0108657665967607,-0.0329021214681814,-0.0070288131980797,0.0003231800002082,0.0040438106848728,0.0078538824028616,-0.0103521302339631,-0.000836205527569,-0.0086211909066121,-0.0579466740101123,0.0004515847253776,0.0008589751547409,-0.0046086990056763,-0.0221526827224157,-0.0098168740273735,-0.0080554783319731,-0.0014639764661934,-0.0059887482909293,0.0085752681114412,0.0118941954617623,0.0006418216976461,-0.0035608600948004,2.586318156299442e-05,-3.8972322706193045e-05,0.0228259074198617,0.0789116427047738,-3.3804281715370714e-05,-0.0001192373670331,-0.007880172636462,-0.0281438710356821,-0.0209168244137122,-0.1380592653974843,0.0300744479539632,-0.2343284476332151,-0.0308796210058577,-0.1040815227062953,-0.0208586794901025,-0.0490934103829348,1.0,28.7134619,3.0,31.5498014,3.0,33.2780584,0.0,1.0,1.8246004128758344
-0.0015602333480715,-0.0307714608908789,-0.014167066447839,-0.0385202607068671,-0.0113040988940871,-0.0016258289514077,-0.0066596299641166,0.0003775978235742,-0.0640485016282467,-0.0250038578058104,-0.0104030946100484,-0.0648413559265424,0.0003213832866991,0.0001369975636655,-0.0039782400670467,-0.0455909848595244,-0.0125098148161551,-0.0166393103838167,-0.0019273274888866,-0.0075310455838893,0.0025804076084173,-0.0007349584912994,-0.0007438953071766,-0.0066663063123394,2.620491544360181e-05,-4.697747461272375e-06,0.0275872817611024,0.1001197378917088,6.143148298382755e-06,1.94462530482191e-05,-0.0100817144528518,-0.0319381245090729,-0.024437504137224,-0.1517684062069382,0.0240940363304885,-0.2499316589407324,-0.0314321536702619,-0.1022193466527193,-0.0193993900456055,-0.0487481343806412,1.0,35.2337756,4.0,35.9586321,3.0,38.5881569,1.0,0.0,2.211083193570267
-0.0007658082191649,-0.0292016634535315,-0.0139106665094291,-0.0399626401310129,-0.0116338495165626,-0.0014118755346334,0.004905332492527,0.0075593006610477,-0.0561348808173536,-0.0201669816883046,-0.009523288061879,-0.0696099938328852,0.0003971967423587,0.0001205924607634,-0.0141835546306389,-0.0577955870396549,-0.012660927832133,-0.0173181086755909,-0.0019879516975038,-0.0081626253153223,0.0070583060973015,0.0058266692970827,4.2328867901400553e-05,-0.0063231677066276,3.78589546155296e-05,-2.876920820746427e-05,0.024956929859663,0.085696176231668,-3.167207774565607e-06,-2.9591171701773752e-05,-0.0083189905500397,-0.0294264054736742,-0.0219307651955283,-0.1542201956468425,0.0282286259465022,-0.2434897357881324,-0.0329341779962858,-0.1130516985543333,-0.0187162181658386,-0.0519882831896689,1.0,16.7995645,4.0,17.5696994,3.0,21.681388,1.0,0.0,2.5943726083138543
-0.0104124093838971,0.0136850364418163,-0.0114138610131726,-0.0224931910074724,-0.0118636285990593,-0.0047298861592308,0.0082612348256624,0.0087520080186602,0.0679323848001503,0.0276296033510535,-0.0058828874396603,-0.0500202542976001,3.2655115412231684e-05,0.0010872883201087,-0.0330165501250065,-0.0510705482959003,-0.01212999816052,-0.0058892256480758,-0.0015914491719452,-0.0043051071033159,0.000100533214673,-0.0058331122858874,-0.0003927247235554,-0.0061913484606479,5.9683974210879134e-05,7.160617477680543e-05,0.0309687910358056,0.1056954926085536,0.0002214890259772,0.0006456248043348,-0.0076467472197819,-0.0255512877286566,-0.0270323972360744,-0.1692872062049247,0.0272343052666769,-0.2397812493725965,-0.0358911881969272,-0.1199329685501492,-0.0257434914351604,-0.065791337624944,1.0,17.6564836,4.0,19.1927952,1.0,22.4188367,1.0,1.0,3.488074922742725
-0.0106438597536382,-0.0194769772238506,-0.0159138933410218,-0.0403154636780221,-0.0175568840489521,-0.0068809288007176,0.0100275976384714,0.0123215585071304,-0.0055576809775664,0.0014575833925212,-0.0024585894600354,-0.0556416758472309,0.0005767696557273,0.0006535858360172,-0.0318256490726668,-0.0794477180095064,-0.0119253756095947,-0.0144238784880366,-0.0012068905086353,-0.0055797609516209,0.0009759606364023,-0.0066254479206384,0.0003966708066416,-0.0055684697464704,9.82803688600818e-05,0.00011169127248,0.027484140282252,0.0981175865570787,0.0001158331927632,0.0003227934215075,-0.0066833809036126,-0.0255384108459529,-0.025599563346386,-0.1677667720509827,0.0277975975766554,-0.2405097223170867,-0.0320731548074318,-0.1163542984298845,-0.0295704401197442,-0.0770089519387034,2.0,32.2583923,4.0,33.5581033,1.0,34.3050761,1.0,0.0,4.774934554525329
0.0035609076118002,-0.0194331877668433,-0.0174212824177644,-0.0443311479473497,-0.0097680660058156,-0.0008270844925733,0.0030686977918424,0.0040937911315334,-0.0514771035811543,-0.0217828746987043,-0.0166563117495238,-0.0710279697840736,0.0003911826022377,0.0003534962697455,-0.0278352660677153,-0.0801068124830931,-0.012990691258522,-0.0150668408357014,-0.0014598761962293,-0.0059039503784031,0.0046948022812001,-0.000943622554762,0.0003604249517112,-0.0050082508497596,3.7393087332480704e-05,-2.6659045174115384e-05,0.0250972351345328,0.0831225658971745,4.084919305215904e-05,6.790802973156621e-05,-0.0090066668627111,-0.0304594185488668,-0.0264189925757105,-0.1682100645582538,0.0254009369004784,-0.251154409172217,-0.0298483238652006,-0.1079237223550751,-0.0314105020355429,-0.0838531505389587,1.0,17.656239,3.0,31.7508196,3.0,33.4658211,1.0,1.0,11.772204352696118
0.0056953166511343,-0.0159664940197863,-0.0189977050080747,-0.0531484577742223,-0.0016790556606504,0.0049244911452816,0.0123621178412529,0.0121468130728989,-0.0180130936275443,-0.0073355260102115,-0.0080331861571753,-0.0542263495792448,0.0004872699687532,0.0006771473566047,0.0056809455140327,-0.0311196018608067,-0.0073350623934522,-0.0078478694641052,-0.0004640829547104,-0.0045159728740142,0.0141375031305706,0.0239912666902745,0.0018232348084076,-0.0014323459601559,1.6138755323884724e-05,-6.278437230808128e-05,0.0125091115522451,0.0290866106250271,-1.581965103882626e-05,-6.320265113032865e-05,-0.005891860812101,-0.0240551429783546,-0.0196195241779066,-0.131340819477238,0.0500152152106021,-0.1833891971540808,-0.0415015356221127,-0.1331122071739666,-0.0440753512293326,-0.1006724785188882,2.0,19.1472772,4.0,20.0013443,1.0,24.1572068,1.0,0.0,4.810511993647417
0.0021113058823431,-0.0112336110170326,-0.0155104118668867,-0.0438656626160685,0.0095461203855781,0.0131872644251124,0.001216409682429,0.0021610494416669,0.034757801380501,0.0109006163855614,-0.0029945970526363,-0.031292981627876,6.497708049123108e-06,0.0009077121128829,0.0113049771747268,0.0216381826884074,-0.0006309034032707,0.0088639619626642,-0.0006417349651359,-0.0035836110823031,0.0197028254807838,0.0506879684826318,0.0012725257260615,0.0023650066952558,-8.585030916663556e-05,-0.0001837362974287,0.0036661326683645,-0.0134151775885623,2.1875530073510045e-05,0.000124178316873,-0.0085982314644215,-0.0289931031881899,-0.0072816594639969,-0.0584647957534488,0.0506883130314038,-0.1755671048118162,-0.0274647200501608,-0.0876563506370567,-0.0171121673040626,-0.0227246564596162,1.0,39.7071636,4.0,40.6678949,3.0,42.1220258,1.0,1.0,2.206052281036573
0.0200929389647066,-0.0057452161079161,-0.0050667206837468,-0.026774988549356,0.0063904185931965,0.0090167390221752,0.0132793805413828,0.0085644167679865,0.0097915643699042,0.0079101684589374,0.0039527718703705,-0.0168955922308116,0.0001723409017939,0.0007337391253052,0.0896611765011838,0.1339631977635689,-0.0014382428785255,0.0013011084903374,-0.0003803818173694,-0.0047743248437347,0.029266695118838,0.0819292334744117,0.001840066634459,0.0039737322610444,-9.556299836289644e-05,-0.000172423133022,-0.0076550608348454,-0.0623915196661405,6.808156509274292e-05,0.0002839263258038,-0.0042836262599533,-0.0194303752401344,-0.0013903732689057,-0.0374843116165308,0.072299345157679,-0.1174053910009282,-0.0432101635211627,-0.1081188859867019,-0.0216980808046075,-0.0261617173938053,1.0,13.8103175,4.0,14.9471722,1.0,16.2725943,0.0,0.0,1.0540925533894598
0.0155888240090259,-0.0064448813014061,0.0021945126011937,-0.0090647277565467,0.0080350529643682,0.0116105708058109,-0.0015875898989814,0.0025231191278354,0.0022386394044106,0.002890414328561,-0.0076892239727385,-0.0341079561239927,-0.0001556184270768,0.0003627231202899,0.0595478013639689,0.1035928089831698,0.0002882829260888,0.0058822152915019,-0.0002683321244301,-0.0032495474025766,0.0316719174314529,0.0738567161612611,0.0018236217117299,0.0035712627179099,-0.0001362084372969,-0.000294805647225,-0.0150818487715342,-0.0901710837635066,0.0001933596805933,0.0005749356613146,-0.0076806204381258,-0.0279876785688102,0.0045037342356485,-0.0206624196766459,0.056963426031693,-0.161444215335792,-0.01870526886681,-0.0542257085618937,-0.0038643465145879,0.0127394856887248,1.0,18.1678808,4.0,19.7046659,3.0,23.0953305,1.0,0.0,3.13084617990054
0.0179930480386778,0.0242736840303439,0.0015530991930556,-0.0025492463291875,0.0123544768879831,0.0130025076860817,0.0014937081969091,0.0027802590408689,0.0323138510059542,0.0104107201900385,0.0009432988870764,-0.0139865044296699,-0.0001770216019956,0.0005990410132781,0.0466457195259296,0.0986291961508542,-0.0009208361019835,0.0042376768147144,-0.0001074705040368,-0.0018117188476704,0.0292856440765361,0.0674550626345918,0.0018560941498277,0.0028562742605561,-0.0001185431622967,-0.0002557386846606,-0.0135465836961786,-0.0837543447221619,0.0003019499481365,0.0008725234270797,-0.0083087456262185,-0.0291335704772172,-0.000392699500252,-0.0416247931195599,0.0545661540264203,-0.1679702379403418,-0.0144925283628688,-0.0430705645334014,-0.0075090611917485,-0.0016411506276569,2.0,20.965488,3.0,21.9818372,1.0,24.8334978,0.0,0.0,5.190803834132479
0.0185655009056217,0.0391624866037158,0.0012021557451505,-0.001204706001804,0.0174772708146219,0.0140635293742722,0.0030526565052767,-0.0015496864168994,0.0525695663475211,0.0178969727543068,0.0030531898665477,0.0081443969155667,-0.0001274555704263,0.0013891488010383,0.0502878384968674,0.1093861223722086,-0.0011724407164879,0.0069722267016252,0.0001124916197369,-0.0006316698531105,0.0225735261892009,0.0688031155372177,0.0006180255903868,0.0022857532078507,-0.0001129447756938,-0.0001581580657131,-0.0121573606280225,-0.0775816057193681,0.0003473726746467,0.0009939880049209,-0.0093211119753507,-0.0294129114613689,-0.0001372387975904,-0.0373190308033222,0.0477223152570842,-0.1762324239315246,-0.0103589255128454,-0.0288886038796656,-0.008521857166873,0.0011987546399589,2.0,20.960394,3.0,21.6358802,1.0,23.4057959,0.0,1.0,5.0849919230164815
0.0087902615818703,0.00642359843542,0.0029129326314848,-0.0028088219491955,0.0065704216277486,0.0073972935288012,0.000991674059495,-0.0039716793124845,0.086130689630768,0.036797655736745,-0.00915845968156,-0.0193363075236664,-0.0004288156195569,0.0015090182590625,0.0376951703705513,0.0913552714623977,-0.0007926341224376,0.0186918309230545,0.0006905436621621,0.0024401911774585,0.0353758654812041,0.0850579985403142,0.0008094201601731,0.0035376459775344,-0.0001363455717348,-0.0002478342320504,-0.0205270160921004,-0.1141573373512834,0.0002911563104385,0.0008762065578527,-0.008978118462685,-0.0278527753859859,-0.0117485977800121,-0.0730270167193018,0.0726799794624653,-0.1180875211598333,-0.00758349035849,-0.03987992227035,-0.0142694352497918,-0.0141431106896296,1.0,22.943129,4.0,24.2848015,3.0,34.053123,1.0,0.0,1.9518001458970664
0.0142783157259881,0.0009521837476399,-0.0005759546912372,-0.0132520046320864,0.0062652542191634,0.0088676698534834,0.0051918900429529,0.0041697127652407,0.0160288885499786,0.0087428719760964,-0.005731369770524,-0.0252119513409523,-0.0003657390977811,7.832147801513317e-05,0.0308252637323185,0.0700386779691345,-0.0021795296147644,0.0079227251198513,0.0003169957791456,-0.0003030380346177,0.0373405190052555,0.0793731714248287,0.0025048900453627,0.0048266799786173,-0.0001068242117563,-0.0002441097444183,-0.0192194017238844,-0.1076280012014577,0.00040941104791,0.0011282405536219,-0.0074657313693696,-0.026990071941849,-0.008697275020965,-0.0694440236958585,0.0683345476036681,-0.1350560248110684,0.0050204698740774,-0.0153511314153492,-0.0098452500356897,-0.0110498828690332,1.0,42.058776,2.0,43.4698454,3.0,48.966502,1.0,0.0,6.392659608183191
0.0134389652334651,-0.0043543977606659,0.013081628403413,0.0118181827740095,-0.0012572975482469,0.0037000462933339,0.0005064252392749,4.6064617856893216e-05,0.0333235824447285,0.0165605330909217,-0.0140400607802889,-0.0348331014631176,-0.0004882481853221,0.0003148972906276,0.070820720584373,0.1382866031116391,-0.0001794703928852,0.0100426254614813,-0.0002119402505804,-0.0021788545752551,0.043130710717176,0.0923732100446177,0.0020702194036183,0.0042593387515789,-0.0001280296257258,-0.0002784358319273,-0.019548841740781,-0.1104333961117762,0.0003629037006312,0.0010363243169133,-0.0067308941018729,-0.0248169492455981,-0.0019022432642273,-0.0495729279527168,0.0629368407853573,-0.1470260384402185,-0.0266464534234132,-0.077195108333432,-0.0070835817505757,-0.0032980500031544,2.0,29.0645885,3.0,30.2237836,1.0,32.8957564,0.0,1.0,8.148513263060225
0.0221528018369042,0.0117847386350711,0.0111546278406288,0.0161753163298108,0.0021600513528641,0.0070369510026578,0.0067755989735566,0.0101414757073075,0.0132490556320465,0.0121796317619463,-0.0001509549442575,-0.0258735376010915,-0.0005113428766754,-0.0005091651283172,0.0658754241341854,0.1454423001319622,-0.0014076943423238,0.0047808886062284,-0.0002163364845105,-0.0021176349042789,0.0426947395113652,0.0841488609444111,0.0030240169488006,0.003741037402828,-7.16109097192552e-05,-0.0002105225503684,-0.017784421383806,-0.1003743797239779,0.0004871211656246,0.0013422419211654,-0.0060636895659504,-0.0260635360878656,-0.0001570958445128,-0.0489002784886382,0.0568460924539352,-0.1666813360592457,-0.0114011353942172,-0.0371935527919152,0.005297998626253,0.0183807504031636,2.0,17.7495403,3.0,18.9225424,1.0,20.2258245,0.0,0.0,3.717824931626316
0.0141602042214352,0.0083048970426357,0.0097346176316611,0.0176991489073177,0.000724160475447,0.0018100856290818,0.0082673962917824,0.0066522907684875,-0.0030767473640116,0.0050167505597451,0.012867576044667,0.0061597633646729,-0.0003925035833046,-0.0002316051085504,0.0647545852935362,0.1391953151622688,-0.0009312530343639,0.0067934209657402,8.833374864285035e-05,-0.0012615257626811,0.0320447658787565,0.0784416518194811,0.0015281292934853,0.0031614734511012,-5.1415028550795546e-05,-7.883766585239203e-05,-0.0175964520947902,-0.095958284340925,0.0005461308557508,0.001530846696869,-0.0062418813132266,-0.0238180981374082,0.0016505261151308,-0.0378348396678587,0.0521077938577738,-0.1678318801130391,-0.0080882661777262,-0.0179064213221664,0.0030901055874989,0.0198959163691574,2.0,19.2694068,3.0,20.3423556,1.0,22.3776896,1.0,1.0,2.690370836538197
0.0185887131534604,0.00661026846639,0.0064284877852635,0.0073458957768805,0.0108128534673367,0.0090063986476954,0.013004710670964,0.005846425454556,-0.0198278888705939,-0.0066586467448555,0.00272055658149,-0.0011298137745359,-0.0001846232384143,0.0001500123751147,0.0609730926945258,0.1243271969794091,-0.0004258881641227,0.0070185183284063,0.0004786421529546,-0.0005970224754768,0.0356639235887488,0.0871955619263608,0.0022761984994055,0.0054359991232804,-7.376320897309953e-05,-0.0001147299342056,-0.018108192286286,-0.0995944794659115,0.0004884158555088,0.0013639256851321,-0.0077216864767682,-0.026957236944139,-6.55780924459274e-05,-0.0410799871362526,0.0532392840460132,-0.1647287818961806,-0.0003557822434071,-0.0028649517131814,4.812603892116293e-05,0.0143318544005762,1.0,20.6231293,3.0,21.7419119,3.0,24.5365856,1.0,0.0,1.405118847058488
0.011887979403977,0.0043306291973485,0.0053330218024647,0.0053306849068727,0.0113180375193474,0.0076772301384896,0.0155650748179109,0.0038412366663315,-0.0213147545772865,-0.0094118522645114,0.002052305803089,0.0123672537807943,-0.0001202240348907,3.4330567805674533e-05,0.0880866686299,0.146075832674036,-0.000297460934163,0.0019498461454371,0.0004692073589446,-0.0017307226512839,0.03241543527024,0.0944465564590138,0.002584355615688,0.0079101150399765,-6.010412154010834e-05,-6.240096760260153e-06,-0.0119653971563009,-0.0769534325222591,0.0005616000527651,0.0016165270759922,-0.0065343826648605,-0.0226069258312741,0.0011104969608917,-0.0209021695684241,0.0537561987637999,-0.1579582211064885,0.0013972487648205,0.010786004279885,0.001166642765806,0.0293255764140044,1.0,22.1117865,3.0,24.0666969,3.0,26.2180096,0.0,1.0,4.518648229081549
0.0201444084195637,0.0192743829712403,0.0063208242181362,0.0077240523733974,0.0207311314815486,0.0154104076663975,0.0219606091721641,0.0077196495745805,-0.0060468393706905,-0.0030109929707988,0.0118513175282958,0.030624818632946,-0.0002213402886326,-0.0005469561359693,0.0833042907418946,0.1645043747825026,0.0017786653214837,0.0067774504396537,0.0002208428247142,-0.0023813766365362,0.0313608095277305,0.1029564046409904,0.0038583247607286,0.0112706080174654,-2.682683324948433e-05,5.6177535452453936e-05,-0.0076067858084871,-0.0575039922326957,0.0003580206420638,0.0010582194498153,-0.0041789736290654,-0.0184049775516525,0.0123888718878734,0.0235397436558967,0.0635919540440113,-0.1435288224051976,0.0048260346900757,0.0196671269797387,0.0183336556138069,0.0691424199614428,1.0,16.4655988,3.0,17.447886,1.0,22.7228196,1.0,0.0,1.3024701806293193
0.0205681222691549,0.0278398878169287,0.0100414399090897,0.0161957894980553,0.020964654810775,0.0162021656261725,0.0215151534113638,0.0116020229898311,0.0281782757329203,0.0108935362055989,0.0098897231832521,0.0262862376705942,-6.932575250599411e-05,0.0002529320565083,0.0733024052089595,0.1675885908613844,0.0049436058170523,0.0148106134251778,0.0007300108269754,-0.0001257286102547,0.0356178412653456,0.1046497095731947,0.0052604193981077,0.0127706764850696,-3.4485798436643535e-05,-4.576641882886008e-06,-0.0088867362786581,-0.0564827478383002,0.0003658942419768,0.0010786959279962,-0.0029254082631323,-0.0183572148539047,0.0157155392654344,0.0339995170907874,0.0697936893222404,-0.1327920148521873,0.0135365656059469,0.0425527831504445,0.0181041852414817,0.065521581207954,1.0,17.1292695,4.0,18.1389369,1.0,19.1636865,1.0,1.0,3.1367635732209265
0.0196028983233036,0.0176426760442303,0.0157954662758186,0.025274793672388,0.0108889442276204,0.0076006242129963,0.0151147551976996,0.0060232403176686,-0.0120003667258031,-0.003830761086198,0.0195969610079779,0.0391135565176273,-0.0001830368921847,-0.0001956151020408,0.1055474949677739,0.2095251400947596,-0.0011184569467229,-0.00052594251454,3.1204157834538673e-05,-0.0030050572160868,0.0323836915902151,0.1014352958913191,0.0033289967141868,0.0091230592932591,-1.428802364404674e-05,0.0001165335810452,-0.0097421770678371,-0.0633930880659744,0.0003621408471968,0.0011180349106768,-0.0040842330458613,-0.0190379676592691,0.0093536591959105,0.0107614311509639,0.0591352370726065,-0.150759117496702,0.0049634603377384,0.026092981064155,0.0308818431910242,0.0861141332615305,1.0,16.6769493,4.0,18.1468204,3.0,21.5221831,0.0,1.0,1.6035674514745464
0.0226678816097711,0.0350224025745345,0.0115373399062765,0.0201051174273307,0.014716222313895,0.0089826622028172,0.013252591482621,0.0013132610469291,0.020167112374893,0.0076721883815625,0.0005872681698107,0.0202708623483299,0.0001201805359457,0.0008470471769309,0.0980052210430909,0.2115637332945855,-0.0022344744343986,0.0023635943551987,-0.0001750971469637,-0.002339745028669,0.0386291563105852,0.1109427183997042,0.0026454779084318,0.008886346989997,-5.258131327587237e-05,4.82331525130625e-05,-0.0085018509175132,-0.0582469401405324,0.0002838024496342,0.0008557639868803,-0.0056761839402329,-0.0206683078801186,0.0054828810965449,0.0009145694809781,0.0540203905345961,-0.1612415664665307,-0.0002006313450811,0.0146241898272758,0.0326379293418046,0.0857121721399318,1.0,15.5717281,4.0,17.2781841,1.0,18.1950684,1.0,1.0,1.7320508075688772
0.0216379520649226,0.018831334920814,0.018652098948814,0.0304249572175993,0.0007900206846865,0.0002813647434148,0.0131085078012874,0.0035844596008718,-0.011214315420643,-0.003655728739067,-0.0059876876440276,-0.0021018450550337,-0.0001164170708489,-0.0002383943031136,0.0987991548214291,0.2090401310575399,-0.0040382498290585,-0.0096771574989167,-0.0005775247518315,-0.0051511764489932,0.039824860072655,0.1064628620540321,0.0037381231141199,0.0078148793556141,-5.635450904755941e-05,-6.181818751028388e-05,-0.0098320811608087,-0.0619331140046047,0.0002716510493299,0.0007987241018835,-0.0032161881809643,-0.0178669185673328,0.0050011428998422,-0.0072071192168161,0.059139739450584,-0.153943555806634,-0.0068211677978081,-0.0070204634046097,0.0325670449595448,0.0748185232633557,1.0,23.0625979,4.0,24.6951545,3.0,25.7792705,1.0,1.0,3.31496772065898
0.0171432460255422,0.0174934527684705,0.0119570159658748,0.0169636976027694,0.0083906060274548,0.0060636613918322,0.0067807631266212,-0.0011952952247112,-0.0236107871816977,-0.0102004496391712,0.0046032177514847,0.0136950191133165,-0.0001660460080966,-1.443898853576937e-05,0.0804389410267334,0.1755344703075555,-0.003239518964029,-0.0046773764217945,-0.0003071257572735,-0.0038681661075638,0.0322895586165511,0.0962691835717526,0.002313583007076,0.0057424146258379,-4.924028219842298e-05,1.2782924326654929e-05,-0.0101180831391616,-0.0630611455747159,0.0003542016430951,0.0010040632494086,-0.0053594336439687,-0.0210112234444836,0.0096764286784831,0.0050072958234211,0.0548044734205334,-0.1598105033870776,-0.0043235411114316,-0.012354499478659,0.021104162368516,0.0565874848254718,2.0,14.0803743,4.0,15.1202868,1.0,16.794344,1.0,0.0,3.8427420765212266
0.0153600521216927,0.0095703326308501,0.0128462865776266,0.0194978995875631,0.008799246008791,0.0054072245766792,0.0125357571849567,0.0004959382845707,-0.0270331749692685,-0.0115746227988396,0.000406420006929,0.0076190140350706,-0.0001505077592678,-0.0001473857789778,0.094371287742462,0.2017266382741788,-0.0044655174030124,-0.0045179694847364,-0.0005200634203042,-0.0040971449246418,0.0412266322753782,0.1126841307635278,0.0028170427701445,0.0079690285626504,-5.349565312374532e-05,1.717796401740572e-05,-0.0093279492548263,-0.0611440400885208,0.0003507265238942,0.0010018670131786,-0.0052657954390314,-0.0196002804312744,0.0088768866735825,0.0010233952437173,0.055559904184658,-0.1565902395151907,-0.0041753132347294,-0.0026594130231534,0.0274107183687462,0.0666631097399212,2.0,19.1859466,4.0,20.445649,1.0,22.2276402,0.0,0.0,4.06201920231798
0.0065349632074712,0.004606510447071,0.0113497157874316,0.0171781803010059,0.0098941353862119,0.0076526883447414,0.0146706569771554,0.0042801568215444,-0.0300707078946018,-0.0124123455781334,-0.0014338858368727,0.0048432294562749,0.0001092109594669,0.0003256452927951,0.0686052815882757,0.1510888935709906,-0.0008460666619641,-0.0018756293117606,-0.0001489737929776,-0.0038389743996876,0.0406304016205485,0.107090807446608,0.0041688935474876,0.0095686677415186,-5.430089568830648e-05,-3.931944677095403e-05,-0.0129552054586688,-0.0742593465821436,0.0003385614792993,0.00090010088605,-0.0041532071746007,-0.0192483078319927,0.0180420765333034,0.0275479250813392,0.0572644511159092,-0.1596247791575542,-0.0103648126186125,-0.0193581220953806,0.0199444681637454,0.0468899693889044,2.0,28.8754778,4.0,30.7925635,1.0,32.6418955,1.0,0.0,3.776864557056944
0.0027587852324826,-0.0068316516452446,0.0063975623797203,0.0018433139839351,0.0125152161091033,0.0107326360411141,0.0173623910495663,0.0102856034168632,-0.0295557410386037,-0.0097578609204263,0.0066368046440852,0.006248332898186,0.0002771947040113,0.0001509737023667,0.056967901070114,0.1144082277276951,0.0019093630554562,0.0023188119185799,0.0008707873911422,-0.0022833709156124,0.0429201402685807,0.1085705624074438,0.0047469035288408,0.0097263462669834,-3.956474643455808e-05,-3.097414999059272e-05,-0.0137858937768823,-0.0756388797877711,0.0003869920067718,0.0010558198873703,-0.002933454938273,-0.018504073935485,0.0255242931875043,0.0445060088661196,0.0655404778259567,-0.1399150068254878,0.014902612297447,0.0254410251491749,0.0127278162411341,0.0416295912658856,2.0,27.0705956,3.0,28.3772542,1.0,32.2920508,1.0,1.0,4.192725529821986
0.009297444960041,-0.003341178413085,0.0079587939380497,0.004843726470987,0.0187667698239747,0.015143630940554,0.0157943709330949,0.0083473187495191,-0.0391230938479702,-0.0156497027048851,0.0114921780976367,0.017393490327458,0.0002855503363954,0.0004362111131771,0.0498554979555252,0.0918439044322871,0.0033101816160627,0.0066531847981619,0.001385749289483,-0.0003826961559721,0.0417488259975315,0.1050404434688891,0.0042015776218656,0.0101062773172814,-4.870692834554689e-05,-2.1825533704388377e-05,-0.0139036471873164,-0.0777943713112401,0.0004044495151287,0.0010881857728584,-0.0058911653583273,-0.0236787283347117,0.0201619899898174,0.0315834597329079,0.0598970783469685,-0.1527818859398431,0.0239831346821938,0.0477121596343342,0.014793654187012,0.0457931974331466,2.0,18.1316251,4.0,20.1825502,1.0,22.9120658,1.0,1.0,3.49725166820594
0.0068180792326012,-0.0033649933692888,0.009133022710023,0.0064406014246685,0.0097612794112687,0.0080861282339445,0.0168008238585058,0.0097885205365447,-0.0285575627676023,-0.0064080235512052,0.0162788075259871,0.0241514901334581,0.0001772359640137,8.557317218088256e-05,0.0666742194406478,0.1269675990356051,0.0002241742677796,-0.0001252830337727,0.0008118231647449,-0.0022662741248304,0.0400858722647384,0.1052244758581977,0.0040561028419034,0.0096319057420888,-2.9014328324978194e-05,3.167339268371018e-05,-0.0138628648029356,-0.0772939610643011,0.0004183245652078,0.0011452402268395,-0.0037554026432339,-0.0191702132784707,0.0215276928207364,0.0313937231144632,0.0621405742297311,-0.1447740069789918,0.0154165406803934,0.0277755255360208,0.0162732777894748,0.0463708613633517,2.0,21.7037358,4.0,36.7418666,3.0,38.4927276,0.0,0.0,4.721846390272913
0.0087364240790103,0.0129705955631365,0.0095902148370424,0.0138957518817362,0.0061332325139011,0.0025607508343949,0.0081480281676261,0.0006286379828689,-0.0037544556206442,0.0026036485681482,0.014844785285569,0.0298108347911597,-0.000103343232981,-8.994601332003311e-05,0.0762099824881285,0.1617193802719135,-0.0034052866569421,-0.0032005934172584,0.0002113674507639,-0.0022912126074838,0.0343598575949576,0.0985614591619104,0.0020551352113295,0.0065013051309859,-3.119295759579239e-05,6.99954157272578e-05,-0.0134853641329458,-0.0759620895583058,0.0004441859354524,0.0012071450736584,-0.0050806590356241,-0.0201144007368708,0.0190317634492433,0.0235128385845766,0.0538945741477551,-0.1595730645664027,0.009258226571096,0.0195085083466947,0.0138613633876163,0.0431976602350668,1.0,21.6216332,4.0,23.0505776,3.0,24.7640779,,,2.964435660944388
0.0036216362104662,-0.0036553846665803,0.0110416322031251,0.0132089025930142,-0.0067148381233661,-0.0062554871229071,0.0096957677857961,0.0018472260890939,-0.0105577262860626,0.0018857570549402,0.0006803022381213,-0.0103407121887393,-0.0002001537708008,-0.0009178680065729,0.1147512940153444,0.221755143676565,-0.0057884360594221,-0.0123135873409017,-0.0009991148455067,-0.0069661264267826,0.0499664885095176,0.1195485822775782,0.003114009746798,0.0065120144905435,-3.970475325833439e-05,-2.446510493717185e-05,-0.0123010731657615,-0.0762763678652281,0.0003679091431347,0.0010105642436722,-0.0021130755101231,-0.0149080684997803,0.0161449196854818,0.0050761570009211,0.0628286868561545,-0.1450336014699286,-0.0351420128842634,-0.0825987919187545,0.006844810563179,0.0198300919541584,1.0,40.0359531,4.0,40.7481777,3.0,41.6440023,1.0,1.0,7.037653829833593
0.0087920224373231,-0.0022962269551699,0.0153042533048645,0.0170018534957453,-0.0100284563432847,-0.007198080435921,-0.0062225358061854,-0.0094327828711444,9.979648036962466e-06,0.0044958546012769,-0.0164216932237385,-0.0295209156353249,-0.0008348784759638,-0.0014154353854276,0.117153547306842,0.2322458274944571,-0.0054276625804925,-0.009577621225044,-0.0010622693557061,-0.0058564783319718,0.0460766813102442,0.1161206604662169,0.0020827444292472,0.0053318925102154,-0.0001277151661574,-0.0001694458857301,-0.019109409103051,-0.1059879442062875,0.0002641118887958,0.0008119955443033,-0.0046338272983886,-0.0194892064000711,0.0111906163305986,0.0003531170751824,0.0582833173192659,-0.1592984566526005,-0.0249951639298773,-0.0463043861991853,0.0207458683402026,0.0492031056435094,1.0,15.4931722,4.0,17.2171751,3.0,18.3131663,0.0,0.0,2.741377667369368
0.0200648951103893,0.016125137852338,0.0224073816028804,0.0357688987829825,-0.0029779606464517,-0.0004016955857493,-0.000475023773443,-0.001029924684573,-0.0090507515501964,0.0005890087227382,-0.0112789722912107,-0.0267869435454443,-0.0004477655509541,-0.001004765190328,0.0889475964598035,0.2108092859197726,-0.0022412742511751,-0.0020357621146905,2.4363713131016065e-05,-0.0020427010759375,0.049492954375875,0.1035001514021055,0.0037822278401845,0.0068748476616759,-0.0001104736324806,-0.0002204264732447,-0.0189916846866621,-0.1037560186864388,0.0003160832993768,0.000866929385775,-0.003992196599943,-0.0208180023914326,0.0091873589314575,-0.0188442896406842,0.0614589676817757,-0.15654456890327,-0.0144317664801922,-0.0413931722638213,0.0137089167465199,0.0263009232892024,2.0,27.7193505,3.0,28.9157767,3.0,32.4211587,1.0,1.0,3.6683978597124463
0.0255099519711287,0.0336375804261076,0.0246019327353523,0.0444401121505098,0.0081138801232635,0.0060119947653081,0.0036685739354617,0.0002952585541405,-0.0195401510658502,-0.0076888435049312,-0.0015823593285087,0.0026912404346981,-0.0001400749815807,-0.0001817131574134,0.0793110826949257,0.1912539062267005,-0.0002920203902373,0.0005784573672946,0.0011814987936594,0.001729997523423,0.0491338646606397,0.1076036083395528,0.0036973354464002,0.0073369992429151,-0.0001031875519629,-0.0001592159616939,-0.01891560519649,-0.1035207747503209,0.0003268710142714,0.0009147220345977,-0.0055182878645352,-0.0235056685724927,0.0098042702770202,-0.0152290884527854,0.0593209781945927,-0.1561982055175662,0.0002140364704552,-0.0033375875609516,0.0084499173783339,0.0201049087578344,1.0,29.2425143,3.0,30.2852476,3.0,31.539433,1.0,1.0,4.800219293236289
0.0224778381832528,0.0324646711206124,0.0236203462697583,0.042015615954476,0.0109956589690724,0.0061942344930739,0.0079621983809139,0.0008054051194096,-0.0169786006501911,-0.00774119324095,0.003466028012705,0.0132807931066383,-0.0001209662728361,-0.0003215767648999,0.0734109006095475,0.1820097099688156,-0.0001716599915833,0.0023283016691119,0.0014417769177505,0.0021289238105011,0.0476799897730576,0.1093085486287157,0.0033381278721578,0.0075402978556293,-0.0001002466887968,-0.0001606695987289,-0.0189279370218809,-0.1037954426129598,0.000338711090279,0.0009420336201066,-0.00548900469974,-0.0221228659704068,0.0107842605344698,-0.009764518267784,0.05897201754512,-0.1533614128075338,0.0074098879730987,0.0128707727383303,0.0077179478720267,0.0230572989393486,1.0,18.1961611,3.0,18.9994054,3.0,20.0798169,1.0,0.0,3.7653389990514494
0.0212936001522295,0.0376332234151036,0.0209271445012943,0.0375883673994076,0.0119181141741744,0.0052511724072582,0.0093560812549393,-0.0013131690989723,-0.0072817411608579,-0.004308866691573,0.0088417419357786,0.0339299617850711,-9.81443239667456e-05,-0.0001458299887248,0.0954349473081063,0.2193051822100817,-0.0025933991185089,-0.0027214096073004,0.0012233451055699,0.0013037123891961,0.0452956516010389,0.1192404497829869,0.0025000076879886,0.0081387287169605,-9.166777911250948e-05,-4.008475217883412e-05,-0.0193330378737014,-0.1055137942348979,0.0004281902363573,0.0011992077375953,-0.0056514065861196,-0.0197551115601448,0.0150563866270129,0.0140901559662859,0.0594766519165841,-0.141316244199319,0.0220782986685295,0.0455653127265942,0.0126078472912846,0.0427044611683684,2.0,18.4247687,3.0,19.330983,3.0,20.3741536,1.0,0.0,1.4142135623730951
0.0093786860556394,0.0231692201390574,0.0291698522165239,0.0576220858190817,-0.00364629272707,-0.0027014742948879,0.0179491515571173,0.0069183452756805,-0.0857624049410001,-0.0374548599849024,0.0139355680406203,0.0348807404095767,-0.0007923375967958,-0.0033332722489275,0.0811138614441347,0.1881800562683741,-0.0079779388675668,-0.0312766624770199,0.0005263077034054,-0.00275287376801,0.0477609394152607,0.123229349613446,0.0022578446773812,0.0039006219044334,-6.242945436754403e-05,-3.4513784678618536e-05,-0.0159781894276745,-0.088865766876265,0.0007000837514312,0.0018875565688374,-0.0019279996676558,-0.0130514901938901,0.0181596738468109,0.0027389324358248,0.0598017105743397,-0.1461058986869603,0.0078726712643261,-0.0066667212975958,0.0177988037225004,0.0433632205509523,2.0,18.0076099,3.0,18.9573078,3.0,20.0594506,1.0,1.0,4.396968652757639
-0.0325885525422821,-0.0341976361396798,0.0226210063094653,0.0507155693733271,-0.0340990697004473,-0.0244760153692383,-0.0015894755155035,-0.0042750418351425,-0.0359224184635885,-0.0079179631203512,-0.0360225395718982,-0.0829707719827398,-0.000327594353489,-0.0015053489960891,0.026741794042793,0.1038560387359014,-0.0201915423820155,-0.0392328356111953,-0.001940784985243,-0.0077243895904662,0.036069775578325,0.0694131199491885,0.0009099110223554,-0.0057058912907515,3.5273112855105414e-05,-4.345467453996074e-05,0.0069547461145087,0.0110822054314371,0.0003815592391428,0.0011025603023131,-0.0020632972004192,-0.0164771934663099,0.002171052192654,-0.1027015082134903,0.0499140891598046,-0.1991957586286958,-0.0355846001533184,-0.1260857261270456,0.0088236562788787,-0.0036553266163789,2.0,24.1572138,3.0,24.8257904,3.0,26.665324,0.0,0.0,3.7009417310962487
-0.0207160398587674,-0.013366869170187,0.0183958783985733,0.0451066205124543,-0.0170698611869802,-0.0137918987727862,0.0073888184545734,0.0010927066411066,-0.0334123094149226,-0.0103733765272013,-0.0121689604813029,-0.0400878370796474,2.482311649952357e-05,-0.0002804346750628,0.0109600782721898,0.0712343241272314,-0.0172582552012709,-0.0314962752347705,-0.0008712019257588,-0.0041937490911928,0.0209872827394707,0.0498390929580864,0.0013984123058012,-0.0034101566500739,8.192223116959755e-05,0.0001545015715806,0.00523575209592,0.002830144447343,0.000406556230641,0.001277751132068,-0.004134459157164,-0.0204869952149232,0.0023091239043572,-0.092251780840118,0.0510581090756667,-0.1896819110639698,-0.0192572690257536,-0.0842322826005119,0.0040023035256405,-0.0084117048441823,1.0,18.8590693,3.0,20.068294,3.0,21.2196903,0.0,1.0,1.69148192751537
0.0028312108758381,0.0184454766004535,0.0252234780968676,0.0566174744282998,-0.0096356189353882,-0.0085203285687984,-0.0048778966081423,-0.0085989081277154,-0.0163198113326529,-0.0070834099729452,-0.0121819314479137,-0.0250962388177144,0.0007607071918973,0.0015620326449238,0.0627000100509399,0.1673529269013065,-0.014456992021695,-0.0235774346005329,-0.0007234261773452,-0.0030470039754906,0.0232771619252323,0.0544320442057677,0.0018043972070416,-0.0007573380849765,6.904280891464173e-05,0.0001799856539573,0.0014865292748757,-0.0076526335608296,0.0002154568859434,0.0007284209591343,-0.0074302410476557,-0.0259676281674277,-0.0037300325169574,-0.0857026800723529,0.0425680578691527,-0.2097539491706983,-0.0187052166831534,-0.0695059529470722,0.0061935989202311,-0.001931301691224,2.0,16.4808507,3.0,17.8581339,3.0,19.6720966,1.0,0.0,5.291502622129181
-0.0063203511646855,0.0048851207557409,0.0351985446492545,0.0749028952134899,-0.0232148525009442,-0.0165193032518408,0.0048480979129342,0.0039841643830129,-0.046677812269366,-0.0159070154325275,0.0029291537237654,-0.0206831696000912,0.0004848209502462,0.0001346286667514,0.0533797448132885,0.1396283138949005,-0.0159884881376889,-0.0352952632348336,-0.0006489320422995,-0.0044374356226493,0.0275048063221868,0.0529824954119624,0.0021727135556741,-0.003263297491434,8.319940120574799e-05,0.000130769395365,0.0032004381230974,-0.0027597027631085,0.0002785783349825,0.0009037786456895,-0.0042648237629926,-0.0212708436548741,-0.0010350792497319,-0.0912373557497632,0.0453728059405999,-0.2059314731128413,-0.0202982110992446,-0.0870733397648381,0.0091761627259442,0.0010082850807824,1.0,17.2710042,3.0,18.5454119,3.0,19.7870057,1.0,1.0,2.0375267241229382
-0.0170766323514001,-0.0117006463944462,0.0282671316133352,0.0635205029381511,-0.0211916617430596,-0.0156761857084052,0.0167267392511767,0.0126481516167118,-0.0949069425748307,-0.0318186500074178,0.0184836579019222,-0.0026934066637812,9.300569049453112e-05,-0.0011687158360431,0.0271088312819859,0.0851049751653201,-0.017376428732462,-0.0427966955776216,-0.0008966747341184,-0.0063016137161128,0.0233341205642284,0.0519831010551015,0.0014493818005027,-0.005569279907813,0.0001116399557566,0.0002034798802002,0.0065016059342078,0.0094701095188657,0.0004113897197691,0.0013132116675105,-0.0005213567987421,-0.0128433017709743,0.008142082706882,-0.0738140569446239,0.0475010592181952,-0.1962956668146656,-0.0189878176527956,-0.095930236797031,0.0052836663343771,-0.0029630007095278,1.0,16.7039145,3.0,17.6092226,3.0,18.7150717,1.0,0.0,5.087119801890641
-0.0134234983563045,0.0003142769596707,0.0273324176518101,0.0639801759572749,-0.0157407466419337,-0.0130495603715463,0.0149785987543929,0.008461177080862,-0.0671054120672325,-0.0216306340415893,0.0094848371212688,-0.0012695513066719,0.0004430651036013,3.928965395582344e-05,0.0443807324280089,0.1259673781674908,-0.0163146550306473,-0.0384471544591297,-0.0005246033423374,-0.0042760220013545,0.0249065183621113,0.061811241892322,0.0013441733796347,-0.0038090203652663,0.0001065619243554,0.0002399892734776,0.0060155729452279,0.0077583349757029,0.000353346886297,0.0011711770921612,-0.0022062854888419,-0.016158675273162,0.0052368268713439,-0.0739239902750309,0.0458815025958409,-0.1959101697845168,-0.0177980159789739,-0.0800502670944603,0.00735520095093,0.005000337610113,1.0,17.0642401,3.0,17.7328813,3.0,19.3445589,0.0,0.0,1.5811388300841898
-0.0048534111093699,0.0160622885383138,0.0236506378736862,0.0564710552844089,-0.011972285877791,-0.0113172170954239,0.0084742797203802,6.989184621153136e-05,-0.0189850120050846,-0.0045942639696791,0.0020111335640448,0.0007899778160257,0.0005367879650046,0.001112889073335,0.0561717820414226,0.1684708451965459,-0.0140544126190992,-0.0252759732285851,-0.0007082244827978,-0.0033219216942984,0.027017004316894,0.066374133748217,0.0011853300214352,-0.0019696211226968,8.32018629678904e-05,0.0002239812484449,-0.0002204935234964,-0.0193675153437717,0.0001996628058995,0.0007337209359764,-0.0047863579955508,-0.0199981528271744,0.0026654155448526,-0.0743407299151855,0.044070727172244,-0.1978628846961558,-0.0200824580217334,-0.0790964522446552,0.0061056871795898,0.0008851129415916,1.0,15.3949623,4.0,16.5693713,3.0,17.5626889,0.0,1.0,2.311805451253293
-0.0044037634318119,0.0262828824534366,0.0273767845836594,0.0630754627300783,-0.0136571415835807,-0.0104450061900255,0.01564681183254,0.0078191914117208,0.0395543853988845,0.0208018990881066,0.0086349057756611,0.0061117314965556,7.13404984431664e-05,0.0008001110904666,0.063633636288045,0.1940143072689413,-0.0104998994732268,-0.0169432160166388,-0.0005238054508066,-0.0024606160977702,0.0296242368189759,0.0676933257261599,0.0026304733111737,0.0001359107232183,6.66065812893272e-05,0.000132935273783,0.0006313830048203,-0.0208487635291341,0.0002174302961435,0.0007196176016073,-0.002083227380492,-0.0168268138534484,0.0069404571896074,-0.066906610771566,0.0431673643789323,-0.2041834392005207,-0.0220558667320949,-0.085248875202284,0.0065079781598201,-0.0021571717146357,2.0,19.7077808,4.0,21.4579285,3.0,23.2108363,1.0,0.0,2.438123139721299
-0.0046730069427264,0.0088437715780681,0.0241662796655934,0.0563702327572408,-0.0095404669325337,-0.0070767308672202,0.0120618791292064,0.008685412433839,-0.0152819222102838,0.0005383967881994,0.0195010308469045,0.0072562875208837,0.000575824712851,0.0011029633761179,0.0448192971269396,0.1355782235883915,-0.0078108379746981,-0.0103398334642798,0.0002987365526236,-0.0004575223596341,0.0278588138696202,0.0580338989554625,0.0025121339074723,-1.316884661511191e-05,9.560054761168003e-05,0.000218689449994,-0.0020513321337899,-0.0283596932220949,0.0002447991957881,0.0007744435368065,-0.0037988730129736,-0.0201278904067426,0.0097259427152398,-0.0607110300460386,0.0423785926781671,-0.2071188178830002,-0.0105785893121645,-0.0575339221035227,-0.0004935882656517,-0.0096716639194992,2.0,17.7411864,4.0,18.669569,1.0,21.9488181,1.0,1.0,1.9550504398153568
-0.0134955401988986,0.0348732088987322,0.0282599418259367,0.0706377370942869,-0.0096239534504507,-0.0103349237308468,0.012843561736451,0.007503840418195,0.024265359186954,0.0089532777660362,0.0198107653278743,0.0219344905760112,0.0005487524786535,0.0012278889402928,0.0335634213964227,0.1333246670096844,-0.0103657672838527,-0.019744131303816,0.0004466342914564,9.934892906190334e-05,0.021199940853396,0.0511513403033312,0.0011704146213776,-0.002956769743093,9.482497966737484e-05,0.0002626091035302,-0.0018151352556664,-0.0268870799876091,0.0002618470426402,0.0008559028273468,-0.0037614695642853,-0.0181786045965424,0.0061366145421526,-0.0714012447977709,0.0375175278658479,-0.2117151894818824,-0.0102280201223344,-0.0603980405694483,-0.0035316733815749,-0.0177349877410952,1.0,17.2395281,3.0,19.2263991,3.0,21.0643064,1.0,0.0,3.086363722188463
-0.0140199597830382,0.0223643650436969,0.0280626893179302,0.0664334457653621,-0.0158636195696768,-0.0149759956678271,0.0191023521512748,0.0104282114946086,0.0016173256405876,0.0020625038680785,0.0101019124132156,0.0107768367973182,0.0005256151328717,0.0007455723858602,0.050207989301994,0.1588373372351394,-0.0120107848029597,-0.0264715736868923,0.0004542833499973,-0.0007732131599465,0.0249580185462438,0.0628640210339336,0.0018360022030664,-0.0008268517371499,8.416719367961557e-05,0.0002399029685737,0.0007231845653207,-0.0163066249799581,0.000271142519659,0.0009135923199594,-0.0022875051093333,-0.0150725249293056,0.004326932848212,-0.0689193408304729,0.0416434779580558,-0.1979663332549444,-0.0046701686740066,-0.0483133529884467,-0.0032799476467074,-0.013172850177981,2.0,19.608252,4.0,21.2303308,3.0,22.6236287,1.0,0.0,2.154303980645638
-0.0064099272695919,0.0452952146476692,0.0235120145366123,0.0618135199157215,-0.0058486874872707,-0.0080928339087324,0.0151777805610017,0.005688478116176,0.0370530926155431,0.014308121765957,0.0029087422774895,0.0069501370590493,9.715124776257773e-05,0.0006424186491569,0.040955760871786,0.1538374272625561,-0.0136370391506172,-0.0227289755277302,-0.0001825105895349,-0.0011485769318875,0.0266007482457495,0.0651337040375629,0.0009572119193889,-0.0024106586877888,7.836675135403915e-05,0.0002341211909864,0.0036664372527957,-0.0045423299181548,0.0003209234079335,0.0010414367181198,-0.0043548691852661,-0.0181100812123955,0.0064110740645001,-0.0698865395278503,0.0423620517191702,-0.1991467008090104,-0.0033731518291989,-0.0505171086674205,0.0010226515466953,-0.0058478107566008,1.0,20.3661576,3.0,21.2114135,1.0,25.0687309,1.0,1.0,2.1363760352762253
-0.0102845875826032,0.0105644955197216,0.0210947897708254,0.0524604966138445,-0.015297788948606,-0.0122152016938431,0.011908750954199,0.0064658944096298,0.0030661437675309,0.0070312408617526,-0.0085206301947846,-0.0239293193093543,0.0002712454628689,0.0004097386707474,0.0385935024922012,0.1506389043108263,-0.0139932253589262,-0.0225807319016852,-0.000392006314935,-0.0019497939631686,0.034705077673471,0.0690403065559669,0.0023921916240391,-0.0009271738957261,7.086876765417571e-05,0.000123727140151,0.0033508682147337,-0.0087563351394613,0.0001870514349599,0.0006272152256192,-0.002355976834811,-0.0172088788016203,0.0042840375000166,-0.0888680193786824,0.0450287300496933,-0.2031834886201267,-0.0145648975046039,-0.0735840451199988,-0.0008556956288458,-0.0179023873702815,1.0,21.8168338,3.0,22.9790834,3.0,23.8227477,1.0,1.0,3.9010488100229934
-0.0170636315945662,0.0336240430773327,0.0180492735393719,0.0559460055807084,-0.0044723151720965,-0.0078919467479539,0.0148531743886653,0.0044763711806448,0.0614705722653632,0.0264143713211937,0.0060576341849705,0.0119171614678323,0.0002480961254291,0.0014850563878783,0.0372072749381322,0.1679824027639641,-0.0140701201118522,-0.0176215693528672,-0.0003578491167089,-0.0003767504920214,0.0311736317263238,0.0754947041857849,0.0015627352935972,-0.0005950256309141,0.0001007574228834,0.0002995870313892,0.0075165798538118,0.0101025371330436,0.0003263717590754,0.0010581736768628,-0.0043937737662797,-0.0185833770245037,0.0063653527854202,-0.0710851018364955,0.0442938761419958,-0.1942691470492694,-0.0075443955148737,-0.0523352151163208,-0.000242919602278,-0.0073622055097825,2.0,18.0805395,3.0,18.7586091,3.0,20.5405465,1.0,1.0,4.702245326555294
-0.0188248470840299,-0.0012744079065598,0.0224672948482799,0.0601405313340318,-0.0149191631644733,-0.0130559257907675,0.0090881413433774,0.002268803727698,-0.0062773750443902,0.0018762754879646,0.007588436213152,0.0052932245915729,0.0002410654701594,0.0005971138404714,0.0656387457326514,0.1914649152010717,-0.0139457429277782,-0.0226584059409336,-0.0011861402438335,-0.0035490032329856,0.0303591676891169,0.0745118051586989,0.0016328396501124,4.115390942543602e-05,0.0001027015172634,0.0002587076360995,0.0069102225008839,0.0037650755735122,0.0003103545437901,0.0009896724895536,-0.0050182066454001,-0.0217539474929855,0.0053973062352609,-0.0698880868315341,0.0420079882851927,-0.2068643524021921,-0.0178316651912698,-0.0657823647630589,0.0116322902058048,0.0118251588044107,1.0,18.5528852,3.0,19.4657122,3.0,21.1690689,1.0,0.0,3.3928028399998595
-0.0240935330077572,-0.0097662512653762,0.0134830055103603,0.0399657797002495,-0.0115166162080249,-0.00893324493552,0.0031809716000941,0.003369816266152,-0.0188540260076076,-0.0029178861944051,0.0022914872424754,-0.0180900368324959,5.510198377809791e-05,-0.000228724843653,0.0184342632811803,0.0992941005442265,-0.013690414100658,-0.0209314098702493,-0.0004965969204907,-0.0022454773036372,0.0309709529087467,0.0591713944374241,0.001557471162616,-0.0023690596560239,9.882779318793076e-05,0.0001927780601646,0.005358924705092,-0.0046868869677672,0.0003640515759101,0.0010591654748825,-0.0050170409346318,-0.0230763754786367,0.0075795256785765,-0.0829318527798579,0.0449193677829238,-0.2039126597970083,-0.0111348966224874,-0.0674205765845952,0.0017792081507176,-0.0109539623767469,2.0,29.2693925,3.0,30.1822371,3.0,31.5151166,1.0,0.0,2.6457513110645907
-0.0217447406475036,-0.0133321846409393,0.0197658624602037,0.0506553368374345,-0.0251950306467537,-0.0182469086373556,-0.0165708174988229,-0.0131897491200904,-0.0281177661323182,-0.0064894983555001,-0.0199911816210146,-0.0513794505155991,-0.0002794810455187,-0.0003739874878329,0.0281654829924114,0.1011111746677572,-0.0197434889976272,-0.0304734319455607,-0.0014233417414051,-0.0042198010917732,0.037281809811321,0.063898840058571,-0.0011703186832408,-0.008895510901253,5.8324054869233823e-05,0.0001061986161127,0.0129325204784593,0.0246880748515766,0.000335442088885,0.0010113918160153,-0.0078648290540397,-0.0273055190599335,0.0006389257319477,-0.1154893415884941,0.0340368568391015,-0.236834766787176,-0.0212068919544494,-0.0921961986833065,0.0099303341743771,-0.007660501112274,1.0,23.4739295,3.0,25.0395079,3.0,25.9317807,1.0,0.0,4.961671272684418
-0.0225750805418078,-0.0215712134434986,0.0265151991117757,0.0572567280173297,-0.0416727307351178,-0.0280076070094241,-0.0125616516337547,-0.0066710984002681,-0.0066000028317629,0.0084757620679778,-0.0503647285336756,-0.1097957192569198,-0.0001870190200541,-0.0005403914290459,0.0392327146546371,0.1257893653278151,-0.0217770492245759,-0.0395248552850631,-0.0020356836945307,-0.0069551509768879,0.0331259084342088,0.0449876194769213,0.0009156189827792,-0.0072148987500121,3.136333156729528e-05,-9.449003491957656e-05,0.0122200810760354,0.0246970853817041,-2.3961384302440825e-05,-2.164002887846449e-05,-0.0045102393473055,-0.023608325043323,0.0022991910625957,-0.125875277656813,0.0312992919991201,-0.2476090054501254,-0.052589018277443,-0.1609624928546509,0.0062645485623997,-0.0300926802267804,1.0,16.3259848,3.0,17.1508294,3.0,18.424824,1.0,1.0,5.449260908090605
-0.0195491406470386,-0.0082840375847735,0.0170860990102388,0.0410389039884239,-0.0178888595706584,-0.0146287140633323,0.0009603115169298,-0.0018009348254997,-0.0172148837763213,-0.0009470410359549,-0.0205304079688912,-0.0439853697642913,0.0002368607552842,0.000574059559876,0.0516850811160748,0.1458951976366828,-0.0122821852946759,-0.0241829117810004,-0.0002114523265885,-0.0024189681096361,0.0371479770579628,0.0811263842585283,0.0018406875918558,-0.0015926976573245,1.5733643606491947e-05,7.87309179533861e-05,-0.0073695188418431,-0.0542084841660233,0.0001070240296337,0.0003919273233892,-0.0023730881948885,-0.0159248270861668,0.0126878742600405,-0.0611993016124377,0.0659973539602692,-0.1466579404106537,-0.0305519949491429,-0.1091350979846105,0.0001083672706353,-0.0174925934119571,1.0,15.9498873,4.0,16.7766132,1.0,18.4303446,0.0,0.0,2.7516228977511745
-0.0158109835032949,-0.0032841589927498,0.0258368329253535,0.0506594913454338,-0.0148695463659777,-0.0102948450416807,-0.0112903883829271,-0.01032234543828,0.0706237383332074,0.0350465069465543,-0.0352820549585914,-0.0591128991126315,-0.0007973002495289,-0.0004548662807967,0.0806236332838953,0.2114849939253151,-0.0094871798787373,-0.0095308402877935,-0.0004543184860825,-0.0015819223874424,0.0411010398331204,0.0891704302494045,0.0016877674088832,0.0021747204148736,-7.882717865955107e-05,-0.0001118088800258,-0.0167805984850073,-0.0916760859600515,0.0003866345551177,0.0009257540345855,-0.0046598607407946,-0.020751066952052,0.0101883280141012,-0.0402237073235433,0.0556395759695563,-0.1710700926259713,-0.0111874327131991,-0.0536289144936384,0.0250527429848616,0.0403827778292543,1.0,17.9729742,4.0,20.6635185,1.0,21.63339,1.0,1.0,2.410295378065479
-0.0057503065282486,-0.0002604799926816,0.0271161544740711,0.053147618193364,-0.0136044256250805,-0.0071852807197065,-0.0023285744993411,0.0029135069964624,0.0339990481995416,0.0251503503759495,-0.0134543866268878,-0.0413639167213756,-9.901152474899011e-05,0.000195401056238,0.0766680487512652,0.1999142287074057,-0.0057186606551892,-0.0063929341193406,0.0002545197652636,-0.0001965979183302,0.0442434804838512,0.0811816138392526,0.0034493851483417,0.0035982417121093,-2.3914704167467813e-05,-5.93781904383153e-05,-0.0163697361867603,-0.091693282709709,0.0004755998506107,0.0011067911738213,-0.0035271021610763,-0.0219152482451252,0.0106743098075202,-0.0483106140250399,0.0591305954382935,-0.1681534251091823,-0.0039614426858786,-0.0385944752352868,0.0200542001863777,0.0280409541048781,2.0,14.5416372,4.0,15.3607932,1.0,17.6048287,0.0,1.0,2.659459958850156
-0.0046806819746197,0.0109811769010023,0.0300196144191551,0.0653692326633037,-0.0100978117338182,-0.0080404855394542,0.0015068195767807,0.003527428905572,0.0155209632308671,0.0153406790093975,-0.0093041750962452,-0.0249957250754333,0.0001985598110229,0.0005416762054049,0.0832229287146789,0.2168008115982947,-0.0059097409831139,-0.0097220312361183,0.0006752768653256,0.0009330484633463,0.0439742849598054,0.0851949490705897,0.0032544498261621,0.0036573708156642,-1.1816195874121373e-05,-8.999134233287808e-06,-0.0158984752760028,-0.0904472134523649,0.0004959984495293,0.001164451750234,-0.0032840592850249,-0.0202751475638039,0.010538675999599,-0.0460431744325557,0.0595290857303059,-0.1630193740652433,0.0008663496409563,-0.0210686790430577,0.0181012565600404,0.0284973503423452,2.0,21.4275276,4.0,22.1932329,3.0,23.818561,1.0,0.0,9.453982112198954
0.0010504605879385,0.0029820139287559,0.0178354997907433,0.0387052913240349,-0.0057230049706281,-0.0046986075310005,0.0032601032250245,-0.0015253174982523,-0.0796693407646461,-0.0308006099192659,-0.008256352442368,-0.0075471475751892,-0.0001804262345115,-0.0011437371352019,0.0758142340028919,0.1736144793073003,-0.0082143781687286,-0.0259377616160022,-0.0003417416093235,-0.0036961051301245,0.0418268897721025,0.0954029981247118,0.0033351733674048,0.0045198596148436,-4.966878856981117e-05,-4.5216503175042514e-05,-0.0147853155687092,-0.0917139698495708,0.0003932727157327,0.0008561178813854,-0.0054148699959204,-0.0229878059454549,0.0138648151522389,-0.0338075338414836,0.059666622589516,-0.1678804144676798,-0.0027896137784103,-0.0327409656358181,0.02471124772963,0.0357346421257261,1.0,18.386396,4.0,19.3323254,3.0,21.0003782,1.0,0.0,4.847679857416329
0.0048705329365328,0.0239751064144794,0.0226171349484737,0.0484336134117001,0.0014317573694696,0.0010868105252889,0.0058184090359116,0.0044350753295631,0.0043972672602173,0.0075886868723318,-0.0072922509671838,-0.0080222463455671,9.13642439481582e-05,-3.390621548512385e-05,0.0731500020904943,0.1922148393998525,-0.0043372679354559,-0.0132966687635727,0.0010692202197015,0.0001934756677415,0.0463206828136083,0.0990694670593936,0.0043757989824445,0.0057773681987278,-2.368484840217876e-05,-3.604941860997925e-05,-0.0120809523165615,-0.0812641575086843,0.0004400064820876,0.000993271200926,-0.0026331243111666,-0.0186455644347046,0.0207342513100632,-0.0097148892834479,0.0682528069982573,-0.1453898707459307,0.0176256184280822,0.0026671583159042,0.0196809426032212,0.0388106790646787,2.0,19.8063638,4.0,20.6599963,1.0,23.4542073,1.0,1.0,5.756709640267863
-0.0071749213786206,0.040805843001453,0.0178534701560355,0.0561993761047337,0.0014510168987128,-0.0018565900707889,0.0042590864451274,0.0012930152092309,0.0753761614777116,0.0337133422706602,-0.0024968336812696,0.0191855226021424,-3.517030032065625e-05,0.0015747855189978,0.0606769650282003,0.2090319782863354,-0.0042315790595957,-0.0014834455891843,0.0003303043706058,0.0017075894206347,0.0469641383457707,0.102756349943142,0.0034196964701468,0.0058043304157279,-3.380595385398844e-05,-1.8220360383363212e-05,-0.01226195685859,-0.0833539411560146,0.0004578134136452,0.0010486229859977,-0.0054163375599934,-0.0231800039258566,0.0125961019969835,-0.0368711866833228,0.0634345641218177,-0.1529613225447309,0.006727322250536,-0.0186994087582193,0.0177093768173738,0.0343683631027205,2.0,30.8459863,3.0,31.9028645,1.0,33.9366842,1.0,0.0,6.488648865716506
0.0060143412031719,0.0489879262126367,0.0217169572791561,0.0559831067990021,0.0098986944864017,0.0066543269859071,0.0106548446718793,0.0079679118823917,0.0702849746926784,0.0356435087592251,0.0009723679325186,0.013118489889674,0.0001953733589395,0.0014154569459851,0.0856822236675017,0.2404599925443794,-0.0010821807423774,-0.0009830071396065,0.0007068051471888,0.0010097408448618,0.0477132564407485,0.1054817648204186,0.0053409145389031,0.008609428574271,1.4882427308161026e-05,6.047793426686064e-05,-0.0104316855198262,-0.0736148970505698,0.0005259489568668,0.0012460570422873,-0.0010966668006433,-0.0164009351634473,0.0267995766096362,0.011042530234273,0.0763784690615907,-0.1254682779314063,0.0106010801207389,-0.0040963610810003,0.0223489844625718,0.0505523213292135,2.0,16.9478409,4.0,17.7477268,1.0,19.317429,0.0,0.0,9.87056759133756
0.0154613544807172,0.0534441558011815,0.0259790384450122,0.0649630691536011,0.013139699274923,0.0089512847738308,0.0057554395143733,0.0039759052074094,0.0606794980360957,0.0295311144230189,0.0007383744409826,0.0138566878207948,0.0002843881018667,0.0019499374012063,0.0843495383076238,0.2416942502579099,0.0008808466759302,0.0104267888247567,0.001280618933538,0.0044015995434515,0.0465013029274735,0.0963623488973811,0.0049639798613481,0.0084699971460888,3.03733504197139e-06,2.469102033312675e-05,-0.0128431564832796,-0.0819529932015995,0.0005509332089788,0.0012546273667934,-0.004625707242989,-0.0232328019329272,0.0217131349443613,-0.0016442289653605,0.0676106511530628,-0.1509250474400049,0.0221550782481012,0.0286944341604881,0.0217338806870577,0.0449247615350686,2.0,17.3087219,3.0,18.0932866,1.0,19.2991714,0.0,1.0,2.2483204964917824
0.0206209039575299,0.0553737342151646,0.0296548113445842,0.0713972998313551,0.0154844360531775,0.0103429530151392,0.0018854833694994,0.0017554411574814,0.0504914731976651,0.0254343271808903,-0.0159046094562593,-0.0115800695088364,0.0002043066459087,0.001914546397929,0.0816012679225576,0.2334864793719464,8.480796063063505e-05,0.0080401990127632,0.0016251217351404,0.0053358018041917,0.0488563700770824,0.0933385682861882,0.0042333672217976,0.0061564416791957,-2.533959787348057e-05,-4.592312705660602e-05,-0.0122495803289299,-0.083017822014116,0.000493924554838,0.0011343208186335,-0.0056004225849263,-0.0251792825486976,0.0174013237620898,-0.0164763053222837,0.0618771672589228,-0.1619962775070107,0.0251004739277479,0.0345900585621617,0.0194499182726105,0.0388396890182599,1.0,15.8753496,4.0,16.829335,3.0,17.9488953,1.0,1.0,2.5968422639024005
0.0142159049161603,0.0552809797882641,0.0353194566910556,0.0807042246308251,0.0078721104468983,0.0044062025147026,0.0105907373036714,0.0089469856403289,0.0698568978673428,0.0355664337358584,0.0041894510704904,0.0116055036052255,0.00014688059403,0.0015692591129352,0.0946269880894963,0.2560287118606463,-0.002342068023386,0.0009131336918129,0.001449716317755,0.0041658356966418,0.0504276536144103,0.0976628641195802,0.004501268252117,0.0060664785590528,-7.040822940618022e-06,-4.859476431803371e-07,-0.0115447736203726,-0.0816524659766354,0.0005089682226681,0.00121689861443,-0.0034280240572397,-0.0202344645127826,0.0181448919136343,-0.0177907080963651,0.0627090386823587,-0.155775640654135,0.0214506434080627,0.0226743587075083,0.0223690227951258,0.0438566902913701,1.0,14.1039215,3.0,14.9333714,1.0,17.7791013,1.0,1.0,3.1718458443950364
0.0065849048536253,0.0307457064183177,0.026024443182971,0.0566855786056135,0.0006984184752648,0.0003622707123126,0.0152633863926892,0.0111697375483646,0.0413868817350943,0.027798069924501,0.007643358247929,0.0103429318708301,-0.0004154401234012,-0.0003875845966896,0.0825850698496954,0.2159515382926385,-0.0084596641768182,-0.0160422577265972,0.0003819715575416,-0.0002717718163846,0.0465473247235932,0.1008317720658355,0.00355024547862,0.0043224268469167,3.5596986878180666e-05,0.0001346763495315,-0.0064715485490837,-0.0590666357854946,0.0007046654262515,0.0016834789857452,-0.0026598406951866,-0.0169505659991676,0.0204917712995732,-0.0122778674972577,0.0647386129119629,-0.1449775033904861,0.0141075250114017,0.0003763876561652,0.0281841100925887,0.0586558757775379,1.0,23.6309263,3.0,24.6736209,3.0,25.7107035,0.0,0.0,3.765809166874854
-0.0035721670338136,0.007708027385023,0.0162396300049729,0.0368806482476792,-0.005783562285909,-0.0026391839599103,0.0076924117499163,0.0075384883714099,-0.0226456741182362,0.000959617981398,0.004636387074244,-0.0070310299800867,-0.0004515326668472,-0.0013000497983676,0.0800578942870213,0.1742086431606903,-0.0083556481905856,-0.0219878569889723,0.0007796709386437,-0.0007478820108663,0.0434725158684298,0.0917953315229712,0.0026198477699124,0.0014768790357362,2.0114243766576065e-05,8.206564277264184e-05,-0.0089572787525518,-0.0718108830178741,0.0005885433091516,0.001387371505799,-0.0031321457705748,-0.0188149746482533,0.0124672581190478,-0.0490091398390003,0.075356879935954,-0.1273802164674696,0.0012670041935175,-0.0397841615957638,0.0080221300124629,0.0077406987853893,1.0,24.675487,3.0,25.8945039,1.0,27.9465263,1.0,0.0,3.1976983480739274
-0.0089744134370881,-0.0407106860426214,0.0226321983112772,0.031179785880348,-0.0125835915876146,-0.0051462484269754,0.0076811029369404,0.0050093860533084,-0.0242823692129714,0.0061699139000289,-0.0182719736188326,-0.061120692406679,-0.0009457168820777,-0.0022291961095686,0.109764305101443,0.2008133494691616,-0.0069654700027783,-0.0155071607329509,-0.0003366089909768,-0.0051609530018183,0.0691835616703975,0.1309321690197455,0.003447747152272,0.0038046460878287,-7.347561580383648e-05,-0.0001813441471951,-0.0229180409357199,-0.1267353929579654,0.0003888716096615,0.0010305694295919,-0.0020738023312766,-0.0173573163977011,0.0185001260362632,-0.0240203559339544,0.0704384048095456,-0.1427138402998962,-0.0056928245245365,-0.0443023785329897,0.0312137295515019,0.0474875527373145,1.0,15.1564003,3.0,16.3664737,3.0,17.1729508,1.0,1.0,2.326389458385657
-0.0103945540771966,-0.0378374913255489,0.0190434879294583,0.0298562517398666,-0.0082978985322171,0.0001465664241228,0.0019830537128351,0.008072662693777,-0.0361831329587293,0.0014288702125295,-0.0107933563770977,-0.0597803820689449,-0.0006250734045298,-0.0019396243471972,0.075097409428424,0.1484939148302158,-0.0033431439380056,-0.0127589608319798,0.0003652791952954,-0.0030856141012606,0.0626443438977786,0.1086324898028016,0.004582033987787,0.0035733537048028,-4.987936271945631e-05,-0.0001861170699951,-0.0229691573283434,-0.1266730735455303,0.0004941245166251,0.0012874190625696,-0.0016863413357419,-0.0201083801201538,0.0234982224321602,-0.0152182812334962,0.0733120677389236,-0.1393582680147757,0.0031999822660964,-0.0329869935194614,0.0208069636709058,0.0282357118408854,2.0,16.9631232,3.0,18.3122231,3.0,20.9866976,1.0,0.0,1.6292775867068985
0.0036574860995408,-0.0107602247719403,0.0233736618469725,0.042298091825082,-0.0009935267764534,0.0024428339629058,0.0040434474543834,0.0076181774838575,-0.0460967020071246,-0.004447930413351,0.001550491389102,-0.0282039320471045,-0.0002072225530252,-0.0011942471952738,0.0918553114400289,0.1887935857459488,-0.003840026693976,-0.0137870578122864,0.0009543700753068,-0.001177802791158,0.0618485486749149,0.115213973619252,0.0042030849604361,0.0043753332640696,-1.9944878265495988e-05,-5.670103622064625e-05,-0.0226367336429121,-0.1256039088916382,0.0005291479726865,0.0014124011947215,-0.0026091489850025,-0.0204943742836505,0.0236688374058105,-0.0082800184461007,0.0693473964774513,-0.1431031061522819,0.0129342438800415,-0.0018308626493831,0.0196035672134572,0.0334562469605326,1.0,15.0517937,3.0,16.2587037,3.0,17.3407895,0.0,0.0,3.5680203517874207
0.0078668432866117,0.0060591924253645,0.0283857524391003,0.0553529412650999,0.0037094784720384,0.0044389421747036,0.0019714654387629,0.0029797709672359,-0.0433543556638469,-0.0075798126681962,-0.0005575386546114,-0.0130459198626872,-0.00010298691721,-0.0006432252876207,0.0928797484800356,0.2005615108777445,-0.0037344816550974,-0.0145170686161742,0.0012033205757397,-3.348550602545202e-05,0.0538909125685158,0.1094842642452023,0.0034725641500806,0.0034674911975776,-1.6429692355096186e-05,-8.935541048208899e-06,-0.0223863699350983,-0.1252028635367898,0.0006033318566583,0.0015862657693949,-0.0042152905038437,-0.0223754071630451,0.0204642330190461,-0.011661135063665,0.0648275332942262,-0.148297150773896,0.0144966056227498,0.0041694560542158,0.0187790288656253,0.0350860977504724,2.0,23.4800826,4.0,24.3790993,3.0,26.1894611,0.0,1.0,5.205308645530839
-0.010281749186213,0.0088530304975886,0.0326548318793204,0.0714077951151031,0.0079614906300731,0.0048002138425392,0.0264054465422421,0.0195913488819548,-0.0125261873775371,0.0056659564089253,0.02633323286509,0.0442996586234738,-0.0005843394886513,-0.0015204994257873,0.0673688282908292,0.1518897045870575,-0.0018253724932683,-0.0110419745216506,0.0015956888642857,0.0011828083133037,0.0506323623412647,0.1209002893969099,0.0043757107314241,0.0077343907432063,1.4653193889794738e-05,0.0001226733281489,-0.0196249925542557,-0.1183268928116637,0.0009726199852809,0.0025849768138938,0.0008646426737302,-0.0095450479902589,0.0301200447309319,0.0258394157368968,0.0767140526405538,-0.1132544967337735,0.0152085351587113,0.0058727766439421,0.0202155311224142,0.0555335811063782,1.0,18.1227576,3.0,20.3114026,3.0,21.4849572,1.0,0.0,3.2446537223219645
-0.0114110339225459,-0.0104036719746753,0.0346940681293534,0.0642110480514539,-0.0205978673907992,-0.0127249159345745,-0.0071790761797448,-0.004499232142791,-0.007167544866512,0.0129534956982439,-0.0348925129007528,-0.0804830252226078,0.0001784455525829,-9.230625930074213e-05,0.0873092008193413,0.2132464425087844,-0.0157197288713245,-0.0313331641612734,-0.0010422030024797,-0.0056499428737362,0.0586731215436526,0.0969575495660737,0.0026032533939006,-0.0012477710828706,4.887933606295159e-06,-9.037718185135063e-05,-0.0046245918308024,-0.04490617804309,0.0003258663706069,0.0007600757819668,-0.0039959863627614,-0.0220890905219381,0.0127682708101668,-0.0627696535768618,0.0591046820332135,-0.1793720984326733,-0.0130146312359992,-0.0768931232644056,0.0321665273807527,0.0290724605568348,1.0,19.5488147,3.0,20.1997267,3.0,22.4719289,1.0,1.0,1.0
-0.0165321296932342,-0.0308864304862499,0.0166295124271933,0.0201239269520662,-0.0318250112892175,-0.0185144975898386,-0.0085602617795194,-0.003662453726696,-0.0242913436464508,0.0061185430674397,-0.0397846457784177,-0.11437890290006,0.000259700530822,-0.0001729794141387,0.0359649364153835,0.1046177798607905,-0.0207188794157539,-0.0373049023207954,-0.0019836761718093,-0.0086173986489762,0.0507780468762607,0.0730948277218054,0.0018529909484005,-0.0053258677878271,3.807594236342967e-05,-6.17415593740881e-05,-0.00110396569248,-0.0293218540686173,8.950994122686693e-05,0.0001789814265663,-0.0041452044043869,-0.0231673014235713,0.0140401662885316,-0.0868207981337313,0.0579178827046223,-0.1882128399804606,-0.021834642728369,-0.1112382384758203,0.0247970428908287,0.00038360667082,2.0,14.3242552,4.0,17.2875774,3.0,18.3905494,1.0,0.0,8.754219761712841
-0.006784187631946,-0.0149077780730427,0.0123401868271794,0.0155245966540985,-0.0217332297392733,-0.0118136925993782,-0.0109641037819733,-0.0068726262974876,-0.0274756735466139,0.0029597258806985,-0.0430444892945644,-0.1168269919378811,0.0004981140366984,0.0005004658639793,0.0229269251548329,0.0752091162688399,-0.0169020910120244,-0.026541339152229,-0.0012608809998018,-0.0058925952956119,0.041768656625739,0.0585181203414305,0.0019726592418058,-0.0042073991850693,2.7509961342409677e-05,-4.079645424993049e-05,-0.0039994978929538,-0.0415768288843457,2.8875014328951752e-05,0.0001258804472068,-0.0059119470711466,-0.0268769425010847,0.0116559434429427,-0.0942527131196651,0.0564697760363791,-0.1929433299114922,-0.0174440856000701,-0.0946753689714052,0.0177098421929974,-0.0112225929188791,2.0,17.2652656,4.0,18.052741,3.0,18.9797469,0.0,1.0,1.5526475085202969
-0.002460308069381,0.0779000211714527,0.0331864050779889,0.0759830644937285,-0.0124530322834238,-0.0093630722625586,0.0038139088805007,0.0037602839541802,0.1127494486073408,0.05173500272621,-0.0195355234915443,-0.0548832191259162,0.0002419546492687,0.000897544984035,0.0145142495430808,0.1354148532742177,-0.017410250490506,-0.0322862270262398,-8.411096536695642e-05,-0.0007984717970668,0.0418286395915644,0.0608284588747772,0.0019935407457681,-0.0055907694363531,5.69894704081768e-05,4.3120802750972914e-05,-0.0017891037573493,-0.0312401012964068,0.0002458843765105,0.0007802510087713,-0.0030587668108183,-0.0202853308865387,0.0112848844343533,-0.1026447918328407,0.0571313148781569,-0.1851925068512258,-0.0133267154257881,-0.0988358177920963,0.0110132843532653,-0.0248875817599326,1.0,14.3045765,4.0,15.330139,3.0,16.372806,1.0,1.0,2.183269719175042
-0.0032633525734203,0.0085270462136857,0.0153263648043746,0.0253725162632815,-0.0163835712409057,-0.0094840527277848,-0.0042453957377316,-0.0051377334760636,0.007142739260269,0.0155871317639323,-0.0313917363453166,-0.0702115318226523,0.0004959902959482,0.0011568334397759,0.037789104974161,0.1110846687785398,-0.0163370415790495,-0.0276702956364563,-0.0001199119068118,-0.0022109690420372,0.0420338078922818,0.0711899810516534,0.0019411558250057,-0.0021556616717967,5.0890900341935645e-05,9.441654112186376e-05,-0.0070025690504894,-0.0555183969806476,8.942198012057285e-05,0.0002461795318496,-0.005099696586308,-0.0233875523410718,0.0112004227295621,-0.0881501029252788,0.0548826947969768,-0.1839818205332171,0.0034341053511485,-0.0492968858157036,0.009955301172533,-0.0240243333310038,1.0,15.3192652,4.0,15.9842723,3.0,20.1302287,1.0,1.0,2.9246489410818914
0.0004102737697288,0.0443070063434915,0.0205650176347784,0.0352812969236275,-0.0062600733573009,-0.0025364543047317,0.0113360504230583,0.0063165827238502,0.1013903678068852,0.0507580874141164,-0.0024327511034162,-0.0140336257414451,0.0003905458120945,0.001661904370372,0.0657938279752616,0.1770479827043851,-0.0073786435273925,-0.0147287915521984,0.0005712104639964,-0.0012242532572307,0.0416180234795375,0.0862353995520111,0.0036512992563669,0.0027912594898914,6.3186888998939e-05,0.0001252698134931,-0.0069111143897908,-0.0560124002951553,0.0002207399569048,0.0006185087012742,-0.0030205366590361,-0.0198533424870041,0.0210160298667717,-0.0375395825184404,0.0596999397987721,-0.1688022569640354,0.0094217382951919,-0.0357154438695179,0.0173966938627185,0.0059259612907741,1.0,14.4649506,3.0,15.9057359,3.0,16.9510101,1.0,0.0,2.935582916359804
0.0127069180193374,0.0426052853001121,0.0218835628435932,0.0388946171425874,0.0009518323148748,0.0043045528982402,0.01136781936476,0.0102486629699613,0.0796602781816014,0.0439976929265566,0.0006247637950762,-0.0199874022392624,0.0007220437313888,0.0022892338605931,0.0562097992020585,0.1701157213197941,-0.0033329963960464,-0.0007603264074481,0.0012208473040417,0.001794162733731,0.046323738956676,0.0822281519024921,0.0044817330645126,0.0039590213910508,9.374538803799142e-05,0.0001747953040565,-0.0079268278318799,-0.060912280053204,0.000252724060471,0.0006966547622956,-0.0034787758510444,-0.0225135937002793,0.0267572455779905,-0.0233745726212502,0.0662504484266585,-0.1561951799186682,0.0218339496202945,-0.004425300013934,0.0139317420812174,0.0030382483709719,1.0,24.7477716,4.0,23.4501314,3.0,27.8209758,1.0,0.0,1.986062547968831
0.0161406969958199,0.0471403004416466,0.0247229809500337,0.0462994275978935,0.0038293443891093,0.0052757495339584,0.0105483953694287,0.0077607192934365,0.05673570678267,0.0329175922516343,-0.003140526080681,-0.0264233155719352,0.0009991859393826,0.0024967839235494,0.0573823522260443,0.1715345600034504,-0.0033345126218879,-0.0018180905768766,0.0016433830739469,0.0031885891796234,0.0464566994035161,0.0818644544557147,0.0043104034889642,0.0036277732644667,9.90897434593105e-05,0.0001960143662273,-0.0082427682220421,-0.0614860623620355,0.0002508679788985,0.000715046943921,-0.0037511478017473,-0.0220709294564895,0.0268152469116761,-0.0231584764753432,0.0663486331198605,-0.1527974780545003,0.0261037312008627,0.0088491708769907,0.0122686672381926,0.0035499341129771,1.0,20.2357735,4.0,21.460626,3.0,22.7220814,1.0,1.0,7.897697536220691
0.0149345726418167,0.050872296595717,0.0236603591419822,0.0495233542520206,0.0087450796596323,0.0055302383834256,0.0107483917213342,0.0029852276556503,0.052636606030244,0.026201367103487,-0.0165935221169743,-0.0321530910901827,0.0010634035622633,0.0029067244085758,0.0533847628843491,0.1695029969689901,-0.0061339306168811,-0.0033715637218453,0.0012586748654862,0.0033134073392529,0.0480206659150659,0.0870216246260685,0.0034442803286676,0.0034531314528563,5.45458745349555e-05,0.0001465122017424,-0.0088149271808023,-0.0626965113189404,0.0001851356213214,0.0005115433624781,-0.0059633611823211,-0.0236248709285481,0.0188508680998832,-0.0408759187848381,0.0586514910717042,-0.1658174366591726,0.021661671680624,0.0050771642098074,0.0072737648932629,-0.0082293495346709,2.0,15.8364905,4.0,16.7931691,3.0,17.6339757,0.0,0.0,3.621275516118093
0.0141784578191827,0.0510390580438185,0.0269232460163532,0.0538674910062803,0.0019483668220047,0.0036288255762676,0.0071732236068024,0.0049835795988234,0.0600216313346912,0.0306850899855174,-0.0131588920900268,-0.0321061315992479,0.0008374740181302,0.0027210261135649,0.0525195149772746,0.1620869970920026,-0.0058818691921445,-0.0053948357078122,0.0012712411977054,0.003079254464484,0.047190577409321,0.0785900423819278,0.0035521896894619,0.0013280099688662,4.7816707499204605e-05,7.986297347229166e-05,-0.0088045773671436,-0.0640609627351311,0.0001914927335665,0.0005116116521795,-0.0059247210584753,-0.0256522424807365,0.0184511199747439,-0.0500734524381629,0.0574486565592929,-0.1756170581394752,0.0203010170577653,-0.0038994714068883,0.007611247706395,-0.0129496574673808,2.0,15.0837788,3.0,16.3747943,3.0,17.2810024,0.0,1.0,4.875106836436168
0.0151470918713603,0.0470002285723476,0.0244813295709044,0.0472362974668034,0.0040537420056949,0.0055788767046799,0.0118241465946417,0.0120791518988122,0.0427940907564357,0.0261996660309617,-0.0082727118373927,-0.0358378860220122,0.0008158575925057,0.0020232068111642,0.0406303957826195,0.1435110740778861,-0.0057222783709424,-0.007412567369029,0.0013947854746167,0.0026361802204739,0.0511196851476968,0.0801465502538338,0.004519635870371,0.0016153516698767,6.01937708917093e-05,4.867384541928485e-05,-0.0094248650543942,-0.0670926369094837,0.0001919885267372,0.0005183394821681,-0.0039390919646957,-0.0232146187216468,0.0241161018505007,-0.0386234250196904,0.0657391763596334,-0.159369015314806,0.0229269398457409,-0.0060254977453582,0.00600104312513,-0.0149037941260272,1.0,13.8631255,4.0,15.4719814,3.0,16.6359534,,,5.256351730200944
