0.0025960059560751992,-0.010424807197368479,-0.08745385133581461,-0.12261339017428406,0.003026411755772522,0.0019471191564111065,-0.013333119999384215,-0.003214646205427831,0.003549438548609833,0.0006464884227875135,-0.012282219284401546,-0.010350875719824423,-0.0006944187318427674,0.0002057373342766151,-0.01605246791481557,-0.007805899212138223,-0.024552346571363813,-0.011079713733964443,-0.0005840117762605456,-0.009390782588241666,-0.006894522318396261,0.0024288477372699695,0.003964135670157079,0.007520955104857429,-0.0044213493121531035,0.008128698505274007,-6.933806120934233e-05,0.007541800164045418,-0.0020672048551140993,-0.004009291171850262,0.002345968226727695,0.001702256657651263,-0.0062328937634035545,-0.014517841990136783,0.00017450981426158277,0.0008088153119420586,-0.004088055644712182,0.0037869573053367052,-0.0008398165009453195,-0.00043029629282450064
-0.0022219409343775735,-0.014431771360841766,-0.08335217146435807,-0.11720073000992465,0.00631452176135225,0.004772759107202488,-0.0060820417042798365,0.0018877687714230163,0.0013700467266796997,-8.149587803497547e-05,-0.01611779866011788,-0.023260200000328527,-0.0008644795832561036,-0.0017767447353513163,-0.016893803230206745,-0.010451169934756071,-0.016939966337812466,-0.0006760617442858007,-0.0008534568652269,-0.009302360884955457,-0.005398998085959005,0.005215912255618695,-0.0005230945813621275,-0.00036920978908206673,-0.006811118285048415,0.00721168440401934,0.0053560378892237226,0.01990960126853273,-0.0005929911039553873,-0.0020974260142506565,0.0018756145740132615,0.00019822658991492967,-0.005169406680951681,-0.007783864002045821,-0.0007558994191883785,0.000321516107481765,-0.006388117635887253,-0.0052557316115197285,-0.0006247829110115924,-0.0013263639186553977
-0.0012213783591234226,-0.01591617454051087,-0.08071259740478685,-0.11404691209544275,0.00607905418097175,0.004165298830641952,-0.011468313233026724,4.14042813256604e-06,0.000816015557754813,-0.00026919184801200974,-0.013130909380786052,-0.017529537874908872,-0.0008580881486339753,-0.0011303219632493452,-0.020318467947175414,-0.014160141480379317,-0.016421397997980938,-2.5059731707081337e-05,-0.0005567833124110152,-0.008396576993528445,-0.008614346335753309,0.0014001912012828932,-0.0010371004484577618,-0.0001432737706173538,-0.010632798942707718,0.0014514716097856729,0.005125600458840024,0.020855679447481384,-0.0012103851186477984,-0.002277168797710541,0.0030241541218326826,-0.0007563846725584019,-0.0039235902443626415,-0.008492445152517507,0.0009936723659674216,5.798254215936702e-05,-0.005681787791033225,-0.007305163839241734,-0.00038984170363780187,-0.0010948835501934766
-0.0005580194374070729,-0.011360388804555008,-0.07989560630266783,-0.11213146333207963,0.007806946070862523,0.005317170101413242,-0.0041732962975164,0.004677541339340339,0.002238176735244614,0.0005700020214331989,-0.012123120907847219,-0.013873084172602457,-0.001430729599794995,-0.0012935225368946972,-0.015722641486769107,-0.007155446707807436,-0.021784790369502326,-0.009579486045830414,-0.0006316443560806382,-0.008357500305367504,-0.004981940359613634,0.006077224090431315,0.0011270950685678268,0.0036381969925915105,-0.009614056915787955,0.0028557329985452,0.001363363370077521,0.013028652026671927,-0.002361147102620321,-0.0035076551991629745,0.0026624777563154247,-5.192354954858883e-06,-0.0030863736731842318,-0.007298176382509115,0.0005783979777182227,3.459293022206141e-06,-0.005020249528197352,-0.004989491062592737,-7.919080263744745e-07,0.00020185850593568047
-0.0009934375875927316,-0.011975475495302465,-0.07740986472793857,-0.11154964468271233,0.007083858836387309,0.004367123718265009,-0.011062372571347586,-0.001306708407377718,0.0017422725519944146,-5.9398058442141523e-05,-0.02053843339076963,-0.021424215866724546,-0.0018337516090732114,-0.0024141116404586215,-0.01971714128575782,-0.012732407068117652,-0.018439150097634308,0.00047726885617646597,-0.0008161083515339947,-0.008658103855818187,-0.009439095807628192,-0.002792723934014287,0.0025072580741810225,0.0030405376082333927,-0.012585559435153708,-0.0045939382178897484,0.0062243807014764575,0.021254507761359714,-0.002595839842205961,-0.004998112853241556,0.0026054844065901573,4.682862959603439e-05,-0.005745116653040128,-0.011572999482072415,-0.0007972537215801657,-0.0011124230291089236,-0.0037682773503652733,0.0029858199467317596,-0.0011127929366896033,-0.0010908782218038815
0.009699128111071527,0.0021477023296478485,-0.07782854566362939,-0.11167822632371428,0.006929909364016578,0.004968814992735571,-0.005606172579010584,0.0036695271404532563,0.0004007098720332924,-0.00045416132274779167,-0.015138180504851025,-0.014127792092553883,-0.0010582457685296479,-0.0008559269443621255,-0.009812791345812762,0.0012066582648080223,-0.01733987469531166,0.0030495503670986213,-0.0006284478148226346,-0.008384034297115804,-0.004545048618624573,0.0024213631278480058,0.0010134950934725215,0.0015639494771238264,-0.007724134019435,0.0023948502563831695,0.004535862148264595,0.01979367074913999,-0.0007007610395831734,-0.002931553980980267,-0.00034965139078875566,-0.0006333154294570442,-0.0058879636945320816,-0.011633798261864404,-0.000913043847181629,-0.0006299485955935447,-0.0026411977517431396,0.00559290227163394,-0.00031639613670168457,-0.00016855908559582392
0.0013159338256363811,-0.008378386422888512,-0.07856342834416086,-0.11191273115181749,0.002265980738916368,0.0011964338266121058,-0.016007707242003857,-0.0018597728656812166,0.0012865910714619793,-0.00013724852377128041,-0.014411238453289723,-0.011637482720089165,-0.0005245026436857285,-0.0003818164571008169,-0.015475995274060916,-0.005985388664103575,-0.03068532394145352,-0.01831021932774734,-0.00034031694680384405,-0.00819589201333559,-0.008814149657137655,-0.003290930580246311,0.0006348301581933543,-0.00045450553125443716,-0.009514846234452671,0.0009554954847593736,-0.002812574889233094,0.0020961966874589824,-0.0017635929121328545,-0.0018058887423871791,0.002306584995595693,-0.00034603510582859775,-0.004507421362476972,-0.01205713920301764,0.00025253154891673646,0.0002792474547752835,-0.0037651941360708945,-0.0014488869753214303,-0.00047192356318182763,-0.0004610445494137187
0.007760877801484217,0.0008973981443476069,-0.07768325004552416,-0.11044995412627119,0.0030029845450343386,0.0014171902234813597,-0.0019950562474887173,0.00670802235629963,-0.0002932823479803197,0.0008102883888223743,-0.015679209462116497,-0.012791595683153814,-0.0013769530080623062,-0.0009753457960293144,-0.0051289662268704465,0.006947667666005917,-0.021821007309191745,-0.005402722298125448,-0.00014831958139893692,-0.007735122579465351,-0.004653109960712419,-0.00018341646464107761,9.381656201280108e-05,0.0001578231919758006,-0.004442128923207149,0.004118591425251096,0.00013065803040748192,0.010113435033898516,-0.002031581170076746,-0.0011791316395684376,0.00018461531425126152,0.00041256953866644944,-0.005093189539862969,-0.011266344779852529,-0.0011565468573644685,0.00014848220972146135,-0.0024498909685458153,0.0037116463134727953,-0.0006319833204236755,-4.384013678426731e-05
0.007769644207236973,-0.000671819013869213,-0.07533141029895016,-0.10870436980295918,0.002353540538990399,0.0016402473544495416,-0.00755205894403875,0.00512105540663043,-0.0009761089693144194,0.0008174244702669021,-0.013687282683069093,-0.01120882937843823,-0.0022251575861342797,-0.0010698426762372672,-0.009706004230212726,0.001992726433196009,-0.02469514467674491,-0.01033379818958162,-0.0001043486932408473,-0.0075916203149236465,-0.006413824261802211,-0.002046822015706114,-0.0002972073390367686,0.0006278939103665498,-0.002699013912687458,0.007599348379604904,-0.004575319228276385,-0.004350524018040144,-0.0009984650494261498,0.0006070553832070922,-0.0012285112353197021,6.0840313766165224e-05,-0.003953896393187193,-0.010995858985885157,-0.0010725243617687424,-0.0005786352157629129,-0.002808904847364725,0.0026961831727064867,0.00023605466190580632,-0.0002407992261644535
0.009675294420348354,0.0006891070750557334,-0.07538526749824542,-0.10788821034479858,0.0024259536052630855,0.001997561304530419,-0.00789017951929462,0.004193597988011703,0.0013526074884206629,-0.000805109049435164,-0.014495722299552037,-0.011937335810855374,-0.0004746258987085806,-0.0012491403288634971,-0.005388952312582008,0.0060369195753721865,-0.02273490951663869,-0.008973286826515018,-2.4083153136698818e-06,-0.0075944235917028815,-0.007032513296727442,-0.0019521800188043248,0.0013103038860835612,0.001548960291475746,-0.0061224790161763356,0.002038474696123259,-0.005791588599008443,-0.005057013015254553,-0.0015875956012293478,-0.002084915021140718,0.0021813191762109258,-0.000838788984293834,-0.005689600614099061,-0.014626468847830839,-8.008641609656796e-05,-0.0010502789929016387,-0.0034042795832429614,-0.006929431746832135,0.0005442151235816454,-0.00033648547275539226
0.017541709963415784,0.017214911082690576,-0.08298135264424647,-0.11391168127251165,0.003733058815571748,0.0009400249701488197,0.015631323086422354,0.010111720428315863,0.000568968196303197,4.997707808755752e-05,0.002577049576611434,0.0276503204122167,0.0003080145943678887,0.0034763982012461225,0.01101182076406925,0.024319750904146304,0.0005375222745644773,0.010264735554561887,-5.680543571904278e-05,-0.010713446478697238,0.006827404946069178,0.009927720107540759,-0.0005206869307473963,0.0007313132673343728,0.016759217386192345,0.01263168551208121,0.002969880029365227,0.02461140916248173,0.009032849604372025,0.013972456699183834,-0.0001341913099851292,0.001121961033315083,-0.0035006383341515644,-0.02382619947126037,0.000614620695838236,0.002863117468484992,-0.007454902977546876,-0.044314574385145994,-0.0004913760964885275,-0.0013411741146853752
-0.0031834034589427605,-0.018736814980631945,-0.0813868561838252,-0.12523330683605757,-0.0024754074606047603,-0.0042781526245885765,0.022704131404530703,0.002298610964819202,-0.00035755004438229124,-0.0003224400883052895,-0.0008863524731787678,0.02531307215111814,-0.0013758560216035472,-0.0010055441634042326,-0.013939789847001787,-0.004517233187731967,-0.005066982439095196,0.008186201115735812,-0.0003670929735059883,-0.01629954324287866,-0.0072824969495980255,-0.016298153342268123,-0.00022678030341596338,-0.003321666099240112,0.012525800860572494,-0.025078348613081655,0.008566994483703943,0.040689664362629135,0.007162212050428636,0.006547408744507879,-0.00011050700781591417,0.0010637536945385852,0.018949648838002944,0.012007114713834546,-0.00043595612861263035,0.00046121806200573676,-0.012332754096183134,-0.08262866067619008,-0.000886089041086319,-0.0020031573733273935
-0.004542557625477374,-0.022803701633842783,-0.0782141460354827,-0.12071569425032715,-0.0010142981909310878,-0.001542379616563737,0.018343147380926118,0.003991878599036095,-0.000859858717908807,6.846865330357251e-06,0.00426898147082329,0.031671545633628714,-0.0007418847807109678,0.00032126389242837845,-0.017309957921874824,-0.008985614153051427,-0.008299297443535773,0.004519111418709882,-0.00044761186728061445,-0.015020546196649201,-0.0038490415527891865,-0.007354998476096536,0.0009193232155888258,-0.0015824262741391626,0.014724524205191263,-0.012616287881129949,0.002590178311111014,0.021511368739234295,0.006945432613852127,0.006316444292278533,0.0005522742919110731,0.00025505511716566917,0.01761335697137973,0.011474579576417641,0.0004916325040232502,-0.0003980755150902304,-0.012041824910323745,-0.07863187723106484,-0.0005982512572376561,-0.0018038624740086189
-0.0039124908855589285,-0.01964207218909896,-0.07655269177974067,-0.11805074778007844,-0.0030783589960851608,-0.002952064024331162,0.015248848491975806,0.0026210998952205054,-0.0012856534599806058,-0.00013062324688490663,0.00862273984861642,0.03991596521509234,0.00030665530855972505,0.0011665273661422893,-0.019429781497481848,-0.01214957892881304,-0.011746350779449685,-0.0015833963952706074,-0.0003221413288551561,-0.014329690289066398,-0.00415195869133,-0.007891442878255321,0.0007062610409229509,-0.0017961072013928491,0.014525608592290608,-0.013227594703758911,0.003320911078785127,0.021993253825821533,0.008111807585628959,0.00894646122266807,-0.0005993874703192866,-9.715615913131178e-05,0.011255393204806188,0.0010753888560136224,-0.0009693192153179636,-0.0006621865778067271,-0.011779706457786891,-0.07664300988868261,0.00027147089575508567,-0.00130279239236142
0.0019323688152724375,-0.007328378992784176,-0.07261867624163061,-0.11029426854336924,0.0009796911071736033,0.0007424530839297889,0.025355257927398858,0.010723628765116476,-0.0016482799359678352,-0.0005730144199960838,0.009990803679726616,0.040210832793512695,0.0001557953714612156,0.001550743759885757,-0.011580486064736297,-0.0015930591730654831,0.00028873776289890595,0.013802222189374533,-0.00041039709492544387,-0.012732895341946805,-0.0009955035932466066,-0.0002708832662162685,0.0003282714367602103,-0.001589705707643535,0.010665982206360855,-0.012614151489672007,0.005745189442255769,0.028529745452321002,0.006641858309749295,0.007751336322875406,0.0003852820908778026,-0.000295081563823807,0.012709943683008863,0.010876021621210062,0.0002164559580192293,-0.0005531622991130744,-0.012186739170791341,-0.07391073310622359,0.0002776919977038883,-0.001368301232148918
-0.004472424520737211,-0.013239948906110787,-0.06957275241890552,-0.1071078818223088,0.0021744533060532862,-0.00030644366825321816,0.015193663664707736,0.004000996852799248,-0.00012787029352135718,-0.0011243433649071647,0.0068333727070799734,0.03666264687831925,0.001236530442723008,0.0019912102033867005,-0.020961890193287973,-0.01262518742270536,-0.005719260930236176,0.0038200864044440766,5.8988214013922224e-05,-0.011678858121297472,-0.00021447973804757987,-0.0006264181044782088,3.704570008922452e-05,-0.0018595366450542565,0.010851669268980808,-0.01099678652189463,0.008051049193521197,0.03711075318624431,0.004599212658462455,0.0035999826297044516,0.0015460057902189292,-0.0004544655758019707,0.01538722195910893,0.017891122795165852,0.000514718000182643,-0.0003541302946728003,-0.010975363577672754,-0.06771114249552666,0.0008858270219374997,-0.001619955587064501
0.0010632459193468651,-0.0052795308949547095,-0.06844244721593998,-0.1048310142723905,0.001990156223380904,0.0005942739404811104,0.008801509349192837,-0.0019716809386504924,0.00020677001662458149,0.0004795707574649432,0.006100014709846078,0.033620018665077474,-4.769385716117096e-05,0.000880008335447732,-0.01331754968768863,-0.005443048335670209,0.0009180895041691897,0.013298227025823247,-7.253614325452211e-05,-0.011615217029808767,-0.00661783281732601,-0.007362287407844739,0.0028300044976825064,0.004104192288810623,0.003933886072896682,-0.02109610377707177,0.010965050987591688,0.04305313245676502,0.002764403830963327,0.0024517952576242398,0.0013740766627278929,0.0014207138952445411,0.013376591668054643,0.015953086117966322,-0.0010519883879198926,-0.0002949112793424809,-0.01158079230842221,-0.06851348013793734,-0.0005002262359051302,-0.0018880562769346373
-0.002120917902695932,-0.005116942608998445,-0.0670953208544107,-0.10236381430614036,0.0026239230209807334,-0.0002859074278677272,0.017428452204210708,0.001625356194731623,0.00025172184695455065,0.00015932119941963706,0.009777524089493827,0.04069290194369988,0.000134610836135467,0.0016970242457550373,-0.016373563666690162,-0.005932733030306801,0.0027047490835085345,0.017783625614768813,-0.00011311569448226806,-0.010907765294715818,-0.0037273111708337366,-0.0015335685984237727,0.0003946680237878141,-0.0016041567694282041,0.006491370035323393,-0.017247909158655046,0.011068296709094419,0.04544978553887184,0.002218002969865888,0.0024910793447070765,0.0009201819093845353,-5.168348621682609e-06,0.01280596662490903,0.015330072473134138,0.001059829322313266,-0.0002841303438855715,-0.010691106702755802,-0.0659198271531591,0.00016047474270531266,-0.0015423694325401032
0.0010162323748860275,-0.006865546960529168,-0.06647226422874826,-0.10234606328132748,0.0046977234649879076,0.0023279306339868363,0.011863879830440481,0.002165674523912253,-0.00023447628732210001,-0.00041728594158262013,0.004519316910309985,0.030534790810022652,-6.625788610743813e-06,0.0009125913924460228,-0.01645297539551206,-0.006966556111864634,0.00688956268613412,0.025067391416192422,-0.00019713888478441795,-0.010978296234630943,-0.008013449447813261,-0.005072767459109276,-0.0012644151175031262,-0.002112042487286169,0.006390495464180524,-0.01096539563469856,0.009499728301311919,0.04038197106316182,0.0027351209692350674,0.0016628939045518051,0.0030150539692975955,-0.0004239121407411231,0.012199593553614383,0.01550286855657206,0.001149109724241493,-0.0015963513693481696,-0.010965651492207974,-0.06222057432832721,0.0003397710475063014,-0.0017621934812517526
-0.012373101847934031,-0.0017538950827642747,0.06451187227392902,0.07330291624896298,-0.005717068782921904,-0.005533167296422466,0.001944260057646457,-0.006327020934769707,-6.654832677901905e-05,-0.00032651048785903563,-0.009038861472004705,-0.005966836884519805,-0.0006708432635021916,-0.0003227135552360069,-0.012643285775481504,-0.0037929707477924253,-0.019919880116718438,-0.013526630636272819,-0.0004915080339766418,-0.013625814764894965,-0.0016116220150372406,0.000867944642178276,-0.0013124312542566797,-0.002231103504477546,0.00397887015102683,-0.0011295715352794683,0.003546569187988363,0.010937088753796278,0.0013312170187825463,0.0016493432002046206,6.825272297004438e-05,-0.0003467868316374552,0.005828357809726031,0.002664919430615794,0.000555618709924933,0.001232247718948391,0.0002943781789027685,0.10952859723654813,-0.00027940346989869445,-0.00017394927708216517
-0.007508947988669146,-0.0046828470635593734,0.08611215495030627,0.09474537558210112,-0.004258876177233238,-0.0024700987341141653,-0.009951755035528365,-0.008276410799194488,-0.0005083359587181955,-0.001523836463119997,-0.008947105580075202,-0.007668610255562277,-1.5300939468174346e-05,1.6792713001600602e-05,-0.021119358727085282,-0.01377400652454051,-0.0300739786116466,-0.02044825017820078,-0.000457255429996367,-0.013264556664729537,-0.007320313815315729,-0.009150835747451506,-0.001671524354455964,-0.0042201970526021355,0.0005526677315545934,-0.003351109481601521,-0.006042681622314576,-0.024790659546716574,0.0023242294792019448,0.002157961945460199,0.0012008968890566683,-0.0008948919510570265,-0.000420857391035335,-0.015257433531310332,2.7514373648319202e-05,0.0015669621109386917,0.00108614386368965,0.11643200039906602,0.0002645308363770372,-0.000633486827408871
-0.006132387634869973,-0.0005168726071598274,0.09181125633943829,0.10218462666723235,-0.004322442940765617,-0.0031173974400656047,-0.001304349265914822,-0.004687068747124635,-0.001498287663613414,-0.002044321916051977,-0.005854045220752623,-0.0011060019416827328,-3.349919981261045e-05,0.00029875322912505884,-0.018112142214602393,-0.009338533585108142,-0.02949396200309119,-0.01877500814679344,-0.0002503308299179421,-0.012429733475945524,-0.003577745777978094,-0.004115804451915831,-0.001513119791655211,-0.004586206258804232,0.0007376519835530793,-0.00593994321268771,-0.002393343666149228,-0.009938654893691744,0.0012979864020741779,0.0012365981806080784,0.0012910990988128743,-0.0017523314410090246,0.0005204599906909849,-0.014482096021333815,0.0007188032984125851,0.001193807521573128,0.0017669487676556764,0.1175346510233763,0.0003746895878953252,-0.0004973428645420988
-0.0026403458453400394,0.0009778762579968352,0.09366410636402468,0.10312550505072099,-0.0019674046414284684,-0.001748434468430193,-0.00160295327622193,-0.0019241442928211053,-0.000163868270239337,-0.0021762559440286823,0.002566688312578498,0.0070142693367436565,0.0010633860980888412,0.0022441224055576073,-0.018875185533417296,-0.01047749496954833,-0.02930076214117476,-0.017100205908333495,-3.167103629797116e-05,-0.012068573288613575,-0.001077239473458164,0.0003264478079744059,-0.0009619062439124927,-0.002805412224669541,0.0057833499310081535,0.005258800005366576,-0.0008273507497667358,-0.007411268458225219,0.0039909616644204305,0.004720602760362885,0.0008945639670835131,-0.001658204931589773,-0.0008406897720326889,-0.016152017983835323,0.0002483263262817992,0.0007029129918577348,0.0026501842712292954,0.11977550962593117,0.00037111946061302775,-0.0003577438945218625
-0.00735374032054053,-0.006616791546324341,0.09326821622282987,0.10106021330141446,0.0021265856435728815,0.0023747078926186693,-0.009911035255155362,-0.011042103353027667,0.0012129297609652938,0.00134311579203365,-0.009702985888896112,-0.011069391577120637,-3.4591605056708195e-05,-0.0005704064501714895,-0.021471058680722164,-0.014326213386355476,-0.023627564923024046,-0.00940587301660049,-0.0002795971864192311,-0.01229775829810066,-0.008579056165256348,-0.009854146950095398,5.819055764485835e-05,-0.0017475232582890552,-0.0001479075234775508,-0.004106313575339802,0.0059389574415376276,0.015266208982378515,0.0024927730679058725,0.0011567761595125763,0.001989194811412628,-0.0003110051179601093,0.007120309225468812,0.0019699113509142182,0.0013866752244500056,0.002251312530015984,0.003254158446990827,0.12216362691273432,0.0006943613591242729,0.0009476075165503531
-0.005325905890310966,0.0004861514773262775,0.07161614465057024,0.0832742683224848,0.0048231975998450916,0.003293837101354637,-0.0017799540298210827,-0.003434190218167109,-0.00022808756251768963,-0.00024491283558800776,-0.003991680511398953,0.0003390534253008148,-0.0017924113061117445,-0.0017020600701526966,-0.012095882190300979,-0.00363831808893253,0.0042768342007825375,0.02437896861717964,-0.0002850201889703869,-0.011250732326645493,-0.00628612134291173,-0.0025354240911516055,0.000496327910550096,0.0005710089075105746,-0.005240697741913369,-0.006847756643323599,0.013623254238447454,0.033416559465039554,-0.0021031809524798125,-0.002519115839090234,5.193514547047517e-05,0.0007347797896912035,-0.0007215377878212098,-0.009046264811489686,-0.0012767493803136371,0.00042353151904488866,0.0021272579754574614,0.10736860350214301,-0.000752073125353367,-0.0003264046550494324
-0.006753050874214194,-0.0008364250222538098,0.0734890841276579,0.0879683627994242,-0.0024951948901967068,-0.0021863085262769995,-0.0032043099789650854,-0.0011688911410010871,0.00033103848497045493,-0.0002488313332050097,0.000979275431806681,0.0031960140113373612,0.0002594850226631452,0.0007939010697971589,-0.009357575100213974,-0.003410783673283837,-0.010755937072396004,-0.003907890427393184,5.6845790637491175e-05,-0.010571233186190205,-0.0023726435331838653,0.0033863738793750565,0.0004256487789888989,0.00023375531271101153,-0.0007858358483742018,0.006875003081751371,0.007078375611610639,0.01572155318087484,0.0008087080726718398,0.0008023248426812154,0.002012725157273633,9.224126153764943e-05,0.001216419262623489,-0.0038747268690021834,0.0019586908909827398,0.0008718867635572695,0.0016940911623839188,0.11143451722834806,6.638273211326301e-05,-0.0006603817725744892
-5.532432627531492e-05,0.007423674419908397,0.06997384823879045,0.08612829985499022,-0.00039899321908934795,-0.0003052259784746913,0.0003794050853659166,3.885906811405687e-05,-0.0013914836919439698,0.001030411369834153,-0.0021244639269102014,0.003935252502255188,-0.000983044466521065,-0.0006701535016889759,-0.003862085208199952,0.002887288877341532,-0.00317371359724266,0.0053241221013686285,0.00018041121793593745,-0.010261801753812836,-0.0020479892057693756,0.004980240722677874,-0.000767519720125326,0.0018708267597687396,9.56346923541237e-06,0.006352298980003117,-0.003635215865512524,-0.009928115783537856,-0.00042415972522502697,0.0019117211414574268,-0.0014372929795953625,0.0008263211515686967,-0.0017793373492392462,-0.009805322068700075,-0.00030735074579784006,0.000978031131727142,0.0018123109124224303,0.10869436761588025,0.00035151223409664073,-5.557175477888195e-05
-0.003874893270715803,-0.0021343240416691173,0.07069566836256742,0.08600897219371574,-0.0017989443290298565,-0.0008016289970987781,-0.007000299027310114,-0.0036815086823847576,-0.0020210074748753747,0.00037414377101029723,-0.002991153953500292,0.0014331947346358533,-0.0012656112294743376,-0.000576822473395221,-0.00877267651294112,-0.004537061132513251,-0.010080527435123878,-0.004217989602659127,0.0005137504080161564,-0.00995271154592569,-0.0054907365628786555,0.001512529290152673,-0.0012617969790391659,0.0004918801232891483,0.0018287066064258356,0.012412540592002103,-0.013859538761552617,-0.04257607435680224,1.4267249856736784e-05,0.0019395273748245875,-0.0012999552564079905,0.0002731921532021095,0.0007380199070085359,-0.0033525911355348414,-0.00031903102985240733,0.001307178607071263,0.003002815750766887,0.11198955150207007,0.0008901749264497733,-2.910622826206062e-05
-0.00439108670633456,-0.00011176350306354718,0.069523082492082,0.08545843300430708,-0.0015697877769761124,-0.0015001403223531215,-0.0072981065236559515,-0.005250620245157553,-0.0019570177772839144,-0.0009806389663706068,-0.0026211151958606227,0.0020970159675378344,-0.000652534016695619,-0.0001627338950314957,-0.010316008158389768,-0.004044344454337743,-0.010848066183183215,-0.00458397698380088,0.0005440576719099915,-0.009728286104193911,-0.004737931939898514,0.002822112120825252,-0.001921915457571553,6.728538671911038e-05,0.0018195611898711036,0.011745027870806262,-0.025671970934347667,-0.07011665077350776,0.0008089827589423446,0.0024356111226670044,-0.0006621236718544433,-0.0006779411220805624,-0.0060023134474696494,-0.022687239228037552,-0.00024086497025606893,0.0006090600188482806,0.002836710498465574,0.10951155004422253,0.00042125195637826693,-0.0009708405935953337
-0.005228064359113495,-0.0045781986563699344,0.06819546568139513,0.0837718434278743,-0.004702381660239589,-0.0031836305965161162,-0.013327119018104057,-0.008264155470837238,-0.0007551560422313857,-0.0011721031549107863,-0.007486584167161667,-0.004987886401838356,-0.00045675458006217307,0.0001388222814446472,-0.008975067369585412,-0.0050939037230698396,-0.012630673061239904,-0.010295581984254489,0.0007500485638150862,-0.010149096497764683,-0.008111520652902375,-0.002180316302131156,-0.0009828644340455972,-0.0007610967256175038,-0.0024499546418211655,0.006573828495027851,-0.027755205373128786,-0.07722837539808731,5.182476639333635e-05,0.002351185127662571,0.0014514457530472762,-0.0007841762174408607,-0.013783952068415033,-0.05101456048424439,0.0005499826684869754,0.00020402548134749646,0.002139296193751367,0.10162747157231984,0.0016514892636384244,-0.0015469584453214418
0.004692204239254275,0.0024655833855329935,0.06860090854695884,0.08368043844042988,-0.0031335983799672218,-0.0019315890851686745,-0.008954357176689316,-0.001860054497743415,0.0009310487806701231,-0.0017594915779256294,-0.004661045756709669,-0.0010673038630426852,0.00035740098195089377,0.00010685082905098685,-0.004588690726168386,-0.00010885774196282227,-0.011327113949114271,-0.007840944676854023,0.0004890136113173716,-0.010954400076455748,-0.001070866750605994,0.006735313145976788,-0.00029306292010613887,-0.0007274712416460926,0.0030119883964630453,0.015041757942407249,-0.025984832795304932,-0.0757023378613129,0.0015607033061506097,0.004020286362245367,0.0029119261167959453,-0.0015034428929255976,-0.022642052555508777,-0.08370332251921671,0.0013283969799186407,-0.0003657376936530499,0.001480465810683325,0.09682243383366672,0.0007103700427677189,-0.0008409502917100505
-0.0012059691995555206,-0.0037250731577477777,0.06926685385392459,0.08412556767020792,-0.005397840448406764,-0.004418219113249257,-0.01884869840799127,-0.010748071941849742,0.001514618937417654,-0.0008355128737348562,-0.006066649595738154,-0.002439096518204014,-0.0008498981353285636,0.00011657303985559125,-0.006987008392094308,-0.0057621920948934735,-0.011426905595536396,-0.01034194472657826,0.00039991687919548274,-0.010815703953108458,-0.006997202960070651,-0.0019100556420531224,2.7442533655511494e-05,0.00019498607541050317,-0.003999779686575555,0.0017886760155177734,-0.014421079634656343,-0.039631749569878735,0.0005632609655610195,0.001977419005370957,0.0031978192173758115,-0.0007265265077082561,-0.016259264000454993,-0.0648949529552698,0.001363486880774899,-0.00018702119951613083,0.0013072122071341873,0.09383412135861643,0.0019058615088828259,-0.00030059859217379227
-0.010119048958248774,-0.0022624575591057693,0.06791281111510221,0.08706590398536673,-0.00046538914388106236,-0.0005793778211317421,0.00020252257073156052,-3.832710787454237e-05,-0.0012031779101198518,0.00015393791580492242,-0.009992454064775818,-0.004769966656498476,-0.0020776065144786225,-0.0004959865068321694,-0.003880057833708081,-0.0002773898754499861,-0.002610395001070694,7.618687358942607e-06,0.00025740746325130935,-0.00960994524153151,-0.0013226969756641549,0.005631575477826154,-0.0019128620332067802,0.0005616263354384785,-0.0014673749068697531,0.004691351862455477,-0.013397418666612475,-0.031627632374171794,-0.0036155233232191834,-0.0020950442570192283,0.0003733551735729162,0.001065211713690551,-0.010727973463768636,-0.03695194223018405,0.0009347720675358668,0.0006063312491749853,0.0015161209764260638,0.09696079792614806,0.0001380764572520845,-0.0005277566205974685
-0.005644586457468545,-0.00456903718410994,0.07091417208786696,0.08757815966351953,-0.00018243439092977627,0.001197915553458426,-0.011773841995281087,-0.0017795071120482219,-5.747456636061293e-05,-0.0003903457358096978,-0.005811764874034664,-0.007099537337709189,-0.000911652283691751,-0.001130457591016737,-0.007092669048770824,-0.006030901885316657,-0.005667553984253085,-0.006034724822488144,5.635719680424518e-05,-0.01079601752356102,-0.0030611764497354204,0.00033330117225135623,-0.0006133491773361875,-4.9478842985801054e-05,-0.003990553774705109,0.0037509000219231514,-0.009344201617055539,-0.0289136562054617,-0.0016761520310216089,9.429896533247781e-06,0.002779602692443938,0.00048314183949408777,-0.006393043129995915,-0.024465895814605534,0.0006623596361886517,0.0006633618724267179,-0.0011819853698264429,0.0928551580972783,0.0001364145953958807,-0.00021115567242260556
-0.0027209751935518976,-0.005121927492117403,0.07208887919882694,0.08725009712135433,0.002111477654849085,0.003089173527094002,-0.016800076007817955,-0.005116728732533188,0.000211063613798201,0.0006094361869172959,-0.005486757137135258,-0.008258006341139313,0.0005816377448606434,-0.0018489320088496083,-0.0076570430768929925,-0.0059076541056010505,-0.005220113100114768,-0.003454942894772692,0.00016631540251799235,-0.010737609042866627,-0.005795693470627295,-0.002429228666155919,-0.0005868613566966159,-1.571022156851041e-05,-0.007338824988187842,0.0019361643270269487,-0.006001917467763924,-0.019885321303283673,-0.00114860820506988,0.0006347521476126736,0.003685520206692182,0.0003962500908572724,-0.00017754920135990652,-0.007384487105667584,0.001207640392044635,0.0006801844013928522,-0.0004302325404548896,0.09351905597800651,0.0007604714258131702,-8.888374225890417e-05
-0.0015058160982269566,0.00029314072731879016,0.07148446648881437,0.08807228673727681,0.002704759739584328,0.00266650564882032,-0.008021694908019303,0.0005631111643179303,0.00025423295995080603,0.00026608606087749593,-0.004903667524297689,-0.003510224511339681,-0.0008546885762378705,-0.000872742865041665,-0.0031812366364770786,-0.0026205672753664864,-0.005633954906877773,-0.0028772712044860867,0.00024982969975262257,-0.010221375894982485,-0.0006603226947221198,0.0056420511897394,0.0011492011981648264,0.001637586765777127,-0.003399267353387856,0.0068479709663425,-0.008754024722520903,-0.02623768965666399,-0.0015051673861803453,-0.0003492200833684926,0.0040587525084195995,0.0004140741109670819,-0.0026943118571286545,-0.008999236980452735,0.0007171075719425838,-6.132657196394417e-05,0.00011791061352424408,0.09579354461500113,0.0009480114530944032,-0.0003088916050876121
-0.008395330390521606,-0.002346746880954196,0.06824634185996314,0.0865539366920028,-3.879037057948202e-05,0.0002494579832443038,-0.010050740997050578,-0.005873162541280053,-0.0005337820979357302,0.0002067395182163371,-0.007497139554075968,-0.0036285946521265305,-0.00019557928760624685,-0.0008706213239273185,-0.005301167303670021,-0.0035818979923900557,0.0006483545303796524,0.00020465313784466516,0.0006918450401554823,-0.00917180492017394,-0.0051929192762486314,2.0432575081209775e-05,-0.001311263496404336,0.00026037867295958044,-0.007053982195956189,-0.0023574191780266346,-0.0018098382838212068,0.005834254529601009,-0.0034992721607529052,-0.0028892939447746502,0.002589496739742409,7.875207002677077e-05,0.003415774289069131,0.005644739055076993,0.002458071269332647,-0.0003064718607921706,0.0022459388120984257,0.10601684535338275,0.0013638213647139013,-0.000326337675304449
-0.009063527109642911,-0.003858521531792196,0.06899831120864183,0.08739963301651206,0.0026098231923678498,0.0024921571914806842,-0.006521702208057864,-0.0021217750036812547,0.0001006250773218244,0.00027894318449328076,-0.011446742566411231,-0.00943000561480137,-0.0009591662250986622,-0.002872039241443326,-0.005421795034899861,-0.0031481467002663272,0.00013941521274143107,0.001323463488599289,0.0005289712870796731,-0.009181963431757973,-0.005125836651497674,0.0006464803690628557,-0.00039863144498703646,0.0007345742604082699,-0.006376235990003646,-0.0003282818427926532,-0.0028592177742279806,0.0002586768460502389,-0.005131843996616811,-0.004205747850033286,0.0038052415410257494,0.0005442025708462174,0.0025229687416098543,0.0025560630244458164,0.0019024190841861776,-0.00024255942224168277,0.0023722550855673655,0.106562698924933,0.0012455640445406626,0.00065094308012833
-0.00869579128915853,-0.0012160381544449963,0.06932254693527083,0.08684914628433053,0.0023567970987576647,0.0021167048197564143,-0.009719682351550676,-0.006225981505572829,8.928123345089753e-05,5.6899599324119716e-05,-0.0065638326194653205,-0.004054779729883098,-0.00024551086617802915,-0.00175713880199283,-0.009477788079076021,-0.0069401933610324104,-0.00011659615730418657,0.002796232653930734,0.0006175475339960588,-0.009010797146182423,-0.007153971923159553,-0.003175118250542925,-0.0003264785730459019,0.0011923281768186514,-0.007787115584482915,-0.001983431355592107,0.0039491887134582414,0.018724376520642332,-0.003038683006624916,-0.0019065423259059951,0.0031087364554409844,0.0002389344897823741,0.0013617124855507669,-0.0006383533040843583,0.001984790054828891,-0.0002529513405265784,0.0029511268908172725,0.11007984632529029,0.0003355651921509526,0.0003394563053735604
-0.010904225597732442,-0.0006659242584691447,0.0691952659546358,0.08824831184744374,0.005233553396116444,0.003462504372912063,0.007260771689949923,0.0019488430687878572,0.000558072669089463,0.00032435100813317703,-0.00021924308830214786,0.005265699331569233,-0.0005759296646429548,0.00021646438473478286,-0.0060484165477427895,-0.0012290085029382802,0.0026868466568899024,0.009183703854237148,0.0006447673168907065,-0.007967527540464751,0.0016036585480767758,0.0076371100118088064,0.0014025334686595399,0.001861438118299261,-0.00043576460913263447,0.005855318098839431,0.0007446215606625705,0.015624340177619819,-0.0024239092409581897,-0.001076086147701609,0.0019597125350334236,0.000925422803253156,0.0008733234891199653,0.0037010311831380985,0.0002572274333648133,0.0011472485083717742,0.004086844180780582,0.1135254339959874,-6.56678601481447e-05,0.0006817101982862892
-0.00523931059535831,0.0017133299886542082,0.06936454166279453,0.08733634618193731,-0.005047897254287869,-0.003356912298070796,-0.015870110028875402,-0.011813578937324208,-0.0017369150892883004,-0.0010477603858985525,-0.012738262665019892,-0.012315504688650863,-0.0002448096937236845,-0.00044934307875655347,-0.00681835402440081,-0.0035808631024366786,-0.004107583801568298,0.0012356679107358224,0.0006926043603597727,-0.008193447614190342,-0.0094318465330107,-0.007723308939193502,-0.0010017788056497733,-0.0015169129455070267,-0.007185057564785478,-0.0026260137376087583,-0.0028423246817987765,-0.0020229199568857787,-0.0019087308467614272,6.548996494740076e-06,0.0012455816737098131,-0.00018712499103850974,0.0004613206970055193,-0.000911987796717977,0.0002042543683019431,0.0006629715933464131,0.0038031336098189807,0.11228204744171892,0.00018948905506508142,-0.0005980526509672663
-0.01148480162770494,0.006548975959620021,0.04811580497436377,0.0573073463183983,0.0006910785543736275,0.00027602254070243043,0.008275715586958037,-0.0004533781053503602,-0.0006351616167316346,0.0008026581836699812,-0.008636929262595634,-0.004751240255214125,-0.002695773389975178,-0.0012566599947562544,-0.0050753252989143545,0.0027687880608135863,0.0019241238012780628,0.010895669344241837,0.00044313018760494045,-0.008026815692016005,-0.001309259529640728,-0.0020871215960865845,0.0006064192628542078,0.0015335889666205653,-0.005624065044459264,-0.01409654565978753,0.0036282682520676476,0.02557304297022321,-0.005566551265763486,-0.00499276447521212,-0.00035294783828102017,0.00023447559217449853,-0.00420363066846809,-0.00839290363140406,-0.001931455632234261,0.0001380790797962901,0.005602803056300644,0.11381904228653936,-0.00032334623654716994,0.0006892697871426942
-0.01186377026290415,0.004272281837051777,0.05003488396264134,0.062305865508374705,0.00027896079500990526,0.0003582771824226134,0.0027497455113592926,-0.0011699055657669016,-0.00045416329699511204,0.00024929379548205613,-0.013530882650720845,-0.012173560750461025,-0.000420054738666857,-0.0011141513728821384,0.001808519739428909,0.008050937965817816,0.00365347190882064,0.00548095010432915,0.0003088098208122409,-0.0079384408360334,-0.0015349594700403925,-0.0026850172333788827,-0.00041005058036334605,0.00039364894725506884,-0.007299586336178186,-0.013335194373053139,-0.0021741118871643887,0.013674347866960776,-0.007314459865489123,-0.006885796389902765,-0.000589042068041121,-0.0002128022875592959,-0.0038403309334975296,-0.0037759411148065337,-0.001551475658743299,-0.00017875438771970507,0.0033001304036780585,0.10363552464205894,0.0001254487100711644,2.752460707713709e-05
-0.005895307465460343,0.0029462806436860067,0.05063840512485892,0.06351299226038792,-0.0018458321042600888,-0.0016602192095811596,0.002034639425194306,0.0022011233533540384,-0.0005608162339128563,-0.0005207854210320722,0.004653992379558636,0.006694682959247109,0.00205485963505969,0.001143257533427362,0.001991376190978439,0.0061279116509457745,0.0014769616473231445,0.004119084967173967,0.0006245873950669731,-0.007717391289234711,0.004319342050840923,0.007242880259274688,-0.0004309025168230205,0.0013980365950640335,-0.00474035740491772,-0.002232560848519297,0.000552768231562427,0.015338742626632668,-0.003867803769127194,-0.003892260267633332,-6.938499162164551e-05,-0.0007459235203134207,-0.00015213960202197004,0.0022266607765941684,-0.0011522038321115213,-0.0006453876724984164,0.0043967814839590575,0.10925527674373482,-9.73532616674059e-05,0.00017444610445711882
-0.005404344498224909,0.002734514378048971,0.05092792958845601,0.0640993047969561,-0.0031153950149225168,-0.0025951977918736097,-0.004260442684536059,-0.0011585457379352543,8.502914157991416e-05,-0.000895101553960893,0.007421683609019096,0.009774669428742548,0.0005553898504082091,0.0004039839805818695,-0.0023658979724530344,-0.001844221386461248,-0.0038101987935669794,-0.004966704845302697,0.0006947821320143953,-0.007470858059521582,-1.4398775530589031e-05,0.0016124516671715094,6.164866924788788e-05,0.0008454094575696512,-0.009540741596194268,-0.005403393717712919,-0.002360657555272702,-0.0009548897203652391,-0.003450209626034661,-0.0021167179293465647,-0.0004905827498050421,-0.0011934675719915495,-0.0016711879129098512,0.0015934197407559126,-0.0016462062233582775,-0.000509439228435502,0.003988603344482141,0.10887933823191544,-0.0008673846680554291,0.0006439705178697826
-0.006068099778037027,-0.0003433213455606008,0.049843693797585804,0.06322973317909573,-0.0027525099033012335,-0.0023035573066723485,-0.003062584587318311,0.0014609073610111155,1.734454215222042e-05,-0.0006938661692091797,0.0017522916018220974,0.003353719498282864,-0.0015218421778713821,-0.0006816263974606503,0.0004131521782453799,-0.001615511569999222,-0.0015971068771470634,-0.004000710072967965,0.0008541384061907575,-0.0077854452613257685,0.0002554587897963709,0.0024189521570296022,0.0012339981164278865,0.0012504406094222822,-0.0070802357515099695,-0.0027873605146258385,-0.010526732708596796,-0.024679042183876832,-0.0041505071640659755,-0.0037686586255499324,2.9445450113031567e-05,-0.0007086817176021559,-0.003236776357211843,-0.002628263015360482,-0.0014803963721234405,-0.00028554733292336236,0.003604908148124189,0.10670195753076239,0.0001800018680034356,4.653232557726854e-05
-0.006893293209519289,0.002542613125730472,0.05026732241941141,0.06631200988763976,0.0006560329208727849,0.0005918882565045248,0.0006696012948395492,0.001395334994646892,0.00038518291602582916,-1.33615798998982e-05,-0.0005199147740405939,0.003881970939303302,-0.0011217730699456226,-0.0012917271423594197,0.0015694115380344128,0.0007732506736432256,0.002443909546468214,0.000614325324429769,0.0007876044878784862,-0.007176627153738559,0.0013837264430674133,0.005406509432417972,0.002066219304512668,0.0044796333415067745,-0.007494974284348735,-0.004080205178983988,-0.005844943831287127,-0.005131454507616965,-0.006464305091208817,-0.0047184726084546005,0.00025998877273812745,5.989889228035772e-05,-0.003821038797267871,-0.0011175626494810025,-0.0014780989912068418,-0.0004831536357817018,0.0026327061507191865,0.10073156556439976,7.769460659257556e-05,0.0005027962350537583
-0.0006363939165071946,0.004040189655493955,0.04845931903774785,0.06355473266628517,-0.002477394830783087,-0.001611269849183056,-0.0010006943587607894,0.0030841637163835827,-0.0003471528570673588,-0.0007703359037478559,0.006121398224090714,0.00814973140052004,-0.0005281045412284451,0.000752379244503787,0.007675576509548395,0.0062528226240322945,0.0055604146927640255,0.004722129951125739,0.0009371013866164682,-0.0075230162765894506,0.00468237779408819,0.008198760046290074,0.0017077393005477917,0.0024227829242424183,-0.0036962920728329947,0.003822482306539122,-0.011669576335251208,-0.02726138356947857,-0.0038338013464853313,-0.0017337352639743553,0.0009746472773186307,-0.00043267638562461476,-0.008823986039682295,-0.014456600223986477,-0.0008629865840783267,-0.0007138722177447652,0.0027459484870070495,0.0982305634412624,0.00019006412006301307,-0.0003456452130477728
-0.0036841457678060082,-0.00010490465916866527,0.04845042702656868,0.06338481138703399,-0.0021108743061923397,0.00044217279774049254,-0.0015057457757749126,0.002476223057526554,0.00019190489984563386,-0.0013900411830148715,0.005676940873725902,0.005671593768466161,0.0001409622827754647,0.00025196428097246185,0.0014143576428439308,-0.0013216248409949796,0.0007953375701486999,-0.004945958129132996,0.0008880445112446766,-0.0076749341285284045,0.0005581768616720181,0.0057910607163480675,0.00057073558972,0.0011077660682439214,-0.0070743113759403255,0.0010124906777514546,-0.01212318800763935,-0.03392604372549023,-0.004195120777712342,-0.0024382747338921075,0.0016019997043721212,-0.0003614883619941834,-0.013163306983920368,-0.029159836184166184,0.0011772555505920295,-0.0004148488514190666,0.002824253501223091,0.09809061732633621,-0.0005378543544639596,-0.0008053937545446202
-0.0009220668874573182,0.003251051832893187,0.04183645136764849,0.049901197782144996,-0.0042919749289870345,-0.002055360516137425,-0.006695193459959026,-0.0028016439051393805,0.0009024896819957195,0.00037728534883294066,-0.00012270655963135624,-0.0029179529765660135,-0.0015284976190211722,-0.0016130200680940466,0.0007441489189905213,-0.0010184068014896777,0.00015367442537741652,0.0008384778857110634,0.0007210415487063534,-0.008814650923442486,-0.004640445721239805,-0.006686603193533239,0.0002504795173659968,-0.0003855505905264351,-0.007307606485311918,-0.005996726683711012,0.0019338431494577936,0.01637074522041941,-0.003016972120730339,-0.0022695912698489223,0.001963692276706197,-0.00036939991067980676,-0.001248087464449087,-0.0027526378056923003,0.0009651342006223091,-0.000875319110766653,0.002938492416396674,0.09902074302258337,-0.0005984293698541814,-3.3978958863044383e-05
-0.0038732623047081386,3.825978660364792e-05,0.04351225880535553,0.054752767097166734,-0.004412703950746499,-0.002352104547087952,-0.005366036543445569,-0.0010109683666078507,-0.0006127312032568568,-0.00023323106212343848,-0.0031210272639390704,-0.006091939914147032,-0.001516981237841309,-0.002350570710215088,0.002132034097021614,-0.000686996769539669,-0.0010999771775520788,-0.006565385784720203,0.0009063499347496406,-0.008263726803761527,-0.003068797083821946,-0.0021839878389083235,-0.0006288238728626475,-0.00028333508012452145,-0.006888676876070422,-0.003065868812921913,-0.00989245912100635,-0.025005449453045843,-0.003999683110446797,-0.004223758502857189,0.00010029034971211054,-0.0006672274305568291,-0.004394584904879989,-0.006394819216669418,-0.00020087283810240524,-0.0006770131595708423,0.0020436240988187192,0.09556169763976816,-0.0013424185479341203,-0.0007223882379720309
-0.00451660148383835,-0.001230660972497626,0.04990727693805563,0.06630305924004176,-0.004661991127083053,-0.0020789943458825477,-0.01030296356213043,-7.171623250873353e-05,-0.0006990382098873787,-0.0006672698694814335,0.00293289422742457,0.0016960540269108121,-0.0020888149008351535,-0.0016467157952738468,0.0038616840564207238,1.52436110224576e-05,0.0005902486378652275,-0.008317281094241118,0.001039783955400933,-0.007534168522175637,0.0009998764978718486,0.0038548323634411785,0.0006414330790817886,0.0012867904033396086,-0.005462972975099418,0.005656870686327055,-0.02300641000008511,-0.06364174526809276,-0.004072402341222903,-0.002650654730652311,-0.000595954582591023,-0.0005013806285740044,-0.02218116656874718,-0.055824254383737726,-0.0008537744990425152,-0.00041000957422077236,0.0015034263084195412,0.09616856022997758,-0.00016722911327213234,-0.001217201844533072
0.0036992840591961447,0.008740751164067976,0.05096232755154706,0.06303810422369528,-0.0017987485831894622,0.0004827561332218417,-0.009985961908590697,-0.003882367689862528,-0.0008203633043228197,0.0012921240878127716,-0.002215536614063109,-0.0038890718776769906,-0.0006457712528842462,-0.0016607124441892361,0.010481974688929674,0.0069857148859517795,0.00942348759808014,0.00744118585724657,0.0008098639281061174,-0.008350231183584671,-0.002702133915932363,-0.005016007036139922,0.00015091693988743724,0.001712557246224758,-0.008288064107485664,-0.007522413073629833,-0.01936023353087104,-0.053121348065906154,-0.00451741833073766,-0.00378013143482166,-0.0019011832670037167,0.0011108720190559072,-0.022734169514950796,-0.06629470779245868,-0.001138406160147841,-0.0004635276512343288,0.0011076626736754936,0.09265529661906924,-0.002078620094558441,-0.005150579632262036
0.010386992709841442,0.016706887401241325,0.05098506483501355,0.057501680700164565,0.003915027738614415,0.005415025091131268,0.01575713773896744,0.011578030483957918,0.00037972229522683704,0.00011512669850004364,0.0125978078946443,0.013935214071848785,0.0010026871812728586,0.0022718769185751677,0.012669120354345573,0.012475943087338072,0.01271201954439842,0.02126888317358764,0.0006795174945305854,-0.008910277975125244,0.006887294172787397,0.006404825412975493,0.0012866924089192766,0.0014563223492588013,0.0007948833780111748,-0.0011164044153645879,0.004545174599177794,0.023877657011639696,-0.0014349929722800964,-0.00014244978235578484,-0.0005822107691911417,-0.000401350152055705,-0.0021790171143877906,-0.007047175867914364,-0.0008963615559423772,-0.0011281896265765321,0.00371968640810729,0.09808863227172573,-0.0004202445530828914,-4.9435712188917646e-05
0.000836345556994068,0.005260690761642988,0.049915991991244704,0.055582244832066675,-0.00088867032452329,0.0015551787128006641,-0.005241903508275161,-0.0030942864464020077,3.839979426739225e-05,0.0009794597606760417,-0.00422868492985462,-0.0085759702508989,0.0008280540400817856,2.6207059618820926e-05,0.0023826052705777723,0.0006314683006618957,0.004092903761091011,0.006163397868165461,0.0005878280949472876,-0.009056013421347799,-0.003295938120746086,-0.00976044401557456,0.00014005548587912604,-0.0011825111846448324,-0.008221019683897473,-0.014306187110878067,0.00021321930823804932,0.01240961622368708,-0.00416087332060241,-0.004458279419128366,-4.635220503411302e-05,0.0002895751674490234,-0.002376054074911481,-0.005319129895415397,0.0005029646045448041,-0.000686477616154326,0.0026678637774413113,0.0999639569220111,-0.00035836501809206986,-0.00029138305624208053
-0.005551587937734871,-0.000957654104054413,0.04392029813663683,0.056012755740047784,0.001583907640140142,0.002692671762771423,-0.0037281476622546285,-0.0006421192594066152,0.0015254822332166215,0.0007823296093968213,0.004126157410507436,0.0014482695078110207,-0.0005408187872034661,-0.0007000114978660152,0.0011765831783581196,-0.0018909655347973677,0.013877179121286946,0.014261551517617212,0.0007087733636139547,-0.00822050511915928,-0.0020539618906965686,-0.0010104576757553362,0.0015325780715868733,0.0021696502685034985,-0.011182801533389328,-0.010680759800057348,0.0008511339313087695,0.01234379914116389,-0.0048824934126379714,-0.005444827288330869,0.001979637834415345,0.0002588817446226704,-0.004137048122826201,-0.0053049187340263124,-0.0005754037215330468,-0.0014418853662360883,0.001897102383695242,0.09416381530610464,-0.0007854418066204889,-0.0002925928948874646
-0.002126468296390292,0.002266586476647399,0.042009232249295564,0.06205000857334273,-0.00015073569802965815,0.000997294709984586,-0.0031136125015426065,0.00557506186634887,0.0010096212720170493,6.96213022323976e-05,0.008788435031705951,0.008434135347154521,-0.0013483046003274512,0.0005864931265969362,0.010937221455235055,0.008749379559793597,0.01886512199097456,0.016756359826857047,0.0009136046466705738,-0.0070259580191963985,0.0008339164264222036,0.00760492345809855,0.0010326652669554474,0.0027390149886326676,-0.012261792943952712,-0.0020019877858253464,-0.0023800662984483586,-0.0006097950692400954,-0.005922246564082887,-0.004949493918626358,0.0014139935505387115,0.0002899330884703822,-0.006164836388394209,-0.0055341678461744885,-0.0007980414036437475,-0.0014211753117909353,0.0015283652519091201,0.0902102720218053,-0.0015478945625651353,-0.0007675363040962069
0.00535314628657234,0.008795502140724967,0.040905663054470826,0.05941540522931753,5.5885194144598026e-05,0.0020072551824531124,0.004697071164223518,0.012859384281283685,0.0004850921643565682,0.0003415318080821535,0.016653679745143955,0.01898929322439488,-5.788093535354487e-05,0.0007145330409141496,0.014254866817181092,0.011823497706056715,0.022928852406890927,0.02210660031539265,0.0008924169639671407,-0.007846376333600162,0.005727464271207154,0.01335958615329249,0.0012309794937811886,0.004106781133388195,-0.007829536438086843,0.003717766125297362,-0.004386126908923694,-0.010090016932721785,-0.004800685479329618,-0.0018806304946613348,-9.961940105108752e-05,0.0012684374327398234,-0.008310920827182525,-0.012248689646376923,-0.0008250752483449072,-0.0017758285144704165,0.0014133328411431514,0.09014954576801483,4.0904973798030955e-05,-0.0010950875694346275
-0.007464238700220713,0.0018421095326294293,0.08015130310314496,0.09190716499621052,-0.00732848647980657,-0.0045368713000125864,-0.0009328266779944815,-0.007534900629920543,-0.0009984842849283019,0.0006786028321219968,-0.002677403342478463,-0.00948749254966067,-0.001703646814333454,-0.0006703394277212178,-0.0095479039177856,-0.008317772885237891,-0.014236062215594134,-0.007839071582853355,0.00042511490544556475,-0.010325448097366033,-0.0069682846026373185,-0.013428403179047296,-0.0009355457416134741,-0.004085190911224827,-0.009693490863373573,-0.023302736871698287,-0.004501151688912537,0.0008804828106067178,-0.006043696279106181,-0.0071210066433425555,0.0001321940967179604,-0.0007054281870482839,-0.0001513257525212361,-0.009032238756840637,0.0008534881777709026,-0.0007683521835710876,0.006168597293495881,0.13584474803046284,0.0015990997506847438,0.0007343765250752948
-0.008192914039167743,-0.006603151067506708,0.0812389424881539,0.08997326941402899,-0.007124832467632954,-0.002984904895502272,-0.004045516806097912,-0.005482292869778254,-0.0014066120159819046,0.0008316986332962537,-0.00636174827308305,-0.016518369445648648,-0.0011225465540852064,-0.0006681920646420858,-0.014055612560600153,-0.01522649657456733,-0.021228436393083704,-0.015994300595118794,0.0004613326198715229,-0.011250895368139056,-0.00673931429199718,-0.012846974981936706,-0.001953356611644699,-0.005028228001959732,-0.0071150808823546375,-0.016738122583895714,-0.007625197671252943,-0.013569913531835806,-0.006006541926431811,-0.007038974113361258,-0.0003625105200907947,-0.0005294366989463852,-0.0002740731169779102,-0.012374885162912843,0.0008562873576099785,-0.0009879160909852507,0.006132340004886273,0.13610852696322392,0.001445139048817301,0.00025217501181404724
-0.008852747411469427,-0.010904464555823027,0.081514983318557,0.08925921066994082,-0.008270089953992782,-0.0037054582536166143,-0.010090082320667559,-0.009987806528892336,-0.0021103616792478657,0.0006013405534219784,-0.009762298627513533,-0.021961831100214765,-0.00042389168190513427,-0.0017333763650135114,-0.016837846246843764,-0.020029346087869868,-0.023828809794538726,-0.019984005898499333,0.0004952354483531876,-0.011690844776745042,-0.00958004771603422,-0.01568401601620563,-0.002569150343036915,-0.005752265313043731,-0.009162299282840571,-0.01899629648210904,-0.00893941393500285,-0.01993387315542309,-0.005378581609002973,-0.007192672659728625,-0.0013522804642837874,-0.0012858568860114276,-0.0016187482960127227,-0.015128576962417106,0.0007237495963116618,-0.00022112003380746423,0.00586454174100974,0.13383991653160357,0.0014037338629563675,0.000339240107097418
-0.003975541813423748,-0.009444165626913989,0.082195772023048,0.08867251802867603,-0.009430648894717559,-0.0044236066467438885,-0.013797162127836953,-0.0113303434588585,-0.0023543783347183206,3.1806240506416445e-05,-0.0044386906593006,-0.016864852856581222,0.0008344287332034632,-0.0001998870019715974,-0.014724312681770269,-0.01996453239168468,-0.02509820250132413,-0.022998638467831917,0.0005389792089120945,-0.011881105643245382,-0.008567050968895595,-0.014850612225633431,-0.002364172844397357,-0.0061045632398298065,-0.00875486833216446,-0.017271274200584358,-0.010299070716389226,-0.028345828697879508,-0.003339988129401383,-0.003905661633832918,-0.0012779765626075557,-0.0015059587470219395,-0.006227384339567161,-0.02470215496399565,0.0010200998047487047,-0.0003506430018786985,0.005093843460035481,0.1302108144614261,0.0014217643460503432,-0.0004033712848239963
0.003910996142108403,0.023616857985208836,-0.005627776221610086,-0.010435203665827944,-0.0033176775720503075,-0.0019243981935511648,-0.010161493239313021,-0.010154848421239872,0.0003050102106717939,0.00044351018297993506,-0.006885501731745162,-0.013835505755630173,-0.0007653910044362392,-0.0004626440726743955,0.008245019430503571,0.012105349613257793,0.012426223335194268,0.013836297301570188,0.001157065207428984,-0.003736163967699129,-0.0036941619296304196,-0.012926468551908474,0.0009913921470873167,0.0020433337879486417,0.002547723193798832,-0.004579296668186506,0.009120372354467682,0.03696402951610967,0.0022167570186486254,0.004346135681330754,-0.00019572110190811174,0.0006930925169167208,-0.0008507705498279981,0.01296224151941949,-0.0001662662474709936,0.0004013594883745325,0.0020061963466354795,0.06707453897549609,-0.00035860848952318697,2.6867310155987206e-06
0.004231632010453569,0.031054670081153996,-0.0748649899749079,-0.09756430441768624,0.0028407028279240935,0.004766109985396839,-0.0022779142407460236,0.002299611769227581,0.0026096567105588432,0.0006347194780503811,0.008719260149614194,0.005867359833158439,-0.001203117042451456,-0.002709525182651571,0.008194805425369342,0.012481764023241549,0.027905425211175835,0.028377154447271992,0.0016745553040139866,0.0018284788653364654,0.0005837022682077577,-0.012747040700268636,0.0011669329749705957,0.0005118836251149741,0.01097613697697062,0.009516709719872616,0.017026868872163637,0.06013098643600509,0.00408067708990497,0.005897450175567585,0.0036290587812998,0.00029625942210130096,-0.0008033523460959879,0.03267327048921344,0.0008729903044467966,0.0006802095045607905,0.0009208604638714333,0.03100368211556222,-0.0002510152520209722,0.0013291947549094075
0.0010292465715977222,0.031600517540959557,-0.07836262702772823,-0.09925947569048875,0.0011371473498712266,0.0022118638105689155,-0.002842481364694807,0.000699277876207148,0.0034144397514101143,0.0002369257510199766,0.0013296702574059668,0.0015835356553600334,-0.002170224453548671,-0.00335557568778159,0.011820978795419268,0.017527150219861072,0.023977431699114135,0.018684624495827036,0.0018996188808651357,0.0026892890094617652,-0.0009585022008236145,-0.016120110904216053,0.0014318065715496415,0.0003536941768173739,0.006677286873149764,0.000905994262824218,0.011572248597607826,0.05145496268205508,0.0017668583486582386,0.002950169794397162,0.0038896604131593428,0.00045283863375331367,-0.0003349027642553544,0.038623140817809834,0.001576091273028448,0.0016787948981177088,0.0019051589305502821,0.033700423399316205,0.0008611366889977762,0.001796036334496093
0.0009670018187150748,0.031354700473141206,-0.07886353036133129,-0.09819166356982129,0.0016333756840407076,0.0017650763290044356,-0.0042968763124056975,-0.002442963769779286,0.0015467476037473483,0.001054697194265042,-0.002088870528394274,-0.001402274704306932,-0.002458245934172869,-0.004550741114479039,0.012972987043302702,0.0182715540413841,0.022493243607265085,0.016430457720152954,0.0018338289531318415,0.0029226330825548787,-0.0035384708290701074,-0.017298473305210674,0.0015291515395775663,0.0025861853820349757,0.0021258972587126354,-0.00747819244688774,0.00740476245286353,0.041290408315091044,8.636950098121772e-05,-0.00032550045676802607,0.0022943297773779475,0.0019809290425424186,-0.002227452648729302,0.03439656936412857,0.0010516033178692207,0.0015741869683608709,0.0010004010862430155,0.02241152218104802,0.0007413618731155629,0.001993513204467085
-0.0018035191887650385,0.025187274155134384,-0.06424580361405079,-0.07919842077120431,0.009981794209812343,0.0060387870029781155,-0.002678465030624558,-0.011475923205942947,0.004227174035609513,0.0018114230160916592,-0.0028199022732881877,-0.001587034119621765,-0.00147431599061929,-0.0012061267154232361,0.005143827457503026,0.011747047906146505,0.03366538246372774,0.04109711796468467,0.0010334686303377439,0.0035413650526797133,-0.003802162741206919,-0.004080280865096514,0.005485893081844288,0.011761341719158346,-0.003487434057504236,-0.017709787078986246,0.0013639287098105707,0.034520220559908395,-0.005961281710832065,-0.005916086056084622,0.001007328874547833,0.0024450105335938606,-0.01106109804854317,0.011477161077855047,-0.0013527540785255835,0.00048088767556449176,-0.0026661565542343856,-0.017658068072338346,-0.0002541984116212759,0.0005018794125598634
0.0005820499444256696,0.01735557329128455,-0.06755380329501603,-0.08576122947114512,0.004744116319333775,0.003696246195344914,0.019785666571856278,0.01395490386533037,0.0027451352283121614,0.0010413734842817048,0.012315496894504228,0.015747907242940323,0.0013590902691651828,0.002660454692706562,0.015412520285104852,0.021153498438419505,0.026166589728770215,0.028819039301732626,0.0011094854416302598,0.002434460692888151,0.012512717631326055,0.01847910651891957,0.002447364692402938,0.0060166965202184805,0.007364333426833649,0.007764892840418188,0.0010359907425869948,0.03146825093928788,-0.0014354533207256988,-0.0009293688903158936,0.00025564010617384805,0.002962427038913096,-0.007867759280251385,0.01590712669470071,-0.0003790721191828343,0.0003741605775083834,-0.0031230448015306975,-0.02400923577518027,-0.00011873717651226379,0.0011674544996034964
-0.007518568479784533,0.00598442424828949,-0.07263917860912285,-0.0927668913967533,-0.006445756358954206,-0.004597909493722472,-0.00809774957034424,-0.005260370867568882,-0.0018565096726035515,-0.0012326094643058205,0.009172035806497364,0.0062793692612667755,-0.0007505222291930026,0.0005088634734302238,-0.0003354050510097292,0.0027728667894540452,-8.94242721167663e-05,-0.0064548727166491935,0.0017570262154412207,0.0023403231688246344,-0.0038323469754885757,-0.006486657665799795,-0.003293188603456179,-0.0039179134632426225,-0.00317210284317893,-0.00825212262648359,0.0004247469102499935,0.022186665101231857,-0.0013443859007080234,-0.0015339891437941397,0.0012365879517089312,-0.0010432118439135604,-0.020076120024255777,-0.02166989215976591,0.0015914700929103179,0.0010032644284617964,-0.0016858536286240376,-0.01346781872207647,0.0003812853965210739,0.0002942865320458256
-0.00855501073734352,0.004937275379150661,-0.07048303335398792,-0.09137195071595985,-0.002911201524333515,-0.0019044698944917448,-0.0018316453568904345,0.00023141261622038495,-0.001331871791717349,-0.001247780290949748,0.0030633256362315414,0.0006848885108721065,-0.001604047459515829,-0.0002346284253557345,0.0005507815845209642,0.004739356324844342,0.00208184648826415,-0.0020815334625544366,0.001118655875837276,0.001966575474180959,0.0006354424862771036,0.0032597261631995885,-0.0019448741683335163,-0.0011575494299020225,-0.0015589362876002463,-0.0023509641274683875,-0.007716010014432313,0.0018625458142418343,-0.0027785030844181737,-0.004755071091885643,-0.0001695982532602786,-0.00043444735285015076,-0.0068817191489360455,0.017304763814569364,-0.0006853931006971684,-0.00033624595702217965,-0.0037330814598506463,-0.02549219380907249,0.00044735822471305586,0.00012893881436387114
-0.008018128819252032,0.005163920329818952,-0.07179351642683184,-0.09210347553002854,-0.008046708137265548,-0.005740292599627816,-0.012831486886233345,-0.008260602958595362,-0.002465363009012601,-0.002008570635393086,-0.0015599067524214548,-0.0064252338761111106,-0.0014239800155876918,-0.0016451407834125473,-0.0058125330750744214,-0.0028503948023192883,-0.003406688236344426,-0.012335537701361256,0.0012479816105602302,0.0023553994462601775,-0.006747610868046177,-0.005957778528085477,-0.0028289972749432502,-0.0020334325330871035,-0.0071802738034126064,-0.011056769116256634,-0.012354669316613253,-0.016916000672606457,-0.0031437500291427813,-0.004683245970637785,0.00022870473468032158,-0.0012950156361069283,-0.007700618508049209,0.01570245323122652,-0.0001667571916012171,0.00014991317928980091,-0.003383731786418283,-0.023998943699864262,-0.0001325708717179112,-4.2003008656687764e-05
-0.002701130870288668,0.014473933314736304,-0.0734030775305782,-0.09366498243645212,-0.005884518403898238,-0.00510634918201017,-0.0012193477273714573,-0.002065839830855802,-0.00013142296684296513,-0.0009203767412222703,0.009287625511293042,0.009576596013624494,-0.00022468493983368313,0.0007953035837129326,0.004088457846867239,0.010193988310751497,0.004938099690315803,0.0014848392141635113,0.0016243236880305345,0.0029391468512690038,-0.0019941779397771526,-0.00047169065631753345,-0.0014359795839777136,-0.0021582009444442453,-0.00226525952587633,-0.004583486836866698,-0.010571181212336956,-0.007976717112365335,-0.001161077751297293,-2.2983777591392202e-05,0.002725921123435888,-0.0009628397908888467,-0.01531013012701468,-0.0076289310688845095,0.0022556257161670816,0.00016856266488326737,-0.0020013638120397375,-0.01971878500806734,0.0013473339257844092,-0.0001240672191749632
-0.002783543149162864,0.010302281949442892,-0.07465708937745129,-0.09581299466414926,-0.005115481599346499,-0.002720214017400786,0.005804010955450504,0.006511317114972504,-0.0018555601281462545,-0.00014239315992189475,0.01285618065111597,0.01150993707636762,-0.0005471830614795982,0.0008881117774140937,0.0045718508239301105,0.007248499015760669,0.005197852338709127,-0.0023325309403600548,0.0017216056331313724,0.002021911796802122,0.008127951824908886,0.012895224078932246,-0.0021954383657184634,-0.0027845653100210606,0.007034388172679296,0.011766587980791375,-0.03339354292985314,-0.07474316086267685,-0.0008296565536997735,0.0013050455708292317,0.0022176851820510696,-0.0008376838801059626,-0.03616607635932252,-0.07972778385218528,0.0019559835506805555,0.000130856331737613,-0.003030549875062549,-0.02638985143355958,0.0008459904095322828,-6.80962907205028e-05
-0.005780048158066654,0.00846226818731094,-0.07532852127888594,-0.09573049081553368,-0.007509839118216628,-0.004672372207493011,-0.0013352238308564864,7.632201820832036e-05,-0.003170168316660108,0.00022378490934601113,0.009506019509831211,0.00845123416163849,-0.0012014793408756275,-0.00019581519468488167,0.005303178498435938,0.008750544126984816,0.006727274711904521,-0.0009167569931033784,0.001766733473289923,0.0021637438470656174,0.001072260673251282,0.0015840114132877584,-0.003642771858710867,-0.0043580680269399395,-0.00019954110310485475,-0.001629709022342899,-0.03364439323299294,-0.07719683440664829,-0.0018099430048852156,-0.000516899518280274,0.0011572152934469187,-0.0007699053532944797,-0.029107369717823312,-0.056393889244199816,0.002353984375641161,0.0003150342210941711,-0.003405194859246299,-0.028528606356774792,0.0012024537363792122,0.00015352606349243345
-0.00892807114989062,0.0022921862125549206,-0.07383234098862625,-0.09337213018796484,-0.004092348219916399,-0.002990909817291387,-0.00037227225553663844,0.000926914081122848,-0.000821626224236824,0.0001091016855458764,0.005596187878741338,0.0005125173607336248,0.00014320604730357653,-0.00028954886276730404,0.005283370285542077,0.00701133825427786,0.012265432080648241,0.008049419743426559,0.001572686103680814,0.0022012147410228745,0.0010995510682595703,0.003594007036010262,-0.0015498222829892253,-0.0009263254268017156,-0.0022932655636877975,-0.00314932128433221,-0.01509543333230526,-0.01894864386070266,-0.0039418680461153245,-0.0025001881475003366,0.0008901993803097448,0.000746225541159474,-0.016052467375598487,-0.015425201580825358,0.00020404267874257265,0.0002254603314901615,-0.004193429428355687,-0.03904604142673023,0.00036939683096741003,-0.0004412907385400768
-0.012368051536864029,-0.0016864961816660542,-0.07294386246611441,-0.09334237750074016,-0.007107016430585144,-0.005394775209691591,-0.005664892929718721,-0.0010868562916201347,-0.0025756689453844237,-0.0008073648068999493,0.009250233735467924,0.004444805419678415,-0.00045214400550570134,-0.00024213403178854773,-0.000423720666305524,-0.00025746893164931993,0.0033436868936049407,-0.005829697451202401,0.0014499944246222658,0.0018950158611724262,0.0018020697856743428,0.0026523977677896855,-0.002505716957920457,-0.0021057019607521594,-0.0013623728818827907,-0.0018364800462120938,-0.0181409826332697,-0.03150664515048124,-0.00285367774474316,-0.0019797848738776235,-0.0004132920030419849,-0.0012038348156673535,-0.019784634420508644,-0.02273732683159922,0.0014974668960101697,0.00018420469900244662,-0.0051077961976519004,-0.038858436060240586,0.0007182177062532274,-0.0002814119086596411
-0.010776239643847187,0.0013420242001426982,-0.06964753125392394,-0.0896951869465582,-0.0074451645856828085,-0.005692550934990584,-0.009765105955715093,-0.004303481281889848,-0.0026168131530570292,-0.0010455565114430563,0.00740130117272782,0.000330182895775635,0.0004708077520021215,-0.000860920931640997,-0.0006259584456023074,0.00022039480410553292,0.003969269425142348,-0.005887786028223817,0.001078631505171955,0.001872200540418897,-0.0018910769247909177,-0.004778544141098536,-0.0023758219827366782,-0.0033236942764435155,-0.0049104954036985286,-0.009835300116537112,-0.0063743544004183405,0.0002589520154613053,-0.0015931079386253587,-0.0011789551387753315,0.00020322037443965368,-0.0017476744319412623,-0.01397077324711128,-0.004816780222006745,0.0009946451920496552,-0.0007359793433255223,-0.006241169040164352,-0.03899912405567347,0.0006842098818096272,-0.0003325183696427343
-0.0019401597324117442,0.019632522230673067,-0.06806274443256692,-0.08906574276377079,0.006459961068864251,0.004801547864138135,0.020064604647428506,0.015661576181268618,0.0010397799553299755,-0.00104466603488052,0.021974733264558784,0.020994856717453433,0.0023765630046725765,0.003101721275978512,0.01093414293999957,0.01772263600324859,0.011564194150473552,0.010277378512751291,0.001374863778192544,0.0023217404842763587,0.017402681617584976,0.018383919309517965,0.001080530333480798,0.0024020759142468653,0.014744551781260499,0.01410321506490929,0.0035081518128359857,0.036341488364775715,0.0040362853101241405,0.004922227959818297,0.0015546978746941707,-0.0002937548997351022,-0.0013994239921260652,0.029966595735901963,0.000376105769658318,2.18974376708902e-09,-0.0032420868085143743,-0.020395370625528472,-6.270968414435414e-05,0.0009250956780461445
-0.008347538703352378,0.007367591409139559,-0.06828909152224989,-0.09097281558819939,-0.00209398265109222,-0.0005868295708455965,-0.011836783365687715,-0.007257958272893036,4.760653130548071e-05,-0.000889851545701163,-0.006975576096791013,-0.01301290545493943,-0.00048071466672007664,-0.0027061227200091413,0.002688249017594127,0.006257995284815343,0.003607999079588419,-0.003760495000114503,0.0012425344910164421,0.0017656459738813722,-0.00393339245210968,-0.014753410647702287,-0.0015801059646475381,-0.002994229127669337,-0.0052811988049060845,-0.01694071118550295,-0.0010773111929883044,0.017974656899831916,-0.002374100087459932,-0.003944996655959866,0.0030881670584598613,7.067998171166528e-05,-0.0019854488871732788,0.026490247351327975,0.0019511770354308836,0.0008619527643312566,-0.003728451983733821,-0.021261852401757705,0.0009556158050354783,0.0016324002728205814
-0.008368220741305953,0.011517772650852475,-0.06810091086956846,-0.09013396462543001,5.532070638780749e-05,0.0008428246891879376,-0.005809817321362122,-0.005177957078615449,0.00100334127914643,5.8287534827794004e-05,-0.002589705524662113,-0.0056779144958420975,0.00034117067746937646,-0.0007266018862459553,0.001168324924625353,0.007530750480709022,0.0002245539328051557,-0.008130679237001273,0.0012485124585417322,0.0018489933198818375,0.0014051751615263063,-0.005529949850297352,0.0005452835922663238,0.0009471362881466558,-0.0034557345388041495,-0.015311446142367376,-0.001492040271695951,0.016740387989475823,-0.0022811607831464895,-0.003900383001648192,0.0023619224050980205,-0.00015026819447469804,-0.0046210825101737005,0.020388472130003336,0.001152922010183081,0.0014547458395680545,-0.0029786958815036096,-0.01564674778447895,-0.0001171422473819124,0.0010699205344163944
-0.00599300996648955,0.016558818954876372,-0.06872073459833727,-0.09035306934950053,-0.004723497888257202,-0.0024668799971269023,-0.001442406938940765,-0.00035912129122503167,-0.0010126274911341055,-0.0016570159540121282,-0.008652151367233732,-0.013097308283687539,-0.00037214000492828345,-0.0008131569777687967,0.007444042895852129,0.015541637984740729,0.006628219490598452,0.002210147426084494,0.0015393669910013816,0.002797128174588797,-0.001406664034856383,-0.012356342309170164,-0.0024930807437357452,-0.0030946728524539574,-0.005678458737559963,-0.01791321925156852,-0.008932576427815198,-0.00911997227390578,-0.002228749465315196,-0.0030355606838090104,0.0008526049566169113,0.0001660715864362573,-0.0070657194951179335,0.017631468194278133,0.00028076338828919475,0.0017167002935220953,-0.0018299002415778684,-0.011171018275681267,0.0005128834406618328,0.00023566257198627208
-0.008697800360993393,0.010246654961788197,-0.07012793587202142,-0.09293507014952125,-0.004674575530117447,-0.0023594446857987837,-0.0053127253266198335,-0.00138505188611025,-0.0003556955988728011,-0.0012576707959445915,-0.005708044727940372,-0.009388665484163752,3.1149523949133865e-05,6.433022563924644e-05,0.003145999587446602,0.007977328355717999,0.0020786514687873223,-0.005251242434044526,0.0015322761093858148,0.0021644494187450813,-0.00030506238736370257,-0.012478481586411632,-0.0015612644760839081,-0.0024921376228115117,-0.004754542540352826,-0.017646356175136792,-0.014821553664717976,-0.030492788786667602,-0.002094120297229403,-0.0029596120897656237,2.3463795545067284e-05,-0.0006025094328170981,-0.009641754498319076,0.011234027740547006,0.00040734973651211377,0.0011013127660961784,-0.0017110410106619023,-0.012237232191981978,0.0010059432058033473,0.00029445056339641917
-0.0003039202923677593,0.018487942320009373,-0.0722248029352574,-0.09539696855312758,-0.005118235064927834,-0.001231164261197835,-0.007080327796186994,-0.00013557612301573097,-0.0019113873417545674,-0.0009639478974381048,-0.0014090941714782817,-0.0017116386151145952,0.0008389313867048889,0.000259746637919343,0.010168483606481508,0.014018688749513047,0.010191039956841747,0.001436403271712533,0.0018136983234592332,0.0018545076410697225,0.0010168600431901252,-0.012523628277707559,-0.003113719317455261,-0.004634215901026228,-0.0038584849506247856,-0.014702522471261442,-0.023276858274718364,-0.05385262615233733,4.8116301675772557e-05,0.0005467059584401196,-0.0012016267806921107,-0.0005221095674181334,-0.022281751344284905,-0.03134328503714614,-0.001102970338762219,0.0007478432502719128,-0.0015923653303948247,-0.012969873603991348,0.0003339201596232258,0.0005992666413266945
-0.008066648383124882,0.008247554259385345,-0.07204948057586019,-0.0952428675624151,-0.0054046490569644254,-0.00184475623838458,-0.011333271634070776,-0.0029318154251970446,-0.0010852581819978681,-0.0019416248078012507,-0.0034350383884014547,-0.005659818099455163,0.0012861597511475576,-0.0008677033483689882,0.0026621003006813406,0.00438812184447002,0.0023675593638400423,-0.009123866622588355,0.0017526722336616142,0.0016973466186665264,-0.0005697240728035184,-0.012243583399160894,-0.00043649432855753567,-0.003653275259872407,-0.001868354769102702,-0.012882941541288873,-0.02491945141013305,-0.058081856018389305,-0.0017768769621990508,-0.0020534542126037724,0.0009848587090130992,-0.001170034926134375,-0.022200784421273143,-0.0298523467429219,6.854307209377248e-05,0.0008780071187214358,-0.002232405717507045,-0.01737867307691426,0.0009414303114858616,-0.0001439634852497544
-0.009332104272333355,0.007078923215325375,-0.07004739733823698,-0.09246382417232404,-0.002509658270410212,-8.332750314183875e-05,-0.01258693729786396,-0.00523161430444251,-0.0001627155670974685,-0.0010822345695496803,-0.008540200677639342,-0.012825477684371657,0.0015606272375429668,-0.0016255051931814834,0.003914763820041146,0.005830656386582327,0.005448639843642077,-0.004501809486459925,0.0018510588006568386,0.001970727164894562,-0.0032150996758931938,-0.01759174281326825,-0.001272762702563829,-0.003963773864715613,-0.006307775485904101,-0.020694308633743785,-0.0130054993445084,-0.01739924985511994,-0.0024661727151868203,-0.003544630150616078,0.001969399778328443,-0.0006458906168693192,-0.0098355264045757,0.006503898783673924,-0.0003909259557758185,0.0003469331265449895,-0.0028441868780763493,-0.01894782576302516,0.00017515584568992068,-0.0016147705189954716
-0.00615338184958813,0.012093320933686237,-0.06816193906582015,-0.08916782646206149,0.0027726399583971667,0.003980227651694368,-0.0034856197067101046,-0.00013099021165917957,0.00015349767183031146,-0.00027700858212160334,-0.008129022935368853,-0.01444999707608203,-0.0013386364160858522,-0.002040695391737193,0.007509465908506631,0.011717065412983434,0.016425539205485715,0.012921127587911072,0.001489696168016756,0.0024965860689431505,-0.00151072447716882,-0.009902734538516901,0.001502005916113053,0.0014782079092731204,-0.004972635424856787,-0.016143967147816362,-0.005767940235234927,0.005204957729867875,-0.0034557495583688843,-0.004017248701043258,0.0014589112149146397,0.00043995331354717404,-0.010501374558359238,0.007349980928641895,-3.888179776130152e-05,-0.00024245728999773615,-0.003907370135903959,-0.02423954472933489,7.773712263735985e-05,-0.0004385058143274609
-0.009250998930032542,0.010006477954490313,-0.06671854918713914,-0.0858173653973416,-0.0036636910883747474,-0.0017705532871217446,-0.00033886552715163304,-0.0010284294606284876,-0.0013622568745209804,-0.00018271857683138022,0.0025472855105229627,-0.002171835105751768,-0.0010606424331662606,0.00034164526272305556,0.00043163015247072746,0.004964393742434659,0.0027701513650860016,-0.0037574150844475727,0.0014059505554233096,0.003195746434176359,0.0005071629884007405,-0.0035255163580736105,-0.0007262622994448396,-0.001946039073129911,-0.005648930998021443,-0.014285207335222984,-0.007790794627146029,0.0027155137699158543,-0.0036145383887243292,-0.0022353965927657993,0.0014932197079613942,-0.0008814857119895261,-0.011567671108516302,0.0062693446797978634,0.00019245540097848654,0.00042784886667734994,-0.004296334402874626,-0.029971884501793618,0.0005332950374108998,-0.0007929380961178918
0.002340711683133652,0.019286150851842994,-0.06745864497560765,-0.08848970802386669,-0.0035911330038483247,-0.0014909344735721517,0.00048433322529281764,0.005071021519307516,-0.0013743389107967743,-0.0006517636585724172,0.004209525892856429,-0.00317426946538347,-0.00015009033470848266,0.0006038634391926158,0.009730659695977984,0.010649251013318315,0.009267313829473963,0.002045702194463665,0.0013572027589341343,0.0023319111770193374,0.005143029941688529,0.004688780110185295,-0.0005727838460084379,-0.0010967230112058784,-0.0005333275856439438,-0.0006122352132829479,-0.013395118235216998,-0.022728879348443552,-0.00168608812884039,-0.0006614401707946444,0.0008295885910636652,-0.0007574198400317316,-0.010741810244597711,0.007487293468886664,9.499107707864827e-06,6.474153856128321e-05,-0.0049596277270818,-0.03125347877956943,0.0003721716352153869,-0.0007720212221375536
-0.008329800361226084,0.003814332372114924,-0.06773483201675785,-0.08888340055710171,-0.0057982071842799885,-0.0032703325644908654,-0.011057772156209567,-0.0027364451733890354,-0.002221494349039791,-0.00031979695210985977,0.002041107335706432,-0.008568632048075342,0.0009461414613973002,-1.725647981673492e-05,0.00037238103407903443,0.0020912680385984633,0.001108036226249136,-0.007124259045534909,0.0014424775992508514,0.0024426993713157906,-0.0019701599452033296,-0.0045730251224956305,-0.001025097737111252,-0.0024359237304106152,-0.0064224393920381834,-0.00816181691512282,-0.01805510959070638,-0.04039111744916284,-0.003064787821323983,-0.003750337965701115,0.0006108613573117838,-0.0013236974901438246,-0.012368889549748376,0.0024017402133109694,0.0007894809554798714,-3.0073386845031985e-05,-0.005028304957536321,-0.03212921988747635,-0.00021841531985433542,-0.0009145180658253494
-0.005103661535603945,0.007432790269128701,-0.06884074602027479,-0.08977367692404546,-0.007248480368605784,-0.0044074828319060014,-0.01287068736195715,-0.005759643761112157,-0.0031109375945941194,-0.00027916267637071937,0.008401132486126983,0.0024475480299108,0.00026055961292178266,0.001573053332381851,-0.0016058558958730743,0.0015362047072717871,-0.00033160083625532154,-0.006482421712108818,0.0015044901012227004,0.0028135713077218055,-0.0033153276076759064,-0.004476958124023897,-0.0019103878497017865,-0.0028204829010374894,-0.007873707296215277,-0.0102658243432309,-0.025344971638159075,-0.055938336549854986,-0.000858066911628137,-0.00040580068223927343,-9.471585962819997e-05,-0.0017689975327275897,-0.016686003182708763,-0.008155251433099002,8.001984679118678e-05,-0.0008789780255704773,-0.0038210021104796345,-0.03054637522531656,0.00014619692349945895,-0.0009157083145837085
-0.00545824279289301,0.007770113995259179,-0.06861666375391448,-0.08832119673290365,-0.002312770362102491,-0.0020044516389987614,-0.007328630200493955,-0.002492596216536974,-0.0005983954965824092,0.0005848550986900271,0.0040492411052137816,-0.0029099357125759863,0.0001993791230692889,-0.00041015283063854156,0.0028977528093087333,0.00499983921032305,0.0062226925812007,-4.2357033117632485e-05,0.0014728265351659324,0.0030453915216450563,-0.00262442717428468,-0.002773419357676031,0.00031416848123017954,0.0014569856085244446,-0.007330119488803605,-0.00932568943267933,-0.02000304698683166,-0.04156970249146606,-0.003452928660158001,-0.002735250793685757,0.000741302109790145,0.00040190178903109374,-0.015685417342619856,-0.007212192925564326,0.00018667275477641867,-0.0003642476929849713,-0.004083667683793853,-0.031270487452313006,0.00015109054808677108,-0.0011734333330149587
-0.007065877931607448,0.005917714780740229,-0.0694162426090939,-0.08933519070714856,-0.00428357746016326,-0.0034864361418311847,-0.004911787789723819,-0.0007419463711178221,-0.0012230930715508301,0.0010570094780170257,0.006016835360143905,-0.0031554643452474,7.06890260404265e-05,-0.00031837398006831876,-0.002350118002182398,0.0012348079397249809,0.0008490758199956125,-0.0033623421669924576,0.0016580968183261186,0.003326928515199382,-0.0012311816579476606,-0.0021210170965884384,-0.0006589875095823877,-0.001502227531310926,-0.005546647902368711,-0.0052311021040663324,-0.02031498544435719,-0.04629155630592144,-0.00346758524639703,-0.0023647633040651613,0.0005212010452275736,-0.0006081529081382233,-0.0379525847093921,-0.08176577198545801,0.0005676174376235815,-0.0007923758080827371,-0.0031630610752837215,-0.025855795659219617,4.065858712334915e-05,-0.0013281094850928997
0.0025019002184786957,0.014594086667275926,-0.07017452371586559,-0.08973974566503737,-0.003801650922136144,-0.0034940643393362087,-0.008059231750083117,-0.0006074288737194793,-0.0011031245789859833,0.0012532222716353232,0.007261205800415917,0.0011036224201745417,-0.0010058805056421673,-0.00025454592142909845,0.005792032584487799,0.010032416281669261,0.00846781503706915,0.006659045168371195,0.00168274512166431,0.0031353771718935007,0.006825020776002235,0.011347079116694176,-0.0010904325376057125,0.0009326430289439275,0.0022839687226986986,0.009993043151161306,-0.02860902351036285,-0.06669342757836404,-0.0025882315571428846,-0.0013321749118262774,-0.0012656703508492084,-0.0004902785884187537,-0.029124595729747963,-0.04991771615043393,-0.0014809994790921945,-0.0011866518593357468,-0.0037211060486550965,-0.028760617003851557,0.0009954710446951117,-0.0006805597319041928
