0.5655980588641367,-1.350335414069894,3.595416122511081,2.453457692960489,5.181069592137995,3.607692220756736,3.272286742565065,0.0615082476787374,-1.553411680988094,-1.4889383137066632,0.6691203157651664,8.028849914388504,5.677943401894751,6.15730428377838,5.25313253051311,5.524828777569093,5.8921920552850295,1.8169824644096924,14.146233720484055,7.893605456549974,1.42943403537946,4.042526289632807,2.7399162031352557,3.460755343532794,3.028782127567641,0.6860282966712448,12.516346009203394,13.421577682214448,3.0500037610479724,2.845203667596876,3.073514551879649,9.35762058893979,4.4675905332869545,6.113818135218818,18.64286219666395,19.528261468602093,0.3222321986894196,-0.9126946676568864,10.992055821130922,6.119940363159202,2.0
0.0577650047606379,11.681020660358724,22.687027049936944,28.262315568023624,3.2021944490352645,2.7723079423354786,-1.077590595778371,-0.5776359909593669,0.379723255999338,-0.303529377786718,0.0592608951647868,0.409385671090539,0.0184611229017597,-0.7510706574171655,1.3132830529847377,2.708174254475294,4.628558328551454,5.600684149084749,0.9484115449022495,10.717856242552326,-0.6935219546741931,4.377190194555695,-0.5386746259535853,7.6437265461128305,-0.3874757170266902,-1.163293444463395,-1.2559506908313576,-1.2326506226354226,-1.0364646602356256,-1.051996722392035,-1.1892342816147716,-1.25676129901713,5.749807210310779,7.53216508631537,2.0241637742479206,1.5570264752188212,0.4646529447820433,3.5670005761432133,-0.4676509555719059,6.26258785505058,2.0
-0.9689868467461444,5.779599688235514,4.059657711574936,5.629719362633441,-0.6373509923663949,-0.8067239500990411,-1.130314261071278,-1.1407466497078134,4.27707239008928,2.591154108785746,0.5069893867266231,0.1910977495809924,-1.2526188178697732,-0.8865495289619596,-0.9471615803957824,-0.3184445471668313,-0.8334220262195213,0.5073401889116469,-1.035191764832838,1.2544731210347848,-1.0273790725092544,-0.8755400537142437,-1.1020639491818318,-0.6620616412945699,-0.7948605625434162,-0.3178149026069694,-1.3647959212558378,-1.438793431316628,-0.897896830124008,-0.9104585642594918,-0.6933731094154707,-0.5080251731755943,0.1815621231829265,-0.7220033045264822,-1.365263103452796,-1.3293142838321694,0.8712669378143034,0.8487619873689041,0.5892534608313591,1.2034915240565738,1.0
2.3532545849474378,3.792634148736127,1.9821089791743784,4.4518664221845725,2.253954213916137,1.8855034476595935,0.4813381560445413,-0.3560309169428586,0.3660369066005371,-0.5104250508313566,2.712086372919397,2.658173378262081,7.388888446018795,4.952341052449166,7.0634956363856265,2.8571238921586204,2.3572009136283825,1.7554319014405309,10.303259087638198,4.307043547041372,6.491699183936589,4.686004729075453,2.728011688626969,1.2009106018520166,3.2573481656943137,0.2861547415901277,9.485938009073266,11.28242892102383,3.826560493936963,2.092953892683859,0.8761873600500638,3.2794158924612287,8.63306292448114,4.140210216468404,13.57417108228061,12.27168065256516,12.198790598656595,3.756576237138143,12.980439293296206,8.461411058283627,2.0
-0.4038552757581413,0.1077626456061731,0.8931283265326178,0.5643191520813096,-0.6872132951131338,-0.5747255417780686,-0.1263133278929697,-0.3202242859750837,0.2142936433104338,0.2315658467698149,-0.735642841626091,-0.1630564765765805,0.7016938003512818,-0.955483458625439,0.1334841676763201,0.0756491112735235,-0.8113883618952551,-0.8055219125244584,0.2423527377872805,-0.9524313018966316,-0.4402680351884052,-0.6387336149987899,-1.330303241117221,-1.1401897145653923,-0.2396377058519752,-0.4353723473296012,4.3823617033359215,4.444975892043917,0.1241186099117883,-0.701942214764959,-0.7637696339094622,0.8227732570575217,-0.9016777879694726,-0.4398580033596708,-1.0936700662946488,-0.1706658898420432,-0.8078607030142693,-0.0774558411766199,1.7149321253803294,1.1111297349343747,1.0
5.013435956562265,8.602426092565834,-0.6189775287557238,0.7903142011159976,9.229766928580368,2.4572903614751933,0.0704689858026603,0.0813420056202072,6.232407362036907,4.7886192811248325,-0.8557975756996905,0.532561149618521,5.034023948420252,9.180794612564336,3.9175140229839753,2.298127012934078,1.0326036068357105,5.6310761745337,-0.2358112224597648,4.647808896809153,0.2570841358102242,-0.0980711312846192,0.6192833579239512,0.0056582075204509,0.7472755100177344,-0.5781270078538983,4.814265616669154,5.347632339901958,7.018665487402782,4.9438590420618,0.2259213954241996,2.3760986222085965,-0.984108767929559,-0.7021196466081094,-0.1673311939009401,-0.4540394758191626,-0.916156470915606,-0.9394232855337932,0.8470915865175765,-0.3816714534920349,1.0
-0.835861872059048,-0.4996262448955511,-1.00766145812233,0.0567284124536331,-0.5507218590848701,0.0393572777919484,-0.6683896649321039,-1.2950018619751311,-0.5258532800641054,-0.1574573628495903,-1.2919045008384618,-0.0543135632318878,-0.4736110656502661,-0.3956497950864914,-0.6683050362528751,1.5483909572432983,-0.4531753344863127,-1.136103527805277,-0.0918151629306964,0.6602079793133817,-1.0906805466248255,-0.2303239826584349,-1.2913698670549785,-1.0539745370446385,-0.8354222256646713,-0.0156155839561167,5.995203261322704,3.61566969510672,-0.2578245836243535,-0.1606675465687472,-1.0634302008112893,-1.1935043982475737,-0.8987798698202596,-0.7572005054915034,-0.7457436470652956,-1.0301788803938434,-1.1979847831512809,-1.0510293003357714,7.204354863729815,2.6355231889149278,2.0
1.9766222834796492,-1.2132067682413474,-1.0061929905583686,-0.889627305213887,4.7340971732080375,4.0366231945782935,7.127188704556271,2.431856798912966,-1.27391968094845,-1.3232807321818087,0.6737096893150083,0.7078589005002991,2.1413034738710977,5.914627943294471,7.832546710613073,7.694076289706718,2.1059637281505488,0.4621034150407661,3.749555201383312,2.5262354385042,2.1185293079831222,-0.6176169690470612,3.522030042395957,1.577905128423005,1.293380056221486,-1.2973930425791682,6.798756897978315,2.5241304567534737,11.850138643474072,11.00770196570487,-0.4757304690667676,-0.6795422564840141,-0.1217806881355292,0.2089693026294625,1.1106519077645212,0.5074190220767059,0.3974079147590692,0.4831985039877287,8.849639020344503,5.125720974469726,1.0
2.737240269893631,0.0212678971735797,-1.0455076768720408,-0.9770543756762856,-0.439060049101212,6.3616677728985,-0.7815067493667804,-0.7888041729797282,-1.6109162408810798,-1.730401044232178,-1.046056862113096,-0.7811964552245758,-1.5961371391817865,-1.7423084260438204,-1.4418458318391925,-1.5928393818207642,-1.6371837727959495,-1.698476472748916,-1.6626678125523815,-1.6103187607651357,-1.4166049658348796,-1.255341368800939,-1.454728298735137,-1.3776337252168058,-1.1110073404426295,1.806289258536756,-0.8407240574516974,1.1153780171765275,2.9275500833899297,2.067662988570949,-1.1296207436804613,2.557840602027324,-0.5193581602862953,0.6195046094910457,-1.1221253606067791,-0.105226481259844,-1.3832284866141404,-1.4381172236554958,2.406407355364488,-0.6521917561052253,1.0
4.139297498220228,0.10990600209744,-1.1274006466770172,-1.0529918950999844,-0.0782378152584395,1.748887202347616,-0.9481336223098163,-1.0800362698188193,1.9058394546460555,1.1385943008056172,0.9265078709953491,-0.5010934100100686,8.940139496856558,4.406668672406861,3.0315833009513664,0.301262197081364,-1.0519648305662832,-1.1061909317863847,-1.144576444746518,-1.1249549000926646,0.2854532535648468,1.2607516100189944,-1.3661586855267485,-0.2258036337783289,-1.3911818666530793,-1.06308427385799,2.210991993530234,-0.5785079774046631,4.760078603453311,3.41555956619444,-0.6658828302086399,0.5525763181389505,0.0599118127427322,0.3343421285398964,-1.3191074957471085,-0.8314682779151861,-1.127798285943951,1.1961558267840084,-0.7706038644716489,0.8893772632606294,1.0
-1.7734189816313697,-0.5470191134275688,-1.0584959774325864,-0.4487230237499373,-1.7113412245232131,-1.7034100105092187,-1.251996806236893,-1.6191103003403151,3.613546352361248,0.6281337807745451,-1.4847142042453236,0.2218897056715882,-1.3002450911837993,-1.618823553102117,-0.9537527437481724,-1.4526362010196656,-0.4375480381771943,-0.4547831627799237,-0.4429696970827494,-0.6578325987366007,-0.9720541722998984,-0.9786105095132912,-0.7742785461861752,-0.1963379536276099,-1.3318354018279173,-0.6365143420592783,-1.5333498235599416,-1.5611644916531942,-1.5992319451505066,-1.590860570802925,-0.9928680349947712,-0.9331277843848222,1.712505517510328,-0.3830624690710063,-0.806253323436005,-0.8310141374603179,-1.3733480293818323,-1.0145951629297374,-0.3734294410612024,-0.906868272773078,1.0
-0.3359694228153582,-1.4627566914631676,-1.804021955607663,-1.545494918617055,-0.3687748106423703,-0.5340655932380081,0.4803576101878768,0.1982094555018454,-1.779233643219848,-1.6629476264758674,-0.9503718422917076,-0.2833879247469455,0.603103648788835,-1.5485126926967614,-1.0469694148450162,-1.3308053362181178,-0.5622976571867522,-1.608214766390674,-0.5563518860065977,-1.3593567642121762,-0.825804972224061,-0.4074158107572994,-0.5110591893366632,-0.6158884270677509,-0.3583766975849443,-1.237377924769264,-1.2991904319325356,-1.185352489041936,-1.4528935471221154,-1.521894350601214,-0.3141487884262717,-0.0465434596726508,0.7921039790284485,0.6606243584643554,-0.3539961864981329,0.1035437437073474,0.5205325737940649,-0.3941721289460385,-1.4201424858663718,-1.617667965894635,2.0
1.4655661848957795,2.4915826131276635,-1.184728660080427,0.0550309358722556,-0.7107535635199098,0.1106574650292913,-0.6711727918717938,-0.4383804342256363,-0.5328747085258771,-0.5332134306688419,-0.053424153401377,-1.0380506359609738,0.7742525998022654,-1.1642183941222952,-0.522534980314938,-1.0069897809636823,-0.2915914514568616,-0.8566865093415457,0.2611070827561961,-0.4157474582358529,-1.016948411749716,-1.102974890967823,-0.4513743104848555,-0.4631940312066342,0.1059289998435493,-0.3992770467232955,0.0658588921200604,0.1782669124550162,0.8317019255444342,1.2989847749599104,0.6376802966281581,0.196758456410417,-0.4841874801972223,-0.8282004112582264,-1.297761873651371,-1.0813533016595631,-1.0133428814092855,-0.2278480280708592,1.0140503774020946,1.3090649756172257,1.0
3.333619901148442,0.85241640666354,0.7982635447303164,0.5821367489914349,2.232628544785681,3.592503290818449,1.318051316497403,0.1101404232173042,3.6079769967437,4.450002952164344,0.1557829098173142,0.2323529072837908,-0.0509904672981349,1.1857388798756023,0.96821406527507,0.2876522949013491,0.3449324041193242,0.8878547585381971,-0.1251411670862965,-0.1078999979299113,0.838649263945412,0.3135418657335229,0.0493287864435143,0.3882001341775263,1.6556496563925336,-0.2081842614973541,1.431058211950524,1.6788348344441903,2.556690883508848,2.7437670908553558,0.310374105198298,0.504824903246123,5.6577228806498265,3.061746556225861,1.5973948170263377,1.09244474945994,2.3697030822931406,3.3176329640319078,2.1221104174185887,2.821359367140292,2.0
2.248396675892928,10.131996785042444,1.212407316459144,4.734464101957374,2.7830496983725457,3.536545591897217,-0.0920852646078551,-1.4341819515165084,10.733303857188416,14.511085469765568,2.5491431934298685,0.7826428237591889,-1.11460279787267,1.994921586055053,1.0478313588459436,-0.7394927529263136,5.451410048282988,8.45785320687648,-0.9794486604829622,3.865650540770116,1.8877549554526605,3.796965100217223,-1.5366225386553605,2.0409964808982526,-0.6392281985279147,3.144647760061238,1.8765372329891576,0.9290169704482324,8.758085819507599,9.051657654835823,-0.2706433932032945,2.913982403826793,5.617998941545139,1.990843171650008,3.639475799848592,4.556073014822986,-0.5652291452334257,-0.5239526441053646,-0.9006626057360303,-1.5823973559075712,1.0
1.0138306797196277,2.3567945860741557,-0.4925266783011124,0.0250934165317717,0.7200339140838148,1.3909627305366143,3.3608690208107044,1.4502613740915251,9.965548278282428,6.4017983129521685,-1.075850448192473,1.2830953590691108,-0.1300208119054393,0.25337441644478,0.3211120128703713,1.2716870259623771,-0.3905853379585036,4.772503822940387,-0.0456737591816867,1.454009107284632,0.2412235253914358,-0.4917604294075759,0.6843918968963933,0.5983701684519911,-1.200070632087871,-1.0413877879961482,-1.6245166861840104,-1.4934729027564997,1.2335600162547156,1.349253177719712,0.6999534452760807,0.4193762905507623,1.8274124043867168,0.4349200156940913,1.2573298038837155,0.8986112446148988,2.261901861593969,2.712219847938317,1.9719888243116035,2.96999798790155,1.0
-0.0345078381619421,8.751183094885807,0.4202889793065791,1.334008065652525,-0.8726265772485262,-0.3249190467552743,-0.2054473682843052,-0.5025473172550234,9.900720523507465,8.865998069676037,-1.2043852890666271,0.5693440220439303,0.3253943292912846,6.031852349169686,3.39293968813133,2.126935868723528,-0.1113414065486608,-0.1580513407961854,0.4497769579192558,0.7246177831082301,-0.650413872506828,1.2450903140362808,-0.619701683175629,-0.8205414031935852,-0.9285230784483204,0.6864116761478085,-1.148056977821846,-0.6006165171240574,-0.612000963094955,-0.8311399997903477,-0.9092536771227228,0.5705063257792276,-1.0432853593283042,-1.3765447793975016,-0.4302710595952188,0.288718426279809,0.597776819867804,0.0663315520012841,-0.0080724552530324,-0.8478070765559504,1.0
0.1539371838975993,1.25247213348944,6.341024890281663,6.960346161933796,-1.065443997497429,-0.8751965372339203,-1.2660619873275998,-1.1878045425526509,0.5026669047826164,0.3277513190107317,-0.8555171937728541,0.1833724844923674,-0.607216678773832,0.7285074361260113,-1.364793503140621,-0.2456390138906092,-0.3525912649984732,3.243557790304345,-0.9497198912319664,1.357108517333053,-0.9271363960325454,0.9100102011862448,0.0944548958231425,0.9983516937554784,-0.4023832557473716,-0.7957293945942356,0.0108293170703244,0.2699223473558954,-0.6388115890642574,-0.8017025169958827,-0.6302701231978611,-0.9301229569360144,0.4030666142660708,1.168517322264024,-0.5021788407942251,-1.345916411500472,0.8796269142436905,0.3870842269117673,-0.8683501144603438,0.6976230900896896,2.0
-1.379853828300237,1.419409262111797,10.404705388590584,10.651242256057564,-0.3340687590263376,-0.5683315749637861,4.015670510788654,2.4283418737233333,-0.5956316666165016,-0.8392860847372683,-0.0900867497678032,1.015342010521178,-0.982453489381697,-0.5212443915775915,-1.2989336324446108,3.3766024916776134,0.1619955750135879,1.5301131927916352,-0.911544090859743,0.3270379116934223,0.6574988420863077,1.268522934828793,0.761810074682336,0.6821877668640575,-0.4375582844937025,-0.6933604065266117,-1.3694653627939817,-1.4510279188608826,-0.453194666544586,-0.8656019623813678,2.0182206076468727,2.5315067061983845,0.9500264562335854,0.225500407845824,0.4077956930493558,0.912879441547446,-0.1297944798240489,0.4421886897406915,-1.4840978224244177,-0.4437053776042114,2.0
-0.7133983244679962,3.772915638422427,4.104257636963109,4.046237289534006,3.36094073933541,0.8270363177901889,0.0193913843728013,-0.5712062487411989,1.4545684369385636,1.3667850824692414,0.2622089864669963,4.4317530531714056,1.4702698316538836,0.7319254520392375,5.261228765577673,0.6532537220234391,0.0490297792652891,1.7351286945217224,1.5857170385082906,2.661738681932179,0.9635989760304008,1.6119341516564851,-1.3110236147777052,1.9254187281615505,2.870036847687949,2.986484035479648,4.122652890689203,4.924025850124101,8.437900830845987,8.364885486711062,5.158061476889664,5.738840104063476,3.70621505821145,3.0566145623656986,5.951787590013073,5.750975284229732,8.536677689745323,8.82653693623076,8.814943604875625,9.748675934909183,1.0
0.4560386124365481,-0.5530126338515235,5.022816851740931,4.864243545417384,0.8909841161676679,1.5440745480336773,1.639785623881262,1.0146403452938486,17.814666039412682,13.409641123785187,-0.0241350766753454,0.3642146355412805,2.907560803112549,6.555920832854206,9.63976442462886,2.1144606237249306,0.2285370285239754,-0.4528304623952564,8.803103882585855,-0.1232827508328879,0.9517633295818908,7.656150344640043,-0.6019883536790047,-0.7309787688750404,0.7016650110900655,4.468875188674734,12.66777042919167,12.115285242287092,6.565327913172386,5.253295914362891,5.351451527060807,9.690351133045183,18.318646007887565,8.58218334129717,15.332495016091984,14.629029131316416,20.056444184090903,17.852001613816576,17.96696952290627,20.024284671917822,1.0
6.127678484359825,3.9380394800141065,0.7910322793963092,1.745628904777675,2.5024122365338943,1.5849939827938029,0.3522689514671384,-1.1373177548414932,2.616348536839297,3.1068200943649043,-1.7095076932597248,-1.6710778493828518,3.0676794655406763,0.7295950594595735,4.736010780176697,5.491070703533865,3.2910928247520257,-1.4383879800475825,7.117697981514702,0.2988857636429864,3.8515751440632497,4.752718288471328,1.5082201563982087,3.113449162687614,-1.6107446058598776,-1.62204707287653,3.511522365541188,2.8315883836085,-1.009302274514889,-1.410697568573302,3.356089624564216,5.108215243977135,7.716685821748669,8.013827481908468,14.097870997308052,13.389462429852912,9.736865457526651,10.6081339013807,10.399518182299234,10.540008948041502,2.0
-0.7585956270970091,0.9392328882712856,-0.590561256051231,-0.4538140789140468,-0.6801785362268347,0.2867685425173119,0.8259044340800603,-0.6373390029261974,1.214947960384018,0.1385467945964023,-1.0546158512418955,-1.2908686692294538,-0.4415622267286085,-0.8299665961617766,0.1353659198159942,-0.3520031207371326,0.8860424850270929,1.2793747889750264,-0.6745070391381227,-1.289528658256569,-0.6804561298801017,-0.4032548073545219,-0.2929769033087153,-0.5426921052246523,-1.1867702353259182,-1.204291375355926,-0.3752928318094373,-0.8349048154820267,-0.1364454050485224,-0.1296784254875285,-0.4165891441978884,1.0850387016453291,-1.178639712689283,-1.5419953154402677,-0.4539803917090852,-0.2821652378854251,0.947189439064926,-0.048148909461819,0.8417660165871039,0.4157045299351845,2.0
-0.905345443846425,-0.7533056898637627,-1.0053392615711532,-1.1183145926898037,-1.2589996708781672,-0.77275294057057,0.5856655702982367,0.2323557620872858,-1.2135306572601396,-1.454284384720793,-0.8421750733687277,-0.4831831911896724,0.4188225148354139,-1.6757754890195118,-1.2860696675132517,-0.838806131746316,-0.7859025451479615,-1.0253212055718723,-1.301369665321184,-1.014867027085782,-0.7131079605758801,-0.1837542009127366,-1.0710906031425471,-1.0882193951096268,0.15049649413776,-0.7812587474757686,-0.1027993189500522,-0.3081346682042234,-0.4147151250372412,-1.2613680803630292,-1.7778208176063557,-0.9579887507448456,-1.105692705846381,-1.0067878798597647,-0.8659208235536084,-1.201537834872432,-0.7448577434101846,-1.235008529229595,-0.8418061991562289,-0.1830632114487453,2.0
1.57550821006582,-1.0403964976896611,0.2194964087021325,-0.1134366237120727,-0.9160960230157073,-1.059024196341004,-1.5568866541477049,-1.6461316723420594,-0.5935545831562421,1.1111989909394424,-0.2088618499574259,-0.0440321221089425,0.7210569105842026,0.1292163605816361,-0.8632149881843865,-0.6314239042282619,-1.4371026440296648,-1.507941043762584,-0.0036729427910482,-0.6115899849872988,-1.429887812426206,-1.321463718663224,-1.6478312549936769,-1.6600418123781395,-0.260549592899491,-1.270599026244652,-1.3664723260497478,-1.3290263048297295,0.3248093104850404,-0.102204779306116,1.0113670601089826,0.7639614065603997,-0.4276565185683032,0.0394489485914819,-1.549769960822733,-1.4799359053733103,-0.569187686606972,-0.9150467991114062,-0.037172207967024,-0.1499888734424685,1.0
-0.7219526537194678,4.847032877353992,2.149986021053011,1.6454182601978111,0.9729071527331228,1.4904150042298756,-0.5172528651449042,-1.4487640868560483,5.523654335155371,6.6152332960837406,0.0329471075674558,0.7545427067865558,-0.0452291456154401,1.056746316117584,1.0643661145536054,-0.4893036396512888,-0.8058037216319147,2.136629490597432,-0.959495359334578,2.3864050062543054,-0.3142642437115084,0.8944117550793598,-1.2410247433332706,-1.4827847467009343,0.4240890525885072,0.4708270811884327,2.8012187032633493,2.718711885404179,4.066843747163062,3.7573538746843234,1.03978502673122,0.9363795614439284,1.2413120377059137,-0.1968836900838826,-1.3257672924278578,-0.9936466992405996,3.9790050015420046,4.252380602725028,4.041076534799391,3.620521875278678,1.0
-1.2791109881506155,-0.8672022458577282,2.141125481183151,1.712856479767991,-1.581797126579536,-1.519994307155211,-0.348977286108195,-0.021257302554503,-0.4563156207430068,-0.1758999857297998,-1.1583800114304752,-0.806674866165269,-0.9961849474043252,-0.8169249715025111,-1.3663082261297634,-0.9474125917810516,-1.2855301087493871,-0.9667749223950612,-1.0750591626265107,-0.9910654228799624,-1.260662238622729,-0.9078921089862786,-0.3126823940218233,0.7094815024881287,-1.1004195838550463,-1.0278821586898388,-0.5488741788300247,0.1552407108779467,-0.9732009878542645,1.174465259309466,2.2784291314417797,-0.6974625314022695,1.262337650040168,0.2898415488242074,0.2754117610350772,-0.5123832032527385,-1.1769162299213534,-1.259174002267168,-0.6559568944745848,-0.7538899022988139,1.0
2.8546403963432745,1.6887009925458871,1.759794093577531,-0.1115710418982769,-0.7979651726458554,-0.528376709686893,-0.4516638371008952,0.3001278928070614,-1.5124833400365862,-1.4173088052231593,-0.6485212915410812,-1.2382080140423173,0.0803066182302925,-0.579347849138629,-0.2414314681480989,-0.3906061291183742,-0.9658346425727552,-1.417597284433332,-0.8017148663380333,-0.6099337273720793,-1.352626677217703,-0.4866908085445662,-1.3077039980726155,-0.6367832444407222,-0.8074595331641223,-0.5295265523355175,-1.484198525240637,-1.1179932263652357,-0.8298989655287574,-0.9798955436692828,-1.052239287141025,-0.5919461672101449,0.493930277965994,-0.1595613195697622,-0.6713663417263609,-0.9729783387312044,-1.0538362908583931,-0.2933418979434203,-0.9650539569919347,-0.8425960409459501,1.0
-1.218987571054651,-0.2384550391182047,-0.5933736042015108,1.1041368150948037,-1.2704666656498358,-1.178120069939936,0.5397392066198101,0.8366494232243622,0.5420388881127076,3.5618655052194983,-1.1526644238377088,3.250962221553797,-1.5960489656730683,-1.553333074113572,0.6305491043275815,1.534148933384401,-1.6779114668349442,-1.5936339310782313,-1.1619587057114598,-1.4734114713954136,-0.6292055160510293,-0.4427109546590611,-0.7935694569245726,-1.5556027966142862,-0.4979199180929825,-1.3850633860266015,-0.0470036245967451,-1.7964947058151408,4.2733360565578,5.5791287187345375,-0.7369817620200854,-0.7870766364365211,0.4292441398464932,-1.1798155232079632,-0.6240172201698702,0.0578612970239964,-1.724075046537284,-1.7303803117793135,-0.3266390415131321,-0.6173751986942131,1.0
0.1090729458111492,1.3641705522284375,-1.06510135037083,2.303100726247971,0.6800391632049898,1.6494758140610903,-1.0163367957109206,-0.7762245104430829,2.0820939135696133,1.741971528816226,4.93487980716951,3.0321764986187496,0.6301920379892709,1.0529661365743408,0.2326926974416925,3.175530815772415,1.824496225225668,2.300524389823384,-0.2693227358297512,2.053299392307963,0.2854145546887809,0.1511620655682213,0.2429510478235519,1.2591482299047403,-0.0970301211340243,-0.0566624444305103,1.1540946057893784,0.679642176331618,-0.0594818179250369,0.0537757961930607,-0.8688874040158168,0.1397185656501203,-0.4068211956971748,-1.0971326519373936,-0.3120514464537871,0.8126569116227147,-1.509757500652012,-1.2859454935550287,2.4147752156988425,0.1872978411178127,1.0
-0.2914314820635635,-0.3442919198028153,-1.0945674504496494,-1.1038646868416275,-0.0582484583213931,-0.3614833953658247,0.7698071583475321,1.3003135695113217,1.2791905867917563,0.31407694779372,-0.7425910041904791,-0.2076727466736918,0.6470303105270219,-0.4669476692682743,-1.487922189167567,-1.5975183849136734,-1.18578511370765,-0.209093775526802,-1.0445169776136585,0.0629235834484167,-0.0989984790488311,-0.5301692898680841,-0.7946708868116517,0.8577233925736754,-0.6220501934430342,-1.4399263589890192,0.5813415368300987,-0.171032428557178,0.889596386312256,-0.040880652234696,0.435073160624289,2.1746807046231105,-0.340830611652704,0.062066076022297,-1.2407980808205985,-0.0852791312735337,-0.4439687545291817,-0.0351754566484325,0.1247373758060867,0.776090239750443,1.0
-1.2567387077648369,-0.4078089577347974,-0.7283931878222045,-0.459383708639018,-0.4226015816849715,-0.4618219267682271,-0.628506314829989,-0.9523668300723616,-0.8145746818074757,-0.7083366183005091,-0.5662566893847103,-1.0746870154827135,-1.0395606604950964,-0.5627914287545219,0.0094697616803052,0.1135451504662845,-0.1869356421202557,-0.9697107909833592,-0.9662751339678044,0.0332323887583188,-1.4470067905814792,-1.2872062058133542,-1.3905151160791585,-1.508568658822696,-1.4837006910653487,-0.6987953054357354,-0.4300106120337097,-0.8526869116923299,-1.360403122508435,-1.416880384331016,-0.288399673258517,-1.1270052332294296,-1.2616019247599315,-1.2968704232319408,-1.307869548748734,-0.8821168057354658,-0.9484792336059144,-0.8493224811775328,-1.1716143983978744,-0.9984680848957668,2.0
1.3410914198165518,-0.1601505480245211,-0.272349684693324,-0.4225136714418331,-0.4471714484784295,-0.4356241768113702,0.1754870132007586,2.962504307010265,-0.0665932249442304,0.4005465090083113,1.343109490084454,0.4944950352732027,2.8120901153768845,-0.1885081780141537,-0.3694058497020509,-0.1234715118995897,-0.7483399169348148,-0.896771957848614,0.1577803853378681,0.4821575030141098,0.0427451247809136,0.018631214091294,-0.3045426458098825,-0.7111322208819146,-0.277863630509966,-0.8602893628852835,3.1117654029032678,2.263611888120717,-0.4590908544357757,-0.6917998298883976,3.11791443912112,1.4520299334229536,-0.1297361461243835,-0.9138222690043696,0.5417014478795537,0.685297455743199,-0.3352334080302692,-0.1505139680115252,-0.5854215135984275,-0.5839569475584883,2.0
-0.1700017334262518,0.8974522290141369,4.696164256588395,1.1201877175420227,-0.9446946777247288,-1.1618388465949328,-0.6679119977267631,-0.7401360948067408,1.117174397147692,1.966479988051585,-1.386985910557074,-0.6073757990269355,-1.0060201460607068,-1.1474385432010787,0.7649874977390527,0.324847067607287,-1.255800708381356,-1.2717709435577382,-0.7152737156269215,0.2960047349599151,3.068447146866696,0.2842322215382595,-0.972293936802874,-0.0071243844854285,0.1567960337089622,-0.8484842452475325,1.1990531019388877,1.665552122355641,0.6300354601711473,0.3729930864690107,0.7464041720434573,0.6675420743364109,-1.2911658276538758,-1.1696141058249296,-0.7635492256323193,-0.909131584234351,-0.1280696190708745,-0.1870466769495467,3.983293340953958,4.131234301253653,2.0
-0.6352284080382877,-0.6793238702256108,-0.6265631842139068,0.757036628164435,-0.935913661029669,-0.8991813967839546,2.164211388429681,1.9011075260314647,0.0679543683215233,-0.0367968058842116,0.1131862234871352,-1.3094495649816285,-0.3014603310495785,-1.6612603741076482,-0.5525708483776048,-0.7303963929493973,-0.1631378000020009,-1.0639243492330268,-0.6690908167813472,-0.5721757843598247,0.3076381199521489,-0.3110310444589497,-0.109242849239767,-1.0266690666357143,-0.9479001568948072,-1.0000646911050302,5.256490789990238,6.085598610429921,2.9951801157443256,1.7785184584402014,-1.1578120615635572,-0.4370460661122091,-1.524156472438177,-1.0868881527108347,-1.2377444316352448,-0.8215578937886745,7.074652865797201,0.5397063284801109,3.1392579599782278,2.180523630793746,2.0
-1.2125475447171856,-0.5475569602298234,-0.7474611371537749,-1.3769979830574677,-1.2645591321967364,-1.1822743806345293,0.6926216711418132,-0.2302338857290529,3.1320985720209924,-0.9331615243210796,-1.0638935848960251,-1.1912976916152047,-0.672884555279373,-1.243076698640601,0.6837773807246235,-0.1625310960993502,-0.9284655860249796,-1.4203629251579726,-0.7976634763817176,-1.0518246200046537,-0.5888293551907386,-0.7583662386347836,0.2311806369069509,0.1742606135792521,-0.6915237324317252,-0.951812967035962,-0.8756928353758759,0.4416518364703461,-0.7873659380992284,-0.1970083812286214,2.684488149072749,7.272297302865519,0.9007521274975532,-1.0582256623035646,3.461424414048992,3.521882584947029,0.1582315344226814,-0.0819036922807341,-0.7772282320921509,0.0632069460401525,2.0
4.058707254043148,3.4934855130866795,2.68799474434325,2.49843526364473,-0.3045020496385677,-0.5407812642463461,-0.4294499547343724,-0.8845987286272723,0.4011652226086601,0.5938597807393777,1.7769117331926347,2.4157368932354766,-0.0372509931653941,0.5652840118013476,1.3656086298842505,1.6002725423425748,-1.151127703837475,-1.2410216857277263,-1.3544810594414765,-1.2006249875795876,-0.4306912152310831,1.9382400448014536,-1.1744392948358244,-1.2025959053020916,0.7940317488124511,-0.9634153405534902,3.7452941368075914,1.4938974675168142,3.865895556747143,3.771007780705269,1.080891807168194,2.811702493440597,-0.5203851394666446,-0.4896852127432098,-1.5169593631194267,-0.4747686860255911,-1.2251264814860514,-1.015116503323994,2.978726003512857,1.1076819212915492,2.0
1.692824808646353,-0.6574382805532855,0.8447542932889109,0.0079312989799094,-0.3949593197127519,-1.0054489167336915,0.0373738596293633,-0.9918841123393728,-0.7391093837505491,-0.4964347621745419,-1.2259074184522167,-0.5107120447071596,-1.1248406942720222,-0.7694290998595505,0.1440353425001674,-0.8273868605687547,-0.8932038126543778,-0.0318770094034821,-1.4792117379627534,-1.218405729526223,1.965877621486004,2.5539984128978546,-0.7791106703781692,0.443661429393317,-0.0418955361532917,-1.1004966229733946,0.4584314125898849,0.1819627151277072,0.0656532373972562,0.3233766201378931,-0.6032868435496663,1.1422674257202852,-0.7797068722704119,-1.0197353169368442,-0.7581645835186759,-0.6162036943262814,-1.3617697613332356,-0.9433135883424252,-0.0593591717640249,-0.7076127691321554,1.0
0.1086936626809564,4.7925039174372985,6.163277328977475,4.037473927739818,1.6181367933487945,1.0648951417845227,3.7242029576671136,1.4187564400766322,0.1844388689195906,0.1875022482715485,2.006697412288366,2.480936369792577,0.3580251305864839,2.453961742714021,-0.9501774776727244,1.615391248308792,-1.033736509986738,-1.108245174268454,-0.3183042378927672,1.2216566585151272,2.5233097860806684,0.142282602869094,0.1826876818191749,2.0985813000120856,-0.5819372020877651,2.055756374749886,0.044075325318944,0.6103803391662272,1.2514403403624232,0.3320926634524159,-0.6448881547183096,0.1911416561428467,1.80710007492654,0.3473889525152529,3.337786543311214,2.857323786748365,-0.0425388719695258,0.6858557024610157,2.715460420223602,4.906018455046992,1.0
0.3137844979687676,-1.5221461826595692,0.2187712094200105,2.053548816655489,-1.5203155283591083,-1.5217871342267766,-1.2498183527936917,-1.695827693254293,0.3715508746472364,-1.1921677309120229,0.7049700255020257,0.1020442508128876,0.6782231180359832,-1.096778288872685,-0.7774203809772948,-1.508271336345351,-1.1884568150229105,-1.284846556994122,-1.5828821230261547,-0.993150294053577,-1.5974886799880414,0.9068853619481724,0.4110882625272838,1.294291925630656,-1.7032402455578577,0.1363215925480352,-1.4683100413162469,-1.632060208404555,-0.9345022143923556,1.0959367283631476,-0.9987844144302538,-0.9693363948487416,0.7718257488548885,-1.1952045549577308,0.6521844226459184,1.429515129947431,-1.546957447836002,-1.390031783412475,-0.6714132586529367,-0.1887551547274739,1.0
-0.6297537208421291,-0.0017455937909049,-0.3312785931559738,-0.8542889189164358,-0.9848115091650927,0.7884136150760024,-0.0061825436082862,-0.0404006881638601,-1.5492391242304593,-1.4190661227320938,-1.35975838129566,-0.3767418651687721,-1.1152336609258722,-0.8555768971579765,-0.686655891385461,-0.0516108875716878,-1.040636976516225,-0.9825491868364802,-1.031055945358523,-0.6237599745987454,-0.5089085972037859,-0.4635361498891157,0.1379481297198905,-0.0335879094933329,-0.4025460308391801,-0.0221891134232556,-0.7795001754954969,-0.5212997780277604,0.0580259625491401,1.2272897644213463,-1.15453764864721,-0.7129071646004683,0.0990846398329337,-0.5309078017642217,-0.7675716967433415,-0.4541970549426359,-1.4028703609559492,-1.2265477681472277,-0.4897910247835195,-0.7317504934687866,2.0
-1.0220133050957156,-0.7520306759339568,0.6718433727707493,-0.0321463367753205,-1.0200821821475288,-1.4613381813787252,-0.0343657267491241,-1.0478039513684354,0.0498192893385334,0.3799533941346231,-1.1601850918116163,-0.3793921772021482,-0.345622648272434,-0.6353828910846935,0.5286531719522696,0.9147074176383678,-0.9822337911564492,-0.1640844158018821,-0.4689042454970611,0.3572061162102549,-0.5468507156709723,-0.0801184065397464,-1.0033840774144478,-0.3677299025616776,1.5471030380258766,-0.3326772407329161,-1.1995292521261427,-1.2577531457098687,-0.5662508378216158,-0.5262551320846183,-0.0433711040438691,1.3225223493499865,-1.1162182199226391,-1.3653708501630182,-0.7362431036927752,-0.3407405314266132,-0.2069330165730081,-0.4115673495013183,-0.3549490952611367,-0.9070328200972616,1.0
1.076510849326227,-0.1051431293699316,-1.6056146380144536,-1.548097968885637,-1.3832412341750115,-0.6548132258211385,-0.7939707299593963,-1.3233446464090135,-0.681409288921162,0.9096300168651466,0.3066024548198696,0.7234003650509271,-0.300676047687034,0.3334778243782148,-1.3801719737430669,-1.4279774422899916,-0.0681873136274187,-1.2471479684212516,-0.6143677547037338,-0.1868727692138425,-1.0305482009677605,-0.3839168427091834,-1.0491870606818268,-1.0411171038274594,0.1119564076657089,-0.180929125711108,-0.0307956572665215,-0.2909526719552384,-1.2258674675583772,-1.4014640840588295,-0.4664139086817553,-0.2758380080397726,1.395744094045818,-0.0504449627539318,-1.340575688624137,-0.0843001115854384,-0.6160454619448021,-1.17802992527963,-1.2954153555196264,-0.9353580105559108,1.0
1.7372299381799363,2.0615414873251208,-0.7263851597706776,-0.4716432416674605,-0.5798398933239883,-0.4070493388286254,-0.4433740014437672,-0.823403535521658,3.260216036765737,3.874477422175561,-1.179729577816958,-0.6768948762548406,-0.982711771854166,0.218221883178407,-0.7368826731091533,1.0131291253821662,-0.3644790016595758,-0.2385426583437482,0.6050327436587399,3.462379480109829,-1.0427576382856512,-1.4643396715423307,-1.1381719175525178,-0.2559823870927529,-0.8886306677636848,-0.0733412307554703,-0.4773915203276395,-0.5434209428121082,0.1302979551302598,0.013534794964396,-0.6822534354197951,-0.8388306774719618,-0.9273146767346448,-0.3728372520355565,-0.9103393689127576,-1.164482520938852,3.565351325323084,1.5866380615655933,0.2775318999390643,-0.1288263876294473,2.0
0.7458403469161561,-1.4105086361394612,2.417192614740255,-0.0341457257985937,5.496077791356658,3.9186697906199193,3.5821654804579985,2.349094800308018,-0.6033173414448969,-0.4161351204475618,1.0683932678279096,3.2787710015915046,0.1681270626946336,-0.3068244729910669,3.521176710352964,1.4189965999917424,0.7022499376178741,-0.0183245686199624,5.93276108960136,0.9142335586395632,4.820093441519023,3.1855176481865577,0.0161817756127553,-0.9399610132478564,8.992942099666323,8.22054688777379,-0.8100730811924324,-0.7227000629438369,0.3524552879564271,0.2583915091888786,0.6557990285408963,3.304037059361661,0.1714406979298881,0.5218233594716626,2.157451962434945,4.873262898210776,3.6559861855174343,1.6186978395518778,6.207346749951302,3.867728372955652,2.0
1.73219566421683,1.6638776536255315,4.228646983814161,3.961934137577641,4.318777112412191,4.728597496425481,4.1406551339037865,3.425207146175434,0.9671958347522612,1.1799146986785365,3.837639690751644,4.078475216992653,-0.5075131582244654,0.7430664935980138,0.9131441654865942,1.91642860487228,2.6309138554760594,2.081686496455105,1.7693397077819286,1.1640418222696605,0.5008354907596155,0.6221546217248566,3.998976685224461,4.368720049813481,-0.0681395201710448,2.259497906985331,4.462487993536978,4.1893735499574,1.7226873558630125,1.6186881412771443,-0.8462475261307825,-0.2393914126435157,3.81568707187334,4.653375837103234,-0.6441465039527556,0.99424481016147,2.7483795383073506,3.218851142447169,10.392097422082731,2.729440574083431,2.0
-1.0568817728079023,-0.9280873441132652,0.8922525517968083,0.0487490948573761,-0.965366548623134,-1.1027619128948412,-0.6678111901331731,-0.7059353252269371,-1.2043625188645677,-1.376284668148818,-0.755768441770706,-0.1800366169470719,-0.3631255423825172,-0.6287599339841581,-0.6704691287615367,-0.8553754768254103,-0.9004168570482358,0.6809678136259123,-1.06651532984523,-0.1108607167473416,-1.6529562813431669,-1.2422607111735036,-0.7444729354414186,-0.773166926748103,-1.0080194348144045,-0.0492716407277207,4.829263572606996,5.881774662616008,-0.9098810112361116,-0.8864637440766399,0.0931184775867373,1.7689220056793618,5.47873878811167e-05,-0.1416323718365886,-0.4546249465118626,-0.7513229128527628,-0.5509056713546774,0.2316196209982535,0.7518319820129546,0.6540089541221459,1.0
0.3315521008082926,-0.0511087753908858,-1.0984865566940754,-0.9087139002005712,-1.130956247481684,-1.027285499160854,-0.4731046911807768,-1.1680513747990893,-0.5630153385102412,-0.5956838387238039,-0.6708944614775181,-0.7538241912388757,-0.6059244520207416,-0.198638881972359,-0.4302676934675977,-1.2197314370284145,-0.96910886513023,-1.116210833959811,-1.4355624831690026,-1.476127252732815,-0.7762739723959728,-1.6818210011155157,-1.1673476051994545,-1.0470310570054235,0.8748227050349264,-1.0598372332267372,0.8420202571404651,-1.1061926519129717,3.595554976298229,0.5064339563161484,0.526272193798758,-1.4788786568087158,-1.4333217975537624,-1.3686890511146954,0.3055883413349751,-1.1031165563930383,-1.4216074704689534,-0.5888898089763899,-0.0389418019242864,-0.6020007659978104,2.0
-1.7073756623319132,-1.4416526484384875,-0.7792792365649861,-0.9903808060641746,-1.7626588198460635,-1.6834735886808891,-0.9686546824165388,-1.4602192044366566,-1.7330274716019782,-1.7035304529241289,-1.384217564848466,-0.4945448892315771,-1.712858825933648,-1.8235068559096024,-1.336641731755596,-1.3102725602853251,-1.8528304183900923,-1.7717233522613212,-1.6987791022083665,-1.849389732015957,-1.0455664543592795,0.3526764706477636,-1.5146422388670933,-1.7263686576887085,-0.5720098070722415,-0.716478053215142,-1.090309185217614,-0.6902468191466085,-1.6223860430191754,-1.6867713891402685,-1.8222959566071253,-1.8164154815664888,-1.7732696256147735,-1.6182601010814317,-1.2465953188456456,-1.105116850824345,-1.3002479600434391,-1.7914053862754904,1.6391649780046036,1.15130146184978,1.0
-1.151277226159365,-1.3082286409625157,-0.5546233290873772,-0.795082959611253,-1.1971583559519052,-1.0857461408365303,-0.0014564076562648,0.0971122865008689,1.0982483708868995,1.829463567866174,-0.3220104091919444,-1.7766755219421488,0.6080353521251345,-1.296395518524187,0.5214971730756774,-0.7631386667475302,0.4337555499085233,1.8798169279650363,0.9633037679268496,-0.0432911806665776,0.6691811429389141,-0.8704992644340392,-1.1474666095974275,-0.4157063579947775,-0.1315885300884485,-1.481617058095162,-1.0310076961271215,-1.3820512413690147,-0.054527455897757,0.1876854896931288,-1.688934018000566,-1.5345990095505386,-0.944949278651534,-0.9224547023613576,-1.410420660759344,-1.2137664079771453,-1.1944200160028298,-1.3555476931388035,-1.2939969771436282,-0.8553285457302224,1.0
-0.2801985064593557,-0.6797404410732044,-1.166737493062012,-1.109917096160862,-0.8097816997173748,-0.6018795760137916,-0.5432130061563525,0.3863847814781556,-1.0067684473408036,-1.024833154510786,0.7230176488355005,-0.6478597157593367,0.358478584530018,-0.6481786923380382,-0.1784862621255274,-0.4856095826104063,-0.1591503737432162,-0.944486918707354,2.4303680030111874,2.378804739073642,-0.9004898436675566,-0.8816670340580748,-0.6428281491474674,-0.7421874082313775,-0.3231661416187887,-0.7827892928707825,0.6043747113168538,0.8853216278411118,-0.8387404354264589,-0.8588291175490737,-0.1148899052010983,1.8735822659839332,3.282443305518207,-0.4422865712441584,0.0435495882072274,-0.5464732176055387,1.986638027348607,2.4303426000037573,-0.010678016045893,0.2074362384121078,1.0
-0.6251377295401102,0.1008988248202733,-0.6737028164095094,-0.6360607340329736,-0.1265452822628878,-0.3380565547174843,0.9994385808964584,-1.4947640448744393,-1.3387009295418468,-1.2168900999928052,0.3980994558912862,-0.3832722860003952,-0.1587944878729201,-0.0706752468178071,0.5015085115102922,0.6410066757061847,-1.1934987012447265,-0.9953516228195638,-0.1053836941602517,-0.3330305141161886,-1.4858850075214665,0.2849343203835275,-1.285622380719172,-1.0207789495353523,-0.5113108830622375,-0.450726998738197,5.616017793086414,2.55715491246008,-0.3854359515633629,0.8887464320996257,-1.257501476730896,-0.3423808142695539,-0.4781541048781292,-0.2625967653524657,-1.1558035537365772,0.3451282789892995,-0.3959996005936044,-0.0234943270452689,2.792203770452682,1.711755016929683,1.0
-1.0907500352755028,-1.0145319037928706,-1.1982571278498106,-1.330578623570469,1.6551060422470911,-0.6655600772406602,-0.4779402591183173,-0.4117152117680676,-0.9390436602341468,0.6216100929045956,-1.3505908868904584,-1.6266561526367356,-1.293316976023421,1.5684307846933183,-0.0828115805306173,-0.9302762433577456,-1.485792794297346,-1.6514184778371752,-0.4330086922132214,0.2671703435841102,0.3966975942313264,0.6957889712034286,-1.4047963817357594,-1.3049445783761062,-0.6360489548184542,-0.8742350912972365,-0.951973807899483,0.6389885742386969,-1.1814616217479017,-0.7628891134900151,-0.2929998205293014,0.0623934902367566,3.601010103349301,13.710410071455987,-1.817928302227269,2.307815017144,-0.5537325867223775,0.5506538855833201,6.920823561232554,17.507674478972284,2.0
-0.7714391669251377,-0.901281080273225,-1.1078336446364574,-1.3541010722984097,-0.6894486223548646,-0.7134310836515425,-1.5074721675643652,-1.3145163697800708,-0.9193750327822144,-0.936276848888439,-1.1977205483825948,-1.2504078291029277,-0.4959646391808925,-1.3396571204035612,-0.8788582667648135,-1.2533422437260002,-0.1530038015479986,-0.9961660545955072,-0.6665102327130228,-1.1093170212134775,-1.1969299015966053,-1.5518311238073663,-0.956894542696444,-1.2634482183258826,1.2430549185138196,-1.2291940716029044,-0.4067211029216273,-0.0239100490460115,-1.3540731573220528,-1.0518656327669744,-0.0453678417448526,-0.5597887279369207,-0.075008535434057,-0.9575735352454005,-0.7129227667132492,-0.988278411216239,-1.7406863289375427,-1.5741135405998017,-1.5184570719733612,-1.3512451675565984,2.0
-0.3415496591829172,-1.523775899753073,-1.5659615698983318,-1.5761357460713192,-0.7443259559822795,-0.914577182131421,0.0497143162980342,-1.1894265761743446,-1.5401302567981858,-1.530800540925403,-0.8956932062113125,-1.3417312002402295,-0.3681029189012021,-1.37090366544122,-1.1024467570004617,-1.5026872126088076,-0.6006987802306205,-1.4889698767181965,-0.8099718464300443,-1.411961429486956,-1.3100906633610223,-1.1566514153158094,-1.518503393530744,-1.3139578096431614,-1.19249657920559,-0.6168907950550961,0.6768561320891129,-1.1037262240585386,-1.0841813212285007,-1.1202674093086893,-1.2580721151073138,-1.0201198370257962,-1.0157564577643077,-1.0977822885004989,0.2117017989999121,-0.4201886064300835,-1.367574643346266,-1.3440125589084968,-1.1999161098652529,-1.5661400991576675,1.0
-0.4371707679561019,-0.4095626472594569,-0.5011494061972757,-0.621574483415047,-0.8892057240399769,0.0260091901754617,-1.0485316246797152,-0.5709307618831239,0.6600167898972695,-0.1425627615354576,1.4799930527387612,-0.8165293070052444,-0.7497589214275657,-0.6397310926919237,-0.8011205475188277,-0.5001669313196055,-0.7809260426316302,-0.3228208808951525,-0.0907341339567695,-0.3205619443205254,-0.8768580602929656,-0.8810656839519888,-0.5819027162503616,-0.38118947743714,-0.4020841720650696,-0.7163736189513132,1.1517598686364332,0.6008929278570889,-0.7724810845640047,-0.8086491709705887,-0.7232950731452976,-0.8089218998058794,2.725485986749656,0.3278042251473865,3.124657242505162,0.6166472278120905,-0.7442033368081296,-0.8135988924261044,-0.3413342226168643,-0.1119214067511258,2.0
1.951733618252926,1.277890163956097,-0.2205473892394001,-0.8220319347853424,3.9388954454543703,2.994111981329357,-1.0092627905034302,-0.9704092945409108,2.080957497676214,2.176870295636422,0.2349648178452081,0.7156007963895008,-0.2525912732886493,-0.2811868012997931,4.53955407699668,3.0088383800522127,-0.1665272591568394,-0.5540244768813798,-0.7025305702589866,-0.1517996409634427,1.9904644899088024,0.015807442558938,2.1852970296750307,1.1379821478498258,1.0207154981326445,2.333401581623283,2.939218904528082,2.6370646456746174,2.4526483870116973,2.3968104361207745,1.448583892055911,0.5767558090356477,2.376588180227632,0.1900792621640996,0.674929405980556,3.679431134686834,-0.7654625704368243,-0.3288311614562342,1.1454454990773897,0.6027943523164381,1.0
-0.605160096371161,-0.7636000768699853,1.0425516818865166,3.554751101443924,-0.7891825440164126,-0.6455416143213228,-1.255417967851579,-0.519575965230779,-0.8557692142844955,-0.4590416378485269,-0.4008215129167554,-0.7390947607678449,-1.1518553861385326,-0.697713809939005,0.9809119913038064,0.8680935402330485,-1.19123997344608,-0.1694185165785531,-0.439337517793807,-0.9256212924674264,-1.2592634631131367,-0.5248627098594816,-0.0418176116677893,0.6631763951888736,-0.8779021167553887,-1.119037492223063,0.2772558398686082,1.1076076446308276,-0.2594039580255294,-0.6259043517517382,-1.1125232579614026,-0.8709470290581773,-0.4939104964788376,-1.1349917416309028,-0.9638309381920068,-1.123078534612571,-1.33142514727924,-1.416320541312106,0.9678985114569408,-0.4709144531387466,1.0
-0.7796791628932991,0.8645929812230886,-1.0376102548239177,-0.8477220140325303,0.7871462504447817,0.3016049358061625,-0.4614744616539261,-0.6534781216968168,0.1184612171286865,-0.5293401650198777,-1.1769928904917928,1.2209735535546455,-1.232186001935225,-0.8472918369960274,-0.5819976799529396,-0.3854581901129639,-0.5748559558088986,-0.0510223230569408,-1.027436577788912,-0.6336111540358944,-1.0661163156351912,0.1532295383840831,-0.6858569455628678,0.5820311458944687,2.1897962662677006,0.0854664019131044,-1.166367874114056,-1.1815193210776214,0.0307549294943942,-0.0219913618349729,0.3159524251680636,-0.8989171604570552,-0.2236142923989077,0.350062865828741,-0.5351341555064577,-0.5725609308976578,-0.6247048051851989,-0.4069067556947163,-0.058594866882224,-0.212814830259536,2.0
-0.429833274108462,-0.1591610080663841,0.2178686539694214,0.8381513363944859,0.0376897171166619,0.3576604505759868,-0.2576716182848892,-1.1916083295436597,0.9549070370809756,0.547151481895555,0.0161880005151702,-0.6284584354687124,-1.6454188504239533,-1.3558459591689989,0.1696554238628658,0.2301377981631565,-1.1801099100471988,-1.7154409523336644,2.7652022897333506,0.5373483999214921,-1.4330244380425976,0.0771778881358127,-0.0127666229871521,-0.5420328958881755,0.2912022989918545,-0.9918910349073512,-1.2959362135648895,-1.095907992220193,0.024053623753014,1.301331677226046,-1.1637732166117285,-1.0027149500763977,0.9217599279682612,0.7832750036116094,0.3389376188889215,0.3086597383697151,2.345556273350004,0.0795599309368344,1.6464338040587174,2.1224720429789983,1.0
-0.3287436094484244,-0.7573254800440647,-0.7823954341879493,-0.6876128303243951,-0.4978872137222256,-0.3042092259957814,-0.8622810433223478,-0.8174045632605966,2.079230793647852,1.3271474793999962,1.310489638442471,0.52942784744734,-0.3482156699245022,0.8583301494828688,-0.5172307799965195,-0.1898006954242981,-0.9445431267168068,-1.0648584209114536,-0.8369920268490616,-0.0226007311726781,2.08301154794707,-1.0313214370973427,-0.6387505925292993,-0.3658785530625241,-1.275461574403157,-0.3870900507129611,0.9611817146152132,-0.566941319411324,5.613781822512621,5.832177243860917,0.0389134994645972,-1.067728115256952,0.2357721497681018,-0.3574605536723263,-1.0096917398618055,-1.2620298570395665,0.3193275918448202,-0.339481720585816,-0.3318567133549899,0.1735813946449331,2.0
4.915960175643344,3.780967636069729,1.3108470372526204,1.2006308458769466,0.9774731609601964,1.037430727178971,0.3971100832906495,0.1889569474936285,1.1754936933399964,1.2510707206007776,-0.3376495287699748,-0.0470623270814063,-0.321608276458079,1.1966361386362785,1.5810626081613923,1.093736375309673,-1.0685526192996395,-0.9386754092357714,0.6902010290251397,1.5350510320491182,0.5798762312873733,0.8124938608515233,-0.0286441287727861,0.4406843849660915,0.4190229389285749,-0.3980250554352209,-0.3902343447845706,-0.2251997962782734,-0.5672959158028794,-0.8186321709266617,-1.096410817888168,-0.8472965554241503,-0.0367794847278108,-0.176251893092675,-0.1489390166917377,-0.4870556555789278,-0.0526161480911686,-0.064468592451095,5.998977593289759,5.574410164548576,1.0
1.053291740999736,-1.0605275358681618,-0.6614808141965174,-0.6626969491320991,-1.0670890761862262,-1.052598043149473,0.4843255625418181,1.447563453280987,-1.221101349112927,-0.974810859859314,-0.0909619702385455,0.0986591697861238,0.1028161054224061,-0.7796361894344868,-0.2504649758714428,0.3346752701977111,-0.322309501250225,-0.6652258871578303,-1.4057837959291537,-0.9421610040915104,0.2546988524317055,0.8341253058981688,2.765917706921142,-1.1792152820740651,-0.8330553945680355,-1.104808196688995,-0.4485966018423757,0.2163383295893872,-1.329953569008438,-1.4509950496257715,0.8207668710257003,-1.0597911460241056,0.3362936754242431,-0.732580653620158,1.0729459330275732,3.553873990834779,-1.27465526423442,-0.4759038250818279,-1.0214406198330377,-1.179504922265328,1.0
1.0642807209117775,-0.697595930873661,0.5241090259712218,1.515176431044699,-0.4737887347631284,0.1757708405612739,-0.344440669294884,0.1507885230385133,0.540923492161455,-0.4982052157342154,-1.4645665071444811,-1.7471719273187076,-0.6175711066398053,-0.5094134704772011,-0.4670438224331112,-0.7832962434665234,-0.7119600368771741,-1.1640680998740096,-0.7035310050187706,0.2255327289016642,-0.2887689583425143,-1.0978637947013057,-0.4932613115650799,-1.306553681430482,-1.0337164902359854,0.7504325569247032,-1.1023864284974303,-0.714937633669932,-0.5320981664178595,-0.8475650122095164,0.3674980788973094,0.1717014161297396,3.6162521797920313,-0.6355174388570468,1.1251270987446906,0.648411232331056,-0.0104222283910244,-1.019708429107934,0.490943710854645,0.0740315716599284,1.0
-0.2221811367975514,8.99470105825386,8.67565333632023,9.25132525517735,-0.7934492252971901,-0.7502068250048821,-0.4119587484830473,-1.416640930239477,8.746732975883816,7.298027884757811,0.059340501479228,1.2827029267306118,0.4051150810739981,9.11197001919259,0.6599401553013542,4.7932049447340885,2.147274010636255,0.9324968355767488,2.374528320514964,6.308737674407778,-1.2738820633869454,-1.0859338430181866,-1.5165906484204708,0.9463702601830776,-0.4048514208789258,1.7873552885202333,-1.227587941354357,-1.4412897840320442,0.616850119863452,0.7290812292363955,-1.3525575645013854,-0.3997934632703486,0.999985182433135,-1.5636234022957172,-0.9539291876088408,2.9373156506947438,0.6669106008297763,-0.9308766383200724,0.7674057867808566,-0.6454449855627553,1.0
-0.6586125379423153,-0.8924583960251269,0.9720422689925856,0.0920711392748012,1.334519164558568,1.6123265786201095,-1.3580584519005112,-1.324825632757553,-0.8899462092774075,-0.0860232620744181,1.774137280673,1.4702927611924703,-0.3942226522828811,-0.2076808380805812,-1.2556828498116126,-1.0559499639060028,-0.0488411387417215,-0.6471138430988086,-0.3991909646698417,-0.8725810956506308,-0.7660243647009612,-0.8839334171356459,-1.1925055916863847,-0.9958507196784794,-0.8204745868233556,0.4270896786801081,-1.0015574226046688,-0.1421194137093961,-0.424830198843618,-0.3994909577394296,-1.1840045022325223,-1.5051870406241945,-0.7350353255888948,-0.5158847162066325,-1.5151932287317644,-1.4540569808212669,-0.1714057315887007,-0.6102527059253977,-1.3789367777585129,-1.431387990822527,2.0
0.6268500843612603,2.2303587093768016,0.9486803964655346,2.0785111656372592,-0.9686846164100072,-0.9633309508904548,-0.7506233061131673,1.2079035752763572,4.779892658683931,3.5657626875649395,1.377437050701129,-0.8671753690547197,2.187322256640945,1.4160974274532343,5.524352673348925,6.417115892220167,9.235273094713824,2.3705576556755386,2.713615464191106,3.130193758882349,3.565280642187231,6.723361206979327,-0.8479590473016998,0.6577802175913434,3.174374914109098,1.9055853777285476,2.448780178360261,1.7427559378546018,0.63389938914887,-0.2245143847434176,0.8277455035350618,0.8999895282371626,2.050674756576788,5.081102454720405,2.3206618156632093,5.007770925226112,5.933041097977004,6.751444007870294,6.7447220553677205,6.865945746579541,2.0
-0.0258860618507816,-1.1030679846488036,-0.9162751994052144,-1.244524442677294,-1.333386221134882,-0.9579496562049066,-1.5389566609047505,-0.8794103142623424,-0.0062597578758976,-0.264893025210577,0.1357351902099375,-1.3512386698422765,0.4362969842630306,-0.1578997875702508,4.1989299222337975,7.67929446612855,0.8245074005837374,1.1507999545903775,-0.9039370452779748,-1.1868573580031203,-0.5928465772394751,-1.168674296098985,-1.0605581290940824,-1.4645826646268372,-0.4110010723584474,-1.5454200376253338,6.481457094951907,4.855650285766967,-0.4838578933941759,-0.0424231622056239,-1.2252375046859645,-1.7072092178586655,-0.4209416052548116,-0.7882438039639084,-1.3689713802797825,-1.4751584835014977,-1.1308321922691826,1.1572350751663285,1.166977070107338,0.706903466153046,1.0
-0.8854675981498361,2.1284920023678677,2.409082779262582,4.51529615836447,0.426709321175176,-0.2515447151873546,-1.173036133622743,-0.9034238921063658,-1.0583863551975423,-1.501505285995886,2.950497973065879,0.9863178000604704,-0.380110859672373,-1.2093240575180109,0.3117264588157309,-0.4596873232932195,0.4142071866870052,-1.6697083424340662,-0.2461628064047967,-0.6041857057493081,-0.9024223969959632,-1.1214246001670702,-0.610929675227252,-1.088140881910636,0.1398794798645548,0.254693638162156,-1.105398113564804,-0.7068327822319249,1.8342876209738528,-0.7540878776711568,-1.194881197188664,-1.314629690644206,-0.0653304036966391,0.0884267777705267,-0.9195857965914556,-0.8529399412797973,-0.1518498818148286,-0.4491112811473847,2.173227004475128,-1.0433060235420146,2.0
0.5481406293399216,10.76275396469074,11.520936793388872,11.864380932240127,0.3984635260868074,1.0285509692291104,0.7037472989840898,0.5746822012166355,12.28299591261563,11.234507606664948,4.896689824157635,8.761175137829136,0.8769653556046153,2.680215443370714,9.5339633984295,10.401842994875114,1.4152479936485711,6.09736215396363,0.754584652900034,1.8824064660502808,1.002035007592205,-0.0224770994359841,1.951206178600895,2.9533776147787805,2.759277078615267,1.527026782070358,3.234066082932926,1.6622032334072667,6.799423603600179,6.255104829431097,4.771107120166035,2.530293823286362,1.9892311340394693,1.566624824674994,2.1818747310066886,1.1372084786399368,1.7518648146284352,1.9826849141213945,1.902257791256039,1.2891914501840862,2.0
1.02167818799051,12.94170010019298,7.108102717044396,8.628157785252869,1.409538278349899,1.2022241890440355,-0.6402455113428269,-1.5511536780474509,7.953907832667852,5.780045453723762,-0.2436214820464775,4.01417917191394,-0.9206010076600264,0.9536907083551212,1.242048277763482,8.999350680426453,-1.1944678960831407,0.0748669539817572,7.500776652567147,2.817816856517185,-0.0502244825589777,-0.0827636983564845,-1.4240777922358288,-0.634468894439189,-1.3882012202865692,-1.285604541708904,0.1366281478299802,-0.1329924800239226,1.291850918896161,1.777399334180152,-0.6419886051209316,0.3311591454890341,0.399542132450474,-0.0368340015891339,-0.7317222320400028,-0.3436516816872177,0.2379605460328817,-0.0136081684809115,1.6671142058499715,1.7010072765838604,2.0
-0.6877918832891745,-0.4362142929572861,1.5911693752507503,-0.5317363307766239,-0.3349900241458519,-0.2820570188494677,-0.8338447100258128,-0.9021305750555756,-0.7939415225166746,-0.8899444761874546,1.2082305506882731,-0.8448903184155898,-0.8341038313466966,0.479763713927706,1.100225721598016,-0.0730988439600479,-0.0603358839604082,0.0420286562774734,-0.7739978631444657,-0.5829813685093912,-1.3517789625906775,-0.7304074907582923,-0.7336464212191003,-0.1042586552050934,-0.0896222620300259,-0.8144842401540218,-1.095644835727244,-0.6852570590680185,-0.1905339115761712,-0.937588804950733,-0.1748586293479803,-0.0214713906891703,-0.8366580863231392,-1.0363631188150697,-0.9271854435820996,-1.2790823051572566,-0.5781213443704152,-1.3069388963672453,-0.2700452238922439,1.037822676684681,2.0
-0.6226633034791336,-1.0721845283314966,0.7233269071739103,-1.0247704352714175,-0.4034768113262195,0.8068090076083911,-0.3388148938812767,-0.4620658789528797,-1.3343068941304594,-1.1909029388586878,-1.6370775048233397,-1.6443506309227391,-0.8186774528392005,-0.9421294045447376,-0.8629819827178622,-0.9637260343760516,-0.1712751848851326,-0.8498423161376301,-1.1530486737991126,-0.7150173719705655,-0.2240549542914434,0.1556485116277359,-0.4011201279843401,-0.8005320852571476,-1.7892241393655797,-1.9255411187437124,1.7852774892027323,-0.4598569469363767,-1.9106083021374676,-1.8807963132761067,-0.4825577863091972,-0.2605427150802812,-1.4836122576011517,-1.417791616651977,-1.0026023174835843,-0.1701154812506597,-0.4863096640033961,-0.3993304323443425,-0.4483490308741737,-1.1818802061089233,1.0
1.1328935630679684,6.93564328891096,6.106350765420125,7.461541623975929,-0.5226521561281503,0.0654109535338269,-0.5290118842598046,-0.425790422564928,6.526282611275114,4.010379284605231,-0.1319951112056037,1.8269521953146288,-1.2268270208645211,0.739634255081091,-0.1368618154897189,0.6234877960694765,0.6366415249266906,1.136192292392476,0.1898504009749619,0.3648745286847985,-0.9763667496999616,-0.1962336247984404,0.2225422680011006,3.916948088405091,-0.5444704425832434,-0.2218397488520289,1.2265944174446537,0.5782270280597559,3.275954008362993,3.504213283860961,-0.0387436160688099,-0.0117372106591124,0.0669240998353517,2.0019555523634045,0.4994063989347084,0.191298020077105,5.744582935197794,3.310555051642587,-0.0821610172298421,0.265208247697605,1.0
0.1227882080681008,7.796886170075766,3.243760090984108,6.484687535232693,-0.5712574513368702,0.6510835084879987,1.1988486823818991,1.2647089043558737,4.999192406799552,2.2317708370442797,-0.7235040636882646,1.3144527956950718,0.2955538503043557,-0.9729761171384844,2.0603927657930274,0.6965462037552177,0.0047019639467427,0.5682026571932255,-0.4017702317833942,0.5166542742287419,0.7702991322956536,-0.1512495782018685,-0.7182462521769408,-1.0133944910367527,-0.0623594286126314,-0.9773083536473686,-1.0850039224731969,-0.426460238601908,0.8170352308790987,0.4867122088027291,-0.2651385767801693,-0.3736879860768742,0.1189614499833267,0.8091448599879478,0.1485000751246152,-0.7330302265283724,-0.8156462108789571,-0.6996749285238302,-0.4453065026319356,-0.6314729731355047,1.0
-0.4622540069305434,1.9615628987558305,1.1463361983771847,1.978609018784419,-0.5571053375813775,-0.6194117880920325,1.8676871725195772,-0.6840859540475455,4.404200181354673,4.34518127901392,2.288631869351815,4.38748232831337,2.2371101479910527,1.714758229242877,4.248506510985012,5.90481255380389,5.7226233972719385,1.7605258847770475,-0.1272365382062341,-1.135526989886579,8.231101875429987,8.493781767919634,1.830430986225024,-0.1076018591929015,5.819665402511575,4.920376749895613,1.8643192985750223,2.2208855319161334,3.002062525881845,2.997168475246407,2.7030291450754493,3.633077297620943,6.821138436258497,6.462007240253779,4.421888129790483,4.14736316274715,4.610577122807487,5.013944382860203,4.779211713165817,5.623153505441948,1.0
-0.0922111161451217,3.161242236685311,4.117081427970481,6.2190958079852265,-1.2260323559409407,-0.3151924158574095,-0.1681589673064447,-0.776104397932524,5.560442268140267,0.6327335128345335,-0.92473883666714,-0.1106378518604898,4.569682089091106,-0.0569164421698258,3.3350101810394293,2.4267123049914776,5.576478694026049,-0.6802112359694958,3.9604123517041607,0.5898108231197279,0.6305038418847873,1.0035540242747327,0.4363731797315662,1.8177687189766605,-1.0764152334521664,-0.917587267373826,1.966924944731176,3.60057320101037,-0.3670057540218896,-1.0423466252027167,1.086989961024985,2.512092616989328,3.8103911110307696,5.598413067167293,14.655255077899293,14.326116711781196,12.701785295541278,0.4474994985196185,3.839089997866725,2.1883224204085847,1.0
-0.3722562688981687,-0.5954322141457089,-0.2512337547462522,-0.9493107825944662,-0.7495508884914015,-0.594265527868421,0.7694095950626725,0.5028929992041915,-0.4699048850289222,-0.4476586255556833,-0.961985086399836,-0.5696256460859073,-0.7511895350615116,-0.7782021723508366,-0.2579382605685758,-0.9734720393937186,-0.571044784538588,-1.434804060801185,-0.4670825394997226,-0.8140784581285465,1.1859490269569708,0.2108402740805179,-0.3074871780788988,-0.6776205341282826,-0.2985425217583697,-0.8507859775537803,-0.364463681490891,-0.3043861120400963,-0.3216165101492505,-0.5037243444961566,-1.3481241099532637,-1.3911835372028785,-0.1126635745966027,-0.8231585944336355,-1.1753600892016762,-1.2599752534271336,-1.1865174241131382,-0.7526312472722121,1.2660543530911994,0.7746431664669213,2.0
-0.6772638065330474,0.3070866522611224,-0.3664777896497457,-0.4890399971999617,-0.1886384010944723,-0.2671306752077291,-0.4628190722163245,-1.0313785520866414,0.0333103350392685,1.249486344300795,-0.6841340581810491,-0.623032263565876,0.1625928875785063,-0.8615504990422282,0.3061477655866338,0.3125359660650586,0.3369585360533422,0.1876366406554042,0.1516809332229618,-1.3305539613055175,0.7884223110359336,-0.1967107500553626,0.4147637740671972,0.7710569150836788,-0.5815748777285297,-1.208259196953661,-1.2310454466146024,-1.5112208796795144,-0.6020530030827973,-0.4655984069493959,-0.8308666834737295,-0.9428393011988896,-0.2901806656623975,0.2291239049895814,-1.3867372302952183,-1.2914959461487758,0.8711066157426872,-0.8981035048330943,-1.4406080592686783,-1.511059987057663,1.0
-0.4654597076740865,3.965666168600945,1.8715662701511748,6.145302451295862,-1.229585257841704,-0.9415383260050628,3.228492617760873,0.1722919521858994,8.62600596691918,7.230565050938232,0.1094155355718924,-0.7575290142377247,0.386000774614001,-0.3647444172479592,1.106903732106321,2.73801217879066,0.6140532380501833,4.204452834723272,1.3829637146702032,-0.3396999902119617,-0.5785797192403459,-0.5188801405228287,0.8221357913469309,1.914107100722794,-0.7657231664836153,-0.8652441711837877,-0.7814051949449343,-0.8470490698050472,-1.3342579404177382,-1.0263004467452512,5.506161870064764,0.271929512305423,-0.8856942549998656,-1.137688168986612,0.2378362709517913,-0.3370501288860286,0.8556684247218889,1.6563355272036215,0.5439791304006074,0.7190859474182338,2.0
2.404929057300359,6.795857361454555,9.233478614201069,5.578480559545675,1.4529208407243104,-0.0022243078540737,-0.3558621875654135,0.362339602811331,8.305676761421958,5.8786201085401135,7.335863526598487,2.8445940194322343,-0.6600764870395261,3.1610174574351912,-0.5515946833447805,0.9898848889094012,-0.320395229892445,2.636168936917753,-0.2447226182351269,-0.333982153306442,0.3999424368867221,-0.4744289823846066,-0.7514795508518279,1.3191261114558888,2.6507074417149177,9.993470452390126,-0.9708794947336684,-1.096054140929846,13.467515925879752,14.37240632290974,-1.0681552634579878,0.5097592854110586,1.3893591780229464,4.5931033533232,-0.3585268017572529,3.015075031615898,-0.5677316734500808,-1.4221095745176584,0.1364521790465716,10.363395642827657,1.0
-1.7086486628260982,-1.6573322292698784,1.97940291119024,1.9257088389741237,-0.0729024120554955,-0.0093011926699619,2.4867615111561463,2.1880751493618984,-0.8137339998302457,0.2264743420178936,2.1777483952097327,2.0086741899887723,0.0846484697306078,-1.0708634093226972,0.5953555498720426,0.8958430170148395,-1.2385245700012266,-1.2544937637669016,-1.024878706850584,-1.1791627969907033,0.8481895442371465,-0.2805508489954817,-0.5797817709617235,-0.2128590210679481,-1.8293819614048263,1.4659667573680908,-0.1611095749510909,-0.1328846201569065,-0.4594956906022438,-0.5951600218279856,-0.7143364892205706,-0.0289671500423005,2.824411470020551,1.8187001644076988,-1.2668694193638492,0.0930563015445744,-0.6611377090253394,-0.6257656063206021,1.0534996139100563,0.7169619796968956,1.0
-0.6670246662408563,2.213981123236807,5.0046576208489775,2.3443347686373217,6.359514426558729,6.697926968012851,6.451675487118287,5.756165407317981,5.936484564180184,6.360323467823729,5.205455044323344,5.239670055562305,-0.2163971759432734,2.333579385895076,1.6433997441937942,2.0623157505433127,2.3648528364139363,2.024909385238228,4.061933877297967,3.172123843956335,4.521696283485925,2.313162181415998,2.211552349700435,3.3543054311709186,-0.1735861142347192,4.589536403756495,-0.7467562378843637,-0.7040373957459884,0.5498169201616654,1.4292195601842712,1.9652447265695336,0.3227754405659775,5.588359407749845,6.441708413928275,2.0087056862576613,4.870834361767807,0.6105001324738057,-0.9276347667475356,-0.2728495736192422,0.512946465136872,2.0
1.7621884055252617,12.637340701593295,0.0596348282081455,1.0118661726498726,1.668047052325079,1.4884582410752571,0.1627268963329466,0.4948484047217678,7.017445001984406,4.860133835856647,1.5152294789701015,3.1987400510358714,2.9875005731001814,0.2788611335999156,-0.4248094271510334,-0.5697006332902097,0.3220820623255545,-0.75793785476528,0.1306566296382723,-0.7878482446360109,-0.7361706219482684,-1.2318230839387163,0.0861084034131849,2.738848831728593,-0.1801262055907333,-0.2076182211775838,1.693354851345128,2.6496701124034274,1.1021145812593964,1.0116155538155045,0.1751247744710751,-0.1820105085194461,-1.1310653685297638,-0.923754587835159,1.6573136785048153,-0.7517250697020099,0.4653962013929029,-0.4487671467736502,0.7393386616022348,-0.0057169288773155,2.0
-1.2232858819808785,-1.7000404758073588,-0.9332014987406804,-1.0367757760564915,-0.3431932679122305,1.9681496015132172,-0.8075874909558873,-0.6517672830623908,-1.6348054216852426,-1.5507329345725198,-0.4603233229545425,-0.7970151899597275,-0.3797067585263427,-0.1111495078997584,-0.9563391809038144,-0.1835241577269171,-0.3185576468108548,-1.0741366103117564,1.8617646668041423,0.7553545148330905,-0.3394091726033155,1.0356565667472362,-1.298706223800457,-1.1888408265533987,-0.9593461687854332,-0.3313496790404495,1.834124013384148,1.8522772528829796,1.1631406208053647,0.6686643460839203,-1.320442174118331,-1.253699528591928,-1.0809964921414574,-0.50890594147983,-1.1894493012674738,-0.2920837277824502,-0.832217037504857,-0.9516734085841748,-0.20153783182498,0.4814476311093991,1.0
-0.1798028263584075,4.693999809457909,0.6020058979700029,0.9861623092362168,-1.2987786306173028,-1.4032018630880416,-1.1910297187111112,-1.4715471703623184,3.4785893699605523,3.0208568188593574,2.2384979281411894,0.6381857761192578,1.729699547654743,0.2907530873078392,6.977846010369674,1.6482566260636196,-0.6964366954840093,-0.3137129289015856,0.9666679954843818,0.1205645771388996,-1.06631881386503,-0.8247521831675062,-1.1114023263917252,-1.2283123368638165,2.439503348286681,1.3304068024116198,-0.6532163290170616,-0.6760908168812034,0.7717506881634417,0.4529808676575513,0.5500993070927205,0.1802127591443536,1.4413320132853338,0.0036253918290545,-0.943113607008056,-1.246803299347911,2.50120128134606,2.833664558384191,1.0680122264825176,0.8594935869977123,1.0
-1.1417577129602403,-1.629831476909203,-1.6959171371072217,-1.7323151414774858,-1.1598207152087945,-1.113514028486143,-0.8868845067529891,0.2073629735986784,-1.7471462589133493,-1.5645236494243009,-1.674851666524594,-0.6323502042245037,-1.6472665743717945,-0.5740317377522013,-0.5279612196798551,1.5486165342091098,-1.3562373692894678,-1.269593155744061,-0.5492548299361846,0.1995122804268345,-1.4436295030294417,-1.392915882551838,-1.548477858927305,-1.674607663539447,-0.9667643659553876,-1.2052374552795653,-1.793572447163636,-1.7848754135286649,-1.936180746739336,-1.9594838232318044,-1.131639732839802,-1.2795095549814637,-0.8509626309729472,-1.227538012888264,-0.35874113643243,-0.9890755300935123,-1.2054855061488603,0.1834857867931201,-0.3685592840937621,-1.1245351425354506,1.0
0.6415486477340666,0.0566824616485326,0.8390985540371929,0.5034798377350711,-0.2944475243409328,0.0146220989652423,-1.174739663407129,-1.249139310503417,8.620026211567666,7.351086606059759,-0.3714840592550881,0.1761581669069376,0.5653049383588353,-1.1938300102238757,-0.4964499123985675,-0.0160641812804587,-1.241119098198494,-1.4153991451972632,-0.2165098484330596,-1.1083088325888122,-0.187790539335491,1.0049292188484271,-0.5990376138238487,-0.8292772232621743,0.5738168500174452,0.0775333501338786,4.351270350323212,4.106460298873776,4.932332149257558,4.097362828011749,-1.3086693569653665,-0.1246237776282734,-0.9618712277005176,-1.114187325370492,-1.065963230102472,-0.7569633651503156,-0.5424347424699096,-0.3148466967882823,2.6070047072381186,1.0407778445327267,1.0
-0.90425071601373,-0.432587483173557,-1.1006150756826407,-1.3943463884382654,-0.4452941455776122,-0.9915116617507748,-1.3814378253956443,-1.3995184447887898,1.8400672119829864,0.6125934037361933,-0.2345892695810514,0.0581729509082373,-0.8609306273188664,-1.2665871909385902,-1.357558845499655,-1.397913101134228,-0.1309339335986803,2.125438013688874,-0.8834758389435606,-1.4235241730711443,-1.235385396424757,-0.7154702562873285,-0.7358072164358558,-0.4711737707983761,0.1133270547077649,-0.7810203313164195,8.120662952756897,7.802948281461235,-0.199737105771605,-0.5491577418342666,-1.4613180496748543,-1.7932174208852545,-1.6545708094903528,-1.1309069822822468,-1.2589872430540063,-1.0272201594516666,-0.0081801977946684,-1.3158771599542942,1.964194658255632,-0.2870578099177705,1.0
0.4498241082389658,-1.263107421158032,-0.8979735752582592,-1.4155372842116012,-1.09546407092726,-0.7083738038428016,-1.4249409446065182,-1.0403696362239765,-0.9081111944178382,-1.0591525793112393,-0.15569877384404,-0.0729837364784677,0.9647689256602376,-0.3415266834163852,2.393385379296662,1.8498663415970684,-0.6371993507606186,-0.8212412258118631,-0.0992566134146595,-1.0105488913489349,-1.096121024474403,-0.8121545127822105,-1.2282534696737,-0.5669451742256242,-0.7088685840566087,0.607798630124138,1.479279649124683,1.3339556826251346,0.2603198142730365,0.9910826292759104,-1.5125767505538967,-0.8743620256212385,-0.8170124470240681,-0.8232551043430147,-0.9078256778183024,-1.1719443895828174,-0.5658277678284422,-0.1435597338353198,0.5259627562909293,0.4683868649890392,2.0
-0.252860392570073,-0.8271744564910675,-0.8938430910683937,0.7889675046211408,-1.36208819245773,-0.7665220049234334,0.0111054722852395,-0.2121781468654182,2.2013354957895004,-1.052371121336308,-0.9161801069313816,-1.4952633296039513,-1.4435242883254404,-1.1301095994033603,0.7422929946699575,5.182813574459296,-0.5144307808333188,-0.3810978484475678,-0.1796922442358077,-1.584867305213321,-0.0638864507554881,-0.971483003741084,-0.1671312018086661,-0.7300660819941442,-0.9846340805047928,-1.7414288014589598,1.3591283293667011,1.5875447400828406,0.4790403781195556,-0.1659337721492528,-1.3965042805390837,-1.4654542322556303,-1.568401231134027,-0.6565330993486507,-1.0681182709025236,-1.2634233387883096,-0.0521321598241799,-1.0112454974488982,-1.518422164953352,-0.7357437862260823,2.0
-0.6433338821557122,-1.170713670285458,-1.3533196741505022,-1.5153130020531995,-0.777569479564745,-1.3850412131488483,-1.2723762143248527,-0.6176065562010278,-0.904161512332136,-0.6219388562492831,-0.5153235873852822,-0.9927253409388777,-1.0838731153954162,-1.3951829943264975,-1.5014868497388414,-1.716881661578631,-0.2769682063524747,-1.1303704479727184,-0.6442323063878459,-1.4126704465112754,0.6777816210784735,-1.4471377658382312,0.5422720479234369,-0.9864659935144412,-0.0992739267705693,0.0551707779751153,-0.6429222925882154,-0.9747506380839156,-0.9063470188947312,-1.2040241060068209,0.3008768484834347,-1.184248155600533,-1.2303519308449449,-0.8431751263323659,0.3628120213529824,1.5188985226917318,-0.0589515895590349,-1.2139911248863573,-1.288947633415631,-1.122368795091763,1.0
