0.0015170794517522,0.0012140458399232,-0.0012670792082729,-0.002704668331356,-0.000134781450767,3.628793897754217e-05,-1.50253427847793e-05,9.629326795220392e-05,0.0009396092748724,0.0008970920434906,0.0021576128983162,-0.0021418552382227,0.0001783253970122,-0.0001212179746335,-0.0007825174249511,-0.001203094387744,0.0002484179244017,0.0002109183033016,-0.0001682772369973,-0.0005334828715997,0.0005807365949541,0.0010749991606399,-1.3215207115182116e-05,-5.794958068925585e-05,-2.909111375474983e-05,-0.0001021759981093,-8.617917859535024e-05,-0.0006007735022183,0.000206748966768,0.0006899950176675,-0.0001181489708427,-0.0001596294557996,0.0001317880361209,0.0006414889859303,1.585337247434149e-05,-9.117179011546264e-05,-0.0004922708433908,-0.0022433818611504,0.0003395034566588,-0.0001307225910067,1
-0.000946900147214,-0.0007485136063075,0.000720453601427,0.0018650496854219,0.0002605436265572,6.218629334158685e-05,0.0001043568148225,0.0001072791990549,-0.0011847911005628,-0.0010928735923157,-0.0024004584224943,0.002194981759189,-0.0002447879345481,-9.695634317343566e-05,0.0009984701634333,0.0013791709130349,-0.0002817051921289,-0.0001526641533961,0.0002188227050334,0.0007018205579626,-0.0006321340748751,-0.001493080794265,-1.0009696763099743e-05,4.0137073041024176e-05,3.988836823089556e-05,0.0001291593032554,5.5509744825680055e-05,0.0006711790015748,-0.0001859022946149,-0.0007345862066247,6.525714267517915e-05,0.0001357685252975,-0.0001801415248146,-0.0008385023791046,-5.576915074791499e-05,4.5428699360319466e-05,0.000741633609773,0.0028443065709103,-0.0004448772862068,0.0001965115859305,0
-0.0004230275289266,-0.0004421527361808,0.0009757935040555,0.0007256324037657,-0.0002598354619791,-0.0001201709712792,0.0001632882330636,-5.676446330202007e-05,9.064884638877404e-05,0.0002818122262618,-1.6709535716028764e-05,0.0016544814702872,0.0002146745281972,0.0004827806966046,-8.78682403299793e-06,6.694274925682626e-05,9.043317011070218e-05,8.628159854924863e-05,6.199281063603349e-05,-0.000175264799098,9.496133198823625e-05,0.0013448873085656,9.589133102115552e-06,0.0001037366994054,-1.1991222442023085e-05,-3.320598165913246e-05,0.0001181499709699,-0.0002368895605977,6.600330067295272e-05,-0.0005785520443973,4.301914543112815e-05,-2.894065385874179e-05,9.971578319824846e-05,-2.0339781174565856e-05,7.293660559880004e-05,-7.300402846329388e-05,0.0002903049796166,-0.0005300962024888,0.0002293675309916,-0.0002172738165844,1
0.0006696131683483,0.0005468455988009,-0.0009128554079105,-0.001009937617124,0.0001123417841389,8.938727527888869e-05,-0.0001315348763974,0.0001062908445825,0.0004262404213221,0.0001578452319658,0.0008313630311071,-0.0017151493915828,0.0001500162606195,-4.834317808088647e-05,-0.0003621920487441,-0.0005965069700509,3.50311457513269e-05,-1.36087496502272e-05,-0.0001730818649451,-8.557093953525004e-05,0.0004253792739344,-0.0003567622415678,3.0463972873709483e-05,-0.0001022611460953,-3.1701196079260387e-06,3.684169317736158e-06,-0.0001074658591963,0.000147163630697,0.0005400573991782,0.0016050837212425,-1.1129960480280362e-05,8.55175960469683e-05,5.73087049312625e-06,0.0007033069635188,-4.546919323294573e-05,0.0001245063004677,-0.000633554785287,-0.0005898004986158,-9.055376529718642e-05,0.0001459006107847,1
-0.0003324155498288,3.3129868347828654e-05,0.0004953009993753,0.0006499083347398,4.219434932305084e-05,-2.488031551015398e-05,-1.16339830776949e-06,-0.0002272900371251,-0.0004943854614936,-0.0002142351462526,-0.0007632362737775,-0.0001170839928633,-0.0010517517589546,-0.000755121211397,-0.0002032323891176,0.0001613964055146,-2.910609538886424e-05,0.0001030226891716,0.0001586767432663,3.969708757056406e-05,-0.0009523619098523,-0.0002824271267509,-7.68123591283355e-05,7.518579067355947e-05,-1.2284354222161947e-05,-4.248338796453808e-05,1.730881987110398e-05,-0.0004690543267724,-0.0015502048426767,-0.0027786125051365,-0.0001011392214039,-0.0002128798990241,-6.624718515535253e-05,-0.0011376590673431,1.826276522015649e-05,-0.000225479504065,0.0008058486093176,0.0007081557563609,0.0001305259764445,-0.0001580750374463,0
5.66535768840064e-05,-0.0004379164241285,-0.0004923706061441,-0.0004885218501647,-0.0003208089572488,-6.302851147425177e-05,-0.0005360048709078,-0.0001058687921823,-5.629580149563758e-05,0.0001430793420797,0.0003164322473206,0.0007510006493304,0.0011410656405276,0.0007203576053688,-0.0002485729944882,-0.0007814802298881,-2.439723307680896e-05,-0.0003973093557909,-0.0001211408873867,1.533414990656384e-05,0.0004334892972265,-0.000479095875602,8.364892371123155e-05,-0.0001707657289337,2.832104072391136e-05,3.208037285603825e-05,-9.300353103933686e-05,0.000186701321844,0.0014946923685156,0.0024410433955906,0.0001127871547044,-3.860186391846602e-05,0.0001026406332863,0.0006387078830974,8.036824733894948e-06,0.0001300803144687,-0.0012004500245596,-0.0012438987219243,-0.0001929853167906,-2.3712116824888524e-05,1
0.000292310804921,0.0007558606357259,0.0002908850314907,0.0006804779853621,0.0002847346866844,-2.4559799790944545e-05,0.0010353949720055,0.0003154340530418,0.0006652711275144,0.0001643465894607,0.0010663810655395,0.0023179880312233,0.0005589112212483,0.0004727603734599,0.0009030794386243,0.00207573838142,7.614122017193247e-05,0.0004616715477961,2.8176992427915346e-05,0.0001244003872529,0.0009209512297888,0.0019389208311576,-1.973999514534513e-05,0.0002218658835155,4.953362423241844e-06,7.493357612227866e-05,0.0002471530582868,0.0006462320156272,0.0013647494994508,0.0017928897934906,-5.512993870110972e-05,0.0001828163499802,-3.194155495218654e-05,0.000256017678158,2.196657890967158e-05,0.0001379792342605,0.000599728755726,0.000940799210026,1.7453255713168543e-05,0.0001215222124008,1
0.00019229324225,-0.0004512142752118,0.0004254539382488,-0.0006037686189792,-0.0001615305944695,0.000124467522624,-0.0009698515412182,-0.0002209217647396,-0.0009054789816094,-0.0003494125350011,-0.0013002590860799,-0.0032740500546963,-0.0012055420636706,-0.0012499402069727,-0.0004569017188724,-0.001985086669751,-0.0001073106403381,-0.0004704127138263,8.621230005316964e-05,8.013688470836047e-06,-0.0010328196989418,-0.0021470536810248,4.709040481468678e-05,-0.0001922311256538,-2.2964016487486824e-05,-0.0001239735177002,-0.0002829136821422,-0.0006475939263588,-0.0041988554697233,-0.0049836773518179,6.188451054294687e-05,-0.0001207203551698,0.0001088155742307,-0.0001086880897819,-5.869080986873394e-05,-0.0001817818572401,0.0001591613763006,0.0011627005011467,0.0001447919969006,0.0002390719535909,0
-0.0008198334235447,-0.0002973330493348,-0.0016472899516479,-0.0001244844979677,-6.958912727077966e-05,-0.0001634372687504,0.0002588748237379,6.336811370523082e-06,0.0009515876624981,0.0004190952154373,0.0004238327030315,0.0026695003272333,0.000824349601462,0.0016062781821931,0.0002983120396461,0.0013454969972662,-2.846410704979734e-05,0.0001374536501555,-0.0001893952744811,-0.0001754924892491,0.0009991043485733,0.0018710034916113,-4.3069555827725904e-05,0.0001658570669018,3.249295473797015e-05,0.0001506868700513,0.0001537907584225,0.0003181901045818,0.005697671563648,0.0068885476411978,-2.346468347797233e-05,0.0001508174459393,-0.0003782663923605,9.28930624428258e-05,3.629018968824301e-05,0.000250834659875,-0.0008200415062189,-0.0029319072083979,-0.000236977409268,-0.000426440557543,0
0.0003654399506983,0.0001076222635359,0.0017391239408463,-0.0002792749106465,6.482717901074185e-05,4.291275588965768e-05,8.092696231230922e-05,5.79514092742203e-05,-0.0004801460416976,-0.0001072273713757,0.0004809188167233,-0.0027343114523787,0.0002320815134133,-0.0013945204479457,-0.0005180070385569,-0.0009149330426822,0.000153209716879,4.973265078484636e-05,0.0001471839192028,-0.0001552426057351,-0.0007894921067819,-0.0011108540124412,3.380916821294742e-05,-5.937984335558873e-05,-1.503225502470397e-05,-0.0001277415318001,-4.5320733406856594e-05,-0.00052094018211,-0.003158312577123,-0.0044179983003125,3.363132993269524e-05,-0.0002443686785216,0.0004947669993052,-0.0007488342399107,5.7369383610138994e-05,-0.0003043072693956,0.0004711330494867,0.0005103253502523,0.0001618669873588,-2.763753645895355e-05,0
-0.0001412650156184,-0.0004075288779846,-0.0006357072753281,0.0006086305618381,-5.542764628431774e-05,9.23558642275874e-06,-0.000197823878151,-6.260367226622367e-06,-0.0004038329279899,-0.0003348709805065,-0.0004932737460303,-3.703534456499377e-05,-0.0004293886516199,0.0003675541826212,0.0003986580910653,-0.0003056380268219,-0.0001167879120971,-0.0001306448647542,-6.995829994876553e-05,0.0001198253706681,0.0002767101853548,-0.0003961270361441,-4.2981638718909855e-05,-0.0001416768542826,-1.8286738608164296e-05,1.738418524659977e-06,-2.9090944762983857e-06,0.0005302500622478,-0.0001277703403288,0.0004635586640717,7.347812108948099e-05,0.0003105580890733,-0.0002387929027704,0.0008014064049692,-6.793288874884874e-05,0.000195667033839,-2.3371247011665703e-05,0.0008671939995861,-8.386952602762358e-05,0.0002703706257423,0
1.193582024075242e-05,0.0002715959399432,7.705342494781563e-05,-0.0013857944589414,5.443989686922388e-05,-2.644774836414717e-05,-0.0001290632382661,-0.0001336575658418,0.0001825235709909,0.0001696046410094,-0.0004970577385398,0.0015777344847849,-3.358483463859809e-05,-0.0007129912315793,-5.114169037136343e-05,0.0008388746216236,0.0001106947494893,0.0001977095004824,0.0001607950838649,-1.636564232301523e-05,-0.0007098182179369,-0.0003007211449724,-1.469512952792632e-05,0.000191164741211,1.276024971900308e-05,-1.2546758346050012e-05,3.463087902329925e-05,-0.0006264784745979,-2.4897008735154556e-05,-0.0018578953253356,-0.0001060263050801,-0.00026751383123,-3.158800793703524e-05,-0.0006912950747229,1.3444921567098588e-05,-0.000259624446666,0.0003348818736129,-0.0006557029721118,0.0001160397817893,-0.0004362016374512,1
-0.0004482902551503,-0.0007176963000801,0.0004009681989019,0.0006065570306289,-0.0001000224943611,3.0236056276435853e-05,1.9315609468630814e-05,5.072119460585132e-05,0.0005365146708522,0.0004186965122916,0.0007433815472541,-0.0032103593953833,5.627038957491842e-06,0.0008433398701288,-0.0014278170312789,-0.0021231042061451,-7.970324084293745e-05,-0.0001966847604155,-0.0001897142624948,-0.0002479800747962,0.0006756424415801,0.0007707131867141,8.672401023289092e-05,-0.0001120588576242,1.8461883854280744e-05,-2.5666296702285138e-06,-0.0001176261944155,-0.000263358339111,0.000323807233171,0.0018507589277302,-4.374346282164154e-05,-0.0002752223527973,0.0002774942030287,-0.0006651185142783,7.610266826527677e-05,-3.1610236556244066e-05,-0.0012795765169118,-0.0020860439039014,-4.697643105846011e-05,1.2536457363522358e-05,1
0.0013156781107715,0.0019184464923677,-0.0005599755244279,0.0007452866373133,0.0003341035077225,0.0001255644243158,0.0011551978744921,0.0004788827026853,0.0004472758481623,-0.0002257226520758,0.0006483185863958,0.0039497510506309,-0.0003506067398061,-0.0002262332178018,0.0011848525495851,0.0021614042704125,0.0001593818287146,0.0005108318621177,-5.179919236040226e-06,0.0003932830413602,4.976730683665176e-05,0.0010569974591981,-5.56714728918753e-05,0.0001138834803994,-1.867222568878976e-05,8.073922028142206e-05,8.78170705842034e-05,0.0010487471142209,0.000560262412583,0.0016496620265246,-3.586836671793436e-05,0.0004155541047544,-0.0001413098944402,0.0014993429558661,-8.803895951585508e-05,0.0003493387261865,0.0010126537869197,0.0034048573282118,-6.254540137221474e-05,0.0005089513161923,1
-0.0012231601662888,-0.001569243017079,0.0008862063787168,-0.0002289348996562,-0.0003740646417902,-0.0002130914396324,-0.0014550993402317,-0.0007587645285537,-0.0009974329667085,0.0001291379498035,-0.0010528473385159,-0.0030607492367492,0.0011575257085673,0.0004675918372377,-0.0001221281704433,-0.000382744151244,-0.0001930625215168,-0.0005930744499731,8.114678030366988e-05,-0.000298064236208,-0.0001220980146643,-0.0012182591776923,1.293571327280618e-05,-8.681994033381035e-05,1.9399337018562887e-05,-5.2057063575044615e-05,-2.5319060885802226e-06,-0.0009282236063068,-3.62830416931162e-05,-0.0019059807556343,0.0001099104247442,-0.0002724238941539,3.5451142370066606e-05,-0.001223213225854,7.257848536809574e-05,-0.0003371310383147,-0.0003837791440146,-0.0029585988217468,8.993210052590535e-05,-0.0005336411985068,1
0.0004266624313522,0.0002045491932212,-0.0008110277602471,9.199159133324816e-05,0.000151129395687,8.781492119330874e-05,0.0006072002265503,0.0002657193953452,0.0009059351524748,-7.758570069987009e-06,0.0011899052182467,0.0014578993960082,-0.0002981521607438,0.0002458240171749,-0.0001635758029419,-0.0003804821298015,7.48072197472535e-05,0.0002630284081535,-9.59618012930166e-05,0.0001474688725942,0.0004912062507679,0.0015382597875403,7.672636183799313e-05,4.795201008843292e-05,1.2930828694590742e-05,2.3245152145400484e-05,-4.462972810591395e-05,0.0004078354584181,-0.0009048323216516,0.0005505996895708,1.252447795200536e-05,0.0001978567526502,0.0001490741536427,0.0007334137315361,-3.22053157728042e-05,0.0001543202253128,-0.0003639967815237,0.0016365504364745,-0.0001136802646231,0.0003361297545297,0
-0.0005213864140146,-0.0006472298165314,0.000368585975097,-0.0007335185575609,-0.0001993969762771,-4.689207506608003e-05,-0.0005988778274325,2.067013999376367e-06,-0.0015576507355951,-0.0004712712925977,-0.0020484124306211,-0.0022721174064204,-0.0013995761563399,-0.0011308727799202,-0.0009899156821819,-0.002380458230642,-7.153300061391797e-05,-0.0003497092603708,0.0001337771809395,-0.0002852851000511,-0.0015427551682588,-0.0036393491839606,-0.0001815178439605,-0.0002737835673871,-5.455221134576464e-05,-0.000100933091887,-3.476654467914283e-06,-0.0004075254416119,0.0016293393768965,0.0003329339017103,-4.760023119951129e-05,-0.0002049078892765,-0.0003645737753122,-0.0009452723952415,2.3793450534247045e-06,-0.000154378433893,0.0004389234505194,-0.0022520549740295,0.0001523115108229,-0.000437630489411,0
0.0011951281595409,0.0024591130611325,0.0005397696320898,0.000957512361239,0.0005560490240681,0.0003739080629197,0.0015165456878508,0.000732610587679,0.0027930293375957,0.0016219557322225,0.00397263921233,0.0044541951921824,0.0025978929498505,0.0017040454291296,0.0014051792059963,0.0040097634083095,0.0005542666866134,0.0007090086577325,-1.5724303300680202e-05,0.0005589365082649,0.0023311231127894,0.0045287812684471,0.0003008542457459,0.0005521201096449,0.0001189345621057,0.0002420000797183,0.0001645518449536,0.0007028006460208,-3.330232503196176e-05,0.0009422940770681,-5.237918238156852e-05,-0.0001221451217357,0.0006006882634944,0.0008104274524557,7.650009684281456e-05,0.0001865436222943,0.000402367435826,0.0037883567700492,-5.5709788539583786e-05,0.0006322301233964,1
-0.0010388964885258,-0.0021317089773175,-0.0004477053010325,0.0007502763627383,-0.0006995300731466,-0.0005657720856454,-0.001182791477798,-0.0009183266501562,-0.0022103357932187,-0.0020617648906829,-0.0022421213514687,-0.0019206249044805,-0.0002500687453256,0.000296185210671,0.0011659510459754,0.0011743937693519,-0.0009454637343968,-0.0007150434087555,-0.0002082000714825,-0.0001775243531774,0.000456443014927,0.0004410826726626,-0.0001302740876497,-0.0002801311889375,-8.649374030006379e-05,-0.0001079827558088,-0.0001461167897699,9.835153065359255e-05,-0.001260108014479,0.0001959771925236,0.0001123105216708,0.0005215028989948,-0.0003601071055836,0.0004842427390726,-0.0001063443100569,0.0001325963561045,-0.0013033112008843,-0.000880875637784,-0.0001601709351521,4.592672838731456e-05,0
0.0003547494458808,0.0007490022432912,5.643637431680137e-05,-0.0010340330602974,0.000424013616144,0.0002880104138154,0.0003668239135482,0.00019986562743,0.0010030859728378,0.0013132456537411,-7.268916275904727e-05,6.972678404021389e-05,-0.0007083793406265,-0.0011138265806147,-0.0015143210646295,-0.0025660859415545,0.0005746730143008,0.0004440458477398,0.000152131485322,-9.315019664832184e-05,-0.0015398283013407,-0.0012068884391563,-2.755651851688585e-05,8.429153655299075e-05,8.261145650216596e-06,-1.889421765605878e-05,5.839074461112273e-05,-0.0005201506141876,-0.0006647450068827,-0.0031450977862954,-0.0001150991949433,-0.0004597767481688,4.472102146035768e-05,-0.0006829122605396,3.889934810438345e-05,-0.0002527120738619,0.0010278298714377,-0.0010095461184476,0.0001617308335107,-0.0004255669236474,1
0.0002224336040113,0.000170510807417,-0.0003590307658293,0.000409404798572,-4.20240239754169e-05,-2.052892252313288e-05,0.0002074245499768,0.0002506623388101,0.0001768941528462,-0.0003714254697858,0.0008249590945386,0.0001382545893951,-0.0003234157013838,-0.0001551457931865,0.0004115878993697,0.000984998529934,-7.521506073552486e-05,-8.689468931277628e-08,-8.076501157948068e-05,0.0001468259249478,0.0004958161664769,-0.0006315603413239,7.422911015547335e-05,-3.463954653435003e-05,1.571688443452022e-05,2.560589078681706e-05,-4.608729717281558e-05,0.0004120435848132,0.0006058553022859,0.0023316571359636,7.291810546663638e-05,0.0002892725430774,0.000155303148064,0.0007612625175127,-1.04839038288569e-05,0.0001817362094403,-0.0005494209801399,0.0012638370976372,-0.0001115018640599,0.0003714337329241,1
-0.0001942323507035,-4.750693289772875e-05,0.0005790954541422,-6.20723870767613e-05,1.6528232582505018e-05,-8.686460817633787e-06,-6.432110894575557e-05,-0.0002088067478903,-0.0006403224587186,1.924671471759448e-05,-0.0004686095302259,0.0011244714891687,0.0006378800804115,0.0004868211090522,4.9902984362842646e-05,0.0001365109913943,-6.84367873180806e-05,-0.0001706289864775,8.592169959010666e-05,-4.922219952098839e-05,0.0004023561627674,0.0022267474518034,-5.4936932747717846e-05,8.140563950510299e-05,-6.320029890717138e-06,-7.770533313204132e-06,5.509580002784901e-05,-0.000370109276658,-0.0005204363909725,-0.0017394181018856,-9.089878814065172e-05,-0.0002962320042167,-0.0002044302319227,-0.0009504358039899,1.3762856881215886e-05,-0.0001678824768612,0.0005165363733969,-0.0004407433111574,8.799997351325571e-05,-0.0003137801517702,1
0.0008856343758228,0.0005583634817461,-0.0010628421946692,-0.0009792293567853,9.647574842443298e-05,7.130492468756094e-05,0.0001344772397732,0.0002719220994248,0.0010835186481493,0.0003886499120365,0.0009953067679552,-0.0015472682438469,7.815744681276776e-05,0.0001493991002453,3.421104013181827e-05,-0.0003805333795943,0.0002864591157653,0.0003646812414964,-0.0001202280596424,-1.3529570631208318e-05,-0.0004806618373854,-0.0029559444945649,7.775592874540752e-05,-0.0001182572627924,2.400505206887957e-05,6.936269759443181e-06,-2.062789434840452e-05,0.0004935023475316,0.0009024469438313,0.0020376589754178,9.547895086486669e-05,0.0002512435565151,0.0002983066448233,0.0008804942530887,1.313953112443608e-06,0.0001864441732444,-0.0004000698272585,0.0004038047846118,-4.168982331523296e-05,0.0004194567253002,1
-0.0013360818897561,-0.0008771204262934,0.0002698933898546,0.0019842312582472,-5.251501143934841e-05,-6.393716136444258e-05,0.000633147753596,0.0001354442980216,0.0001025158295906,-0.0006512595964196,-0.0023730797200096,0.0007235035567438,-0.0010540960314993,0.0008223806467407,0.0008718053648783,0.0015423969756006,-0.0004379070526284,-0.0001557292197024,3.4434766986688126e-05,0.0001206284449045,-0.0007894398606136,8.208817589859965e-05,-0.0001055937679047,5.540619315334047e-05,-6.717039280019193e-05,3.381765779639877e-05,-0.0001184219075215,-0.0002037954097631,-0.000112047256699,0.0020775718754936,-1.613560155260542e-05,0.0003137515409424,-0.000331188230221,0.0005826776250832,-8.655356033942107e-05,8.352546408068864e-05,-0.0003229299273619,-1.373923320910343e-05,-3.7688103201882027e-05,2.7783330058885267e-05,0
-0.0005026299105009,-0.0004003812425288,0.0008022817962036,-0.0002897997806356,-8.699937916251041e-05,-2.5075690739144278e-05,-0.0008352858727633,-0.0004448094918235,-0.0007726120699224,7.379821065254521e-05,-0.0002927450930125,0.00080101721877,2.2223681437556827e-05,-0.0016112553277299,-0.0008786115274372,-0.0013898097068476,9.956983133980929e-06,-0.0001011428050308,0.0001351918809287,-9.419955936614268e-05,-0.0002241801411353,0.000456197366897,-5.753923953337569e-05,5.552011480075823e-05,1.6024275283339805e-05,-5.307005386000017e-05,6.222372219805852e-05,-0.0004763707847811,-0.0008079860093859,-0.004603548359484,-6.704407888009506e-05,-0.000375150272422,2.10801153158454e-05,-0.0009954451603148,7.517806994257828e-05,-0.0002127299676954,0.0006239208095085,-0.0013408002945873,8.032638372799938e-05,-0.0005015046725947,1
0.0009340833735936,0.0001506353969171,6.060063250563199e-05,-0.0002030807662596,-0.000363240481398,-0.0001662236912131,-0.0007259293316055,-0.0002464862754573,-0.0010673476525424,-0.0004606406448142,0.0021705113170276,-0.0020002205822619,-0.0002495171267204,-0.0002874035712226,-0.0013113639726968,-0.0018353992069216,-2.8727400778048797e-05,-0.0003007765834939,-0.0001858831313893,-0.0001969855638393,0.0015139012609542,0.0010067946649546,0.0001036552243725,-0.0001466147820899,2.053218345511704e-05,1.829488769400719e-05,1.403355268278597e-06,0.000461194967949,0.0008464028841592,0.0027272453433545,0.000119942912825,0.0001502931483743,8.259071562755726e-05,0.0005299276419178,-1.083889082600633e-05,7.696255627774973e-05,-0.0008820926028145,-0.0004544793325905,-0.0001778560724052,0.0002202941056973,1
-0.0009344083555011,0.0004840328534713,-0.0007142836560514,0.0010488252313779,0.0005514466487083,0.0001920316373383,0.0012701391788019,0.0003378505612401,0.0019492061922845,0.0005316147749439,-0.0023143414491274,0.0009778269962548,0.0014131349791328,0.002368188651134,0.0024989796562813,0.0042074457834678,-6.195759788870856e-06,0.0005668522547671,0.0001096419277997,0.0004336195069945,-0.001221589782786,-0.0003182755603983,-7.654739785350444e-05,0.0003253461047451,-2.0846312958723183e-05,4.376869632729491e-05,7.279791354488664e-05,-8.323280986324025e-05,-0.0002840216000351,-0.0011366414822819,-0.0001725305214744,4.5470579025994486e-05,-0.000267319411444,-0.0001311619142581,-3.9187609952566505e-05,0.0001095157191282,0.0009657025120869,0.0018886633924954,0.0001299870805003,-9.961632876214652e-05,1
-0.0002656117939629,-0.0011202846228122,0.0004810073870418,-0.0021898519834661,-0.0005364323621349,-0.0002180780126883,-0.0009489155604189,-0.0003955696577666,-0.0022515357379011,-0.0009663329834949,0.0022450711140021,0.003942319825021,-0.0005194908486108,-0.0012310980862424,-0.0022478789984191,-0.00361146301194,-0.0002096001416604,-0.0005510460299513,4.6704319378074137e-05,-0.0002356182598527,0.0018760284549243,0.0025447134660031,4.055104139650342e-05,-0.0001930444745742,2.464031554090936e-05,-9.920081270609632e-06,7.771430568790097e-05,0.0002907895555733,0.0003699578510683,0.0002791533612881,0.0001016907321682,-0.0002451802096062,0.0002755282242926,-0.0002071974524387,4.504303658768025e-05,-0.0002394102322781,-0.0002164133920957,-0.000776180699952,-4.548356104457248e-05,8.251811142322813e-05,1
2.8087794075940972e-05,-0.000697653971107,0.003574304623763,0.0090652668529811,0.0008433837254732,0.0005364781558551,0.0006105883466247,0.0008608228254106,0.0043254260737273,0.003216485665524,-0.0032965877734539,-0.0153338320487352,-0.0022616180687886,-0.0019105069253543,0.0030984985591406,0.0030862636700748,0.0004144250952204,0.0002044725220374,-5.89995094602881e-05,3.044115976587113e-05,-0.0110396808776825,-0.0191920309278131,-0.0001425159463824,-0.0003932158135352,-1.9077478970696225e-05,-0.0001185534006652,-0.0010511627886131,-0.0029638661726365,-0.0061671589526646,-0.0058332309557405,-0.0001518714150253,9.804872787004564e-05,-0.0002807340668254,-0.0006696656517893,-7.981207871105219e-05,0.0002929312589395,-0.000221441789741,-0.0002109137667994,0.0001628361383678,-0.0002053463806236,0
0.0007403233470642,0.0023082876348975,-0.0046562289595944,-0.0068763839044855,-3.116148996407371e-05,-0.0002269599993835,0.0007736120461253,-0.0003764322630109,0.001159358237129,-0.0006113807167949,0.0001467435069216,0.0108793012821585,0.0018043261215173,0.002557716302319,-9.381968137706847e-05,0.0022717235485507,9.195860383195662e-05,0.0009503927181689,-6.478377969680474e-05,0.0001706663143743,0.0098857855145617,0.0183886277514859,0.0001159820455939,0.000818976640409,-2.605966671334848e-05,0.0001415084634268,0.0011511214909109,0.0030523892439611,0.0071755962934099,0.0074394869193785,-2.5806741846830995e-05,0.0003226053249045,-2.5963706773994163e-05,0.0015911802204802,4.590156992907776e-05,6.512767324012847e-05,0.0001903246414207,4.641688661131176e-05,-2.4656925984351977e-05,0.0001414827331706,1
-0.00126285753245,-0.0007901466277521,0.0021189588883934,0.0012476948775628,-0.0004885206274443,-0.0001337463868752,-0.0006406496929127,-0.0001586462622932,-0.0034523817322324,-0.0011171124693445,-0.0025387245448141,-0.0023855564697154,0.0033648129075727,0.0013178709835791,0.0007747468017274,0.0001105633649328,-0.0003740865457443,-0.0010172177103138,0.0001884143922243,7.482197289117213e-05,-0.0009675482502226,-0.0015913907797866,5.349838671614717e-05,-0.0003708760396264,7.589514894967787e-05,-1.982662196331918e-06,-5.903448014165816e-05,-4.154260992706679e-05,-0.0020154789719529,-0.0024571166249959,0.0001184354314276,-0.0004264107407943,0.0004006289065953,-0.0009270604902099,1.882891451962106e-05,-0.0003162526334303,3.525531147640766e-05,0.0010351785582979,0.000141915761521,0.0002869914403266,0
0.0028378610835466,0.0024517473750545,-0.0024151969907989,-0.0023004989957308,0.0007991202382361,0.0006528078221293,0.0009720560893808,0.0013284779748293,-0.0042721043733245,-0.0028784168115002,0.009118251564968,0.0037978273179301,-0.00335958062956,-0.0029343961764747,-0.0043658237339431,-0.0062245581236445,0.0006537608971923,0.000303795983771,-8.725934151881505e-06,4.636695912462557e-05,-0.0063776593477458,-0.0120368221294633,3.192230326812477e-05,7.447513178153743e-06,1.8126096892857465e-05,-4.87350020525137e-05,-0.0012663213187589,-0.0034744206982476,-0.0058282262088891,-0.0067691384905985,2.3595677564290628e-05,8.752527448016433e-05,-0.0005004248000303,-0.001848639576612,3.267469271345072e-05,0.0004660933950034,0.0011414882995259,0.0034076237802945,-0.0006992263413459,-0.0004802971349649,0
-0.0024003779721975,-0.0040534090157497,0.0022464640156569,0.0025811522074159,-0.0006393801940718,-0.000488605418036,-0.0012690249625062,-0.0010052778954225,0.0044682388057515,0.0029718948254398,-0.0067698175518918,-0.007510288283641,-0.0005116277421319,0.00151369758517,0.0031390765540908,0.0031745029673084,-0.000620710600823,-0.0002130856599823,-0.0001615600024425,-0.0005703788727856,0.0028927580805924,0.0047884847392514,-0.0002481563547231,-0.000313262324989,-0.0001138632018899,-8.177862728293316e-05,0.0007134110035148,0.0017671675138157,0.0071182800117688,0.0082652057666955,1.523303114765524e-05,0.0001918504405469,3.852597412039035e-06,0.0013758704396673,-7.782227881802351e-05,-0.0003514303438414,-0.0014261227356126,-0.0059920657065875,0.0006522347517424,-6.375664835592425e-05,0
0.0007493285298436,0.0017626003956671,-0.0001457074751639,0.0001502530816671,0.0003461890862426,0.0001079949254527,0.0005415099838628,0.0001208696257393,0.0005926982540892,0.0001949284862412,0.0001964964019132,0.0019160050377724,0.001407166278816,-3.970883873197655e-05,0.0001180545964412,0.0007476578798035,0.0003973718001458,0.0002253967563129,7.815041800510692e-05,0.0003727810236202,0.0005847853640153,0.0003203114124281,0.0001538219160352,9.826384109577731e-05,6.136938079061446e-05,4.655529881550083e-05,1.0560758928928925e-05,0.0003873785832886,-0.0030530901610827,-0.0034459556396881,-2.5870868097341445e-05,-0.0001798376167719,0.000263991133968,-3.097837601649659e-05,3.382082977691785e-05,7.586970636730514e-05,0.0001755656411268,0.0020568759126033,-0.000163549195275,0.0002356530683553,1
-0.0002550308361077,-0.0001335391215153,-0.0017054303325319,-1.766832611401156e-05,-0.0002400515432064,2.773239421154853e-06,-0.0001957557631817,0.0002001076215425,-0.002335493985578,-0.0013177297947305,0.001079866111072,0.0001162835937915,-0.0021828586519998,-0.0003651910981098,-0.0010028306502169,-0.0010001506318738,-0.0004288701282348,-0.0003060103979374,-0.0001372786696383,-5.786655099197764e-05,-0.0009963349785228,-0.000315047497394,-0.000127231129689,7.531980733908396e-05,-4.8375858610106425e-05,1.3395969924741133e-05,-0.0001294218711365,-0.0004670396555663,0.0015615246694031,0.0024536300019052,-3.5598616449421084e-05,0.0003251044332763,-0.0003568071966512,0.0004199601232711,-8.38481213573755e-05,0.0001233303871087,-0.0001597836993259,-0.0001044205557394,-0.0001367930906697,-4.293556758616331e-05,0
0.0005370526929515,0.0003782375608417,0.0013820691174692,-0.0009918755252441,0.0001227347728953,2.0827994588234558e-05,0.0002798045421138,5.087789922211793e-05,0.0008966618593104,0.000433127663105,0.0007664122598985,0.0027065793268258,0.0012361582599556,-0.0003075555895592,0.0002651116736182,-0.0002304369402521,0.0002111891718036,0.0001762461418424,0.0002019997639716,-2.240695793181728e-05,0.0005160732630178,0.000717081711595,9.012659205739616e-05,-7.210131338102536e-06,2.453792667050956e-05,-3.466538973522338e-05,0.0001085911012172,8.578649746163183e-05,-0.0012541950070006,-0.0021819048648827,0.0001219329757228,-0.0002030824548387,0.0002213468141099,-0.0007981855361803,0.0001173880797145,-0.0001271013968743,0.0009414877449341,0.0008503416015532,0.0001565380734399,-9.950685173088976e-05,1
-0.0006565457942815,-0.0008060109342274,-0.0011742913841936,0.0009191715282692,-0.0001575826806341,-0.0001297200831887,-0.0006168018255629,-0.0003923436005997,-0.0007180190016506,-0.0002300474532398,-0.0010487162266427,-0.0034803459164844,-0.0012013286390801,0.0001080562366706,-7.152088468798013e-05,0.0004727536591408,-0.000141707080933,-0.0002454971549447,-0.0002121020030206,0.0001031075886431,-0.0007577190321788,-0.0020862228029829,-6.0164162632513016e-05,-0.000102734385156,-3.367729759584963e-05,2.1065556320340275e-05,-0.0002225758183132,-0.0003813057604016,0.000226527926964,0.0007893621492773,-9.043098337135964e-05,0.0001424490389051,-0.0002958260277456,0.0005336097991132,-0.0001244663841762,0.0001280960514322,-0.0011756044466111,-0.0007317166941374,-0.0002202883124956,-1.3722735479022931e-05,0
0.0003954513462343,0.0005102861726103,0.0002921834793166,-0.0005335197901975,4.135164734617524e-05,0.0001020678180324,0.0004231541016417,0.0003451403985181,0.0007278102091926,0.0002738016298989,0.0006204047728207,0.0009195605601763,0.000227468928842,-0.000385661814405,-2.821041583502712e-05,-9.03417928553012e-05,9.918423559614945e-05,0.0002539872136669,8.017707119944356e-05,-8.991552693825008e-05,0.0005014710616454,0.0014450468539921,-1.0872959607276087e-05,0.0001115198834733,1.4867344512540508e-05,-1.2686629843278368e-05,0.0001113926262092,0.0003575576716891,0.0009792193110881,0.000686769613597,-9.68333855138013e-05,-7.996089945540741e-05,8.969378957289189e-05,0.0001611542045332,1.3063554398682002e-05,-3.048093878921734e-05,0.0006110014826638,-0.0005578668953575,0.0001093695722811,3.632428065991183e-05,1
-0.0003074412850392,-0.0004503364598773,0.0001294334524542,0.0008067671407421,0.0001366887133197,-8.198537726159502e-05,0.0001691853700577,-0.0002756558327814,-0.0005875176880672,-0.0001164316222793,-0.0009821172786126,0.0003448751258665,0.0002176375430151,0.0009716499498626,0.0001373923270594,0.0001302427917185,-1.0943001305820274e-05,-0.0002045067152657,-3.611419023691709e-05,0.0001317226999248,-7.765195219319416e-05,-0.0003769726012362,5.9843417267405954e-05,-5.77749328617146e-05,1.1186209514871328e-05,3.723683303494126e-05,5.555061254322184e-05,-0.0002313599812093,-0.001568884516828,-0.0010237561999804,0.0001481942709928,1.010524131127612e-05,0.0002035558924026,-0.0003003437009132,6.379286527021752e-05,-5.8358125908373984e-05,-0.0004407050985466,0.001809469481314,8.600082018830938e-05,0.0001612522006807,1
-0.0005044182260523,-0.0006050834621486,-0.0001012476637548,-0.0003290157077596,-0.000284908852444,5.5214130632948927e-05,-0.0010214725611265,-0.0001556143867788,-0.0001668479180205,-0.0002991076890987,0.0005376324083404,-0.0032490876273409,0.0004018519755116,1.4181991293931494e-05,-0.0002663133862472,-0.0001111942874784,-0.000208528432712,-4.140885945869951e-05,-0.0001086679190651,-0.0002805867272817,-0.0005794731146976,-0.0013089360740475,-7.411193766116274e-05,-2.3786255977221823e-05,-1.087982692879693e-05,7.931376455655202e-06,-0.000326407920761,-0.0006375789734983,0.0030567621485549,0.0032742801737135,-7.296282602100756e-05,0.000132842469859,-0.0003856380534059,0.0004128940614137,-9.939680882778956e-05,0.0001204049404113,-0.0008017857622549,-0.0032868047368591,-0.0002198355945833,-0.0003344922560111,1
0.0007982712743764,0.0013013044989208,0.0005064003899047,-8.839581428035485e-05,0.0003490994359383,-1.0723178837552003e-05,0.0010859712036101,0.0003412609232453,0.000495141362432,0.0004837755492245,-0.0001530638549214,0.0057866025259671,-0.0002804740110354,-0.0005911571488054,0.0005894081693315,0.0005225259664596,0.0003193280598703,0.0003538450661158,0.0002375325475452,0.0003462936561468,0.0004208751267655,0.0019093790367784,4.038083288239737e-05,0.000177003077203,1.0808835677601165e-07,-5.068770168389546e-05,0.0005313190426185,0.0010716110577443,-0.0038355767810394,-0.0052289126106476,-7.272620333348046e-05,-0.0002028107469236,0.0003473765736022,-0.0003640604605504,7.173164412885008e-05,-0.0001544012444399,0.0018570976381108,0.0037945895557305,0.0002844356420831,0.000329807286587,1
-0.0002694243024874,-0.0018192368891129,-0.0002124466678922,0.0011722753440369,-0.0003974336556295,-0.00022709089196,-0.0007406403562716,-0.0003185678210416,-0.0020720222020306,-0.000788750373594,-0.00296717624487,-0.0078643372825622,-0.0008443828278216,0.0002975875218745,-0.0009418422170584,-0.0028114543259199,-0.0002666676503714,-0.0008361440635228,-0.0001205458599885,-0.0002480496903431,-0.0004393687208333,-0.0031570194458836,-9.379681839145968e-05,-0.0006216986498949,-3.070490992358338e-05,-9.833603500942212e-05,-0.0003547764216641,-0.0008218993867423,0.0011428755949028,0.0018616266092464,0.0001696367035437,-0.0001349504592636,-0.0001614216404551,-0.0011391604818353,6.839204041845744e-06,-0.000250827273171,-0.0013212165517825,-0.0015765926207053,-6.840771294391686e-05,-0.0002926362880061,0
-0.0001137464793084,0.0015521095108264,-0.0010593516020308,-0.0018354939383384,0.0003146491259405,0.0002468230675166,0.0008808347165536,0.0002923988824118,0.0034075452876768,0.0010141618198545,0.0040345993616302,0.0061366616732395,8.415576178699347e-05,-0.0009154215622761,0.0009049965186936,0.0039508495194198,0.0001423465132222,0.0008988863696785,-0.0001120391814429,6.29239718937593e-05,0.001107604525728,0.005288665232,0.0001231879812395,0.0006922529458144,1.8761345016100815e-05,0.0001708754798568,8.85821515244366e-05,0.0008449087586802,0.0013680085491928,0.0029006568764879,2.4445184045770463e-05,0.0006466505347516,-4.845063697390832e-05,0.0021017130443944,-3.96883446236148e-05,0.0006029990693364,0.0003178999274824,0.0001744209084139,-0.0001176983278794,0.0003843792186019,1
0.0006141168360887,0.0004083104011293,0.0009742033873357,0.0008791404612793,4.708232378284152e-05,3.930907161771348e-05,-6.02422357835061e-05,0.0001414553278178,-0.0014476547343281,-0.0003184587800813,-0.0006398573347046,0.0005212973970533,0.000887961097199,0.0007675771999161,-0.0005486639947452,-0.0017417841887886,0.0001106365166405,-0.0001128558416034,0.0001733436539111,0.000223286937964,-0.0004489773762832,-0.0025564092807785,-2.832383982989748e-05,-0.0001533941399898,3.79697279273725e-05,-3.7827999765731535e-05,0.0001118639778914,-0.0002668049939842,-0.0015078663111739,-0.003603775746732,-0.0002317894499964,-0.0005720060281376,0.0002530912933672,-0.0011325556631058,2.84706151491438e-05,-0.0003900301700073,0.0003842086460785,0.0009013747997944,6.798395415298315e-05,-0.0001416327573914,1
-6.155393953268768e-05,-0.0004246742439967,-0.0005499755452045,-4.995503707275257e-05,-0.0001251936892127,-0.0001151948952582,-0.0002296494184872,-0.0001297651915698,-0.0003103972775627,-0.0002949193359443,0.0002408049467826,0.0016382530227098,-0.0005227319421695,0.0007179329540962,0.0009357272354609,0.0011875583571873,-0.0002717788645982,-0.0003063517435147,-0.0001403783087055,-2.473904523878501e-05,0.0001504826693236,0.0006961957004288,4.807148518843158e-05,-6.341044844361161e-05,-5.590088480114056e-05,5.419078501325623e-05,-1.8878822325237063e-05,0.0007793833568782,0.0009894581063524,0.0038343146483066,0.0003992549781161,0.0005716023068433,-0.0003465519411242,0.0009393363198611,-1.017148340267022e-05,0.0003687093668791,-0.0003356147498168,0.0008881263590947,-0.0002359691699136,0.0001142467845607,1
-0.001154452761838,-0.0011731377349185,-9.765805809743652e-05,-0.0011805290776051,-9.885501989064554e-05,-3.21477357617518e-05,-0.0005047412520592,-0.0005089977420118,0.0002980143833926,0.0001817534945562,-0.0009105945174742,-0.0060717071966418,-0.000668897420863,-0.0019618969167115,-0.001055078924238,-0.0014099759696714,0.0002138259050407,-1.795750664987606e-05,3.648037738793353e-05,-0.000438330486434,-0.0010589609866438,-0.0010783053855728,-6.096867945314197e-05,2.698503946220093e-05,3.990666765514104e-06,-0.0001071516446229,-0.0001819925322717,-0.0015989763903666,-0.0022490975693605,-0.0052929603758843,-0.0003165685158792,-0.0006280552397258,0.0003579485824663,-0.000709162150052,-1.0237833790402102e-05,-0.000391568881627,-0.0002988162062843,-0.0036313679879568,0.0003015756888885,-0.0004137055455004,0
0.0014942361716266,0.0020170416450113,-0.0005764616598531,0.0023053917101352,0.0003302229446831,0.0002745872563047,0.0010089658045222,0.0010803976704791,0.0009068062683913,0.0006609964376209,0.0007921798700107,0.0063858517343596,0.000150170193183,0.0020208767629807,0.0017000580499898,0.0024492962500175,1.3519732646753004e-05,0.0002351210182304,0.0001030328398358,0.000670501712823,0.0022664313538142,0.0017957188087887,9.524555251668292e-05,2.5670912226345216e-05,4.598276142053581e-05,0.0001012269767376,0.0004422963931633,0.0022735624461848,0.0045828762454454,0.0078223433943093,0.0003253058054916,0.0007491201434861,-0.000125613567492,0.0008375468239607,0.0001062458295393,0.0005779816410225,0.0013580893025383,0.0051516999824389,-1.824812471757294e-05,0.0010267520271538,1
-0.000549137886192,-0.0006237900955769,0.0007356847963148,-0.0027930873880694,-0.0002497617179905,-0.0003232985165988,-0.0004934756059954,-0.0007883605163429,-0.0006996528299964,-0.0007850734152583,0.0004271965418322,-0.0023854332137774,0.0010029019448609,-0.0011657873861087,-0.0014584862678312,-0.001059430341276,-0.0003005430624345,8.9825315597163e-05,-0.0002797258645186,-0.0006224579422215,-0.0014671833914698,5.035952861779629e-05,-0.0001154770043904,6.317923944976487e-05,-4.9687752262657054e-05,-2.7088893295411053e-05,-0.000490729105065,-0.0015912032885774,-0.0029915192574519,-0.0044340817080434,-0.0003453169818449,-0.0003839073053566,-0.0004799706143904,-0.000457457255795,-0.0001921325504852,-0.0003429995536275,-0.0019666435421384,-0.0045494399906101,-0.0003604259522923,-0.001036866217915,0
-0.0006147002596782,-0.0017251248173558,0.0005473325567544,0.0008785650058663,-0.000129441573505,7.468345341243718e-05,-0.0004650964699598,-2.69839584014287e-05,-0.0010345649694661,-0.0002606013615521,-0.000897582132529,-0.0028171487993119,-0.0003252378584253,0.0001658084172993,-0.0002445330646135,-0.0025684753647767,0.0002926343375951,-0.0005003360461545,0.0002705672310615,8.216824506293598e-05,-0.0003031962283344,-0.0030213288968156,4.4112137958401295e-05,-0.0002066351894274,1.027149051041935e-05,-7.494214478617456e-05,0.0002321726603998,-0.0001177563712887,-0.0009503263859299,-0.0025699245458196,0.0002865845980713,-0.0001856905336923,0.0006637656862995,-0.0008233599070687,0.0001629833303163,-0.0002460073045795,0.0014030275942779,0.0011786916060544,0.0003258461198946,-7.581706811642416e-05,1
-0.0001976208230409,0.0008022159072074,-0.0009052212157596,0.0015539796178827,0.0001676498432517,2.1725104802895352e-05,0.0004598410016456,0.0001430091658289,0.0009120348755793,0.0001339166394455,-0.0012409591889349,0.0032816497041721,-0.0010704677636832,-0.0001302319199822,0.0013131457480232,0.002869625204002,-0.0001539246891348,0.0002371126811182,-4.52813886051852e-05,0.0004008753395099,7.246180132292866e-05,0.0024962220065203,1.8305250410469665e-05,0.000125088084049,-1.203191713280785e-05,4.747562543306455e-05,-6.063012695509893e-05,0.0007249756573883,0.000485952887279,0.0027191299945288,2.1423435047019725e-05,0.000554996009369,-0.0001710943740681,0.0012412394210849,-6.123835839735978e-05,0.0003608550436485,-0.0006370995213736,0.001957026693801,-5.72531217828608e-05,0.0007408341140583,0
0.0005097560365492,0.0003151042610361,0.0006100298136198,-0.0004863977147706,-6.567932816731093e-05,-2.338199993882043e-05,-0.0003888606316711,-0.0001338192664107,0.0002852832133482,0.0006467156169655,0.0012905183290113,-0.0033919285023916,0.0005243464111083,-6.646647071986864e-05,-0.0010082382532686,-0.0007742577844982,6.914947389022772e-05,0.000142908916792,-0.0001333231086162,-0.0004180654639168,0.0002216080951823,-0.0005889646858256,-4.548298525720567e-05,-1.1106144558939902e-05,1.1178583995637722e-05,-1.0377722736368436e-05,-6.18050125424695e-05,-0.0006440652652892,0.000370795077639,-0.0007926388803927,-0.0002781215988881,-0.0004813278054509,-0.0001962439081408,-0.0006001796094877,-3.277887895317181e-05,-0.0001512479641938,-0.0002951166888327,-0.003071058790386,3.793638678577047e-05,-0.0003657882265514,1
0.0002535669007704,0.0001673790489082,-0.0008603686019934,-0.0015738995392242,0.000106658779158,0.0001201837249643,0.0003563856573276,0.0002865385234237,-0.0008110249907109,-0.0008550571555251,-0.0005927010420125,0.0025319105992273,-0.0005253727915945,-0.0005583305514082,0.0001252119735738,-0.0012153743458585,0.0001144281657666,-0.0001755992060332,0.0002088467423983,0.0003034335963261,-0.0003242508420442,-0.0015849613655053,9.55879927872255e-05,-5.791640801221877e-05,-1.2224343103274225e-05,-5.462020894444177e-05,0.0001006634522558,0.0005899399559788,-0.0011768902611757,-0.0010975594331005,0.0003642141518721,0.0003140229827468,0.0003839436005296,0.0002805370028636,5.267741590937773e-05,-1.731486208179405e-05,0.0011053404026449,0.0038076916663127,-7.678702557070637e-05,6.271858531172021e-05,1
-0.0005455042122943,-0.0004275020263482,0.0005092591449301,0.0008614233831905,-3.575594862021389e-05,-8.116342990675807e-05,-8.657494945493849e-05,-0.0001640490443661,0.0003697922529035,0.0004402060525333,0.0002053125897583,0.0007871705679712,0.0006390648784057,0.0003670241080832,0.0003960179668645,0.0014836744273195,-7.411189372906265e-05,0.0002096455482616,-2.4532481473480857e-05,2.208811345413339e-05,0.0001188317402481,0.0018425882021163,-6.129141413822304e-05,0.0001196363954965,7.395937498881067e-06,5.266585241767976e-05,1.7163991309211413e-05,-0.0001692564422034,0.0002968645654547,-0.0003056148975508,-0.0001958799916979,-0.0001421296309478,-0.000252809799443,-0.0001027764383729,-2.5358937473337627e-05,-1.32980573557099e-06,-0.0003364665186502,-0.0014017462963498,3.338131866807822e-05,-5.746178510640952e-05,1
0.0002084420675464,5.420518882332196e-05,-0.0005837723097885,4.825858062403394e-05,-1.824017843432772e-05,2.470834037566871e-05,0.0001663220928901,0.000199501656273,0.0002636172509005,-0.0003562068563117,2.6867885709982853e-05,-0.0016938988927331,-0.0008673517649644,0.0005756776042529,-0.0004066413512968,-0.0015242331634802,-4.201368477395116e-05,-0.0002611488708684,-0.0001024758164464,-0.0001460204042151,0.0002483022509645,-0.0008218181403094,7.329137003023883e-05,-0.000127518977853,3.926949322849413e-06,-1.8060689279834405e-05,-0.0001374191543064,-7.998207744046949e-05,0.0002082446753259,0.0023221389564404,0.0002470650194694,0.0003872684532135,0.0002502807255138,0.0002149723544282,3.383257221204275e-05,9.474314749410402e-05,-0.0005902587174588,0.0004068058650682,-4.267163439623176e-06,0.0002520156427658,1
0.0001154641926807,0.0002637514178605,0.0002390750695663,-0.0001482242726818,-3.475963287837475e-05,-8.00879632600476e-05,-0.0003166216076132,-0.0004265930133454,-0.0003331616108113,8.892452457816119e-05,-0.0009577234750637,0.0006788210350101,0.0004399694899552,-0.0008595840072512,0.0002206172902202,0.0012556839332863,-4.499196220569054e-05,0.0001757014195614,-5.61984991430645e-05,5.0747552265140446e-05,-0.0002757119857792,-0.000280163137134,-0.0001024400902345,4.030478719406324e-05,-2.6991385575164912e-05,1.9712389759579883e-05,2.168952099510744e-05,0.0003252822799824,0.0011809890619518,0.0003056933913302,-0.0002265811421519,-0.000211793576194,-0.000424426913512,0.0003243791350259,-9.215890487436064e-05,9.8520905949101e-05,8.562595299962306e-05,-0.0008895311997297,-0.0001403458170538,-0.0001631514893538,1
-0.0001365975484824,-0.0001292637245564,-0.0002381356050628,0.0002476620594356,-1.5159448904627106e-06,-1.514518090759213e-07,0.000196761457,0.000107298376051,0.0002153584571993,-9.318518148250788e-05,0.0001484668560577,-0.00026243757547,-0.0003247463024232,0.000575573515069,-0.0001932234170088,-0.0002579081829814,-7.341995903610252e-05,-3.510584044597133e-05,-5.19766762972142e-05,-1.557601217238994e-05,9.508542969718964e-05,0.0005650229759566,-4.829850499121451e-06,-1.821019680968884e-05,3.709229219286544e-06,1.810484200948004e-05,-7.152288022204136e-05,-0.0001293699759411,0.0001881563294461,0.0010298607179778,1.4341194208974612e-05,8.221837856854906e-05,1.5395539511735594e-05,-1.5272808058811797e-05,3.725123679791404e-06,1.928831281655188e-05,-0.0003858606448282,-1.860625485526024e-06,5.865121586213663e-06,5.947055377881508e-05,1
0.0003193697390293,0.000313675977634,0.0007721056743331,-0.0007380520828785,-1.4591492057386376e-05,8.909538618479943e-05,-0.0006650698069125,-0.0002157227452635,-0.0003940692238476,0.0004749441536154,-0.0004296383777021,0.0002574163443003,0.0008257868110016,-0.0017960399963877,0.0006431071435317,0.0008064419116408,0.0002557362473393,0.0002405628335248,0.0002243577091316,-6.417727763321967e-05,-0.0006560009076292,-0.0013621536079419,4.74718084323938e-05,0.0001821274090164,-1.0034469761572958e-05,-8.283827251299868e-05,0.0001651394589481,-0.0003860209741692,-0.0014015128245313,-0.0043259943484618,-7.367030246678357e-05,-0.0002434032465412,-0.000133147628103,-0.000486035638518,2.761982001726901e-05,-0.0001791956454304,0.0013975692527829,-0.0004884197368574,9.152107337349786e-05,-0.0004173476408536,1
-0.0001591785634476,-0.0006968748272716,0.0004101916014361,-0.0003369561471857,-2.548975894895521e-05,-7.127622231099629e-06,-0.0002407993844336,0.0001089007075573,-0.0002839668578687,0.0002177223763919,0.0008389686042089,-0.001625316476741,0.0006361390484847,0.0001184763628515,-0.0006239836347221,-0.0017550182693908,9.479104428627692e-05,-0.0005527737976906,1.4631509150115933e-05,-5.548549195801718e-06,0.000750039960565,-0.0011377871009915,8.001895451007533e-05,-0.0002615227373208,4.559293617459192e-05,-4.3697004293015696e-05,0.0001757286128564,0.0005205794541122,-9.995422665743644e-05,-0.0009182082436736,0.0001566955245486,-0.0004249376999921,0.0006103675339981,-0.0006067173994545,0.0001135386112746,-0.0001181703336077,0.000103828719212,0.0012273782668272,0.0001006878567283,0.0002263887944337,1
0.0008834734732441,0.0020898015555812,-0.0005066609144125,0.0013133356811154,0.0002667090254197,8.975445257424895e-05,0.0019386210278422,0.0007173555490852,0.0008816279493405,-0.00037502216652,0.0013696172420811,0.0069047073378311,0.0006137155688125,0.0028584368248354,0.0008631173462368,0.0024613498825457,-0.0001249157217136,0.0005179390587379,7.2395342217506e-05,0.0004894483693741,0.0009311285213314,0.0041865231448909,-3.8531753508736114e-05,0.0002757178523884,-3.3032132720809453e-06,0.000187615413549,3.844531610795952e-05,0.0006700369929578,0.0012803316554849,0.0046374512386097,-3.1524015903528736e-05,0.0006202547033611,-0.000252520873796,0.0013320096458626,-7.892815511348548e-05,0.0002902936020402,0.0003717202438323,0.0019749586483257,-0.000147712258763,0.0002628586826181,1
-0.0001804649732905,-0.0010902950516261,-0.0004899256591293,-0.0021468073972841,-3.221492364201507e-05,7.235307297876608e-06,-0.0016869811268642,-0.0005832967521303,-0.0007487953501646,0.0003905855958504,-0.0007181711908222,-0.0042276418922742,-0.0034804034162689,-0.0054947621369106,-0.0005744022129009,-0.0019891260600777,0.0002389390595337,-0.0003552620366925,2.209989153969197e-06,-0.0002847498222983,-0.0005450176636487,-0.0032561037028303,9.17601145299698e-05,-4.8783352470672736e-05,-3.2483856947337066e-05,-0.0002276593361558,-3.4553934433810467e-06,-0.0003516507994821,-0.0048774238781155,-0.0084689579207339,-2.674731123993282e-06,-0.0006005789496866,7.078191606249225e-05,-0.0016502252507414,7.805080324009058e-05,-0.0002227210281052,0.0003919044833977,9.393105477090924e-05,0.0001196509062492,-0.0001683404855729,0
-0.0013156288395376,-0.0012076206385707,0.0017237811325493,0.0033706521544925,-0.0005040422339704,-0.0002307045134062,0.0002414529053273,-0.0002079649367651,0.00053450631728,-0.0002319539894388,-0.0002814361555406,-0.005778180678718,0.0038901288244465,0.0053697864101576,-0.0001374989450607,0.0007027890960792,-0.0002276112126251,6.16924357149154e-05,-0.0004637563260814,-0.0007355528385672,-0.0007670736604749,0.0001909506763166,-0.0001533568244266,-0.0002820339258093,1.1585887091379529e-05,0.0001267725880568,-0.0003883480292132,-0.0012922263927683,0.007801330210996,0.0103995052981874,-5.338812553296074e-05,0.0004018979601013,0.0002410552547593,0.0019645897643844,-9.844940697400196e-05,0.0001384993884165,-0.0035060937867355,-0.008159422338654,-0.0001390189598287,-0.0001888778103716,1
0.001090994006057,0.0011785418893126,-0.0011963293108955,-0.002076743683328,0.0004516004112552,0.0001640860988227,0.0005075498084082,0.0003892004495294,-0.0001023315306026,0.0001226910750676,0.0001635116057727,0.0063628106300245,-0.001909405198434,-0.0026916571774898,-0.0001869044296054,-0.0001746832522406,3.198957980177938e-05,0.0001616530968659,0.0003630144361441,0.0008357054180292,0.0005632113885489,0.0013333715580795,6.642231984733615e-05,0.0002723015933333,6.374372792888795e-06,-5.60031909188856e-06,0.0003031671294597,0.0009998786456239,-0.0025374141633464,-0.0026999222066673,2.692804928811428e-05,-8.341023426509265e-05,-0.0003913600061043,-0.0011897430206926,5.108429429121798e-05,-6.92230174567386e-05,0.002789205401649,0.0075452639280449,0.0001249497422471,0.0001729753019817,0
-0.0011709855349507,-0.0014278670588962,0.000142983866498,5.911730526223112e-06,-0.0003776662940218,-0.000143302434528,-0.0011975706744711,-0.000533455550431,-0.0004317508026189,-0.0002220697710063,0.0001775063705485,-0.0042594444059568,0.0017287360541738,0.0019179560637987,0.0011564959752076,0.0004044976061924,5.086366293389906e-05,-0.000474874996119,-0.0001820556314372,-0.0007115250091451,8.319074941110741e-05,-0.0021361197239865,3.121224669810105e-05,-0.0003232763841453,8.503773433874171e-06,-4.023800191951433e-05,-6.867986006866146e-05,-0.0005539761416762,-0.0024752589674022,-0.0042848304849773,-5.541383362836402e-06,-0.0004577198631453,0.0004823051312373,-0.0007615170634508,3.079483648384747e-05,-0.0001486619835435,-0.001509559034776,-0.0052691970215802,1.0341337174804104e-06,-0.0002320320435628,1
0.0004014565113001,0.0007842217679698,0.0006389847868162,0.0014803035810507,8.13683794532874e-05,3.0085386698937094e-05,0.0006897371927234,0.0001361950718293,0.000274812789859,-0.0001104180088528,-0.0014950775306676,0.0004337155853969,-0.0014597580861801,-0.0006929382200918,-0.0007288412351896,-0.0004049259147691,-3.883157575491826e-05,0.0003010383466486,7.691463807974838e-05,0.0001915012304577,-0.0006995206616849,0.0002222713689644,-0.0001024128183364,3.254774581897442e-05,-2.7215745969184684e-05,3.8530438993044416e-05,-0.0001180425157564,0.0005323985992428,0.0017787082656373,0.0027435864631484,-4.019874219640162e-05,0.0004944158798775,7.972773452901825e-05,0.0021506752091299,-0.0001259981318642,0.0002064852454167,0.0002243155829488,0.0012831668388337,-0.0001885943180244,0.0003921559026923,1
0.0008791013723346,0.0001239397299424,-0.0005645841407942,-0.0011424402092326,4.374858387623635e-05,8.786900324649775e-05,-0.0003608677190556,0.0003398610446581,-0.0018804598953284,-9.288341447257276e-05,0.0016988619678526,-0.0009110185910364,0.002361237031928,0.000312145709944,-0.0005048334230676,-0.0010762646933992,0.0001107035715601,-0.0004336492505371,0.0001570995515429,6.792035641205122e-06,0.0002652986786578,-0.000802235906442,2.56093536484478e-05,-0.0001032248851005,4.278815148388657e-05,-8.585461052914843e-05,0.0003135890235126,-0.000113692342885,0.0002011436277255,-0.0010447954541777,-1.4058470594972972e-05,-0.0005508110529778,-0.0004756530197787,-0.0016286497841874,0.0001674099850375,-0.0001315091817271,0.0006369566931189,-0.0012480469393411,0.0002804747299823,-0.0006548386209069,1
-0.0011028328252584,-0.0007228364747438,-0.0009276273478221,-0.0016363955828468,1.9066915694531644e-05,-4.583675944370343e-05,0.0002040759355456,-0.0001110852923143,0.0018831449938223,0.0002944313870046,0.0006455316539171,0.0019619515762119,-0.0002702776937958,0.0002711114610171,0.0008747976907227,0.0009832013138182,-0.0001527763218736,0.0002124668179662,-0.0002501519465135,4.579085998175395e-05,0.0005185329108513,0.0009567491154125,6.92776391620784e-05,0.000204657152525,1.0907050631670734e-05,7.216730165032222e-05,-0.000103347824632,-8.430365365493294e-05,-0.0014461253711517,-0.0007300778024536,0.0001406713311524,0.0003692299988543,0.0002892403318571,-0.0002988693823028,-6.048933431140523e-06,1.7482514760142572e-05,-0.0007051173167723,0.0012290527013298,-1.89445568807342e-05,0.0005578997711162,0
0.0003254620491289,7.045506855408624e-05,0.0015532474005942,0.0013092660401993,-0.0001590703920773,-5.100136358528344e-05,-0.000511452544125,-0.0001933966330877,-0.0009797280375745,-0.00040718497102,-0.0013807441971399,-0.0015834249545719,-0.0004339811345404,0.0003967364661287,-4.566607917857007e-05,-6.714521363924844e-05,6.197237991882582e-05,3.205987258276128e-05,0.0001659057725413,-0.0001971802109869,-0.0007779081462147,-0.0011064969739962,-7.08196288340465e-05,-0.0001448097514391,-2.62477491199136e-05,-1.7868638252678528e-05,-8.901204456794967e-05,-0.0001333903646693,0.0012497010909931,0.0011972330743363,-9.887715071585028e-05,-8.004639763594527e-05,-0.0001971442324215,0.0006907203156166,-8.839312568765926e-05,1.4924524994392316e-05,0.0005180458181628,-0.0011159982267168,-0.0001069527671733,-0.0003772898544951,0
-0.0001586984532203,-3.115018513528797e-05,-0.0010177339255921,-0.0001179190675863,-5.346041512125814e-05,-1.4113622161567566e-05,-0.0002461375937304,-0.0001388374968631,-0.0002090070982651,0.0006133464859549,0.000214396424743,-0.0005396899076457,0.0009901898474618,-0.0005478010276511,0.0001308605693118,-0.0004360679407394,1.796157108052504e-05,-0.0004420176461248,1.260518843320302e-05,0.0001605143864449,0.0011080984954752,0.0006806624989015,8.41707157277594e-05,9.660406587734029e-06,3.880747422152279e-05,-4.783745241557239e-05,0.0002312949275302,6.010095487091123e-05,-0.0013349087790155,-0.0033417805895273,4.39790686591028e-05,-0.0003004834277244,0.0002052502386651,-0.0011148182249325,0.000118570154658,-0.0002555432154835,-0.0003292286738467,1.386077398515961e-05,0.0002445920208055,-2.618391634652036e-05,1
0.0001728915686623,0.0006128812891762,-0.0005651118129325,0.0007595895392215,0.0003143494547621,0.0001137510497891,0.000595539104498,0.0002533176221093,0.0009608319682073,-0.0002394621201402,0.0004937517562546,0.0004355140873677,-0.0006305658307864,-5.085171882863052e-05,-0.0002788810549203,0.000235604339796,-3.4898537414617734e-05,0.0002804975935539,-0.0001355636569301,0.0001746129646304,-0.0009900828777175,-0.000772566669292,2.7654538226515877e-06,-2.8979134159793312e-05,-2.878406842149804e-05,9.857477566339677e-06,-0.0001677942634233,0.0002181002341955,-0.0009211530138425,0.0010872268748479,0.0002272828194614,0.0004765064875589,0.0002053169290753,0.0005903797928076,-1.1918912943151197e-05,0.0001803173584492,-0.0004168864529451,0.0016232466962115,-0.0001992097291231,0.0004319048797608,0
0.0002844382402911,-0.0001213012830038,0.0009050865506453,-0.0006051464733797,-0.0001568266525964,-7.986516359194867e-05,0.0001921617450487,0.0001101241240147,-0.0004619791199825,9.98569240947632e-05,0.0007184779590955,0.0004865990418033,-0.0001326629482231,-0.0002287984421401,-9.716029579395892e-05,-0.0001397468820936,4.153769433706987e-05,1.78058694470672e-05,2.912877560484373e-05,-0.0002557300886997,0.000940446038282,0.0012261485235062,-3.4544550721868154e-05,4.437713279868886e-05,8.427590413730346e-06,3.412088146274224e-07,8.172178218712739e-05,-0.0001726171915303,0.0013901017714889,0.0010425209585467,-0.000251035456778,-0.000372275977186,-0.0002103036450673,-0.0005727153082124,-1.0670105937944389e-05,-6.88255595291457e-05,0.0005792832158585,-0.0010187810343855,9.901263306116944e-05,-0.0003554172294222,1
-0.0001515982290958,-0.0006206556265732,-0.0007944441856931,-0.000483200106763,1.18217211582263e-05,8.545361879137395e-05,-0.0009263718365524,-0.0003393756176014,0.0001475205494962,-6.300736044047102e-05,-0.0007228671025186,-0.0002573016023439,0.0010222187900009,0.000978874832998,0.0011821631602146,0.0004302578852892,5.857742383823647e-05,-6.295051286173268e-05,0.0001338208745422,0.0003528201886992,-0.0006890258586831,-0.0015570010705898,0.0001236671465308,-6.755298107522931e-05,3.745063527891689e-05,9.867001902242738e-06,-0.0001293068414891,0.00015016790893,-0.0015824787229482,-0.0017087770867451,0.0004374424007989,0.0006039216265728,0.000160884691264,0.0007785399942169,1.1131195088917266e-05,8.915122520259457e-05,-0.0001094731193685,0.0024341673226528,-0.0001518853452529,0.0004304828923917,1
-0.0009156639398936,6.156208936727376e-05,-0.0006637214402972,0.0008974753962487,0.0001509740456742,-2.6654578330495285e-05,0.0004977168679284,-8.092538706617489e-05,0.0007633658445303,-0.0002417143774793,-0.0018658553459119,-0.0005430675822355,-0.0008413811602256,-6.87590791165735e-05,-0.0007355699289731,0.000602657366651,-0.0002145528104356,0.0001862202204005,-0.0001957401258762,5.24379815561418e-05,-0.0010166054880855,4.547489383522319e-05,-0.0001270916421383,0.0001487123062877,-5.7458508450657904e-05,6.841392259392667e-05,-2.227758899922022e-05,-1.1101097359704404e-05,-3.852836045910118e-05,0.0003674269024394,-0.0002661603447114,1.9005161806366857e-05,-0.0001272437710063,0.0010830758941321,-7.117338942282202e-05,0.0001749136867019,-0.0008781843532556,-0.0021626676093347,3.245027671778111e-05,0.0001503273069773,0
0.0004289017184387,0.0008073364970813,0.0007781342669548,1.8399259028360045e-05,-5.514427310590548e-05,-9.975624442024908e-06,0.0005654783821757,0.0004575674211243,-0.0002593201677266,0.0002421049925669,0.0005523673083607,0.0020299575724534,0.0005412271355372,0.0003236134443749,-0.0001498011312915,-0.0001041111358242,7.467292670815172e-05,1.354737686922791e-05,9.527371843933318e-05,-0.0002176876706764,0.0009096793101852,0.0016640252192199,-1.6964494393162272e-05,1.607516019899217e-05,1.3181684596012088e-05,-3.944012089359647e-05,0.0001773622786849,0.0001854577457972,0.0010388572097938,0.0005670584622516,8.407866589079158e-06,-0.0002609746567373,0.0001313095779489,-0.0012734954044134,6.188715379031668e-05,-0.0002790536713632,0.0003800234099124,9.2904398280759e-05,0.0001518122682581,-0.0003228349741314,1
0.0001940904559312,-0.0002182234143017,-0.0006465499569054,0.0006755566372705,2.5557537755647025e-05,2.7486992939114462e-05,-0.0010432336996612,-0.0008131813345639,-0.0010976249567721,-0.0002050487404199,0.0003947555439731,-0.0012935209708641,-0.0006360836288172,-0.0007159846590606,-0.0011213774278851,-0.001256195935857,-0.0001218841314981,-0.000298346425143,-1.2091193015757116e-05,0.0003034009366715,-0.0007069201909446,-0.0024559519097081,7.90717544765328e-05,-0.0001262518891417,9.622131069965811e-06,-1.950258687176384e-05,-0.0002827274527848,-0.0006021771913573,-0.0011474220605397,-0.0005907724517154,-3.822750050332414e-05,-0.0003457836843108,-1.3405603949873385e-05,-0.0006140266037472,-1.0176125417906445e-05,-5.025682523976743e-05,-0.00023945036069,0.0015168860940554,-0.0002179729396225,7.665246402995607e-05,0
8.291291019906822e-05,-1.2116924614484802e-05,0.0004918964781299,-0.0007928770087665,5.391377512165164e-06,-2.9962563671753684e-05,0.0005488720493532,0.0003353878323605,0.0004712245068135,4.091003183944594e-05,0.0007126686137988,0.0009745183975288,4.843177638642008e-05,-0.0003446788287008,0.0008302070566466,0.0008599499356982,5.645089422100027e-05,0.0001258072818397,6.450041509170268e-05,-7.183460338538872e-05,0.0004490149946248,0.0012826316119957,-2.4004709201307248e-05,2.6947936997180225e-05,1.5199798305374437e-05,1.6900161041551426e-05,0.0001622579963016,0.000275501843473,6.483370414123061e-05,-0.0006125396652746,1.866539547944363e-05,0.0001448399892133,1.3505861802469254e-05,0.0002023380355616,2.5523492260757675e-05,5.826755695937378e-05,0.0007552151710721,0.0001589811523799,8.543093974902996e-05,-1.4834681222371772e-05,1
-0.0011120620822111,-0.0018572388424421,-0.0001342701722704,0.0011755998639111,-0.000159817697253,0.0001632452918143,-0.0011663815359368,-0.0003788732119473,-7.198001318119116e-05,-0.0001081374913062,-0.0012162136814863,-0.0058232560257081,0.0009405728915371,0.0024074316455462,-0.0011544905583997,-0.0022592259402863,0.0002858704959052,0.0001043272154737,-0.0002648497378378,-0.0004480293813725,-0.0018744935585398,-0.0032384203126903,6.0944109471931945e-05,-6.086563884886944e-05,-6.079622311892228e-05,-6.613023712612496e-05,-0.0005960929101615,-0.0015047725682911,-0.0011764544629986,0.0015409744917225,0.0003908094538687,0.0007608851493253,0.0002568682452679,0.002243265698024,-5.664832575148534e-05,0.0001839634386196,-0.0025930312849321,-0.0033371961561922,9.18768876422392e-05,0.0002708744409616,0
0.0013547645735592,0.0024754023257939,-0.0018174710015925,0.0009024299715891,0.0002950284993602,-0.0001223738337747,0.0008448208588379,0.000302224930776,-0.0001470250819315,-0.0001455728705198,-0.0027512921470879,0.0056861782588683,-0.0009789436527702,-0.000158457190212,0.0011668600653117,0.0020927784741141,-0.0005966222710062,-6.20751010378118e-05,6.739940043640926e-05,0.0008137120435151,0.0015729428012069,0.001720928734971,-0.0001112645619145,5.6213280287063455e-05,-2.798670574344085e-05,3.510188275905709e-05,0.0002966196508528,0.0017747770731113,0.0023532734362839,0.0017944968564124,-0.0004335858713511,-0.0004268008974134,-0.0007269782636738,-0.0013838582304202,-0.0001446506425715,-0.000109734491497,0.000754236133461,0.0037139739212635,-0.0003902475475229,0.0001675770070428,0
-0.0008107303058805,-0.0011235799681667,0.001444913415781,-0.0022200543928126,-0.0003402584177526,-0.0001024451649596,-0.001261317846709,-0.0005944173626838,-0.0009246033125839,0.0003397000561187,0.0034092045098525,-0.0039933165038029,-0.0003028762456726,-0.0031944700040521,-0.0010703281107014,-0.0013478892974863,0.0002609471057342,-0.0005553306082347,6.929592828625808e-05,-0.0005468720911668,-0.0002761884792331,-0.0013681644592518,7.430202238128807e-05,-0.0001608796693997,6.687323774700028e-05,-4.6168378573561296e-05,0.0001400671886568,-0.001085064233358,-0.0003923333415264,-0.0030031206374996,-0.0001601713804754,-0.0010315424263643,0.0002320538218911,-0.0019917429673911,0.0001877779837105,-0.000281946372673,0.0008101012988492,-0.0030686992539053,0.0001786269347809,-0.0009619161904864,1
0.0008090661817502,8.160954177277792e-05,0.0007354719143058,0.000862078673579,0.0002228588123568,0.0001843000751773,0.0013142283548793,0.0006870284203429,0.0007482868354546,-0.0003641284941862,-0.0005112660705257,0.0020585235581272,0.0015300370614517,0.0024097317418286,0.0006652019453225,-0.0001631625092412,0.0001397981498149,0.0002352053145729,6.529340832395647e-05,0.0001839503070224,0.0001700995763791,0.0015907572317783,1.6954187192982504e-05,-2.3155494133662977e-05,9.794910203767529e-06,7.681099489599825e-05,7.173167681950302e-06,0.0010748220920335,-0.0002492141631304,0.0017323272669362,0.000409902453501,0.0009557086417501,0.0005027970363393,0.0016672799407367,-1.6621189629526978e-05,0.0003060600829938,8.929481029508884e-05,0.0025817683553265,-2.6721515121226948e-05,0.0008817950275727,1
-0.0006920210663282,-9.06433024929193e-05,-0.0024207999362372,0.0008098748408077,0.000140174653095,-7.256131999878681e-05,-0.0002282291596996,-0.0003171831650105,0.0004121259757376,-0.000334103733218,-0.0013442364256789,0.0018867404460302,-0.0018046339640511,0.0001424262951672,-1.2686941749543229e-05,0.000647022358412,-0.0004277028441913,0.0003297970974534,-0.0002315597368583,0.0001540544011773,-0.0005455906014446,-0.0002279526166097,-8.168079723367148e-05,0.0002936539876451,-0.0001044651597897,-3.7529164342837976e-05,-0.0003358785647707,-0.0003587226160431,-0.0034812581938867,-0.0020558450486935,-0.0001870255197554,0.0003970784346078,-0.0006774298541681,0.0014847968143283,-0.0001790278380145,0.0002102286080654,-0.0014563028233607,0.0004214913090414,-0.0001692772308338,9.66162561367546e-05,0
3.960929374608457e-05,0.0007583759120709,-0.0005559622873236,-7.273710665106148e-05,-0.0001854648452721,-4.611445215144279e-05,-0.0005140707342144,1.5198586274821788e-05,-0.0005906936314078,0.0006249383848054,0.0001921546219423,-0.001212761134551,0.0001752792864988,0.0009463257115671,0.0002445606370145,0.0012647589695341,5.33756860484041e-05,-0.0001614753268878,7.630056258960374e-05,-0.0001295598565102,0.0006164138411938,-0.000810925142374,-6.958275710860535e-06,-0.0001021178293585,7.556379611974732e-05,1.785990097707479e-05,0.0001989482580693,-0.0005492235795352,0.0059840529574266,0.0042469710135889,-9.505589977489378e-05,-0.0005101707157586,-0.0002557682359049,-0.0012946650185436,6.36913258810384e-05,-0.000249242983656,0.0006526885336182,-0.002207713449113,0.0001349056318529,-0.0005024846252112,1
-0.0001483862915683,-0.000624787865481,0.0016356377899587,-0.0012589662831581,-2.489968186320456e-05,7.679019629887177e-05,0.000204127278667,4.375533118831984e-05,0.0006831519081365,0.0003490217349711,0.0012703862103932,-0.0014575012130653,0.0002658542388016,-0.0023341751596744,-0.0014181209668279,-0.0023853179725117,0.0003015423827623,2.9871086454112663e-05,3.491008801616255e-05,-7.026844325170491e-05,-0.0004986221611813,0.0005349351489621,0.0001149083929833,1.2995971209703733e-05,1.1431038557426364e-05,-1.2644958987836923e-05,-4.6147381873909e-07,-8.120233448644395e-05,-0.0028729464505752,-0.0032266162018304,-8.34209223316834e-06,-0.0003987697738029,0.0006010372140263,-0.0007608379292557,0.0001083578470048,-0.0001242019665401,-1.7181957274763192e-05,-0.0006479519178992,9.323282293593788e-05,-0.0001231987096644,1
0.0008558462115867,0.0008241972007467,-0.0005065733759685,0.0011408118664626,0.0002724960615767,-9.687531822884918e-05,0.0004743371209286,1.915903797164069e-06,-0.0004008022907,-0.0007313669756432,-0.00133727502113,0.003354859282276,0.0003347330400414,0.0015184332266763,0.0018442260866316,0.0026107054953468,-0.0002100442060809,0.0002409092657019,5.9815352284674064e-05,0.000406583266711,0.0004145001775665,0.0001340741251045,-9.698072065975828e-05,5.532894940760144e-05,-2.351747380802663e-05,5.375529737312367e-05,0.0001237567861946,0.0012830778860801,0.0005990796549903,0.0015362335380087,0.0001466489146593,0.0007626407912692,-0.0001864209864089,0.0015385705193114,-0.0001084160703861,0.0003141634488311,0.0008428334264567,0.0041604473225731,-0.0001545712978862,0.0008443758478575,1
-0.0010125446457723,-1.5193964732941093e-05,-0.0001685044905431,6.164498621473e-05,-0.0002726165451747,0.0001714452762917,-0.0007709643464458,3.383880658400568e-05,0.0001045669797979,0.0005284151908596,0.0004330001760206,-0.0021215003899023,-0.0004077852797329,-0.0002261922957895,-0.0013470770446132,-0.0012792618749562,-5.750192829384617e-05,-0.0002702094365691,-0.0001014963665504,-0.0004127682188334,0.0003675304820696,0.0008414406395797,5.97135019094272e-05,-2.199709946924424e-05,7.628996739703314e-06,-9.485859434439036e-05,-0.0001562852535272,-0.0017101735484557,0.0001147856612624,-0.0014702143999837,-0.000191970444307,-0.0006119856677304,-0.0003946802915982,-0.001131243683407,3.419560753755641e-05,-0.0003450104858061,-0.0012415894432548,-0.0050488537755104,4.92736631679688e-05,-0.0012330415318464,0
1.724549218667742e-06,-0.0012848911910072,0.0007136310452296,-0.0005318883935684,-9.66684867553898e-05,-3.040041901275892e-05,0.0001850517407056,4.389862427229928e-05,-7.049236893734277e-05,8.138412835850562e-05,0.0002814674588126,-0.0006893365538759,-0.0003590852288717,-0.0003699491034405,0.0001543400548519,-0.0009817295566707,0.0003050975014731,-0.0002084553669131,5.770932000485149e-05,-8.673137273453397e-06,-0.0010529099411274,-0.0020618768775399,2.579679464522056e-06,-0.0001485746875914,-1.058584344387048e-05,1.8696801290884626e-05,-5.634929697381841e-05,0.0002520081882008,-0.0010564598318434,0.0001693763517073,4.91562894452788e-05,-0.0001389958383514,0.0004683310005493,-0.000454576067458,4.487655216984783e-05,4.073977524255689e-05,0.0002273567147863,0.0008729230873197,0.0001063932052405,0.0003471284733755,1
-0.0002004907431352,0.0006489240307742,-0.0006261034812925,0.0013676592813571,0.0001673951807072,-0.0002578953168312,0.0003231067197632,-0.0001708628257031,0.000498164166711,-0.000573887115251,3.819415884141273e-05,0.0001925121849994,0.0008101250120883,0.0002486663831755,0.0001598077825851,0.0012554682000969,-0.0004510851724997,0.0004540926635764,-0.0001265785539017,2.273030834775509e-05,0.0005526305867096,0.0020688759442658,-0.0001164990064817,0.0002468955113372,1.4119783939865048e-05,4.449974958733701e-05,-4.7805490053032334e-05,4.42189190179964e-05,0.0015246730766036,0.0012593611631409,-3.2964192690704685e-05,0.0006555383451246,-0.0004333717246993,0.0013359799311841,-0.0001028911234573,0.0002191581264589,-0.0005170794217785,0.0001932640852893,-0.0002422807335493,0.0001091075348796,1
0.0007557524976518,0.0016020691284492,-0.001560052973885,-0.0026605279311123,0.0001394433873091,0.0002792827371282,-0.0001861533852775,0.0001547358935155,-0.0003813805290961,0.000508984165034,0.0004288769830171,0.0001945596603364,-6.59762053546015e-05,-0.0007460953955993,-0.0004886639153359,0.0003624647954152,-1.040993268140256e-05,9.207897164428064e-05,9.462210412291056e-05,0.0001072397753142,0.001707845311875,0.0017531886103265,0.0001507332605831,5.061030598207976e-05,1.5858870493095215e-05,-5.459336252472028e-05,0.0003116536900903,0.0003675423426132,0.0003577870424967,-0.0012374660208348,-5.69378866108523e-05,-0.0004201351252822,-8.323919592953004e-05,-0.0005265301480283,8.096602536340922e-05,-0.0002201444444981,0.0013585047913773,0.0009146780355487,0.0001181750519001,-0.0001980029994736,1
-0.000578827374274,-0.0014242528785755,0.0008232080317704,-0.0007594099480208,-0.0001764225791061,3.140044217917284e-05,-0.0008156820123644,-0.0002763369701619,-0.0009289199034607,4.003879996428125e-05,-0.0005436835674139,-0.0016685337647529,-0.0002486022921469,0.0003131459960386,-0.0002926841287268,-0.0018616762274421,0.0002580756669281,-0.0005502417604234,6.315421873484514e-05,-0.0001831560425015,-0.001263542302281,-0.0030831378058866,8.233111866634588e-05,-0.000195432127952,-4.054103093598928e-05,-4.762200974961866e-05,-0.0002614195101414,-0.0005639975965658,-0.0009593403790629,0.0004480933990167,0.0001743572419679,-0.0003287864360918,0.0002917498950325,-0.0010640441423769,7.559894542053814e-05,-0.0001075683232168,-6.646047265372264e-05,-0.0008313250577309,0.0001148842988274,-0.0001147954698892,1
0.0005175083397761,3.266719405696228e-05,0.0012864481375375,0.0031673858374111,-8.878387060059255e-05,-0.0001434598039385,0.0005441728649742,0.0001302123232697,0.0012637959546134,3.595948985676119e-05,-0.000742089981157,0.0011907667090103,-0.0001478434075067,-0.0002441488003591,0.0009224496754285,0.0012884547078505,-0.0001935721132189,0.0001063371268618,-0.0001220788466336,8.013675036304753e-05,-4.670131604442136e-05,0.0010872438311383,-0.0002325540948495,1.437061275425103e-05,-5.059833742146752e-06,1.4238165345537163e-05,0.0002384379677104,0.0006016656900445,0.0002954169758102,-0.0005898817901154,-0.0001226969890217,0.0004013282900083,7.271361432866595e-05,0.001593543485964,-0.000110001414477,0.0001498253080781,-0.0011843687303114,-0.0006488481492377,4.386587336742095e-05,0.0004209608142499,1
0.0006931151339923,0.0015109528051381,0.0029333258399401,0.0040397312771323,-0.0001594462938442,-0.0002119267866203,1.85317530077095e-05,-0.0003070599376561,0.0008551841335819,0.0005131096280895,-0.0008857064280105,-0.0003290586351712,0.0003458467388473,0.0012811731650118,0.0011171518996387,0.0023148244274045,0.0001101952098657,0.0003540656189117,4.119816351168715e-05,-3.20484130131605e-05,0.0003632814519017,0.0002479333092357,-9.52642643163214e-06,-0.0001917414916052,0.0001039740205273,0.0001058760541784,9.366092167424964e-05,0.0001997133467389,-0.0003833610765436,-0.0001846144238589,-7.880511102742656e-06,-9.235253299721692e-05,-0.0003254249908978,-0.0015680426466846,-0.0001278195007233,-1.5739010323983933e-05,0.0001836557607308,-0.0006629864874149,-3.63008035864694e-05,-0.0003130105267972,1
-0.0033435939238579,-0.0030731321737723,-0.0082067917062642,-0.0109529250186893,0.0001439059473111,0.0006063012980281,0.0004756674523436,0.0009037080205868,-0.0040137842469294,-0.0020855363919631,0.0034575597294108,-0.0016363273846321,-4.07013340107154e-05,-0.0008491021541301,-0.0036366129433026,-0.0055027916768603,0.0002551080773319,-0.000290340784087,0.0001885783973211,0.000240995745453,-0.0006674147253967,-0.0001820320930981,0.0001759678912214,-7.41704300475692e-05,9.000867927545557e-05,0.0001659646253166,-0.0004807490086526,-0.000982976222941,0.0001834744689312,0.0002576393759715,-8.823193476951057e-05,-0.0002917166257402,-0.0002190043689023,-0.0022558511751442,-3.724738344232047e-06,-2.144033603270041e-06,0.0014011006927548,0.0026265606251254,-0.0007428551685633,-0.0008759197188164,0
0.0034728182954973,0.0030999085372854,0.0033503723292165,0.0033543440918966,7.850748139866877e-05,-0.0004637369338362,-0.0006617578793535,-0.0005643589311796,0.0039609320044634,0.0022874969488879,-0.0007945062292002,0.0072779533415511,0.0003743434773047,0.0004426861126789,0.0031348409447802,0.0047737980274026,-0.0001575331932526,0.000209802472941,-0.0003881800902651,-0.0004565340663881,0.0018088573360158,0.00144882184551,0.0005351393178063,0.001106243410148,-0.0003502592772885,-0.0004242105751417,8.469816283424822e-05,-0.0001079985542679,-0.0002582655988057,-0.0006413773392269,0.0003271495852125,0.0003416563999139,0.0003424203232412,0.0069051039605066,0.0007236676254912,-0.0001310810676397,-0.0010043989830977,-0.0013620743797767,0.0008736189235642,0.0010355717613545,1
0.0005031398776402,-0.0005284453319126,0.0022974392676447,0.0050124558364408,0.003101482632741,0.0012865038466333,-9.606989827470122e-05,-0.0002375514653505,0.0017524009140076,0.0018391973811388,0.0014486921450834,-0.0009255672722761,2.8772392750919903e-05,-9.397262781654788e-05,0.0028941197188116,0.0027525922937236,8.306442602538247e-05,0.0009967738533488,-7.209724459777591e-05,-3.443599542778605e-05,0.0007832223954317,-0.0011287876257211,0.0004093946223962,0.0015311460715862,-0.0006207041002407,-0.0008017531689196,-0.0002817025200367,0.0003617444224626,0.0044841666573512,0.0123816759096066,9.859921777718484e-06,0.0003767538551721,0.0015037647928001,0.0099765553448763,0.0006297012247563,0.0003211103306263,0.000726630779024,0.0002643289016344,0.0016186864231318,0.0016279537235362,1
