-1.448699698547352,-1.443875269475469,-0.1490671958972762,-0.5977108741438064,-1.405243015521776,-1.4615707180071245,-1.3747947438605537,-1.3117036130006348,-0.1474679098911218,0.4935407728692822,-0.9307643624750206,-0.3125094141319064,-0.9462498354453222,-0.3950464192148679,-0.8283094389693377,0.1509871631905448,-1.1730043290858063,-0.8559275279429555,-0.509210761444395,0.1921373277033407,-1.024668373198738,-1.2208178617258916,-0.1047695561732555,-0.3343210043631384,-0.7905835377756443,-0.7242035799120274,-0.637222783253871,1.6272299413538145,3.000996689273843,2.892972615829578,-1.13380034999058,-1.0292162702543426,0.0733880112242464,0.2146590223475049,-0.3359892607310271,0.6568401254701226,-0.1845894747710854,0.2620976099925327,0.8098270947798638,-0.520099824281643,0.133747196,-9082.01296,140789.2301,80436.30011,4305.250265,8.53e-05,0.137037167,39.1307887,29.08333333,2980.0,1
-1.3942546848417925,-1.386727679178862,-0.4965511740159183,-0.5415599642845517,-1.2724660561829495,-1.3309931007144258,-0.0705602151212057,-0.1359344600073235,-1.0049447697418437,-1.0285050452952833,0.0450469875384356,-0.9128574525005724,0.0470969556858769,-0.8034265188661269,0.5134252119142473,-0.1575636936807951,-0.9223511303705716,-0.2433759466367862,-0.4133141972694045,-0.7911480192173705,0.2166906384511899,-1.3638107476014645,-0.6191977347358195,-1.376196203609704,-0.5115009446647028,-0.5593911259693645,-0.28471449007285,-0.3325556131762974,-0.9458816850180392,-0.950542541792287,-0.9706609138710308,-0.3309606818166215,-1.0425739076189486,-0.8031863634659882,-0.4240939536327204,-0.9283195537358476,-0.7237184136314121,-0.8371806136263231,-0.189727358603513,1.432129734086267,0.136257245,-9274.847394,140557.5583,80306.68777,4262.634532,0.000116333,0.1185185,37.03911429,24.375,3540.0,1
-1.4626683912171123,-1.4669851497333208,2.692881345553845,3.2951173984714046,-1.468258025707096,-1.4930696968257884,-1.4245419157305577,-1.4353316778810097,-0.4409278737150792,1.351589334512573,-1.4056563787505425,-1.249602566767389,-0.4718798120709664,-0.4229199977842488,-0.0834244974481599,-0.1066870836294398,2.688985771091681,3.4738977064020613,1.6258841130227744,0.1940069891555764,-1.4146624118240148,-1.3682423833074846,-0.6642971336680299,-0.1874613355426584,-0.2894329309702255,-0.9196282142946056,2.776717766705831,2.2061707115343507,0.1504150255607483,-0.2533811221108317,3.007296610753712,4.448481513060711,-1.0232409140847982,-0.7297403498428805,0.7099274349282556,1.499195758447252,-0.3312574624738196,-0.5597065235592642,0.3411590236896136,-0.3607745479312152,0.138396644,-9433.461484,140469.726,80234.54935,4263.933766,0.000150409,0.142424273,41.67083118,19.66666667,7413.333333,0
-1.3980387579344853,-1.4292547207202573,-0.8573193659222156,0.3741511737326699,-1.5013643313785363,-1.4639872886312728,-1.3782604472684583,-1.2598082559059554,-1.4706135129191615,-1.1728730403291296,-1.3530631815783278,-1.282190237817776,-0.8048308372323563,0.7283099324926399,0.3564197799873563,0.4991515280857905,-0.7301033447846659,-0.1089276553974984,-0.4193418217185414,0.364406726541068,-1.2900895086349862,-1.3813033454128376,-1.0871803375907712,-1.3904650098647513,-0.807461864799472,0.1542973549880502,-0.6547783784315402,-0.4748543799034985,0.9608309413872976,0.8978963381398373,-0.7305831963871254,-0.5274941142316356,-0.4308027183439984,-0.6392118792962456,-0.1460054778908306,-1.202017510565304,-1.0949373673505227,-1.7103094215126335,-0.9951085277847938,-0.9965769161644742,0.140562921,-9589.375372,140569.5531,80216.02381,4260.285714,0.0001335,0.138888833,38.48197727,17.0,22360.0,1
-0.7694639603082694,-0.3424653100499033,-0.4006165118793499,-0.7697430494214359,-1.3035961319671858,-1.352981914660135,-1.3629289412480587,-1.348512885427078,-0.6071998854654774,0.0275996039964319,0.1528576831869048,-0.362321061475964,1.0518220252465875,4.468332749153422,1.644880137774842,-0.8185012241943843,-0.7552451678176619,0.8502935716223412,-0.0424646147064442,-0.5404511015410862,-1.0528196603969493,0.0225135043260027,-0.8686166681785337,-1.130045428795998,-0.0948310212376859,0.696699628973414,0.444837982590637,4.45587491942691,2.5688189247271573,2.5939115567636177,-0.9077098206845928,1.3302479620572765,3.999402430689985,3.601061007531631,0.0763761003468257,-0.0806200120257263,-0.1323530651236568,-0.947300505158235,-0.2555985996373184,-0.7120851534593111,0.144503782,-9859.713654,140941.301,80477.83877,4218.149228,0.000153424,0.165656515,38.30801702,24.07142857,3491.428571,0
-1.4737215293315085,-1.4642291617352987,-0.041430748390014,0.1517861162490192,-1.4719424525761655,-1.48614449708565,-1.4897926450875034,-1.4763071704569148,-0.0185405579653128,0.2854829738227344,-1.3783882994258465,-1.3856260348039764,-0.9269990973880238,-0.2280235702781112,-0.5867054509638616,0.170726896497166,-0.9517301704262024,-0.7106905812693309,-0.9860783732807176,-0.7743217675111209,-1.3920344437769945,-1.3377521867117992,-0.8559040929894883,-0.1813635665960902,-0.912250089540556,-0.9411625302757852,0.4856850140858677,-0.2351534370099055,1.1889450150851433,0.2988213929788585,-0.8571540770054735,-0.8916369718229027,-0.3963594586427885,-0.6305525556236633,-0.5509481590481267,-0.4658810685314969,-0.5003099341618857,-0.7427744440913164,0.6587927628034409,-0.4350632310118989,0.14820891,-10102.80428,140532.9597,80310.22544,4238.779388,0.000110579,0.119298263,44.25088,23.25,4630.0,1
-1.0514011011225433,-1.020700886301145,0.977402603082393,-0.0307171784951711,-1.222013456395037,-1.259844158417891,-1.374933029301156,-1.369379805958761,-1.1220739956035408,-0.9515951720038204,-0.8770427776279623,-1.1621154116469554,0.4392015555799182,-0.3085264909893324,-0.6452665499279266,0.375397711129378,-0.5830259099622035,-0.3864997467633779,2.6019530780388056,-0.254278381220721,-1.3203317888102095,-1.230694016959533,-0.8635438908694963,-1.2841150765568852,-0.3430457260799082,-0.4267301745879348,2.175858832756555,-0.686271587847413,3.4926380459251662,3.2264721250228163,-0.3781604673982017,0.4119351953840762,-0.4802999082043708,0.0131725906206949,-0.2319661387089686,-0.9250501639305612,0.2201206134579774,0.7190499731677678,0.9927229772402012,0.4438075182007779,0.150841002,-10267.42991,140439.4057,80258.29389,4219.469441,0.000156105,0.122807105,42.6908883,21.0,37360.0,1
-1.130673764224813,-1.1603173183077844,3.3636379076009915,5.635832756838113,-1.0946386089452362,-1.0333251540973731,0.9149467426608288,1.2265087037053366,0.1205639969094685,0.0284930775740219,1.1873823187700534,-0.638852670042704,-0.804144398669004,-0.0366064719818308,2.1960986910928195,-0.1387241142119499,-0.2555663144700135,0.0462794372136854,1.8438709917514888,0.3115298509671174,2.814804415705276,-0.8040702827092878,-0.2662475209548365,-0.780775523367903,-0.2605056695970105,-0.4439461328038279,2.557693795825095,-0.0210555121076887,0.0339263319748797,-0.0236191520200308,0.0074228436920904,0.0463186246707931,-0.1633844102913189,-0.1602790658817228,0.2275998229554434,0.3859142169798115,-0.8493203402087159,-1.0760395931607396,1.4738518306729036,-0.718618713916197,0.15485086,-10507.05988,140863.8489,80584.00403,4218.15005,0.000183432,0.126126216,45.0013175,17.42857143,6268.571429,1
-1.3475798736815507,-1.3156125272620047,3.45075797337622,-0.0805333923258944,-1.288394627199346,-1.320505336665638,-1.3927448801291529,-1.4348198977812676,-0.8511364889473985,-0.8846640545687277,-1.1335611906530945,-1.2945632630473172,5.044150834876955,3.726302128811506,0.1372217679507166,-0.4247890975535062,5.859223915130572,5.385903753637752,0.1993598308312028,-0.3895886243401514,-1.3738099432329791,-1.312042370628275,-0.7463041789242184,-0.5211483662818601,5.049697855544816,5.002601845819687,8.079088295299869,14.767244297656422,1.764268070461731,1.8140150752310111,4.040130148735686,6.056812055333818,0.0876585994529972,0.3631248278938606,6.7809023504772,0.2542765290550322,1.677883312522236,0.378408473074149,7.221137920208907,-0.3033108543449403,0.159937702,-10794.40342,141033.087,80689.9088,4240.178155,0.000239645,0.178494613,50.28301053,25.61538462,2064.615385,0
0.0848125835339987,-0.1747459882104469,-0.8177294481988047,0.230433761509023,-0.142449319119581,-0.016935387133008,2.289381401460205,2.4677392596851657,1.3409852713377657,0.9804333126442756,2.49644440127123,-1.1280902550844532,3.482984897056131,-0.0104597768156589,7.509551031960949,-0.2964366236438343,-0.0509606970571572,-1.1977992319870518,-0.3611264392395394,-0.161241528476574,4.39337456493728,-1.1056544406575977,0.0008324687287015,0.4811852841560684,3.587388848487585,0.2886644669066522,5.70634362712962,-0.2435908642825239,-0.4857474657506007,-0.0101900168353683,-0.2182538664442446,-1.001019190591201,0.2363286740046422,-0.5397819836487492,-0.3616284040699185,0.6075823684813311,-0.5145756879107153,-0.603364522366634,3.5520578916199783,0.6748430074959959,0.165408927,-11083.70463,140800.9224,80745.18566,4180.40668,0.000287481,0.165432148,46.073,26.25,11210.0,1
-0.6393462691441822,-0.8847053574039054,-0.7958053079929965,-1.2641566090705536,-1.154962949469526,-1.0431038513415014,-1.0930170953528653,-1.0463532509954552,-1.0448641330675004,0.1980473999495946,-0.921949183791519,-0.9897270242828178,0.6868423383708904,1.467767100468853,0.983894453731336,-0.5754123891655034,-0.4857995258192877,-0.7877180586811989,1.1655216888301538,0.3325388690545336,-0.7864717456920052,-1.0162668138001243,-0.5681521435437578,-0.4091696607621591,-0.4816090618555533,-0.2540315721538775,0.2249577773222322,-0.0075629437903237,-0.2224308160279218,-0.4419550791410165,-0.7867034540890439,-0.5137359625883233,-0.6545058098733252,-0.9337804447907097,0.04142410652558,-0.3736498189715171,0.9840882192420696,-0.7865851590083648,-0.3526261905093517,-0.3417875798133662,0.168269177,-11228.29372,140068.8031,80437.83721,4052.500775,0.000239714,0.133333286,33.39356667,35.26666667,2304.0,0
-1.1627523773866069,-0.9847351469562478,1.1411457779840424,-0.9069199663262196,-1.136573143158557,-1.281391575584505,-1.418576992473754,-1.2304071298031696,-1.3253832709613411,-1.238800044191373,-0.7244159316308405,-1.2298894723927771,0.5739196711198011,-0.3693588981018116,-0.7156431960354479,0.1605230965982533,-0.1394975620631862,0.4496474127059717,-0.0993200778434486,0.3836110585060197,-1.0261560279187418,-1.2443080390328447,-1.1687938288431725,-1.2709046957147558,-0.4241689718528589,-0.0486347846238279,0.1209848203492476,-0.9472367274958882,14.064534055882524,13.668832519790662,0.1304576154841972,0.0584177877003266,0.1724056664471831,-0.7322198346966995,0.3160280714333039,-1.3436745388726037,-0.1954151160386725,-0.8894301854652049,-0.4550771655151386,-0.6334405217854777,0.16994809,-11310.29365,139674.468,80189.82227,4130.675355,0.000215692,0.128205154,24.24044118,29.54545455,2585.454545,0
-0.5652271601551995,-0.4917901329278695,13.945207671064022,8.18703877807775,-0.6147188161571444,-0.4739472894011864,1.9790244392029253,2.043143451365945,-0.90421031533812,0.4617498891735145,1.2256670433363563,-1.227120730357696,0.7203294005513423,0.8271043801852307,0.9942599362916617,0.7627622185143625,-0.6986648554357808,-0.8930710579299856,0.0145811769331554,-0.8383128040208243,1.8298995590076728,-0.971127218613284,-0.0719335874566495,-1.076843028793826,1.0061898380040368,0.8338975014137917,-0.0838297930592126,-0.977093051354494,-0.0779661726596621,0.214159449989574,0.2583465482870144,-0.9410127182914536,-0.3480867675052077,-0.3879984507692176,-0.1459180903038039,-0.8409221403144294,-0.5355974797307836,-1.0715033604341178,-0.0124542045934088,-0.2829865383986032,0.172782044,-11445.30082,140002.6411,80386.62594,4154.248111,0.000146154,0.117948769,24.66316495,35.0,2602.857143,1
-0.3996044720258482,-0.5175588839559513,4.807108689890708,1.0808370042983428,-1.0685876839017223,-1.161901277912871,-1.3318434569924156,-1.3112581269384402,1.9947169485714136,-0.5546520261332568,-1.274762085673088,-1.373846014442884,1.8368983833857733,-0.5603633703263093,-0.7691854474540558,-0.2810495716153163,-0.9243997101739932,-1.1677777539835803,-0.6932712659175846,-0.5114107656466822,-1.2101319875015473,-1.219849939901792,1.5248272656998108,-0.3072079397883169,4.3261143573612415,-0.070150702236897,-0.2595742827971286,-0.7140282479263229,0.98526273515645,0.9537918499145815,-0.4589235941168219,-1.2645996224193008,-0.5150120293388918,-1.131554409095014,0.5476072893936328,-0.2416949913117649,0.0128419736187233,1.0263260270524637,-0.0651731571977087,0.0370847202337829,0.175289772,-11561.16284,139568.5774,80208.39783,4145.219814,0.000215,0.128205231,25.77335,34.0,3784.0,1
-1.2452860304802105,-1.2043199731298526,-1.2345140370582848,-0.3988938217597972,-1.4328220098755733,-1.3646346654822468,-1.179932895467383,-1.1912666743214364,0.1727194624534984,1.0919072675003223,-1.059688321725647,-1.1854392212264322,-0.4175155699635069,-0.835645358606226,-0.8085067650050335,-0.8247326933518311,-1.1721900467215929,-1.2366320387105012,-0.6542134477433068,0.4447175605063025,-1.0132939244430883,-1.1118095048496264,-0.6750831060456219,-1.0793271552628338,-0.7621651513820065,-1.1999751295084171,-0.507194307944336,-0.2364924737421936,-0.7620267029271188,-0.714225971619217,-1.078812021865195,-1.042406611400293,-0.05460971299637,0.0215639649285561,-0.7467901952776428,-0.1787983739245087,0.2900271073502209,-0.0748277117487541,-0.5058591089557511,-0.2597322105437589,0.176681916,-11624.17135,139174.7984,80127.35761,4135.635891,0.000112714,0.114285714,22.82485269,28.0,18240.0,0
-0.7879333102932882,-0.6611633566781352,-1.4124531839300285,1.842457376802992,-1.2514745093353177,-1.2511438442930378,2.046299574809205,2.8186579315287945,0.1314112250825183,0.2657034122697705,-0.0850800754400045,-0.9618897916978612,0.8538889705735357,0.6496768750268314,0.6094625857824156,0.6653353725317239,-0.3981754539681028,-0.8477415991762047,-0.4339704026178208,-0.1038271315235088,0.3982268417940546,-0.6709965543299914,0.1560958974033837,-0.5077387056433977,1.0203069904940971,-0.7236043198180107,-0.1913485660262233,-0.1135360280658654,-0.828093449692227,-0.7788565956732811,-0.5525970876210144,-0.5985123219839794,-0.0024127940143747,1.416513708945251,-0.9136115870692416,0.8426672005101095,0.968444331865662,-0.3689790980188876,-0.6642717348590228,0.3603712802485868,0.177692064,-11669.18104,138856.057,80075.19128,4132.879195,0.00017875,0.083333625,17.19606944,26.6,7784.0,0
-1.3043487839274726,-1.1781397923957806,-1.1395767250297562,-0.1912059566885675,-1.3737665852104164,-1.3821461650226257,-0.7730336177833554,-0.7612062132532742,0.0215325627590217,-0.3500429519512726,-0.567242119783181,0.2631254904240889,0.4085075279221137,-0.444082041083202,-0.5792671032364503,-0.3974085629189829,-0.607880093428637,-0.615446988625926,-0.8912796314912899,-0.3276630993852336,-0.7620043591994135,-0.8153079009576674,-0.2981005691178793,0.2614446972188569,0.1860538425732509,-0.3866285713585635,0.0102403270436077,-0.5431967424355642,-0.9747786301098548,-0.975211610062526,-0.8599617652777987,-0.2469373023856431,-0.8157292821228204,-0.1402085713308034,-0.0531836003008252,-0.7189319291881953,4.616697947791479,-0.6269626362120055,0.9015031378997568,-0.1789198906835625,0.178926931,-11723.47728,138802.996,80025.8172,4140.994624,0.000279,0.1200001,18.33479778,24.0,9240.0,0
-1.4364542791678323,-1.360380574433158,-1.8692898555434,-0.3274621907116652,-1.344120203135511,-1.4076921112267178,-1.155570651228482,-1.0637841918117434,-1.2296094886929252,-1.4400714424763283,-0.842209135821852,-1.2275514424769145,-0.6281484408360805,1.5866182527575203,0.2439469286628601,-0.4879989557399096,0.6474435416864686,-0.7438211921188236,0.378437579419983,-0.465742967510951,-0.8878879373833812,-1.0243824934877466,-1.229362716051671,-1.133615541813799,1.9935695218101337,-0.5287399570773972,2.8359431343816857,0.2821919903655696,1.9503775366434004,2.071961159842214,-0.1953778177118823,1.23274624925995,-0.6003401682280503,-0.6326756808823353,-0.1941580746521563,-1.0173769741516754,-1.636381395553956,-1.344143112083103,0.9382294277241154,-0.2410577986899049,0.180289803,-11782.61589,138917.2433,80070.58621,4136.572797,0.000156154,0.133333385,24.19875238,22.0,12960.0,0
-1.1707710824479094,-1.1723236279887568,0.23469872084548,0.8535615212562377,-1.2811424675849712,-1.2951041596974566,1.0703472259473612,0.8119361303895838,-0.3495975988857536,-0.1099449052973891,2.054033802976755,-1.1172018594022115,0.249296685192788,0.2204508421095554,4.808582866616954,-1.0532862389382875,-0.693733115125843,0.817998094725894,-0.3821857089385991,-0.6738674557039954,1.409622274093067,-0.875471003722649,-0.7112618355607334,-0.6979407913865279,3.942002582478051,-0.1680716924750083,-0.6178662450928352,0.0089712676968138,-1.1555913285598782,-1.2066646068472977,-0.7285458340120181,0.4533666712819566,-1.05519392099854,0.1918312271315483,-0.1578350049384287,0.3120160919979136,-0.8729955107634519,1.5555501932922624,0.859649254350451,-0.590382349475215,0.181737979,-11844.42575,139084.7762,80124.54507,4149.511135,0.0001685,0.112500125,27.9768313,18.5,13390.0,1
1.013651957382212,0.4860352370777554,6.3826652022255175,12.392739940264134,-1.2073409759173095,-1.1441143422430824,-1.3029295670756575,-1.2920189113767475,12.2989047709394,13.772747210241311,-0.8488413337155745,-1.1120913948952291,-0.1364155868007293,-0.0909507711430235,-0.065664672010246,0.0011987713509915,-0.7159638044802623,-0.5257223970941123,0.4807876047787349,-0.5278789849867764,-1.07230714337774,-0.4894835885598692,0.7720178381066112,-0.3668098120817773,0.1073364160174992,1.2001145386765666,0.5800828711326336,0.8744894453597181,-1.3044979603160909,-1.2855334795809423,-0.5142174121533079,0.1057608164093766,17.381303112145883,16.312769197028015,0.2103343621916353,7.436600229399108,4.5991566372911175,4.872512612176063,8.72264516356352,12.89259836687754,0.19170056,-12244.48531,141415.7436,81023.65957,4124.033595,0.000237533,0.111111267,19.85917982,30.4,3208.0,0
-1.3934021569786568,-1.341218691243622,0.8441266249891144,0.7571432556667017,-1.364690868913227,-1.361421788224709,-0.6364279417555991,-0.6337850163977041,-0.5642132948288014,-1.124405211029452,-1.1317161818995656,-1.1996978323367713,-0.0953907810712744,-0.2673549827962236,0.2656570564603546,0.3815787601750866,-0.8921428659762802,-0.5167962224593996,-0.5340765877018638,-0.4918874904131618,-0.5428289046741424,-0.9954852463030396,-0.4348749661250206,-0.9926209609930234,-0.4018040297442655,-0.6224349993015781,0.5412127688540691,-0.7502435552809095,0.2075204313245362,0.3318278937379615,-0.8844924187093994,-0.7712517227091187,-0.0799209375693887,-0.9223154339204084,4.8328557224084125,-0.2009917944400139,-0.5666949449449996,-0.9448444079986058,-0.2885166653155648,0.4098537418588117,0.193430382,-12309.7561,141547.3195,81010.16494,4100.046753,0.000167778,0.096296444,22.86614946,26.0,3840.0,0
-1.37293329549582,-1.3481918305188632,-1.2813834815578495,1.1252556178866229,-1.355411422797153,-1.368069038657201,1.5611755292154772,1.451280888397413,-1.0776659709747858,-0.6771684533641453,0.7603978064789136,-0.7745860402036033,-0.80844594533262,0.0031412031013622,2.179991769963946,-0.6485867383915545,-0.7265149896581082,-0.5072922237521884,-0.6254079475996486,-0.4017155103854848,1.7153494764346977,-0.5167008978069694,-0.7411523132113205,-1.293874740562258,0.5813443439408745,-1.0840078890289486,1.0855603445082629,-0.6194940129392226,-0.6691681573543935,-0.650168474134301,-0.7784631541840024,-0.4761416291683642,-0.8049110499887604,-0.560780655455793,0.1177693823996484,0.2663949045512361,-0.6145677274489709,-0.8242014947967258,0.0533248591442805,2.6963908836561847,0.195253037,-12377.24386,141668.5126,81069.3262,4099.153652,0.0002413,0.1200002,19.40594167,27.88888889,2933.333333,1
-1.4912448419296152,-1.4811982836365678,-0.6716742918660064,-0.1445870225282259,-1.4830693410908762,-1.47203829388045,-1.2619922013949405,-1.2016629295934391,-0.0067855308749917,-0.7705722674816968,-1.029680713941716,-1.315867086027288,-0.5616937937855924,-1.2300571113468226,0.1904766968995255,-0.6119528250083555,-1.3354447599115191,-0.6454862220758497,-0.8473909114885743,-0.4126095017843925,-0.9772089116043025,-1.004612700667622,-0.0730402903327949,0.6604769721839601,-0.923654798399954,0.1133190434463378,-0.4810636874906504,-0.5222427989438954,0.2157370519029604,0.3957209044120637,-1.2956893341276103,-0.5018491409905477,-0.5871117993728885,-0.5498546740902244,-0.8834882475220445,-0.1928898501122473,-0.0013616026749052,-1.1360858009619348,0.0779019061423063,-0.4399215790949458,0.19706621,-12443.20016,141693.3724,81027.78311,4103.364683,0.000151,0.122222333,17.66321111,33.0,3188.571429,0
-1.4580046134011797,-1.452024699537482,4.067824747509287,0.6254216983437226,-1.473955901186368,-1.4726446467293772,-0.90147553258819,-0.9814604538173136,0.8366354604884965,0.5150579911717887,-1.0454995840954544,-1.0746859931445798,0.5913973246789199,3.163774417381294,-0.3896807263619704,0.6102572680891889,-1.0448634666396404,-1.1459026694100802,0.9611019112965292,0.9547308785436116,-0.916747986984983,-0.8196968219142171,0.0844704918429086,-0.3143817790448087,3.495150360938659,-0.0780020570287072,2.126479371698497,0.8711461230412456,-1.1739487110092572,-1.2452033400767424,-0.872996086152412,-0.685823969794551,4.529736770119099,5.43713713816177,-0.1352655780294345,1.881958583144968,0.9060900692434072,-0.064429609533716,-0.5004700327154219,0.1745945755343858,0.199036326,-12513.43267,141473.8,81007.41944,4097.211111,0.000132556,0.103703778,18.80736552,26.66666667,10346.66667,0
1.371965004899689,1.0331047416692396,1.2066679673017218,-1.0940257207603097,-0.5605508589393198,-0.1003327925874928,2.5769031566808245,3.131429764872962,-0.8952955321625242,-0.5121076689120052,3.4658098966462223,-1.0300277223015413,2.403484087837029,0.0071458826012573,4.090984807847262,-0.2911314240453229,-1.2171273027134724,-0.4335993336186021,-0.6448705568750261,-0.036975043339646,3.8513414837510105,-0.6747415999744879,-0.202969356809989,-1.115250022447676,2.907001273321562,2.48375867212623,-0.353830491449183,-0.5876089621794618,-0.4105313976390334,-0.8381037278987846,-0.9473152916707068,-0.872010263838447,0.2685880546401824,0.4472878791905565,0.8851039376998848,-0.5466581177096197,-0.6915347267837775,-0.8319349182930011,-0.6265164096793296,-0.6612794720652815,0.201119995,-12586.29335,141424.2964,80961.19568,4124.938129,0.000150818,0.078788091,19.56488214,0.0,0.0,1
-1.338726179896767,-1.3669817156228856,-1.419049642765947,-0.4701216720568144,-1.348096989939264,-1.4057551637655377,-1.2813868501388856,-1.1896105658975258,-0.5796870499685496,-0.3867508229807166,-1.167579519065599,-1.1756066243129966,-0.5877190970867812,0.3079599718455306,-0.0043562820125129,-0.3369220094211811,-1.1279126546556115,-0.2668863788250482,-0.0870172247783953,-0.5190105196496759,-1.0355844990645338,-1.1217644599420034,-0.2367148324579808,0.4293271904571059,-0.2038434742374431,0.4474186648879552,-0.5610912192055197,0.1700902657279202,-1.398985479514505,-1.568351847973481,-0.8734268213231742,1.189097663383467,0.2499345521372591,-0.0075461489223429,0.2453229611210545,0.2109392810448733,0.399444025916198,0.8364211362814395,-0.767264393912976,2.2231306130001904,0.202767119,-12642.79668,141409.2111,81018.15417,4057.25,0.0001435,0.108333375,19.39352414,28.71428571,7862.857143,0
-0.5016842060214257,-0.5362040886988271,-0.7853857022585533,13.27676398181929,-1.058091523524361,-1.0496414455568628,-1.4102476095049736,-1.4050172172061608,-0.4781610802756222,0.2948349289407668,-0.976486731241037,-0.961185077189489,0.0172530230223348,-1.0227552623697995,0.0514738878659923,-0.4672571221010022,-0.5981241078384807,-0.5034941158355739,-0.7464611317206664,-0.3427994941507641,-0.9371033418740408,-0.3129673827446866,-0.9769792181068064,-1.1856191716706923,0.001161843401904,-0.5189705226611827,-0.0332695188922556,-1.409043896768948,4.562864537653438,6.068028800534947,0.1445202248419201,1.7824151246103137,-0.0551835991112095,1.2471063167330243,-0.5920501804077043,0.0934204384765657,-0.0379681178869577,0.025076790258649,0.0477954791754187,0.817467110618951,0.204295814,-12694.44274,141556.3637,81089.95853,4097.125592,0.000143556,0.096296444,18.20847087,29.5,4506.666667,1
-1.2379113437257578,-1.2174709951489702,1.505762084605049,3.8913979759869335,-1.045066960415494,-1.0911367155116352,0.8978371001101029,0.703861371084149,-0.160426335737597,-0.5004521004896421,0.4421336773435071,-0.9594234813602812,-0.7793990909930724,-0.6072603597767721,0.55131757516566,-0.1791281421597936,-0.4494414042073127,-0.8855510362142054,-0.750289492744967,0.7645291471531799,0.4351877613530988,-0.8626136798866404,0.0053833786439683,-0.7460202908941467,-0.358286496781341,0.1539410732326791,-0.0969871047021753,0.3321356851770312,-0.5019713783069135,-0.567050506947111,0.2947206076851838,-0.0897740602048191,0.5548139023781808,0.9524878258385824,-0.6822549867950918,-0.3902552713530203,-1.1869394474433392,0.7683331045537356,-0.0888030815683791,-0.8234396775866086,0.205121517,-12722.02302,141563.6161,81089.46833,4131.68714,0.000142667,0.133333,14.37945556,28.66666667,6733.333333,1
-1.4523670342412782,-1.4345556176306198,6.072886397675646,4.311442584241245,-1.4149947232293945,-1.4412046178772453,-1.3399164152519816,-1.3311082356237691,0.3874541386963388,-0.6727657982977497,-1.2197940387921922,0.2298251653368299,-0.5152223115080177,-0.2944488423118914,-0.4600038156446939,-0.4204810596917157,-0.3963512505540749,-0.754062015552881,-0.0933235293315086,1.5214291159624145,-1.2457821517734742,-1.0774636800223296,-0.0792958612287129,4.1288310035045885,-0.6649202650014598,0.1306628497603355,0.7409466331203718,0.1922330903898541,-0.6242082493156689,-0.8887665290326758,-0.4720713594803243,-0.7789677493547558,-0.769941339396925,-0.5197456606445714,-0.3007361227557132,0.0731817489776212,1.1257014379661543,0.3618717009629408,-0.3766759706189027,0.3201483758741843,0.20589363,-12747.5866,141640.5642,81106.70025,4097.400504,0.000172333,0.1555555,10.94863125,24.5,8730.0,1
-1.3948647078598129,-1.4630929379965758,-0.3539133907969436,-0.5787493549215235,-1.5029005888229945,-1.503362663208655,-1.305596422992504,-1.3132552592688531,-1.048951874592784,-0.5187161019616457,-1.2552391508533751,-1.2544540718733204,-0.3418678132658206,-0.4747407553526348,-0.055343882974403,-0.3139508820861589,-0.8847132743989405,-1.0810541715362996,0.3697969255069124,0.3164213207059694,-1.2392925483565331,-1.0911259059744576,-0.7132025792450936,-1.241049169494602,-1.08920392734319,-0.7935641461697371,-0.1252449841602789,-0.8643310103209147,-0.9127674569110442,-1.0213618009756025,-0.9396543651966152,-0.920643622085796,1.6237769519271854,3.023531091088873,-0.0949306153255435,-0.4471000281224722,-1.2512540871108322,-1.2281206323612477,0.0280466917144752,-1.0624642103337236,0.207256761,-12792.26225,141690.8347,81165.31944,4063.934722,0.000272333,0.1444445,12.76287586,20.0,32720.0,0
1.1429409026424633,0.9333475114663594,0.7391385957760104,-0.0348521371273227,-1.2895408140607536,-1.1874684566265865,-1.3713742953089303,-1.354965194848093,3.454867821119453,1.250767643337937,-0.9134784849710096,-1.1633998864897923,1.7066668533246163,1.4276708661894606,0.8844225017772276,1.4034233803733498,-0.2743286375355076,-1.1398633648841865,1.6768338178362274,-0.0345252232439401,-1.1019697751746886,-0.7826050225737551,1.1034883927412595,2.195020667712546,1.046662511964036,2.483347942685322,1.6955177807908912,-0.1472639371408743,-0.568917011200182,-0.7656247594329599,-0.5863086091130905,-0.4529319485237968,2.361010117019644,1.188981814794614,-0.001700369447652,2.70273530944789,1.640515945658012,3.916868802904215,5.863990959246621,0.3538019980391471,0.208601762,-12835.81094,141618.9655,81132.83685,4076.761996,0.000125143,0.114285714,16.77850476,18.0,22160.0,1
-0.6692674260546418,-0.620463153580181,1.1196011202415228,0.9739478326663829,-1.1461377569889448,-1.1634114357661065,0.7152661831317966,0.3304090645485198,-1.388389723739431,-1.3188118868064522,-0.5674049223396249,-1.2618702054842716,-0.2858938765413317,-0.8491305845248704,0.5506765253784032,-0.8985057321399039,-0.6336551506370967,-0.3619037337123156,0.7512035425290065,-0.6447161632598672,0.479995691100155,-0.8092701104765285,-1.6740703420934662,-1.7560528731519036,0.6489302293791082,-0.0425142922525769,-0.5734923609041154,-0.6871793241936457,-1.028584673216209,-0.8428238341098298,-0.3036698971627229,-0.7795421530853774,-1.251114979090586,-1.1305382660713508,0.6037991569885128,-1.2431659858582471,7.083039431785224,1.2756316614737742,-0.2584703821389187,-0.9832421116367248,0.209933759,-12878.34109,140986.3517,80918.8411,4086.836864,0.00046125,0.2,13.80853158,21.14285714,3154.285714,0
-1.4083331246443336,-1.3479093436784806,-0.384864700575747,-1.0767987272305066,-1.439404756368752,-1.479465716197932,-1.3110406264135048,-1.2881766699171882,-0.3934558499570331,-0.984884573510449,-1.203844459677864,-1.2645066897162889,-0.5027679125436642,-0.4734436306381004,-0.8904445579019846,-0.1002844915879084,-0.972755648614002,-0.4726207856378628,-0.604141403867537,-0.9508557603942333,-1.1753406965234303,-1.1626529859551182,-0.9633706129336734,0.2502525475882211,-0.6919148316481185,-0.5849472533766669,3.119570284563049,-0.2216518741492605,-1.0426808341459042,-1.0341333616236257,-1.2028948369500032,0.0362487786639946,0.6164309585142469,0.4002803501035501,-0.4700826456642231,1.696165604418321,0.4449898095619571,-0.5971805465697089,-0.4368471363499244,-0.1797930893634878,0.210817795,-12906.31283,141679.1829,81219.78295,4077.296124,0.00010825,0.13333325,12.5017141,28.625,2445.0,0
-1.0235063161716476,-1.0719432107334586,0.6604293654763822,0.0595125532021598,-1.3948728514892048,-1.3967720526177667,-1.2648645279205966,-1.1922158264571727,-0.5657534010103595,-0.0503972559317782,-0.6285434192717103,-0.418665859734983,4.204686745169582,0.0882037291835446,-0.4640373457360662,0.6777822433427683,-1.0332746586376234,-0.5731374980843866,-0.2797607402563207,-0.1446465590591303,-0.9215295916959604,-0.6505230104465158,-0.4039565477570117,-0.8255899151421731,0.4464079617084699,-0.5731855763936422,-0.619325233845577,-0.7461095478213982,5.567952077978893,6.794651080632992,-0.9628516945960586,-0.2261066870649068,-0.6961191984740505,-0.9681008317347092,-0.7487744976837494,-0.3914930059952688,-0.5919993739040419,-0.3655684632250477,0.5351668728501178,-0.3913193416112648,0.211735637,-12935.07249,140972.3411,81011.41705,4121.168992,0.000158667,0.077778,11.31126076,31.0,10053.33333,1
-1.306816528122632,-1.3078108532174482,1.6199827176990595,2.4856288418229475,-1.3751920620283544,-1.3561611436812664,1.8071104515526804,1.878693289950828,-0.4256005735034898,-0.1796849601824108,1.1924521855529342,-0.8972043795823614,0.976820365444088,-0.0336411204097664,3.779872337178945,1.0046245634233184,-0.9563680496044809,-0.6010641428549239,0.055714994966582,-0.638692060588375,2.3359044098276147,-0.574010489385615,0.2651081241412658,-0.750015501735743,-0.1113375926209285,-0.3446293422992914,-0.6295685865658327,0.0367825324711326,4.317670761503297,6.708144723477181,-0.8457436799842912,-0.253623193921956,-0.5342479025106401,-0.3948107199953838,-0.8601292120611168,-0.6475578253252494,-0.844913976505854,-0.7693476604639442,-0.2116597696060784,-0.0049813962291831,0.212639428,-12963.15771,140506.087,80919.21095,4078.36715,0.000243667,0.133333333,10.64924133,29.66666667,3526.666667,1
1.2877375936632465,1.2592376584540332,0.0355059865852473,1.632041956257262,7.6394269153514145,6.772330979775781,-1.2742381489611094,-1.2692755432024854,-1.4768859516166244,-1.425841274522315,-0.840959277084075,-0.4499862885146859,2.5360818418329,0.2070352932421513,-0.000403173819679,0.6233896422361194,1.4690177647256384,-0.0315384100416857,-0.4358712779961307,-0.1969892975227729,-1.160832255491582,-0.8591840987554491,0.3781311885980809,-0.3052520518941501,2.2592079533718863,0.030297650940041,-0.8907444970973839,-0.30512339970783,0.4669512817481882,1.1420281125868792,1.0242203413779445,-0.3874933026496419,0.7158036752817312,1.1693798316429458,-0.3164299428495511,-0.8197099955980107,0.4707717888800591,0.306648680636624,-0.2246445074642444,0.6730083092769297,0.213334928,-12984.61213,140621.207,80920.66842,4097.991228,0.000116333,0.088889,8.386497101,29.66666667,7693.333333,1
-0.6363215209997035,-0.7600922943291453,1.8698688634757143,2.5166596007194126,0.7195866887512028,3.7719517381010608,-1.1072682030094163,-0.9820021464340724,-1.1132074388596511,-1.0273090044019093,-1.0210619153467042,-1.2347739673099078,0.0734572902936765,-0.0988901947977054,-0.5338304755125534,-0.2908430554364263,-1.100589720110843,-1.0042628570500314,1.0430224877702088,2.3547743841812663,-0.9452471055569172,-0.9925322646372984,-1.2203282481345838,-1.00277422511577,-0.4838514141471468,-0.5074281480702978,-0.3514814195111282,-0.4216485502081903,-0.154042361131907,0.0548527289092937,-1.0784635788473445,-0.4427201549104027,-0.2629665346312144,-0.401009766235064,-0.2946525428244935,-1.1361094449891695,2.1688522517971416,-0.6337323745682051,-0.9534737898731284,0.3005054260851976,0.21453723,-13021.32257,140517.7269,80934.63439,4071.698585,0.000174583,0.0833335,13.0128027,29.2,4120.0,1
-1.076541630392296,-1.181566976994932,-1.533949792794511,2.5307515348717704,-0.1816479007408884,-0.2079004369357378,-1.217190568087991,-1.2210841849756808,-0.034410403895889,-0.1450689587150262,-0.7489133423605208,-1.2996781224985976,1.485487037407621,0.5370201574795583,-0.4667446337971883,0.9753758128574276,-0.6913471917147014,3.1405998083951623,1.9329545698877373,0.2242941533262379,-1.097728606799849,-1.140467779174416,-1.5095153116269144,-1.2974841227125384,0.6653184717883658,-0.6761062132123943,-0.4073464486584073,0.9757822591295132,-0.5212675828251041,-0.2608758204482488,-0.5327509684273384,0.2107012344785004,-0.2159034180984069,4.519943392332588,-0.3851012023364366,-1.2207841524772154,-1.1200006014073998,-0.6086449560186051,-0.2141459935878029,0.126161651416202,0.223713365,-13288.82892,141584.4622,81251.38164,4063.088567,0.0001694,0.133333,12.35775067,35.83333333,2656.666667,1
-1.092058823501022,-1.0012659377947226,-0.7149807821136935,-0.4512625863777519,-0.3241640766751823,-0.5598823910423141,0.9430575492277904,0.8154386044976585,-0.8967425228498498,-0.8391047158806426,2.01174528563066,-0.1924894578080342,0.7637847139307619,-0.7538988417077968,1.8190618667847251,0.1091702836566796,3.3574172914327427,1.5607504438539053,4.262269497198257,-0.6919166431436978,1.2216820004740754,-1.0321797650568565,-0.6312887976302664,-0.5011186183524603,5.9327490017305,0.0307553943906819,0.6833020966452414,-0.9766289077059094,-0.940106971679466,-0.6991173415334933,3.428021650638171,2.915938349885499,0.3032394335165973,-0.8688513948748238,-1.0627168883911184,-0.8142088314577851,-0.9246428499790283,0.1411604647995208,0.0312917705715611,-0.995287641545965,0.224296303,-13305.08081,139568.3993,80380.86165,4002.630473,0.0,0.0,9.095376812,33.72727273,2032.727273,1
-0.2353507648427584,-0.3915992455251169,-0.5042122497404482,-0.9818849938537686,-1.3945525915970374,-1.1488349235110344,-0.0875440610766302,-0.0784588126988405,-0.936367787468182,-0.8952183882032383,-0.0823912000816093,-0.5500824371872657,-0.5740718885716509,-0.1027777612241447,-0.013149962401699,-0.3294011159355907,-1.163206601890837,-1.0748313732903565,-0.8004184103169001,-0.5591180306796009,0.3775036799299616,-0.4808213377699797,-0.2255467160586217,-0.2041636162971478,-0.1948258633576598,1.5459266518820811,2.3218079100298867,-0.2491826160015824,-1.051066208374737,-1.1911473635042926,-1.10546504196882,-0.6662288928188143,-0.912340034247181,-0.6941875582304422,-0.2151122671936605,-0.6137823349094034,0.0411370951717326,-0.2658357586125377,-0.4564037863314816,0.652519231178462,0.224611478,-13313.81249,140482.6915,80806.77823,4077.979839,0.0001296,0.0933334,9.254586667,37.33333333,2940.0,1
-1.2476977139875227,-1.207865903379577,1.0708548913315958,0.3972152768301336,-1.3662389238080703,-1.4234023048819149,-1.3299829410819566,-1.2510977400165604,-0.7175207056015647,-1.2421213977944907,-1.002330349831878,-1.149361045317432,-0.1545801454289819,-0.3540610348185393,-0.17064864701483,-0.8059705340903363,-0.3079873365436274,0.3704565478381516,0.0454240531534466,0.528728706767613,-1.1379125380257544,-0.9168240030384388,-0.7279047047961305,0.5804701288247185,-0.1325453059058672,0.727270124148967,0.0549026491920843,-1.1714727787168024,-1.5754344089560732,-1.547812849659972,-0.2475852020782589,1.115071090754931,-0.9833133280890456,-1.3129759224496116,0.1870665903271677,0.6007772677495242,-0.2804349376295514,-1.2683571542850296,0.8504798338683672,-0.8001201130876461,0.225873547,-13348.63945,140623.1092,80874.74622,4069.984874,0.0001425,0.1,10.23043472,28.5,6270.0,1
-0.4458980458858552,-0.4099022037534774,-1.3880085087078269,-1.1031157253837869,3.033835817258449,1.0740688777645335,-1.2672927535914271,-1.2591332082637987,-1.2123603221014665,-1.0216797503709347,-0.4833041066823469,-0.8583620644365451,0.8610125476247541,0.6011193650136772,-1.1479905034104696,-0.1413929090438452,-0.6470489084382871,-0.8995203187191443,-0.6344631329294148,0.3871394267388059,-1.0428004068678112,-0.7191170346132467,-1.60512928996741,-1.409386087162034,-0.5026496655144261,5.126342085945462,1.1888067164186769,-1.2304671510177771,-1.4009758121524958,-1.347934919865187,-0.3362654858681573,1.562925580301192,-1.2999757285324591,-1.358453748761701,-1.1856644197404096,-1.171852767376245,-1.4518172703203478,-1.198721112935388,-0.6157449586639898,-0.8097401513838398,0.226895576,-13376.53957,140280.7351,80794.34933,4040.90595,8.9e-05,0.111111,9.059660317,23.5,4380.0,1
-1.309002354490153,-1.285590365000893,-1.2847682683465622,-0.919340718359857,-1.176910212485463,-1.273152359508902,0.7428414594316948,0.581759913552184,-1.086539057901635,-1.1790668581983923,-0.7141723775572815,-0.3277025508828552,-0.7057510832029785,8.47759678613837,0.2073699930691535,-1.0851326379350517,-0.649964152308057,-0.0008563250378554,-1.024864047519327,0.089657134857366,-0.4752777361280054,-0.7663092320677647,-0.9484049095743337,-0.8572546438584192,-1.1456101589069398,-1.3549107729644572,-0.0203730275016824,-0.9889355462496524,20.325608470284592,20.470754411495783,-0.9175155616639232,0.8936395408843221,-0.9460214869325756,-0.8175748849126965,-0.6010454434696779,-0.6534176889906611,16.24798280656472,15.893099108135246,-1.0187252447142507,1.7955280482456135,0.227977717,-13405.80603,140051.6034,80803.60536,3982.086207,0.0001702,0.1333334,10.18265397,43.23076923,2067.692308,1
0.2657093866467743,-0.00713547051541,0.1307393841037396,-0.9728282492110664,-0.19948403617976,-0.3684270768381759,-0.0272116776633164,-0.1667369261891007,-1.4102449381429203,-1.3545280048282793,-0.4085555874728266,-0.0891403586674588,-0.1770496569014148,2.230244711434956,-0.087164728893609,-0.9702909991615148,-0.5282157007969008,-0.8902639050178012,-0.7017970198065688,-0.5439370320564763,-0.1320954972396113,-0.9116126806171287,-1.3100543577543895,-1.3235005353582652,-0.2784605970413478,0.9510903430990404,-0.6127530970214217,-0.3146499277406103,2.305918717410915,2.197888323285385,-0.6666293750588919,0.1263797724697157,0.3973789677579469,0.3226340619897487,-0.7495852636725147,0.0203979918633048,1.3488735069708009,3.5620858643616646,-0.1955670001691873,-0.5042516497970588,0.228994652,-13433.06544,139970.3645,80776.90323,4011.979032,0.000194,0.133333,8.282568421,50.90909091,2229.090909,1
0.4142299374467058,0.5152221779563115,3.0411373985243326,2.664050517779568,0.3045100442686284,0.2281128038099851,0.1203328054206185,0.0794866526213162,-1.3626169155562344,-1.2961207037008065,0.330838190407654,-0.7384722075285599,2.4526423397749744,1.2600906227260946,0.624289260837573,0.954237931909686,0.0501008066591914,-1.012332401116204,-1.0415981055243415,-0.8291276066127082,0.1673058157503053,-0.7018476263739255,-1.2782769206849385,-1.2412663450235104,0.4130177666507579,-1.113665005132169,0.293676424171966,-0.4735362345333609,-0.3927824566803259,-0.4391501922934675,-0.1993392965684473,-1.02428656558016,-0.0226468377821658,2.5037447359487786,0.7941501810996945,-0.7366572445688853,0.39946865170594,0.6879215032744797,-1.2086361029534467,0.2521024463166759,0.230307875,-13467.84304,140728.4273,81144.18389,4078.443082,0.000307,0.127272727,13.31299559,36.42857143,2960.0,1
1.946642002704741,2.654966503283645,-0.83598081348971,0.0182091403929742,0.9246649904525396,1.4321006060886443,4.676952480670362,5.80032193212169,3.798174893236865,6.972330271925422,4.771181389693622,0.7448344967678207,3.912702734467008,6.188172384602817,5.598679162805107,-0.838996974397507,-0.7548791177336396,1.6785775396797185,-0.6082873947472196,0.3467791102613917,6.150618614336938,-0.6598232878156356,-1.0200830616161023,-0.8701746740451837,1.434730434562434,0.1137480401945199,0.1686279251704845,15.42146637149012,-0.5167187762018557,-0.4294411133279432,-0.8707920729618297,1.3693710419498704,4.570288523620572,16.246965717282237,1.9239704900058656,1.5151774622487115,4.494940382668524,16.074386544140808,16.83641991784479,22.07942407505086,0.230941123,-13484.55583,139659.6851,80721.34761,4007.147355,0.000349667,0.088889,15.05660619,42.3,1710.0,1
-0.6264838247079574,-0.7978697377661441,-1.3653642394404797,-1.2013612578738828,-1.0400431502919585,-0.9747722542104578,-1.1757176382199128,-1.148327079604976,-1.186429351382151,-1.1721946030245454,-0.5927213748088764,-0.9928942025096528,-0.1525005772745635,-0.7924323063349821,-0.4718026749129627,0.3415543395488361,-0.4986127613151634,1.0466128463969104,-0.6475518072241404,0.1738668454891199,-0.6117986402421036,-0.4564627043212192,-1.352391885929908,-1.148801575884946,-0.8488988262388659,0.1056936920293418,3.1498531836845967,-1.0926730037064545,2.831453968965768,1.5648985412054257,0.7295625171766691,1.357831518026677,-0.6413291636343148,-0.4590890312210312,-1.2385182743906389,-1.3944557122324308,2.6517084620302835,-1.5680089850043335,0.0262142474853805,-0.0733053702055146,0.230838867,-13481.87262,139775.8674,80820.50065,4000.671001,0.0003248,0.1333334,10.14245591,60.32,1168.0,0
-1.3939737428125956,-1.400275335037762,9.43085993280738,11.735040581186654,-0.0304812736385025,-1.0731650679843605,-1.0383003114128737,-1.0468337113045982,-0.4210687724953095,0.155678618582824,-1.1060207626920018,-1.2957951659543867,-0.1589536645100699,-0.0579246888953783,-1.008520077448848,-0.4592885527395562,-1.1985088147937155,-0.1570273775461639,0.1038545935499519,1.0701214648366388,-0.825388955566646,-0.9834688500978372,-0.8005188087548092,-0.4551958636972895,-0.1291211420259923,-0.0332001878602543,-0.5812114979362302,-0.0358002954742788,1.2085435230684285,2.0345185984029968,-0.9943341712579072,0.1422822707180944,0.2758966975025587,0.5412843211894058,-0.7622760971924243,0.0861180046973637,-0.6933156297849847,-0.4251656927858933,-0.9867582038012012,0.3384536351561169,0.230859393,-13482.41202,139966.0883,80859.7039,4051.676623,0.000603,0.133333,6.069691398,48.92857143,2197.142857,0
0.8738702299861285,0.898537975722284,9.19959529389514,3.560289641893553,-0.1451951987003514,-1.0714281019149687,-0.9415850067697128,-0.9964754635969362,10.06153236640716,8.82647689513217,-0.4597069042763011,-0.8574857196407963,3.425977053956995,3.7378825718088207,1.9933279589199184,0.3897096598062028,0.3630579137743179,1.1001047217479414,-0.3250880501106548,1.3091105671266643,-0.6138846116861192,0.9961206554093892,1.420001918669552,1.8253193270943475,4.943734575004178,4.2226448194600605,4.7614413882406925,10.244301811806936,1.7746083736619838,0.7804591200005953,1.1490871813975485,2.041478984440306,1.5234203814317864,4.98919758739236,0.1743600235953835,3.743050193454215,-0.4491851558613327,-0.3175915607679815,10.630750959066296,8.49012539325639,0.23079611,-13480.75161,140228.6773,80981.71349,4031.264256,0.000704,0.2,2.895936782,42.91666667,2520.0,1
-0.8555869499419799,-0.9791892467348684,-0.9844651489446036,-1.1282691123052548,-0.1976462684926123,-0.3032105673780436,-0.8760730988854499,-0.3978416592938201,-1.1838291361581248,-1.2614086439437755,-0.8798535375575618,-0.4006432177139412,0.3582836164773098,-0.9712820097783434,-0.8295108407301712,-0.9985656303478844,3.423734795823004,5.280439041955834,3.094243758302325,-0.2489529733629645,0.2118803856583948,-0.9182961168073592,-1.2729200666067175,-1.0690907454507108,0.4205854737985444,-0.3620219317586426,-0.6945200742072406,2.3013178665108907,4.015865702820109,3.620452260788614,2.542149276431349,5.900836195725546,-1.5524013708167534,-1.4209517580135207,0.2356858411493592,-0.0205760126974969,-1.7553091836315329,-1.8212982319774285,-1.6557161763859545,-1.6987052170880157,0.23150073,-13499.19046,140554.9908,81145.36264,4032.347985,0.000416667,0.222222333,5.204534848,38.6,2224.0,1
1.254291627088712,1.3176077668614044,-0.6518525235363031,1.202883169317115,-0.6152022931399848,-0.0966394727282202,-0.0586896755779742,0.2026476197721893,5.477669307687105,6.343745814509958,0.3118870777352356,-0.0519282872257447,1.0875148057389703,5.276132589871256,-0.5165963956247857,2.0498914925828284,-0.5988220064513574,-0.4730143278485132,15.83001568475629,2.0971339973761687,0.6497990358121504,-0.5237247863387542,2.367840796831981,1.4287162591171736,-1.3194241956406632,0.7708753406344258,3.025339775626982,2.6179306436442342,-0.7938653154756858,-0.8354924705187559,-0.1967623934657365,-0.6226852182240559,9.210705391040266,10.630992345424506,-0.082968793576247,3.458337566257958,-1.311804300709439,-1.6286913665903768,7.264461299967262,4.309248957063411,0.231173833,-13490.64975,139372.8716,80536.29403,3972.795522,0.000284,0.2,3.518006173,37.36363636,2440.0,1
-0.7220386547966688,-0.96434833720831,1.0506238803332346,1.6182134194758548,-0.815762574214459,-0.6424002029688727,0.262108756324996,0.445307714760482,2.686156534201179,4.532103780656038,-0.8718408065670578,-0.8055867542267339,-0.5457149818287639,-0.9190787141297614,0.1159663229704772,1.005166545892722,0.4429437125474322,-0.6585515181822266,29.246058317792148,5.322945190824916,1.028907995411907,1.5618222189282411,0.5889184491883777,0.1860224907464949,1.6201088696977504,-0.2572917365829652,-0.2434824990044495,2.594697056524419,-1.7434625411745317,-1.732699851256911,3.4538912009259093,1.3526210628081428,0.9723072334447344,0.2872009467674981,-0.5449416803272582,-0.7553308108926426,10.93173356714223,24.11901507888285,17.216702924269317,24.32791768033002,0.231420776,-13497.11392,139766.6472,80761.07313,4012.329068,0.0001425,0.1,4.227543284,31.0,3633.333333,1
11.34796937995944,9.852202772108685,0.494099465357138,0.8405170007940912,7.950364496985829,4.719197253756575,-0.3618556157273929,-0.4929715847476812,-0.7171172171443478,-0.6718472021699045,-1.0080897030092262,-0.1952365044022097,0.7227174768938771,2.617851647900208,-0.4134547468610576,-0.3293497527374946,4.435326838126259,1.1915161507929124,1.2523134704885417,-0.6692719660347741,-0.1114774359925827,-0.2782111630760617,0.7192670873223004,-0.9446437745725902,-0.779221317517198,5.928701843105806,0.8592383970720667,3.240734398538523,5.915632892243423,4.992932237817181,3.921019025305407,14.5854726634558,1.6841624394384809,2.165672027556324,-0.166564513725461,-0.2404916291249232,6.86351118076874,4.708599632779714,2.4856919722720248,2.1563275803987416,0.231524047,-13499.81194,140294.9522,81030.65821,3956.78209,0.000141,0.066667,4.434919753,42.46666667,1706.666667,1
1.730622595184668,1.6561717485158836,0.1483865105202677,-0.0283991457499928,6.153816679396101,5.958003176600986,-0.9971619422577488,-0.9505771698382262,-1.118218956376756,-1.1240375556192952,-0.3249628764089634,-0.128945517000806,-0.326598007326988,0.8500027405449728,-0.6855344252230369,-0.7820071312671839,2.0290760285488325,1.323639307930664,0.0831760161542023,0.6998907267620949,-0.7497238307014182,-1.074872713223323,-1.2926806233667472,-1.5788277178335168,1.4599625776252232,5.702480089569335,1.063518989247804,-0.6162198012082056,8.839783689851426,9.697856572033022,7.880941535016412,9.77813551544214,-1.438004174623948,-1.3181942456547011,-0.3103957425648529,-0.5768969338803664,-1.1537980777040149,-1.264345515144374,-0.5432794593839225,-1.202409420959911,0.236914003,-13636.33428,140742.2912,81615.08246,4082.064912,0.00043775,0.141666625,22.5657,35.66666667,1963.333333,0
5.662057911917046,5.860380574553901,12.1229864811724,9.508708516883544,4.214146806899675,4.669274727458747,-1.1885712099374053,-1.2505624727724058,10.101332564239415,10.104601986259569,1.2841096366317348,2.8151865340972435,1.4978753016217867,10.183591828401108,-0.6713084244488448,-0.2757750210878011,0.3719722206067901,-0.2421502397015076,-0.0029062421032111,-0.9000860673859563,-0.1427825721802142,-0.723213838010698,4.4239010437655,4.02886415968454,-0.5228121798122016,-0.3186997365527775,1.8760061376242247,8.681799568651114,0.1767429570033756,-0.2471433395510036,-0.1571931399921458,-0.941294881255934,10.685714711826236,12.88357063571915,1.47004645319607,3.62044053310648,1.4089588474431096,1.8925410713152289,9.704016082404427,7.294615974016333,0.243042151,-13786.10623,139215.4081,81222.30648,3947.446585,0.000257182,0.145454455,34.79000435,44.4,1490.666667,0
0.3271744838897099,-0.4335679052979935,2.2625531475289904,0.4785474825594691,-0.8856032712014481,-1.1127810702309775,-1.1720296926688234,-1.1647131778863442,-0.9993047960816672,-1.17279684473138,-0.6501094941362835,-0.7830050450567789,1.026454047344166,-0.3726772604254047,-0.6444042030802026,0.3780921717199339,-0.1964400753525037,0.2204621254399823,-1.0392443878762354,-0.7734218832308093,-1.1951226564974569,-1.0468241122869724,-1.3085931608132155,-1.082358017340154,-0.0511880823113894,-0.3452231245576538,0.5951506189326552,-0.4898043598412367,-1.3675234309223832,-1.256509985840512,0.9710272969949534,0.6797118929480672,-0.8010283953728647,-0.6652652578061375,1.9042452237876333,-0.953835412721726,0.1801182243685644,-0.3425719520662684,-0.5587366703184444,-0.3548430302376384,0.241623152,-13752.34407,140360.2302,81426.54676,3998.205755,0.000418,0.1733334,5.390283333,30.76923077,2932.307692,0
-0.2718216906684922,0.0506655507679045,0.8722945723195474,1.5925621045784035,-0.2750371735364574,-0.3312168016486629,2.4525962056826103,2.966374910016188,0.4429783804277569,-0.1826089496060139,5.81977204786622,-0.5798462362932435,0.798278546067376,1.2097613882398166,4.3713262030454265,4.121302134425608,0.1725891337269383,-0.8431451190719121,-0.4258573171544619,0.0554987578412684,1.2173942793139894,0.282466337231674,-0.803244774373022,-0.8257941668393567,0.029094277480949,0.2483116705354664,-0.7684094506003714,-0.8779500216739757,6.723874092178585,6.238539840757902,-0.9187651772957212,-0.1851191007959172,-0.5163077206130735,-0.3371346402426964,-1.2286275119062335,-0.8513018586714982,-1.204715973625189,-1.5541704490898438,0.1255178738584601,-0.3750811731604049,0.241643006,-13752.85079,140227.4538,81446.69076,3987.545024,0.0,0.0,4.001604902,41.53333333,2146.666667,1
-0.4340324264696003,-0.8399368715941007,1.366179956383637,0.1861311083221326,2.0624675999895423,5.877836385732753,-0.9978302853234764,-0.8682572521496921,0.331701454174103,3.004346040426439,0.2029657752728573,-0.2080978502755694,1.837058320293094,-0.4633420281898184,-0.2693068665745555,-0.8767317999308522,13.38893041338006,11.90636519778734,9.901810951301966,-1.0145708997301006,-0.5588523357150859,-0.1044505183755202,-0.9854835327112657,-0.9486154767741212,1.175618377575324,1.438165658729826,2.3342814408328296,-0.2725132040708642,0.4518490030406763,0.5198085488168815,15.948911320673815,12.076335079670365,5.565965382520728,3.2251275766354457,-0.4548923765864523,-0.5575253574118726,-0.1946777584598522,0.9679313129656172,-0.0652058182076245,-0.8701357371591802,0.240210855,-13718.2345,140254.7522,81401.63582,3974.232836,0.000287,0.2,2.644597531,51.0,1485.333333,1
-1.0123081243437388,-1.266942979994322,-0.1319123427499233,-0.5347756759709994,-0.6158836477423741,-0.3748950752132698,0.1041850816076999,0.0605091807750799,-0.8605446503661907,-0.6706250512203762,-0.3816087988137,-0.8578887368482135,-0.4577473833915029,0.2943661737376324,-0.6920628469785268,-0.2589099492508548,-0.6734190902671946,0.0437322611376016,0.8272318719946483,-0.5052668840528911,-0.6131558910943249,-0.5306604430829096,0.3009671884500524,-0.7500060129503288,-0.6599385620868694,-0.7481572097559299,4.8679477567931375,-0.6138589666831966,-0.3490333151109119,-0.1855379433091961,-0.4982799922020255,-0.6999756325536479,-1.3895335330058631,-1.3052299877255162,0.0476319630369168,0.4878755962879051,-0.5254550485863159,-0.9131833939667428,0.6099843964201503,-0.6905553261121344,0.237013379,-13639.67485,140519.268,81248.94396,3976.996497,0.000104,0.166667,3.267795652,43.8,2832.0,1
-0.2988144006050044,-0.3991696344000228,-1.346533013564439,-1.7141860235413402,1.842493362299188,1.5154532106687435,-0.9844046662899216,-0.7921016585496723,3.377650415959268,5.558093996063704,-0.3162774636479186,0.0326755097556552,0.5989528444971279,1.441279879551117,-0.4104760919132237,1.6574051665545912,0.6649822953531843,1.9180694318766447,2.6305306665777453,7.148925540598167,-0.6596171433899047,0.814793679416614,6.923512066448305,6.203772647440019,5.466336810176031,4.305686502228018,4.397770627184813,-0.1692393876018232,-0.356163703382844,-0.3638684911087866,1.0612863923269629,3.5539551891182617,-1.0344844980607073,-0.6036059560524336,0.8848844963389961,0.6513032409602015,-1.65994721587091,-1.8143576384843605,-0.6600237212512177,-1.2760434849486562,0.234484733,-13576.08127,140625.4396,81256.90772,3938.144295,0.0,0.0,2.203038889,33.42857143,3177.142857,1
0.936713592147186,-0.3295453120231375,-0.9393470839863712,4.597449725741371,-0.2503417505426588,-1.0050260361204604,1.7052886373838625,1.2104571991266688,0.9712150949463254,0.1386095084933276,1.151062805317265,1.9125353493939885,-0.1417834894825658,-0.2052240740849491,-0.301603326644805,-0.5280904400293194,-0.4886433314470721,-0.943529721122358,-0.3402189495315699,-0.1777277435273143,1.506361765306952,0.0738633219119764,0.0460892747869428,-0.3039179140736889,-0.1512644841823403,-0.7477725180539427,-0.6806324274424669,-1.0487338703071518,2.3327043429928533,1.944060047244922,-0.9478612305159104,-0.4394907338546785,0.8567987066926475,2.4321869827917717,-1.1544789198633436,0.3425299680137801,-1.471291111117225,-1.5690040531815503,-0.9388836517445616,-1.2025264759479375,0.233080624,-13540.16445,140655.2298,81275.28596,3941.182456,0.0,0.0,0.967710145,28.71428571,3411.428571,0
0.6454579120732316,0.3871539563603585,7.196163215864054,-0.6923467073369309,2.075656360241398,2.00061443535676,-0.666678020827133,-0.5875512498698714,-1.1273085593640833,0.2735116330035803,-0.8653558173125773,-0.7823007352039437,0.0827710493370963,-0.5011918624487492,0.1570426499222623,-0.1496819777226377,1.56572143385527,2.068489194573349,-0.3518011234559317,1.447183400780018,-0.4535190809323706,0.7850153872510779,-1.3641492043381105,-1.593510185897241,-0.8566571808183152,-0.7710412105758908,-0.2149672258701094,-1.199660320091401,-1.3572775239949764,-1.3069279457156178,2.9143772533135515,-0.1926941062028175,1.4675194790203945,2.235972286591624,3.059165455776236,3.978244118220735,-0.5674381722426038,-0.964204830039204,0.8826532029037448,0.6064123438016229,0.232106264,-13514.96734,140674.8427,81315.63659,3952.570732,1.7e-05,0.066667,1.366219,31.8,2178.666667,0
-1.257133408532718,-1.3420414843175976,-0.8169133118360064,-0.3731232443369721,-0.3697843340303812,-0.5327858528203251,-0.6409953098300409,-0.6278317481782114,0.9433435065467406,0.0368166987435572,-0.4433247222449417,0.1306614725359307,0.1435267483199815,-1.1487815319716896,0.0329336477035155,-0.8688316305128252,-0.1972433634287456,-0.7230455223859882,-0.3782630284356241,-0.0267669052383969,-1.0175213412819144,-0.6327625663329357,-0.2943464569348029,-0.3907393433426902,0.0937449602720179,-0.1454811868919949,-0.8010016844764456,0.7251643943846027,-0.2456534467515156,-0.2731218123040513,1.3553557037994288,-0.3571671202252129,-0.7428912867694843,-0.5112163693272715,4.249490422621348,-0.9400486838485378,-0.8020322163926323,-0.6809291003731524,-1.074009265998929,-1.355702311278268,0.231316527,-13494.39607,140605.8498,81358.85165,3929.274725,0.0,0.0,0.792524242,32.44444444,2337.777778,1
-1.3486351038875628,-1.3924125717977989,4.232562743074055,4.842164472683641,-1.13453378527053,-1.0423305418545594,-0.3141482229385097,-0.4394871667171225,-1.1639028253653585,-1.396746581048897,0.23316325304611,1.3767508207202646,10.370576517854325,10.595110364996676,0.3873431008000776,0.0971555811040629,-0.6943136160669758,1.5823091867790646,-0.5372092411470502,-0.1525351845495572,0.4706122729131774,0.2076409967717305,1.0874411317006023,1.302050134490381,0.3704049735052916,3.478983500766176,0.2913682800590984,1.7030750773689889,2.647978919996354,2.5870448723023367,2.158831213340439,0.1726118791616766,2.999670464457987,2.9165549225638863,0.8608003904978294,0.7221903896067143,0.2494463214120985,-0.1136711343105583,5.366465328978162,-0.6451302083872386,0.231227804,-13492.07557,140340.1935,81394.65927,3943.556452,0.0,0.0,0.379158333,38.57142857,2154.285714,1
-1.1385228339835656,-1.0888702160668833,-1.1331675008349589,-1.2382328964431188,-1.3230845831781624,-0.9182785077626718,0.0940071387251504,0.2586663949942078,-1.7596914533582286,-1.6916908724902353,-0.0283568301744323,-0.8526525775646205,4.974723077671618,5.57593098440114,-0.7249234802090205,0.0122000478759352,-0.8007207600463575,0.0447999200468318,-0.8334710082524697,2.4828452489374584,1.3119099287070777,0.5035024553101657,1.8727124215800872,1.7410165571267546,2.901670301820892,1.865188165858334,-0.3275436239862372,-1.0920753401611816,10.523841847011372,13.1226326033201,-0.6597840781124988,1.0174734033612625,1.9799547619026896,3.31862994547129,-1.553618197661797,-1.428438150712926,-0.1849787470685986,-1.471721068848341,6.428235441992591,-0.0056485362588363,0.230815783,-13481.27215,140451.6008,81347.9879,4009.012097,0.0,0.0,0.188638333,37.0,8100.0,1
2.2193321446123093,-0.6744494168500736,1.4831000185478862,-0.0527508531375016,0.128088201900411,1.142230178084536,-0.2521882758771872,-0.1942125203957676,0.8612717891882227,1.469702628743324,-0.3143797637955421,0.3220147936718032,2.9826499986468957,1.5677060002171554,-0.3537623363418385,-0.1542208891817429,-0.7266831899155282,1.3973345883555115,-0.1301077129259384,0.0195924366443662,0.0281109073504985,1.186597627874474,0.9486953874985272,0.3065125699962445,5.758232374327527,2.427056752234421,0.7854797005238341,0.2938780314164098,5.9619866114603575,5.723696471009031,0.3593146736886936,3.021825794591092,4.35301432725409,5.504493054177459,3.0875988124535763,3.4637301022271627,2.6546573253811347,1.445278582936905,0.4429913123384974,0.9829134562254264,0.229961689,-13458.74655,141934.2896,81892.76623,4014.762338,0.000244667,0.2,2.40152043,40.1875,2562.5,1
-1.2313981626514563,-1.157412743010887,4.209640431288005,0.8368957348363328,-0.4207915735895979,-0.2396610080748189,-1.299658453208324,-1.2337399903049793,-1.51186698225338,-1.307316903354273,-1.1267268693882824,-0.9807438810633596,1.4634464633840532,9.228331231759812,-0.0963225750921341,1.1382143341425026,1.4735566210443451,2.477322840064385,-0.0574519855084778,-0.2408979179310719,-0.3852857205871731,-0.5917326057579984,3.9854909208560185,2.6453154709122746,-0.3249754781137093,-0.8355707772567822,0.4981463215509421,10.203748740967722,1.4564886005404087,1.9470550976590868,-0.3999109961439573,0.3739054451687083,0.4879852056745011,1.2557062248879527,8.597546060701434,10.677411133551653,0.1329022348962589,1.2802112180749905,-0.8673656493784754,0.179177442253291,0.229538073,-13447.53111,143474.1978,82579.66484,3948.489011,0.0,0.0,2.662830303,42.0,2097.777778,0
-1.0200131992352224,-0.9040913883953974,1.1923271555077486,-0.4754564182222847,-0.2169083162672795,-0.4359845484661204,1.1365721005811356,0.9799493092997182,-1.454959587809228,-1.3543825970500585,-0.1043327964010827,-0.0367794323938679,0.433971586617929,0.4069964415795728,-1.2263474167673405,-0.0911044291636216,-0.2662879129291751,-0.6249868919044821,0.5902968866884666,-0.6839398854591763,1.6043679444092014,-0.6991691460209442,-1.577984657375414,-1.585318780887327,1.5667975849423046,0.0495939116994099,-0.8351507689680715,6.306155918285249,-0.1808827923760749,-0.1596438774689907,-0.4629666050431997,3.08700717629641,7.33964682710473,8.663129824434249,5.676565480297629,0.3017009194578475,-0.3144617530642808,-1.1385318184926825,-0.2552089379343338,-0.278307766459883,0.229946166,-13458.32916,143200.1329,82510.21611,4027.056376,0.000312,0.140740778,9.478253846,49.36363636,1510.909091,0
-1.2387936781123676,-1.5947670928481616,0.2323155753704773,3.773705416837069,-1.2021943085686595,-1.0236530726299535,1.6460526304148928,0.8524860784673214,-0.3333195548058287,0.7198121173689098,-0.5678493131923732,0.7289653235216642,-0.0152998034657101,0.4239483222601663,3.970315127004919,-0.775881664160786,-0.6471132092104748,0.9056759296711844,-1.0302889593442224,1.014817599698116,1.0111618391273574,-0.3392784614747648,-1.555702031865444,-1.3752026053022846,-0.0537361907216102,0.6417789059463082,-0.6710481976881777,0.3425325549227924,1.64991949880835,1.6917291835246342,0.1357838779319258,0.030378870095967,9.683669641559137,9.819551012860174,1.1083654715100044,0.1232612994676078,-0.8414465452146702,0.7217194448336715,-0.5411765099917418,-0.6945197167907682,0.230586058,-13475.22954,143353.8663,82535.40842,4085.721612,0.000166667,0.066667,11.39899385,57.0,3944.0,1
1.9647958603098417,-0.1019312512428722,0.7529963087583336,0.1430935175470029,-0.7115748049313582,0.3545071617026956,4.296056180411611,4.643579584137853,-0.8054651490696703,-0.8563317224662654,-0.2884884021832241,-0.2652099293299459,-0.2715232075473341,0.834237563012513,-0.7239708331404282,0.110039581277181,2.954149934498369,0.7518496665532397,0.1348702794551259,0.011519725007973,4.305214520755286,0.04556253438678,-0.9354509557449356,-0.9513249307792028,1.0769251651154166,0.5681169074317394,0.9516871976037922,0.0786641346638217,-0.1676192439846295,-0.0796886880674221,1.2138658904628643,0.973455982428198,-1.0027596842618367,-0.8863103990666286,0.6941863906449863,0.1391054776416647,-0.6959115422005082,-0.7556004256459676,-0.0195431944217792,0.4289807835163199,0.230798546,-13480.80034,142413.2884,82090.00318,4058.981972,0.0003504,0.16,8.359914783,46.10526316,2004.210526,1
0.5968976876650434,-0.0493399814289303,-0.7068302788044392,-0.7613065158414818,-1.1902490649971391,-0.3410970564566353,3.286600351893324,1.3975176175526445,-1.3000404891063682,-1.277503522298298,-0.7326360064784887,-0.8859791249333444,-1.0723074572065794,-0.510620337579951,-0.5510365621844922,0.6057612652521325,-0.7547752079836405,-0.9820712440700792,-0.1469345854669872,-1.4765379511061805,-0.3924913021174601,-0.0945425291038386,-0.9347719656452916,-1.075046873189746,-0.388017644301514,-0.9509883181769956,-0.8300200235840673,-0.6537036725147831,-1.5245847039766571,-1.519042460707907,0.5454364314359661,-0.5509140267177246,-0.8926192124829231,-1.1627432865058605,-0.6266210347797672,-0.6224136639513387,-0.3266909009841297,-0.7665654128090829,-1.1928913910769974,-0.8176232749767198,0.231914476,-13509.96903,141480.2415,81725.68644,3913.883475,0.0001765,0.1333335,7.000345614,45.88888889,2266.666667,1
0.832153038062299,0.445153466913414,-1.2155726492881802,2.398557093059199,-0.1077551769956817,-0.6291229146189483,-0.915146284005918,-0.951560824880513,-1.525364856383398,-1.6057847504635552,0.322949094655069,-0.001969459432324,1.3210451427769323,-0.8711548244748499,-0.3394410391921116,0.8309033845952678,-0.2700394569594539,-0.4855491945891326,0.6301215626597756,-0.4330020014335174,-0.7613464713926437,-0.3676954903806777,-1.5881902051598555,-1.1725243313179334,-0.4185765239089241,-0.9809117358706972,0.6940000309148493,0.1989035181476306,-0.9317835349603708,-0.9156201599397948,-0.1377234069910304,-0.6740259452914277,-0.4051243104317361,-0.0846429015461835,1.417586716415209,1.7356608163429676,-0.6649466747268229,-0.2161688899628284,-0.0956550765512016,1.0030212689777116,0.233370957,-13547.61647,141943.1848,81787.7891,3992.196682,0.000106,0.066667,7.062711765,42.2,1492.0,0
-0.7434038572333947,0.2284655924918879,-1.7012581348637812,-1.6595902729116991,-0.9633437111540792,-1.0064311108888206,1.5420311228779369,2.42405223804826,-1.427490617716032,-1.3775844317368815,-0.4315097901115243,0.2882655860066268,-1.2676617530666523,-1.6939632216579394,1.210018038119805,-0.4891102284974922,-0.7194595073846868,-1.48188048164811,0.0495643814239126,-0.8952055534015066,-0.4888694214361817,-0.4033620460340841,-0.3086595852652705,-0.8816238114478612,0.7584582197356302,-1.6367398317132715,-1.640940257533284,-1.7043233403342963,-1.507336597641572,-1.546365573443188,-0.6317760085806405,-1.5639484839738655,-1.6089132093787606,-1.6647403757909218,-1.6814361908407738,-1.7057447030313684,-0.000530328601068,-1.5709005824841704,0.3884416880729611,-1.3959439744780966,0.234708432,-13581.76632,142211.5769,81858.25275,4027.340659,0.000312,0.15000025,6.13369697,39.28571429,3040.0,0
-1.545302042637782,-1.539213184532517,-1.6013729385263342,-1.6986239400876586,-1.202774177807003,-1.2780469823615384,-0.0792700596855393,-0.2166198716670324,-0.526733980972995,-1.068058406155702,-1.0657688425676113,-0.9072263340670864,-1.1095446119407162,-1.5854284290589953,-1.034001755659331,-0.8601220412325885,-0.5502578102655038,-0.8276761797974723,-0.799816399592018,-0.4991095670844836,-1.2566894516249962,-0.9510925460014787,-0.3443370163417367,0.0034783449540136,-0.6190301122371675,-0.930397404746047,-1.7868911753691574,-1.721670878093511,-1.3575056658891405,-1.4378846372393637,-0.5724851666869464,0.242634298071942,-1.219708196808733,-1.269640361000039,-1.7238004290030589,-1.7037916643431508,-1.4312893778519205,-1.401788668026448,1.6072035855659663,-0.8478963578431453,0.236776789,-13633.82336,142088.0616,81851.30573,3964.953291,9.38e-05,0.077778,11.87912807,46.28571429,1528.571429,1
5.440940212993858,4.561978290069964,3.479029400097743,0.9896233462008855,9.417513825673858,6.697012516382234,3.524172031065298,3.2735887762382028,-1.250482861432955,-0.9218622950856444,2.208667331838141,-0.5156108664683092,0.0225094293435645,0.4509755989089932,1.3631766889889976,0.1581266540060513,1.030613964758949,-0.4854327456119196,-0.5860487142054147,-0.4339189494603186,0.8215671743209345,0.3238027666489582,0.0637368087094825,-0.3841250305523269,2.1233095184388526,0.2950401871729147,-0.3323077991817831,0.3637406402814598,-1.1908173244728433,-1.1923980726044623,2.675314449864226,-0.0930639072545651,0.8661388372037391,1.0222381724139948,0.1634522539729643,0.0879993469182847,-0.7566360728199006,0.5778909181201008,-0.0493190488370789,-0.0384331180905164,0.248844957,-13920.38616,141158.3806,81464.78387,3923.277419,0.0,0.0,2.015436,49.4375,1772.5,1
0.3015668360170731,0.3216844380854784,8.972500547673587,4.284312758484431,-0.9648677549151105,-0.5512056466593043,1.187827960148903,1.1312267239219604,1.0792641491764856,1.450637695251734,0.1903069643034354,1.7668826897989902,-0.2295939650511513,5.858137520270757,-0.3496580807148097,-0.5271498183992724,0.3907951299250873,-0.3448934691717586,0.1462101151402781,-0.5654154217045426,-0.3502810122821174,-0.5991516466019986,-0.9188760583106106,-0.7913161187101094,0.5686422673484532,-0.5953731372784485,2.3777473330533248,8.947723587587154,7.166863450099644,7.526502616129118,1.995220882120312,-0.1918222826176707,0.8986970366896907,1.2562463557868124,6.201121680883084,4.683515992852984,-0.0235611736344236,3.643846948235778,0.8502626545738066,0.380544260341459,0.252251234,-13996.1898,140289.1812,81150.51426,3889.907718,0.000435,0.066667,0.871890278,56.89473684,1273.684211,0
-0.8178921199029978,-1.1271035752904792,-0.7547225439664951,-0.7185409063128416,-0.8775234667901084,-0.9251958824671442,6.848219109152179,5.794986193260764,-0.927629711199076,-1.0765223140255615,1.0845059922856368,-0.9055220539626628,-0.653494415352307,1.2678672212379611,-0.6012902055673983,-0.6870141012556212,2.272036130649708,0.0747719524259808,-0.2885488825452902,-0.6957402739290837,6.3294913356568365,-1.0750880966994043,-1.29977708535572,-1.106942064663835,-0.3706802000827709,-0.9535733900550348,1.1158522664907924,3.192017532622115,12.024376975103015,10.645556295770907,1.3461485564769022,-0.1131148071311027,-0.5305203058835786,-0.3473117823255229,4.69428429758104,2.767635589812082,-0.553250092502207,-1.4713020482270491,1.0594083531542644,-0.8259812344016222,0.255207597,-14060.55277,138289.212,80331.74382,3851.297789,7e-05,0.066667,3.402328723,61.08695652,1309.565217,1
-0.2436176570489223,-0.0398751313368728,2.7684205429837867,0.8109662053599891,-0.4886613618104825,-0.2095261749900161,-0.7780956958377381,-0.8284695747295552,-1.0071760376603134,-0.9692352321730882,-0.8966032154614156,-0.6908467076323559,1.2514657390394932,-0.1816097904382765,-1.2154718841004002,-0.9337601113852352,-0.3560838080951063,-0.5977890494166069,-0.2170891074494192,0.4226440455276239,-0.8777437257865581,-0.690413327935,-0.8186151452798103,-0.7640960276770645,-0.2499870998433877,-0.4056384444299912,-0.511637860033801,-1.026712282906387,-0.6280064495004618,-0.5861208060657424,-0.6650977136947303,-0.6551449449356843,0.9850994527890312,1.2514762264390562,1.1327217640930307,-0.2407430550601419,-0.6749486834945513,-0.0853182941414938,0.217892351932492,-0.3569683343137284,0.256687366,-14092.16038,137955.4479,80132.13744,3880.373223,5.55e-05,0.1,2.600334314,57.47619048,1626.666667,0
-0.4999555198093754,-0.9698979085528344,-0.6280479179585519,-0.1905947640061218,0.0232888493994574,0.1671385728241858,-0.3386236869583374,-0.344276292255727,4.2132947373880825,6.448165711362375,-0.4023435439790663,-0.4754462364860461,2.798996443524288,6.918266482619533,-1.3046648944476178,-0.791097310692698,-0.7867361215360829,-0.8462988177752773,-0.3506970927487134,-0.5452052915709835,-0.3280888719437582,0.4300068741475638,8.43606259868928,5.392153411952076,-0.8629693472683213,3.658038468825408,-0.9477755514942996,-0.6842666821868395,-1.468369536124674,-1.3757259745642678,-0.7617699484785461,-0.9384363751311562,-0.8575237301623213,1.7304898198549612,0.2138072985629517,-0.5589946569012851,4.042910563450216,5.099926965634843,-0.2225444894942283,1.7164608937826102,0.257873661,-14117.24505,138131.873,80140.04274,3909.290598,0.0,0.0,2.058034343,44.15384615,2544.615385,1
-0.7394715070448479,-0.6061205401390937,-1.0044954020077157,0.0603230827746799,-1.0960654847950877,-1.0413304091570603,2.310794549326752,2.7031096507321117,-0.6841567217632516,-0.5156103131234997,0.6337567474197945,-0.8263708157454381,-0.704741910664044,0.0192505511158871,-0.025460868865736,0.2124876915269129,1.930223333500612,1.7328118790960714,-0.1589612664757451,-1.0296568969430944,2.068118166260573,0.2380915812979585,-1.13085352476964,-0.9664391627673076,-1.3098426180345728,-0.4662388368171046,3.1070552137549186,1.145815538578411,0.7641357714043742,0.2712534785374485,-0.1280350187898218,0.4287411663233973,-1.361761124671535,-1.0909297898877677,0.3302094239632365,-0.2607715915226722,-0.824832598559269,2.2097147244029878,-0.1088325468362012,-0.5946242407361888,0.258706045,-14134.70106,138838.2086,80469.36691,3945.896403,0.000403,0.066667,1.824241667,41.85714286,3102.857143,0
-1.2492999304410508,-1.194468887119692,-1.353398545619241,-1.1425576308129115,-1.2315524865756398,-1.3602202666549028,1.3142115928421445,0.5758046493738744,-0.9772282567806392,-1.063178145186197,-0.561495116223723,-1.1447596205682515,-0.0770089802401425,1.0151707377042936,-0.7374494881948803,-0.077158052422706,0.1264240396990974,-0.4463988273766692,0.1900698046038997,0.0626716244319172,0.225023614012227,0.126445813756423,-0.4986733102330212,-0.4709375974725081,-0.6857805862317221,-0.2634328465970599,0.5723324296341614,-1.4070057092530337,0.2155508487396709,0.4450576437002471,-0.0284174858080761,0.7458945828242971,-1.2335644924104503,-1.3077063702822171,-1.5884752054252835,-1.629942673425394,0.0208998943628566,-1.3287191081860412,-0.8857192090700128,0.1449324945679624,0.258754627,-14135.70085,140451.1629,81229.47461,3990.082312,1.9e-05,0.066667,2.048373913,38.1,2896.0,1
-1.4596544204382769,-1.4046156191362285,-0.5711651567902156,-0.9756239638034088,-1.3583173172545424,-1.4444310080156997,-0.1526027833470511,-0.1259762383732123,-0.1706915062012202,0.1885632762600595,-0.7908682754183318,0.0069274086860886,1.0625815911711411,-0.791327985379386,-0.8397420270799403,-0.7208912866873511,-0.6008990395892244,-0.1642595594891309,0.9535808880895104,1.5767716223455075,0.5000940015614255,-0.4459489722471597,-0.4007354399688125,0.3920113160138854,-0.3669462161333285,0.9284495715565128,-0.6001900274905747,-1.426022537144908,0.0957486751318774,-0.6968781105109692,-0.0194055961365275,-0.4575204941304229,-1.3228080882110234,-1.1406631336422066,-0.8453263337672983,-0.7896067308834387,-0.1999975898294814,0.5473073086030968,-0.4522041507790426,0.6871230582289347,0.25820309,-14124.17018,140288.4429,81160.74026,3940.581818,9.15e-05,0.066667,1.579450538,34.0,2592.727273,1
-1.4118912447199443,-1.3635844680585931,-0.1471739381459449,1.4247098732507215,-1.4805806737005722,-1.4830475359461592,1.7355754709770368,1.7791645977616293,-0.6102459821428159,-0.9960035716926504,0.1639912853480463,-1.114228933297119,-0.9999435115220066,0.2090504131502069,0.0250894627499524,-0.6648230338752499,1.9568486565516403,0.7662736297797563,0.0730806673081057,-0.136802297423848,0.3975792985707578,-0.0888807672133715,-1.106984843550731,0.1000864313933154,-0.7149107278340674,0.2258572213646856,1.828808469485658,-1.0335446617237212,-1.3594638307871556,-1.1013681149812289,-0.2790923670187601,-0.3972486732320219,0.1477106269988088,-0.1728593216790073,0.3369373145907954,0.1531891612520004,-0.0710302209701039,-0.3378185105609592,-0.4028414962492967,1.0256099230712,0.258845707,-14137.61932,140186.8645,81037.41774,3965.351613,0.000120333,0.088889,5.300378667,42.26666667,1797.333333,1
-1.3991541585248877,-1.321767928670434,-0.8813900734991598,-1.2114721064735483,-1.3430948882973517,-1.3765522716262577,1.7394590191901909,1.379922939854855,-0.7565984001378543,-0.3871034510945152,0.5410110532930141,0.2272188388839411,1.0984978731292294,-0.5205543737971663,2.804842137059099,0.128419649036318,-0.0989049864444941,0.4300259285228605,-0.1242801724618121,0.1812262452651269,1.4812390609629258,-0.0480225062233761,-1.574577835993558,-0.958177432456055,1.369227733922111,-0.1927678271827444,0.1308854690437493,-1.2040452288287462,-0.5880915549524364,-0.436900669131584,-0.4860177655802395,-0.0832812396424955,0.0380900082133797,-0.4698406365453307,-0.7527020623621592,-1.214514599511126,0.0276233729796397,-0.8606363240888268,-0.2461610006626946,0.3376785574298431,0.259615393,-14153.64035,140033.2338,80997.20649,3940.853247,3.4e-05,0.066667,5.321860638,43.81818182,2607.272727,0
-1.2483990614242546,-1.2225581355108148,-0.6294639279573673,1.0217523700174498,-1.381411975370301,-1.3538407862947412,0.6938141807095426,-0.0212769338798897,-0.9418859447809148,-0.681580441912192,-0.1475736141893233,-0.4508164245746524,10.417417500319932,0.0768144534252597,-0.0542374981985376,0.3191402052147714,3.372566162404816,0.6400326791738644,-0.2520652573060129,0.17040064414563,-0.4148424732017082,0.0726199134501963,0.1496445978167271,-0.3793538497027882,4.291045131822786,8.643839055237548,1.076553577226086,-0.2596528600405472,0.0307453884789636,0.3694710019167604,3.59037346581343,0.3652283986043105,-0.3658440207760636,-0.0679651834623893,-0.4827135901728723,-0.9183874044751869,0.4937392415045538,-0.1318503629751934,-0.1670452447886754,-0.0819100818490619,0.260865627,-14179.45154,141770.2527,81888.62016,4018.643411,0.0001085,0.1333335,4.300921795,42.6,1837.333333,0
1.6896453266251887,1.4379890114674456,1.8881378346238424,0.7897216013113781,6.349235448863391,6.484979039750112,-1.022649533067006,-1.0623656577598886,1.453307405792497,-0.5429691307340003,-0.0884627729724845,-0.527781652825146,2.0654262004171056,0.6428451413256902,-0.9224294018752356,0.5253170984962732,8.429198712513625,11.985711376703584,-0.4616676877607579,-0.2150219846902854,-0.4445526522836798,-0.8783941504694859,-1.3179089613345942,-1.012485814325211,3.1121380999135297,1.1344344864241656,2.415375104914496,-0.2851470021137761,0.1856219293591405,0.9443059914129588,13.424990675867887,4.507834722640464,-0.4632563048081399,-0.4436274562938957,3.858853345858936,0.2537026265364761,-1.244299200685756,-0.6562201321472463,-0.0010261553541321,-0.12467814669803,0.260067057,-14162.9859,139621.1642,81060.49254,3871.749254,0.0,0.0,3.009665432,43.0,2240.0,1
-1.0113366260478929,-1.3008783695831492,8.926236342091514,8.741055588644405,-0.9248418270590112,-0.427378373718065,0.083004867151895,0.013547365414646,3.087641252266816,2.879492369341793,-0.9690602590846638,0.8486235955802943,0.3629950284704168,2.368266553583464,0.8550084374542437,0.1527536099633146,-0.6512668236937946,-0.0747293029801885,0.095076795705876,0.3180952665928309,-0.7083512496824902,-0.2486270409252173,1.1959616500661785,0.7728563728322229,0.0226716647215132,-0.6204330805097285,0.1473074778846004,0.7130119128451824,-0.5347305627175247,-0.2890284204124551,-0.8286993416231407,-0.4482061179218073,3.862657890684284,7.966808166665825,0.1994461735826833,1.3669711194514242,-0.5629973513346971,-0.0420996182981712,-0.947172076720443,-0.9285208877498086,0.257661421,-14112.73659,139354.5378,80938.02561,3862.45122,0.0,0.0,1.075275758,36.8,3760.0,1
-0.4275228125341073,0.4625358901307574,-0.7851374814407817,-1.0685090014855034,-0.4534476745852291,-0.8117555887422472,-1.020178293832669,-1.0328681799031434,1.155097182269686,2.474929779746744,-0.4308718714012807,-0.9844486293848388,-0.7655595616058148,-0.1304872438231918,-0.529166086148658,-0.3326967095556679,-0.5198558092026362,1.7005234793840955,-0.4062325567345808,-0.2897728219228539,-1.0986528169210663,-0.9336673147311796,-0.1133505383363111,-0.3693020958109776,-0.7837097899450169,-1.00078683831598,2.7179994718319422,0.1758581057676771,-1.3002383317304094,-1.1032575951241754,-0.6582290483958362,0.4915694709148561,-0.4655730874060282,-0.2103571022506853,-0.2442621303708998,-0.7997912269682783,-0.2656513261432125,0.6376720232715867,0.0090107046761667,2.14255592943254,0.255420543,-14065.12646,139588.763,81005.04538,3888.8,7e-05,0.133333,1.144595833,0.0,0.0,1
14.661570291371024,14.556281569515928,4.030901648715073,5.507496529469975,-0.2802235816331802,-0.3037017780862259,-0.9255401864655806,-0.9003547247483468,1.4195341231310303,3.404559873601176,-0.9760835538026048,-1.2718312495186217,1.5026949007257295,2.6911523489107374,0.3710606653647685,-0.8813890977359007,4.970292981410589,5.905129739647698,-0.368385865169627,-0.9757389889054529,-0.6769955902635032,-0.9981720426903662,-0.5479465508986014,-1.303113496678462,-0.3965630687904671,-0.7148871489088204,0.3505626784153812,2.120068366431817,-1.2888676824073169,-1.191068593944188,-0.8027655296933665,0.0476562155128768,3.554882190202024,2.8310501156198136,0.1068009035192263,-0.8791231270011313,-0.3628213990652362,3.47988127495276,-0.1194680626695166,-0.5725329536873573,0.253870574,-14031.69629,139942.7971,81129.25282,3859.207729,2.5e-05,0.066667,2.213442667,33.0,62480.0,1
4.561528503293271,3.488190426649716,-0.2006016627177556,0.471156727518339,18.30025650306402,20.79841199551821,2.0841528965651506,2.215959114748073,-1.1439841190731996,-1.2971870329654165,0.6233047417869719,-0.1615359966531739,0.0256786110497517,-0.1344992404821101,5.410867258139589,0.6007520774736612,-0.1658825345234413,0.6938060829417538,-0.1658827557952578,-0.1681646002975032,2.7543257304384268,-0.598457207665704,-0.8102590567419474,-0.6539859844278921,1.50072442508562,-0.5459242821807306,-0.4923729693984469,-0.9073533876648288,-0.9163863218337184,-0.889621288978649,-0.4069751170450124,1.293529190689683,-0.5785884069409013,0.6163325372881081,0.3210002798739788,-0.9469172483701462,-0.2973097250765684,-1.3740716297707476,-0.1071689143807503,-0.4259821396852494,0.252458667,-14000.86421,140679.3091,81414.47273,3899.805195,0.0003,0.066667,2.38315914,32.45454545,2840.0,1
2.2213388000326484,1.6575174573432951,-0.703847552858671,-0.7963687153788426,1.875055965390576,3.837348074531329,0.0075461819655391,-0.0163625534297628,-0.3605230681783942,-0.5290790331395252,-1.2991712766964267,-1.2527616383572533,-0.8139407982446865,-0.5410445543904938,-0.8846419746959673,-0.5878513012981941,-0.1843084743575356,-0.1155331095323175,2.1785082905890967,-0.0239058469988417,-0.4815769161793271,-1.2454078257113206,-0.1875395728655013,-0.5983823001547433,-0.3483743134376054,-0.6515897965059008,-0.0454290530489074,-0.6807692318226799,-0.2054536457609774,-0.9057520985347464,0.1483169952852439,-0.6737975199762074,-1.2482190673210507,-1.09924177823691,-0.0700067936925297,-0.401374286087405,2.0032161533699018,-0.898874522562461,-0.7348321942287646,-0.7994354792472698,0.251681581,-13983.77356,140807.5524,81462.33468,3892.997984,0.000141,0.0833335,3.041091667,34.33333333,3193.333333,1
-0.1308536122298669,-0.2230353901665767,2.336763266822934,1.3105986691293214,-0.43416463251631,-0.6744953128665792,-0.0065975016493884,0.1133679802918616,0.7789890250550666,0.3376106622885091,0.1797980098811487,0.5962360457060143,-0.2735338052515499,-0.6129813519887026,0.4321611911647967,-0.1590723432860423,-0.4313153587414828,-0.4920436456929455,0.4047227264408408,-1.0517543362453432,-0.4130630408821756,0.8636772609886574,-0.8811197939161963,-1.2681354447013449,-0.5652896214178331,-0.4553537190125252,-0.3170015637538976,-0.4266936378118573,-0.4620077624928642,0.1582050394506877,-0.7046028143575995,-0.3625008547268438,-0.4716823544275086,-0.4715035643601353,0.1722536271989678,-0.2250746423913479,0.2249014935455773,-0.4871817652129477,0.4453911529055103,-0.9342873293512804,0.251828047,-13987.00714,140704.8776,81491.14925,3875.644776,0.000112,0.0833335,7.337195122,27.125,3195.0,1
-1.0861859137699983,-1.0559876400280612,4.711045037010523,7.1343214586095165,-0.0592085473408587,-0.229455859241511,0.9819841302089628,0.7233151105104527,-0.2407889404694416,-1.1521296592372223,-1.29073007752023,-1.2636357594642649,1.1499488519770384,5.449912811211018,1.0809021911239256,0.2881575272717582,1.1228194100405895,1.8218562626694004,-0.6299703251902984,-1.235535682046395,-1.317259278311947,-1.2326605508978163,0.612290877451914,-0.318428605105082,1.6182408012235685,2.2247738356609936,2.1037560177533257,-0.8793019900818431,1.5692492954909243,1.9653133116526824,1.356617931871967,-0.3719186263002116,-0.3458591012521741,0.0074159298510885,-0.1058027098768445,-0.2409684070122981,-0.2282793548590933,1.552729664205736,-1.119817116614381,0.5588784612248676,0.252200982,-13995.22425,140557.4708,81399.4625,3872.3375,0.000114,0.266667,6.914911494,33.0,2037.333333,0
