0.001817855945302,0.0010290477487666,7.819159177670777e-05,0.0001788742030558,0.0019080798030914,0.0014254072168775,0.0549250932709701,0.0476364535391322,0.0034715453013439,0.0029004753562739,0.0233542939416408,0.0325668093229683,0.0007456054167443,0.0003831120769786,0.003205955997844,0.0010395592558366,0.0021266131716156,0.0011053018399532,1.8066681639731705e-05,0.0001039517054546,0.023365232728339,0.0390836184166799,0.0013300952239457,0.0010660416375189,0.0008873154955439,0.0007979547161613,0.0005181475420199,0.0006176338637171,0.0005752815425226,0.000763804808899,0.0026858507794465,0.0015140806529419,0.0002525811076265,0.001198810468633,0.0004020333599427,0.0002688866723901,0.0006131175263406,0.0026024460604879,0.000386122154821,0.0004026447374272,1
0.0021128112036302,0.0010454457164064,4.732401451556853e-05,0.0002086621377344,0.0020967216358477,0.0016422711259336,0.0577196756409566,0.049833229200895,0.0024566537023503,0.0025744730633466,0.023266143405773,0.0333200938096058,0.0006773656767392,0.0004658732037787,0.0033990773718871,0.0011338391699045,0.0016027917451345,0.0008730269130798,1.5424155178837208e-05,0.0001080394685392,0.0236830221506542,0.0397016142059671,0.0011707719116613,0.0009729959788885,0.0010503475978229,0.0007162204991392,0.0005158122914226,0.0006453105487892,0.0005504546262585,0.0005854440563112,0.0023969631952042,0.0011387813580789,0.0004283198052358,0.0013844434317536,0.0004565815299346,0.000319530781833,0.0005925115975072,0.0023854966831587,0.0004833653803334,0.0002831939696438,0
0.0019548641197007,0.0012924998939618,4.047283511346798e-05,0.0001085209724929,0.0020266851380319,0.0015651011416848,0.0558806851658909,0.0482407769776295,0.0030772026206715,0.0019442540643848,0.0225648238593241,0.0321774638614115,0.0010660837672924,0.0005382788503621,0.0034740378289374,0.0013584978625854,0.0018053017994599,0.0011127307378203,1.605350526298118e-05,3.662058323288945e-05,0.0228654626068303,0.0379938081701333,0.0015185340701341,0.000916025887379,0.0012256654885234,0.0008958226186086,0.0007806909974195,0.000776951156762,0.001003738461286,0.0008121858329472,0.0026728243176675,0.0013371049820371,0.0002145441951391,0.0006821711623111,0.0006455554266892,0.0002438518658864,0.0007147230658934,0.0024761110528467,0.0002271181209546,0.0003137088798877,1
0.0023593838855955,0.0012169734183878,5.289065517063028e-05,0.0001259616657254,0.0024809335892371,0.0019051626552963,0.0537413866132205,0.0468532591077898,0.0024048720670473,0.0016068829128107,0.0226523442135428,0.0320370344385674,0.0009452748389067,0.0005792699107688,0.0032428991423616,0.0007149529275002,0.0018524103444739,0.0007439670263543,1.970746695565243e-05,7.06614178508056e-05,0.0226851577559105,0.0373318827136071,0.0014511656910359,0.0009165026845916,0.0012146082002094,0.0010217706381234,0.0005122886060013,0.0004812780145082,0.000625196632869,0.000420021116289,0.0026563109357228,0.0012722287398227,0.0001743174079015,0.0004078583208572,0.0005392768273775,0.0002942742699962,0.0004409628050121,0.0017044292343485,0.0002007399471323,0.000145004603733,0
0.0022883588312065,0.001523840903478,3.2913237558831074e-05,0.0001091487396537,0.0024604954645323,0.0018294777304082,0.0717319164449449,0.0613745940562668,0.0026498849912483,0.0026519572005771,0.0289636785219598,0.0415169761859467,0.0011459126874056,0.0005004300062984,0.0042364296375269,0.000711329214059,0.0022160154970243,0.0007837118314144,1.32627703293404e-05,5.84313787874442e-05,0.0299515131435171,0.049120254699841,0.0017632180788894,0.0012233743218482,0.0019288038005607,0.0011137792007761,0.0003622808131343,0.0003750858292403,0.0004838214071781,0.0003612520387007,0.0032336065901044,0.0013488276833545,0.0002332834017799,0.0005738910744283,0.0004908369803469,0.0002402024727869,0.0002836688682085,0.001031594393187,0.0002950558094194,0.0002002181127068,1
0.0022161972214016,0.0012133640146525,2.8205490844700017e-05,0.0001580995953282,0.002783129899912,0.0012427919679683,0.0558710238215441,0.0482432003635281,0.0031692430027283,0.0019116974796141,0.0224909861585787,0.0326753261279854,0.0008173048565778,0.0005584604635938,0.0031308017107798,0.0012085635563035,0.0023469958114267,0.0011217963509263,1.137275822370731e-05,8.507841558241978e-05,0.0232421531464687,0.0396284775697487,0.0012575388548965,0.0009249939854875,0.0010538893887769,0.0010935624429438,0.0004171588506112,0.0003625306081531,0.0005161567020094,0.0003900251409702,0.0024616692358141,0.0015067201963291,0.0002676251245948,0.0007983097051906,0.0005079305187823,0.0002405089794297,0.0003357676033303,0.0016023662682639,0.000324546238276,0.0001947130940854,1
0.0026890122204043,0.0012464505798022,6.362453286477407e-05,0.0003162212888436,0.0029067946298483,0.0022835197712638,0.0563649324386519,0.0478776185229768,0.0034749829813327,0.0040382153780438,0.0229531159181105,0.0332635071473184,0.0009191581050491,0.0004555504635513,0.0025260370734457,0.0015517255592422,0.0022663333285216,0.0008543312700542,1.995621037978852e-05,0.0001606049101857,0.0224604094916587,0.0387795089541911,0.0013493594540968,0.0009461369282202,0.0011599792328759,0.0009284247228302,0.00043568267418,0.0005148527447453,0.0006382140015138,0.0006752549134428,0.0027109034371603,0.0015154734113766,0.0004924207171795,0.0017806790993277,0.0004256219879377,0.0002762469149313,0.000816842379005,0.0037478591385671,0.0013313618238871,0.0006992142390535,0
0.0020567050206843,0.0012922814580275,0.0001797704884253,0.0003438665096962,0.0028390956208884,0.001821705722651,0.0554955637545653,0.0473744301174804,0.0069147839232686,0.0036212687541946,0.0226104771078393,0.0326092849172727,0.00137216705791,0.0006770385337178,0.0028230640151694,0.0011827888498244,0.002003757350406,0.0010385001601643,1.881534162605498e-05,0.0002787019606134,0.0227611258506555,0.0383027821888985,0.001373728910838,0.0007491768687588,0.0017286034940206,0.001611118396934,0.0008532878752906,0.0029032057248995,0.00107762397998,0.0008168070419851,0.0025771139778223,0.00139949618041,0.0020517823810357,0.0062001841730929,0.0005558679608003,0.0003376593026021,0.0009512340806138,0.0032753119239195,0.0049220271697337,0.0020143982029774,0
0.0026073901414835,0.0014306349447165,0.0001111647336026,0.0001908205605198,0.0032975739521196,0.0016255514335115,0.0657422662313934,0.0561645583446508,0.0045365984071666,0.003238778259083,0.0274176836036832,0.0392820060507255,0.0014785401486814,0.0005265496183194,0.0038501640968791,0.0011857455474386,0.0022388164756675,0.0006920610533604,2.110445796572107e-05,0.0001170973843637,0.0276686156763483,0.0463866522177573,0.0011065465951043,0.0009071284688312,0.0020530624844728,0.0012521016508056,0.0005778325900866,0.0018399303741014,0.000732624269551,0.0005607346868783,0.0026612924879856,0.0010971684745722,0.0011717583882928,0.0040535435524302,0.0005771228587617,0.0003283276669376,0.0006505281745303,0.0016712877487098,0.0028290486167667,0.0012366492082916,1
0.002173754760304,0.0008789327776183,2.838562165180725e-05,0.0001205144638591,0.0022949358568162,0.0015723843183537,0.054583299694199,0.0470849217975006,0.0019528375235425,0.001694703090349,0.0223589453691327,0.0318288663194695,0.0011216823264666,0.0004973998370806,0.0032606906633339,0.0010429917226085,0.0020010175340153,0.000596342338555,1.051004237205124e-05,4.996396619784138e-05,0.0223834577660437,0.0368172782369461,0.0015358139348074,0.0007834380847247,0.0014274917514226,0.0011390047504898,0.0005294339386456,0.0006995322868061,0.0007374984261137,0.0004939067545379,0.0026090065734708,0.0011399830963081,0.0002216091094814,0.000704543732012,0.0004501392823007,0.0002382809293457,0.0003165743795136,0.001386652762276,0.0003974039837153,0.0004076589980539,0
0.0022395826415729,0.0013156862898395,3.1594307337285846e-05,9.344917539189403e-05,0.0027373034708913,0.0013574452049929,0.0535191471800815,0.0457272858018525,0.0019419604987903,0.001172337076453,0.0219110986603609,0.0320032959359209,0.0010534784618868,0.000557070313048,0.0029242179675007,0.0016487953889297,0.0018132563864132,0.0008883600364789,1.1610877547873544e-05,3.626523897110268e-05,0.0217731899083587,0.0358816563666411,0.0014380725686068,0.000660809724501,0.0015210883861874,0.0011569137967776,0.0005111440736789,0.000404944111056,0.0007415071716181,0.0004570046175311,0.002498915758635,0.0012253097659759,0.0002056266948254,0.0004693046638963,0.0004062608198469,0.0003185789437644,0.0004052471227625,0.0011677639113566,0.0003800072135717,0.0002508776882345,1
0.002842105155002,0.0014727240197178,2.5618405344007485e-05,7.853061737594703e-05,0.0020515266778363,0.0013866911259925,0.0758348000910442,0.0646315888282085,0.0018708852157756,0.000777003678076,0.0296810060229634,0.0426977951094432,0.0013188055035779,0.0005673440451862,0.0037500936320733,0.0012062873438889,0.0022210250465272,0.0009379568089919,1.0647141109171507e-05,2.804728663896193e-05,0.0295922073786827,0.0489673693291646,0.0014403580119146,0.0008403886315612,0.002204053945783,0.0014549034116591,0.00057791987514,0.0005702410015454,0.0007891166425332,0.0005181718618609,0.0031347502480625,0.001284905929867,0.0002359854303424,0.0007297273113484,0.0004977301830692,0.0003097560946332,0.0002760144534952,0.0006544147634226,0.0002646074958482,0.000214796845119,1
0.0027727789262979,0.0015268844048508,6.460552008865562e-05,0.0002389488635172,0.0031365773837376,0.0016585717027952,0.0523133578147724,0.0451933090692357,0.0034102958181832,0.0034027442922469,0.0210267173062592,0.0303711879486548,0.0012150502449625,0.0005428240804537,0.0029753619962018,0.0011352944510722,0.0021267695216263,0.0008710279714213,1.6882164330103346e-05,0.0001501900852507,0.0203997321835597,0.0340573800181754,0.0014852133853077,0.0011743256696271,0.0015792310400276,0.001221134123174,0.0007216159217668,0.0011010384767097,0.0008215514059021,0.0007343333332269,0.0025372095756438,0.0010984381516923,0.0006119360473427,0.002224831011745,0.0004695867577376,0.00023715560853,0.0005635748101343,0.002360555681753,0.0012034698062652,0.0007704370375013,1
0.0031350154279533,0.0016189337105501,4.9040788125626574e-05,7.141285840745392e-05,0.0029457257904456,0.0017150648741265,0.0542525950582094,0.0458967389350559,0.0025701302127098,0.0024594810223931,0.021808547235576,0.0314686325374618,0.0010137506438185,0.0005223247660867,0.0032657537678301,0.0010255879134319,0.0020118427362565,0.0008586356580203,1.564838784150328e-05,4.46397576688835e-05,0.0211240781797395,0.0345624346107302,0.0011893880403209,0.0007740095949354,0.0014103238480876,0.0011505549318082,0.0004888729813419,0.0006487933030927,0.0005899458013726,0.0005012805200024,0.0024222138823625,0.0010959562701564,0.0002467060690144,0.0007622552028136,0.0004366302573796,0.00024541417512,0.0005315754055615,0.001119185579431,0.0005105832532932,0.0003294755733812,0
0.0027718899265547,0.0013414723205069,8.789699383289582e-05,0.0001944784382342,0.0023206999878822,0.001961430053891,0.0549907276634786,0.0464012894956577,0.0022241293453174,0.0025426042497576,0.0225000542027505,0.0333961377783427,0.0010209998203264,0.0004334479140895,0.0026273338889772,0.0016129534605889,0.0018532314738821,0.0010443594449381,2.1283013658296515e-05,0.0001533851810154,0.0228567990468494,0.0370903984497084,0.0012118392362024,0.0005877421039384,0.0014673583116007,0.0011920790923143,0.0006498983029557,0.0006983202507679,0.0009053228199153,0.0008043395525759,0.0020968362967319,0.0009444125790525,0.0003885090257319,0.0017851536591086,0.0006082604499614,0.0001694880009887,0.0004712984980553,0.0018213547311157,0.000514243756118,0.0004248108122361,1
0.0028272759064096,0.001453857167322,0.0001755102031729,0.0004859142094003,0.0024782016403697,0.0025884827413944,0.059628869747275,0.0504368962026528,0.0048491144908953,0.0057949632508161,0.0233522888915907,0.0344985480158194,0.0010166510689977,0.0003876109056114,0.0034847752019015,0.0016706115036295,0.0019127867850608,0.0010937946758365,5.812852387769413e-05,0.0002346335877976,0.0219888997474077,0.0376676728173123,0.0013128520699175,0.0016305088444648,0.0012803199660204,0.0010875141483742,0.0005443452150239,0.0008067401808411,0.0008747851795767,0.0015270327176471,0.0021644020831533,0.0010046541071006,0.0003089805023695,0.0007464405596877,0.0004592639125834,0.0003231840121042,0.0021992280260996,0.0070718374076337,0.0005675218297501,0.0003964484577108,0
0.0027562697947785,0.0015381645877128,2.3539300414827715e-05,0.0001311393503774,0.0023883961308781,0.0012919356075158,0.054598110839906,0.0468252110745602,0.0027640362010936,0.0015997218449054,0.0211046447016339,0.0304816052074951,0.0010590396285759,0.0005330769011875,0.0029639345570757,0.0007635969878457,0.001693339745028,0.0008777858841899,1.4606756982557657e-05,0.0001180696088275,0.0222343887530071,0.0374075765257419,0.0009791468036938,0.0008285951392762,0.0013967889514225,0.0011473477633782,0.0004743051237594,0.0006643399566867,0.0005329748026356,0.0004015322887503,0.0019538413603009,0.0011031199298278,0.0004361517918863,0.0012076894986566,0.0004988934907494,0.0002565839543371,0.0004216039666625,0.0019076434637774,0.000468317223464,0.0003003356651477,1
0.00260412926073,0.0012231794311417,6.352218587569998e-05,0.0001160939340398,0.0031387887871347,0.0012371526646324,0.0536225568277878,0.0457636468545921,0.0028436468927185,0.0030302523642129,0.0211695646480456,0.0304216218197213,0.0011103055029156,0.0005362606446147,0.0030436292783175,0.0013340557560072,0.0016648815290469,0.0008138935353732,1.61037874646608e-05,0.0001107195470179,0.0218971999262292,0.0369014424858004,0.0009834282115402,0.0009120619470867,0.0013939006379822,0.0011054197507911,0.0007095520507548,0.0012364785143416,0.0006279791683945,0.0005281809546751,0.0020595341488741,0.0011418154039047,0.0008517133602066,0.0030488793500504,0.0004725519647176,0.000318720329571,0.0003030476133386,0.0010955151749015,0.0008653184644373,0.0005258919190012,1
0.0027041012675723,0.0012631625761878,0.0001141265810942,0.0002411662988975,0.0026051914493318,0.0017158141516607,0.0606647474610197,0.0523711599537314,0.0037562466412116,0.0019440742086844,0.0254984763803837,0.0363977443334514,0.0011411983840085,0.0006146458201333,0.003392390042721,0.001020437575631,0.0016653806276892,0.0006763563584476,1.9882337696024373e-05,0.0001397731789445,0.0252143587249807,0.0421836141050134,0.0009222565842917,0.0006778709389483,0.0015796006155086,0.0011135002429054,0.0004799659557887,0.0008421451923386,0.0006679143092977,0.0006636121602993,0.0022153329387639,0.001070017460463,0.001192071930684,0.0038373571399188,0.0004196787784652,0.0002872550261971,0.0005194327548435,0.0015277982186489,0.0014343781154787,0.0008399979854072,1
0.0025585294316015,0.0012213482675705,2.754963038268127e-05,0.0001277119148819,0.002564208394014,0.0017353350462875,0.0545967459092983,0.0466858119467,0.0027046432999163,0.001583723544498,0.0214937484252637,0.0312222873187757,0.0009474081200395,0.0004414902650736,0.0031118530423507,0.0014609535912182,0.0013950801698772,0.000622342245459,1.0411995860379651e-05,6.356060395452458e-05,0.0217576176976804,0.0364280285800348,0.0011097466390399,0.0008134510114583,0.0012784920791358,0.0010497255139725,0.00037096575149,0.0005364867003124,0.0005427092863145,0.0005618782667128,0.0020261026946217,0.0010203627342997,0.0003784648454143,0.0011090589459817,0.0003339798463023,0.0002455915256616,0.0004058186384487,0.0018851676409266,0.0005574294751572,0.0003449326411553,0
0.0028177445920586,0.0012948417563878,0.0001149864383997,0.0003364370837082,0.0028393199815019,0.0016699587419587,0.0643782672266654,0.0546421458514381,0.0038989785784286,0.0034434611599343,0.0263878854531694,0.038078083183125,0.0011563849169845,0.0005131407970765,0.0033892822058501,0.0012429090716101,0.0015326230487881,0.0006561105076623,2.8737149463113357e-05,0.0001411486862465,0.0268664485571657,0.0438709256615338,0.0013754905874759,0.0010821201752308,0.0018607351295951,0.0012907474652057,0.0004650596603357,0.0008979062585867,0.0007728137832194,0.0008936845877011,0.002048884410178,0.000938512410287,0.0009021702884848,0.0031740881524083,0.0005118124596296,0.0002898947590677,0.0009699165664937,0.00347406353426,0.0013464115524608,0.0008646376573256,1
0.0023683317582644,0.0011921909662042,4.6862695128712525e-05,0.0001293461900689,0.0025466938542528,0.0015964688613611,0.0555467043634013,0.0474025938207712,0.0029884677969339,0.0033636960801231,0.0214103790408914,0.0321635286110947,0.0008086814366021,0.0004285117263887,0.0024205576325912,0.0011691322035686,0.0013856680638896,0.0005150052609691,2.0339915558438108e-05,8.611118879703096e-05,0.0232827318734772,0.0378229738427989,0.0012217296646285,0.0011192738927509,0.0012116770567195,0.0010075611801626,0.0005874622686037,0.0007323134239325,0.000762526102285,0.0007587187901248,0.001845133374067,0.0010552435471673,0.0006985667433856,0.0021440599358699,0.0004592715546827,0.0002538496425937,0.000668772125493,0.0022215089803947,0.0010309582780113,0.0006620946136982,1
0.0027388231331852,0.0012834518224547,6.478580125829739e-05,0.0001392120967288,0.0021979868458111,0.0014520067445068,0.0636738566175262,0.0540034436275178,0.0031780383201443,0.0017796610874891,0.0251697618013499,0.0368766789878656,0.0011705083394988,0.0004846606295156,0.0032722586551625,0.0011263962867723,0.0018340220563621,0.0007387985233708,2.2137067782234878e-05,8.678344080296361e-05,0.0265579465914547,0.0438747407277531,0.001022981487142,0.0008481291308287,0.0017259372812476,0.0011998953286414,0.0005580350163446,0.0004185769297067,0.0007359643657144,0.0005650445466506,0.00214191348502,0.0010960910472903,0.0002953924171136,0.0007535270004509,0.0004664149770035,0.0003076496202634,0.0004992744166313,0.0014750578299785,0.0004471389616127,0.0002878905122372,1
0.0032452434153063,0.0014634808316414,6.803352236287358e-05,0.000193519726184,0.002954793289634,0.0012812685404226,0.0536692571340949,0.044747003734202,0.0022816127462538,0.0025983102002644,0.0205633306124578,0.0307712005492818,0.0009197363217365,0.0004064250567116,0.0031155772483824,0.0010422941525998,0.0016534889586408,0.000661624940266,1.4454344898939736e-05,8.644041007764357e-05,0.021038499803958,0.0365885184727171,0.0008252368330659,0.0009793041195113,0.001203154869974,0.0009874703926402,0.000461557869551,0.0005621626584522,0.0006408610790788,0.0005019711088052,0.0017873836208754,0.0010979912694874,0.000308267662386,0.0011264142390001,0.0004135869860493,0.0003158536788364,0.0004232559821434,0.0015029859747126,0.0002785501917682,0.0002501282262978,1
0.0022312204985133,0.0015446375715579,6.062762799561924e-05,0.0003022878435638,0.0026346962292548,0.0015272254193316,0.0577590424857811,0.048672804941681,0.0036192935757718,0.0025761031499342,0.021289013940243,0.0316772937791336,0.0010299754384609,0.0004877653825054,0.0028062125921409,0.0010638504634112,0.0016660519032721,0.0006997207677167,2.738260765985521e-05,0.0002290956436225,0.0225520144442885,0.0388968590791585,0.0010925208960492,0.0008928956722178,0.0012187237547774,0.000944974876768,0.0004599665857054,0.0004766489217148,0.0005015803159614,0.0005369348435273,0.0020283089713641,0.0009903725798018,0.0003493899400607,0.0008575260744725,0.000437320785182,0.0002641409954545,0.0008107554391024,0.0034604241227653,0.000630529797097,0.0003547754808991,1
0.0023683375571669,0.0014925067132403,9.125179407959678e-05,0.000392696920121,0.0022708606188421,0.0014123691761186,0.0684984980697439,0.0565564133803833,0.002520897444662,0.0026749448538124,0.025436044917053,0.0392429700612846,0.0010958681499735,0.000460332503508,0.0035328573799684,0.0015090037555131,0.0017413061475113,0.0007273176390378,1.959605121443385e-05,0.0001721827041608,0.0274251993372114,0.0462563003011728,0.0011571650667622,0.0007091023070373,0.0015478785533927,0.0009828348104258,0.0004600337952729,0.0003919317243682,0.0006207244634927,0.0006997767838828,0.0023007416661821,0.0009825638050073,0.0005342851203122,0.0019547495961066,0.0004140777776155,0.000309090951809,0.000820295658119,0.0034753205029494,0.0007669112019347,0.0005418679026572,1
0.0022939481997778,0.0012309576828093,7.267721872592177e-05,0.0003179684798017,0.0021953809446658,0.0016057940176308,0.057502809219172,0.0479400935730589,0.0061597152500472,0.0042081737074775,0.0215157484863321,0.0327187480876286,0.0008426175199347,0.0004218304052249,0.0027511102774864,0.0014375494111033,0.0016616292790504,0.0007024225955216,2.097811272839488e-05,0.0001499422918655,0.0230878592673911,0.0378378653015078,0.0013756529189566,0.0014596056859363,0.001107753742986,0.0009160175451249,0.0005171566154971,0.0005254195981878,0.000589599531657,0.0007287531132432,0.0020173428412167,0.0011172701942244,0.0002905719354305,0.0008041307384315,0.0003968481166985,0.0002650319738375,0.0007809222439751,0.0032542893060549,0.0006049389258842,0.00020283439993,1
0.002378656558725,0.0014484955458972,0.0001133151698358,0.0002933604542799,0.0031950794998151,0.0027618473735446,0.0573142288672695,0.0477614381184434,0.0057241807932732,0.0032654248126323,0.0223111972975035,0.034356646329991,0.0009558743151399,0.0003831646613671,0.0031520499492093,0.0013744642167629,0.0019876217849744,0.0009776023367488,2.3255247192760662e-05,0.0001384995461486,0.0241740165003958,0.0394784659410007,0.0012799459835535,0.0009867093915185,0.0014619295257966,0.0010321349162833,0.0006420939024952,0.0009060800929124,0.000618363238865,0.0008496583850509,0.0024090505756612,0.0013710360686313,0.001208004550892,0.0030565011508311,0.0006360146749477,0.000362486802951,0.000730475971428,0.0030984850159101,0.0011530737316301,0.0004852895464447,1
0.0030394919664783,0.004401427315752,0.0001836493451682,0.0006819087796962,0.0210992275447837,0.0159128848975948,0.0716790689816186,0.0582884157793915,0.0067567423247168,0.0069016203666527,0.0274044658552293,0.0416048604552613,0.0004311590975385,0.0002420221594995,0.0031186859180044,0.0029744318562502,0.0028419474885417,0.0010586045013599,6.687815300269188e-05,0.000322522424015,0.0292833870556972,0.0491731165145626,0.0015820280679957,0.001519832057977,0.0007927420902942,0.0003025207717129,0.0006847193315832,0.0010415157949216,0.0005722606694521,0.0017965957382696,0.0034428713831061,0.0016507162397966,0.0008554020076733,0.0009655636445855,0.000485943716329,0.0002679221152536,0.0025203792568797,0.0086112381566312,0.0018496396414759,0.0005887377780295,1
0.0026077505650676,0.0016316872449161,0.0001155063766505,0.0003346039715456,0.0033065776907646,0.0034819595156531,0.0573301673876206,0.0473887073788198,0.004015891515353,0.0028430216839622,0.0219251133146408,0.0330232973085105,0.000641573909469,0.000293633355188,0.0033848503314738,0.0015627754090711,0.002116669457668,0.0008276490201479,3.0231045952123118e-05,0.0001783277216393,0.0230101492387303,0.0388964622572462,0.0012285293973855,0.0008714665226272,0.0008783320083829,0.0005788470638674,0.0005502975101993,0.0005828784194678,0.0004608466841567,0.0007737814974771,0.0025304585933497,0.001323089107017,0.0003458315833885,0.001784671695172,0.0004960185828285,0.0003120418009515,0.0007054907893574,0.003073054967769,0.0005754288115991,0.0003146296787165,1
0.0025616135191455,0.0013587067160585,4.097295423953606e-05,0.0001798656857645,0.003617359305785,0.0023071850128025,0.0605536790681814,0.0506812736121865,0.003335098559587,0.002111345708479,0.0230912773600197,0.0346418979488674,0.0007162142939734,0.00025995983461,0.003523268119572,0.0011446050436521,0.0017229123872911,0.0005587214794981,2.289080568540763e-05,0.0001048752653411,0.02487944989313,0.0418772434359531,0.0009722744133617,0.0009230444490817,0.0009578952490526,0.0007435188949153,0.0004417480967647,0.0004750611072162,0.0003820271107261,0.0006705254249137,0.0023948077830663,0.0009602368444248,0.0006981009213409,0.0021665711829713,0.0005581064329951,0.0002342454950027,0.0007573921144954,0.0028063849014414,0.0009458702817669,0.0006568067371883,0
0.0034044074134342,0.00134076348478,6.022295867543139e-05,0.0002160709953441,0.0024319657749156,0.0016013723701526,0.067638223996803,0.0565051454639779,0.004168696337316,0.0017336659207698,0.025228035420746,0.0383744623971209,0.0007498661226399,0.0002348776170464,0.0033734036991331,0.0013370775062572,0.0015708421908881,0.0008421407738084,1.4451766108902368e-05,0.0001086737577243,0.0275926337223025,0.046900480950129,0.0012878060110026,0.0008436120681296,0.0013650147320115,0.0007553558214101,0.0005116304252844,0.0005632353033966,0.0006265448402775,0.000550500186654,0.0023789587308213,0.0009723555931154,0.0002176255738854,0.0009702697311702,0.0005416856043338,0.0002195785648071,0.0006066174933784,0.0022110133949609,0.0004930208635995,0.0002973417351339,1
0.0021815601795327,0.0013645223028477,0.0001604336045051,0.0006546104961738,0.0023184693982668,0.0034443414000606,0.0593691003919533,0.0495639372408864,0.0020307021986418,0.006976140080809,0.0232783759298163,0.0346257542608001,0.0004599769986472,0.0002004231502974,0.002879782930099,0.0019393000085642,0.0012090490667826,0.0006052931932363,6.230525790409387e-05,0.0003657487684632,0.024703203248605,0.0411606551610845,0.0011347294209987,0.0008593814521491,0.0008663989007795,0.0005612486035204,0.000640476820637,0.0006984856479484,0.0006815791195981,0.0005336133326283,0.0018500828547467,0.0009290832945062,0.0008637730593844,0.0010954717844669,0.0004348836619742,0.0002886747104098,0.0012528391036416,0.004135283316082,0.0021589929030637,0.000534336343791,0
0.0022146102051287,0.0015672538560399,0.0001635243861395,0.0007889506187966,0.0026824849084237,0.0040186053955096,0.0638238148730245,0.0533230485220751,0.0100715261244348,0.0146918042342397,0.0282492233266496,0.0426777919723303,0.0001600083779438,0.0002174568966961,0.0022040794711217,0.0017015308686909,0.0008360168888432,0.0012069430918831,6.510138843400165e-05,0.0004391636956424,0.0293458850056042,0.0493111670809905,0.0010860801499944,0.0025604831177859,0.0003152017246915,0.0001805409819211,0.0004653998808124,0.0009513168126802,0.0012444668626209,0.0028979018983256,0.0012705601919778,0.0006047402121717,0.0004596039897767,0.0028658573961784,0.0002826676776457,0.0002663804080501,0.0036904067318658,0.0130712680880182,0.0015308647171508,0.0005775850557407,0
0.0025137212879548,0.0012897969212884,8.055358921939006e-05,0.0001801453980677,0.0026401503095672,0.0016433110630442,0.0698430652034512,0.058227528694756,0.0030735147402526,0.0022962057213988,0.0261700468555822,0.039072699170387,0.0004215968246778,0.0002243345246467,0.0022872068704175,0.0011654159342766,0.001273383054645,0.000617958895407,2.6073573375824748e-05,8.682830390316402e-05,0.0290694003980244,0.0482959407827339,0.0010079334951667,0.0007808865438141,0.000895243070437,0.0004931186003139,0.0008643548244079,0.0007899083558181,0.0007395803700019,0.0004065354842815,0.0020834305269454,0.0008734798599334,0.0013726022697498,0.0026704502448526,0.0004745657044625,0.0002371189348494,0.0006393849771209,0.0020774556135717,0.0020475935355265,0.0009042003009498,1
0.001757979811377,0.0011403591602561,9.11605024417319e-05,0.0002739681057851,0.0032482086559999,0.0018003665915849,0.061445219512496,0.0501932849504757,0.0087268761104502,0.0036441812992104,0.0214565591061483,0.0324609785886603,0.0004820633336262,0.0002631347086512,0.0021042092412562,0.0013452424581867,0.001735342718364,0.000898640065762,2.22659479827664e-05,0.0001396671139709,0.0236901180077761,0.0398274527179061,0.0015880172945184,0.0013212789922665,0.0008098941746245,0.0004505497299332,0.0008032911938613,0.0012854867116989,0.000578626037802,0.0004634358058086,0.0023151407872459,0.0011387527043097,0.0009066171846338,0.0035458883432607,0.0006040582450541,0.0002701418443346,0.0008711426542413,0.0030152831125934,0.0014080423690994,0.0009810582720878,1
0.0017478480644375,0.0015919942506419,6.0496028705664735e-05,0.0001821323237965,0.0019459439535134,0.0014315028894698,0.0562170452893439,0.046851040311174,0.0034543323159984,0.0009796137565597,0.0203377191960767,0.030773622054091,0.0003604787928636,0.0001888703295166,0.0024611201358056,0.0014990355974448,0.0021433897695169,0.0009236038674535,1.80615347902498e-05,9.42491003089236e-05,0.023309986841338,0.0377771908930554,0.0016769608419585,0.0007976243281406,0.0008753676469477,0.0005664696785118,0.0004842873663337,0.0005047960356888,0.0003585866213241,0.0003449093953999,0.0026317578821156,0.0014099956286761,0.0003591907852762,0.0011060801229987,0.0005519819546211,0.0002343452152217,0.0005795393709461,0.0016232102078971,0.0006758521774371,0.000433322264355,1
0.0019548198013616,0.0014121447501545,7.576738575723628e-05,0.000218043154484,0.0025671099370938,0.0018680755861854,0.0756415745050498,0.061497823076075,0.002034641152564,0.0011206213099024,0.025657927516251,0.0401439634586052,0.0006153691315685,0.0002250091002964,0.0026537755797434,0.0015150909305701,0.0025125982772533,0.0010638313892621,1.9792990413463047e-05,8.013352869540832e-05,0.0298848176111285,0.0505276973612809,0.00147850052672,0.0007417002002081,0.0011775346302559,0.0006328243894406,0.000587794505283,0.0003404876507154,0.0005012513065947,0.000326634620908,0.0032449511703807,0.0015918873548583,0.0002892309162874,0.0011171679848046,0.0004237027052019,0.0002749981570168,0.0003690578015315,0.0014813474287774,0.0004508970706227,0.0002913983030344,0
0.0027978231866101,0.0014102580286785,0.0001244911324749,0.0002285969158594,0.0037500307509274,0.002795852667537,0.0576375428212769,0.0475747296162908,0.0089096170901044,0.0043921031739729,0.0215152228080909,0.0323793393632682,0.000705712998451,0.0002922860080858,0.0028386160046445,0.0014005394370114,0.0025626425297051,0.0008748563705457,2.078561928068928e-05,0.0001379868195766,0.0228757208326486,0.0388764968748962,0.0014398076900563,0.0011282905102118,0.0008134975037653,0.0003945711278594,0.0008869779652692,0.0024952167476742,0.0009787097456893,0.0006042257296954,0.0031071934918039,0.0014122162881888,0.0011691136178753,0.0045994894416085,0.0005606096281375,0.0003455504290365,0.0007525739310302,0.0021655889369066,0.0026706127321193,0.0010638555149297,0
0.0034321078047933,0.0019073631167466,0.0002827634108799,0.0004241630597755,0.0139642315164385,0.0109665896444271,0.0597447535228708,0.0491139320340047,0.0051192561869475,0.0015671064868303,0.0218441757365832,0.0328120468338019,0.0006903132203825,0.0003390705431028,0.002427574283247,0.0014591770249037,0.0028174211738952,0.0008430182392024,9.268427143641452e-05,0.0002691324706286,0.023239591379985,0.0393425942698503,0.0014620922908436,0.0009331166489459,0.0009301614319503,0.0004580909326176,0.0007996673501983,0.0009085120514241,0.0010278910218456,0.0011080663518697,0.0035026800457585,0.0017460495882378,0.001285254562864,0.0029786693171878,0.0005110048690887,0.0003398047840434,0.0009001983470162,0.0020684578330978,0.0020773601000215,0.0011125890140426,0
0.0035732081583528,0.0024346081192888,0.0002792657164389,0.000699949745527,0.0087975269337183,0.0074039431379778,0.0711681957138372,0.0650864084050743,0.0090985701969646,0.0096511255236937,0.0281918455818297,0.0445822923808285,0.0012084038928815,0.0007205534272382,0.00350047479844,0.0019790561984969,0.003599134689702,0.001256374279974,4.952362136364208e-05,0.0003745073632971,0.0313038104115057,0.0545730595451506,0.0017249520125431,0.0013582233366882,0.001636146186059,0.0007201928858699,0.0047668852184239,0.0054407426349007,0.0017966071469495,0.0017004074665429,0.0045301219709441,0.0021207692581976,0.0021968005832652,0.0209279421590479,0.0007960330665409,0.0005091183907322,0.001059534484905,0.0019547263760519,0.0047711982362524,0.0031381386190335,1
0.0022661439294054,0.0014760299178761,0.0002497451699157,0.0007892014140694,0.0120017119838402,0.0125686297467138,0.0607078099328924,0.0499231436307044,0.0141517999298529,0.0117013990063368,0.0232798065168266,0.0354019690488884,0.0004259616365391,0.0003396543016304,0.0023610691385392,0.0016157118242322,0.0032549725513147,0.0011382801858374,6.702698712611661e-05,0.0003591860590077,0.0247940428728586,0.0421095975142695,0.0014898639985663,0.0023091957814596,0.0011232284606821,0.0004954663762269,0.0013777315358054,0.0036169704388074,0.0011941276828049,0.0022661410564422,0.0034698231008508,0.0016814574762574,0.0011187254466679,0.0018260610329146,0.0006054351763302,0.0006000164967763,0.0026151043860627,0.0089685938453128,0.0030204750620715,0.0013309960767247,0
0.0013624900136063,0.001430138917281,0.0001214301011916,0.0002669802453956,0.004138608439001,0.0032854846078051,0.0593290641030898,0.049850322490952,0.0123489599385837,0.0054267690707842,0.0216251222670523,0.0329077809394742,0.000538806582881,0.0003359267576358,0.0027749690920504,0.0012341084802615,0.0019812410733606,0.0009352008127454,2.5317844969245663e-05,0.0001478562531106,0.0234854659667127,0.0402375212666629,0.0011680141787611,0.0010013314183726,0.0008332217093932,0.0004209358351412,0.001127207079532,0.0047947854141752,0.0004580302617924,0.0019184585115538,0.0022082614321873,0.0011123719267077,0.0006573724440375,0.0043694860725676,0.0004835083444649,0.0004376527766204,0.0006331155497815,0.0029648886826158,0.0013384402677392,0.000428827594557,0
0.0020324710574675,0.0011362934907947,7.077768901559813e-05,0.0002017964155938,0.0027657880949218,0.0018772618782974,0.0582297318784309,0.0480185570759362,0.0048648291183629,0.001685364184177,0.0215221744951301,0.0314098345258556,0.0006521385172518,0.0002625503467851,0.002811257490744,0.0015419560786074,0.0018089084134206,0.0007611249786341,1.5922485673365688e-05,0.0001036363012005,0.0239637475544019,0.0402562767211758,0.0012962202182301,0.000772458935307,0.0006819641919831,0.0004222160252648,0.000646324354576,0.0003646476269304,0.0004538079336726,0.0003965282865148,0.0023605175809508,0.0012497969987679,0.0004088499427699,0.0008955917579644,0.0003293462985048,0.0002204104883185,0.0004410948106542,0.0016467614468354,0.0006293612857324,0.0004300320446004,1
0.0025695228826418,0.001323618823546,0.0001341339833715,0.0003435523164956,0.0035242155308687,0.0020271223907114,0.0755673464062481,0.0615071931208419,0.0053655872188675,0.0040020933260473,0.0288829121122009,0.0434128626458586,0.000858042483422,0.0004166655423344,0.0039374662895961,0.0015540981243065,0.0019757754364661,0.0009827244912675,2.548052044176381e-05,0.0001704511824992,0.0298684706672122,0.0511676754724142,0.0013093986276922,0.0008779284508523,0.001258779429671,0.0006729415489079,0.0005551465694898,0.0008520403670852,0.000681599289447,0.0009661474473768,0.0030850573257095,0.0014340752788842,0.0005396314067593,0.003030529056354,0.0003938624155391,0.0003551200063782,0.0010559391894645,0.0035573186434437,0.0009063794472832,0.0006189986466117,0
0.002240845874963,0.0017244066662652,8.381337219072582e-05,0.0002804529615272,0.0031396808791663,0.0037266209846985,0.0595989963554352,0.0489372325686839,0.0041770422149084,0.0025511169314976,0.0216998415063714,0.0316718066981101,0.0008813985304638,0.0003600874904206,0.0023859472616904,0.0013571607367482,0.0023824072959972,0.0010577524545968,2.5119739151163024e-05,0.0001603841114966,0.0224618150366725,0.0390265277088742,0.0016390091836258,0.0010980603424727,0.0011479625052734,0.0006136138295195,0.0007619365884741,0.0007118326411729,0.0008476191062905,0.0007075112291093,0.0029483498030038,0.0013225995221861,0.0005398702389767,0.0019533069873544,0.0003606801153039,0.0001867621020144,0.0005360759093508,0.0022816405416369,0.0004101956994522,0.0002756523941863,1
0.0013406311366199,0.0014578098018004,0.000109454571933,0.0002571242996153,0.0062923594227942,0.0053356188940759,0.058263438859478,0.0471588986460433,0.0065926523968706,0.0048703339270904,0.0206277703405668,0.0313984644666453,0.0009891805021729,0.0004192931065939,0.0017021133937191,0.0009824191228377,0.0025813584179103,0.0010725718864215,2.772735628641078e-05,0.0001539594990779,0.0223821516182477,0.0385026091878555,0.0017441856478982,0.0011577254948117,0.0013083266607099,0.0006375052700502,0.0005867656468015,0.0008159890597618,0.0007181173830643,0.0007245138481086,0.0033437833106514,0.0016491632440207,0.0005787081201483,0.0019053588354382,0.0005150456604188,0.000378644106319,0.0007326515016732,0.0023998459561522,0.0011176491590402,0.0008559831010664,1
0.0012784814103798,0.0016383246620788,5.42649788699643e-05,0.00011577060918,0.0080847085638594,0.0089166842567537,0.0601276508774303,0.0490513736455497,0.0032693255741037,0.0018059133792633,0.0215748444508589,0.031558104837748,0.0007609840052409,0.0002715495333794,0.0019310508817635,0.0013116588242284,0.0024624889814373,0.0013077912349771,1.9876036154953452e-05,8.904739682656345e-05,0.0230115847078012,0.0390442756446078,0.0013564080273164,0.0009130078658711,0.0011494949423246,0.0005659783413829,0.0004497035743703,0.0007083318011067,0.0004313312566627,0.0006058370152615,0.0031548215885776,0.0015492116152901,0.0003592038166036,0.0008899913650707,0.0003970828661181,0.0002501411410831,0.0004086180265357,0.001518955718004,0.0004503260624297,0.0002935845987523,1
0.0021701875176421,0.0014333082209559,5.624417387330735e-05,0.0002058805739961,0.0086843570186437,0.0093561984529236,0.0732143437322097,0.0607467800182679,0.0034344097473614,0.0024488006896767,0.0268601506445527,0.0399560968543862,0.0010264506843464,0.0004272799265641,0.0024252788679265,0.0014306020633585,0.0028286265963998,0.001065833016425,1.909349006641186e-05,0.0001375889378903,0.0281371893510465,0.047210104375548,0.0015724894132697,0.0007517028614472,0.0015456747613212,0.0008342021003151,0.0006087372424472,0.0005375203526667,0.0006577016128345,0.0004947125907373,0.0037346360637141,0.002033631840154,0.0006682835087142,0.0013015334134728,0.0003726987908516,0.0003232539949436,0.0004000719478659,0.001857404986759,0.0007379166377822,0.0005836632576311,0
0.0029502785476834,0.0016835824604044,0.0001827810925162,0.0006752428148039,0.015404062166113,0.0129533057881642,0.0598302655557341,0.0491437799303247,0.0094853890143111,0.0101994961420048,0.0207710216798394,0.032584736455328,0.0010299901387855,0.000524978628595,0.0023528340079162,0.0016035076901575,0.0030236589304583,0.0011708690643483,3.6338804152326654e-05,0.000331806797314,0.0233184347224984,0.0401836230480846,0.0013654118274161,0.0012447582974764,0.0013026142679998,0.0007675259011531,0.0023139141322429,0.0013461711455132,0.0018699052399611,0.0013004436209374,0.003369823032678,0.0018000364025915,0.0030481477806534,0.0058313707765705,0.0004739329787169,0.0003706010979223,0.001102106815828,0.0044292960919856,0.0036229654541528,0.0027859822739173,0
0.0034467871949524,0.0014822569490241,8.312149453572307e-05,0.0003409401142473,0.0094497778529904,0.0093244968556809,0.0582479945772897,0.0483477335622654,0.0049432140557205,0.0040631037480799,0.0205525467178945,0.0312930398988514,0.001002199653095,0.0003391362150625,0.0022546356393988,0.0014397582829957,0.0030804588158063,0.0010421561862949,3.1765466225987435e-05,0.0001812757924968,0.0234914557459103,0.0388379545390155,0.0015104281277403,0.0008158495540774,0.0010347451445026,0.0005755863091022,0.0007599682432432,0.000815160927463,0.0005930082136598,0.0005440077689763,0.0041212227176112,0.0022970574683984,0.0017040773149663,0.0039472866091511,0.0007023591668186,0.0003800048269867,0.0005998092331124,0.00160115569789,0.0019225914424443,0.0015517779597861,1
0.0024259485931944,0.0015918839875548,6.1117568775665e-05,0.0001798916440559,0.0030511482472117,0.0020811437745578,0.0567299431037445,0.0465835858574896,0.0045262035794189,0.0026741923846577,0.0208659079084329,0.0318907876844454,0.0011822464005791,0.0003963248111909,0.001926545889085,0.001232988072748,0.002718989157284,0.0009387815048694,2.214550796739389e-05,0.0001223203039152,0.0226612313649145,0.0376314940025417,0.0014041284418481,0.0011236169990209,0.0012831781570497,0.0007487250034411,0.0005897070013813,0.0006426905541456,0.0006730125522535,0.000525159536898,0.0037890167994698,0.0022415912160077,0.0003944023309995,0.0022767086092384,0.0008491936456851,0.0004038898704878,0.0007031887668299,0.0020353572586127,0.0005292376963412,0.0004423458089014,0
0.0021175433751217,0.0014051843112429,5.4908828758561415e-05,0.0002301217481112,0.0039841339944933,0.0052514999768607,0.0742193358397985,0.0611139388207514,0.0040469433981896,0.0022693547918803,0.0234603857913416,0.03591754290369,0.0013271457966096,0.0005514123945194,0.0031124643161116,0.0011200481397471,0.0035041002602948,0.0013009566468471,1.3935031467316989e-05,0.0001023261938614,0.0285930952065416,0.0477259591609808,0.0014519810044834,0.0009210473514348,0.0020006406402331,0.0010531906641887,0.0005602316564046,0.0005884381561591,0.0007865315174523,0.0007772563268417,0.0048500588700335,0.0023127487873771,0.0003921130523149,0.0017104680768421,0.0005914083585663,0.0004478352237367,0.0002398945210039,0.0009685006908932,0.0007523828723532,0.0006325340007415,0
0.0019528929943064,0.000973737662028,5.184719593065052e-05,0.0001504984061691,0.0083818380801393,0.0093250400323539,0.0599661647811142,0.0485788936887547,0.0048307689015782,0.0031219074918591,0.0208294075797411,0.0317565910721651,0.0014966486730091,0.0005238838874718,0.0021290490558595,0.0013359055771156,0.0036105692955168,0.0020549664348173,1.7714432352223857e-05,8.814653938666833e-05,0.0230723253091601,0.0389531963180839,0.0016434105083212,0.0013446726123438,0.0016160535918464,0.0008214453585409,0.0005209880285514,0.0005163287400108,0.0006684964026231,0.0005173194408296,0.0042657511759238,0.0021260765051018,0.0002930450871231,0.00108900100079,0.0007062519557887,0.0003562729076683,0.0005054740458708,0.0017270456456545,0.0003307500070181,0.0002490546311434,1
0.0020456776597062,0.0014543750868392,4.637050478324717e-05,0.0001976850551426,0.0146358124324005,0.0142580132151825,0.0592210773972919,0.0487163263127327,0.0032278197156287,0.0020721484611071,0.0208237257241772,0.0316590914895804,0.001622230870195,0.0006249152729747,0.00147514503814,0.0010369196863851,0.0035130610621266,0.0014510733691602,1.2722999590355083e-05,0.0001112469106757,0.0234976543537086,0.0389544822139969,0.0016249248232345,0.0009941632657425,0.0016461886913599,0.0008783562060306,0.0004157927708297,0.0005109790574457,0.0005320565453317,0.0005622038569864,0.004361022290853,0.001955847463028,0.0003627404316334,0.0013585294226751,0.0004724227025263,0.0003803100557944,0.0004593431003051,0.0023202655081885,0.0002872150964104,0.0003019390295872,0
0.0022494790648239,0.0013826529216867,0.0001008422934755,0.0001729739681452,0.0131510841918466,0.0134238242785253,0.0577354517315997,0.0476107190535376,0.0054997836228622,0.0042073116547783,0.0209023471618909,0.0308248876360697,0.0012824686952621,0.0005294300097487,0.0026203048294685,0.0011814695006669,0.0035738742163417,0.0013302529835361,2.4545152871306667e-05,7.771186534889203e-05,0.0228295997009032,0.0378984698682432,0.0018521540645806,0.0012100532506991,0.0015691863959277,0.0009030897847926,0.0009889739705195,0.000754933276328,0.0009790495340015,0.0005950131956296,0.004051020432281,0.0018648300148378,0.0008238030737757,0.0012473946171901,0.0005877919205125,0.0002928242605865,0.0006307617481684,0.001962226578512,0.0007899473023301,0.0008347421271312,0
0.0026128322014499,0.0014473484944012,3.137767071736679e-05,0.0001694576804231,0.0173580132593618,0.0158157326937556,0.0707039869979312,0.0587436036787768,0.0050638963009502,0.0038814260277994,0.0240108573825774,0.0359333618388634,0.0017057420638226,0.000672646817993,0.0027964527023196,0.0023204601598285,0.0036047098890753,0.0010747440547226,1.2974132731907926e-05,0.0001151656420007,0.0279270363527788,0.0468117359222714,0.0019373005246684,0.0012444945528548,0.002215891432125,0.0011129619506009,0.0005274141348751,0.0005051849267175,0.0007675248918735,0.00063074228995,0.004676642884854,0.0020003688824395,0.0002334160065089,0.0007166012956755,0.0005334496106805,0.0003129760092429,0.0005542712793185,0.0019978299398061,0.0002346143271632,0.0001967030087628,1
0.0026074644741508,0.0021407505863144,0.0001029630615222,0.0002777933552162,0.0202651084467549,0.0164719812479283,0.0583591541937419,0.0487702557241354,0.0044681374715045,0.0045233153609262,0.0204335601183684,0.0297792293668885,0.0011672788086965,0.00054068314627,0.0020873000215635,0.0021740360183643,0.0035833003389132,0.0012076699797448,3.1985174327853266e-05,0.0001772610697395,0.0230572684065273,0.0372384349768099,0.0015520435160472,0.0011117007758503,0.001414731495704,0.000776291582024,0.0004238586117392,0.0007436388186431,0.0006992206370619,0.0004887479946415,0.004249169663095,0.0017839721312619,0.0002897787044756,0.0021909231818926,0.0005391037225244,0.0003144197834635,0.0005293457711032,0.002011959756603,0.0004069214428849,0.00031861891358,1
0.0042056956986367,0.0079292781263212,0.0001890400100122,0.0005966986894072,0.0207785538512833,0.0193061035117415,0.0561858540331498,0.0463554819807672,0.0549162480131757,0.0458562522797069,0.0198849418942032,0.0300025442157598,0.0018908076622635,0.0008269682600138,0.0040096338124437,0.0069552399344258,0.0027702962786403,0.0012570010835609,0.0001379141978123,0.0004826531268592,0.0217415580520843,0.0363139065930854,0.0019828412123662,0.0028300453479992,0.0022552625860546,0.0014121511137391,0.0009202287877061,0.0011596073616588,0.0010671965095761,0.002220735764258,0.0040598319662399,0.0025099965887968,0.0009562922218252,0.0026435235619169,0.0007053366984967,0.0007425168522012,0.002839867059232,0.0096213148810461,0.0016093010243572,0.0011401146076508,1
0.0036903923276321,0.0072547067951587,0.0001508747718289,0.0002525655935393,0.0207867959889041,0.016429120693821,0.053781676013215,0.0456947300075178,0.0126988434675631,0.0100609976373586,0.0189272714533085,0.0281754146422569,0.0016894701539298,0.0008479035338788,0.0044119604191366,0.00660765606446,0.0028213375010009,0.0010708884993167,0.0001005089109368,0.000399246855598,0.0216834623359229,0.0361699171252315,0.0019011240184718,0.0013765733363718,0.0021645121752495,0.0018165693398208,0.001054460922459,0.0023209684923391,0.0013856562924363,0.0018128753005487,0.0038253724593382,0.0019539402276974,0.0008387245857015,0.0081977254111286,0.0006196881398089,0.0004139795368997,0.0022074716330933,0.0071945175670785,0.0022426818789163,0.001850131580044,1
0.0036811781354331,0.0060162123660485,5.97157930988571e-05,0.0001022185666315,0.0202493090775165,0.0170680285385579,0.0513548756650341,0.0449957582143445,0.0075901316836049,0.0031370099534262,0.0191370547840688,0.0279074199661852,0.0024199011007572,0.0008318788506301,0.0031696659907549,0.0064630968498937,0.0032806855821429,0.0011772247927892,1.8625123431446188e-05,7.824450960165264e-05,0.0226754322387304,0.0381053559380068,0.0017168243733181,0.0007936415325049,0.0027201796791578,0.0014611746133413,0.0006523756172008,0.0006325600989318,0.0010135430079817,0.0005881926126578,0.0038865310559632,0.0019852576533658,0.0004650129811489,0.0016571496555545,0.0009589507251058,0.0004353624365751,0.000417629441949,0.0014814830469695,0.0005710362540422,0.000472754405378,1
0.0043468895256902,0.0066929273199658,4.899656797548077e-05,0.0001553387024243,0.0209578655877535,0.0176245927093882,0.0535296028816762,0.0460596243294084,0.004662709998851,0.0036202016950809,0.0179565149395175,0.0255217332791264,0.0020730493288881,0.0008186868521419,0.0031684258215354,0.0067968640142274,0.0036376886214482,0.0013225229985293,2.315708414542833e-05,4.507823496355072e-05,0.0204932472553654,0.0350609696096885,0.0022048428638052,0.0012407522699406,0.0023952828956439,0.001032529223708,0.0009800441758312,0.0005026268103306,0.0015912784644367,0.0007585704870477,0.0041295589252849,0.0022438090803445,0.0004922736423656,0.0015646341892121,0.0007858396132743,0.0004278240818499,0.0002942220415602,0.0012106821018976,0.0003528232646733,0.0003749937838135,0
0.0040857317605696,0.0069875674535985,0.0001153496833306,0.0003101263927336,0.0212951141849615,0.0172491977724136,0.0531271152729695,0.0454961223295002,0.0054781311587434,0.0027845995450609,0.0195954225178681,0.0290312412743542,0.0020816575194862,0.0007925092170114,0.0026914678313199,0.0075779529077385,0.0035769656753037,0.0012716700030506,3.948119338403145e-05,0.0001991434491141,0.0220446611039852,0.0360944817728984,0.0026782561909616,0.0010901623585017,0.002324224839149,0.0009842766195207,0.0008438431680625,0.0006524334021451,0.0013353216324451,0.0007284414672104,0.004189505597495,0.0019536034908992,0.0006037156191545,0.0020344628585982,0.0006922885094406,0.0003792669858114,0.0009317968202447,0.0029247408807184,0.0006791003090077,0.0004992868111491,0
0.0043528722524548,0.006840722912681,0.0001972555016987,0.0005961389831643,0.0219535777756791,0.0189515078019508,0.0605366658337543,0.0516130559244319,0.0037194295201325,0.0061874176881624,0.0232901524469952,0.034811004004642,0.0023141370870903,0.0007987295404149,0.0036890434805415,0.0066615763940687,0.0034611903430176,0.0013781638363778,5.438502564939074e-05,0.0003937798534017,0.0239388962698555,0.0401449666493862,0.0021962526933578,0.0009481684771691,0.0026518173304005,0.0015651300231995,0.0011241199294968,0.0012219078788215,0.0011124663676142,0.0007466051448313,0.004469403744842,0.0020031952342388,0.0027054180686153,0.0076453381230928,0.0006879000448193,0.0003111822265497,0.0006287376447566,0.0029429255034695,0.0030000218680174,0.0023481963267623,1
0.0045177431549116,0.0073171200088165,3.5771891321569564e-05,0.0001388204044151,0.0233861088381257,0.0181731483526332,0.0701899272532827,0.0582071157183103,0.0035513334827102,0.0051919231939567,0.0240096647641806,0.0365392673268317,0.0022368595610288,0.0007253996426737,0.0034560954320084,0.0072945048891048,0.0043400758908241,0.0015101695195734,8.936619768362337e-06,0.000108886842072,0.0289656061545622,0.0492387442411006,0.0022652770647193,0.0009546107683334,0.0031542270909526,0.0015077973440369,0.0009122207125762,0.0006307079696777,0.0012875905202455,0.0007656081315276,0.0056248109396548,0.0024005928150432,0.0007292516826494,0.0020491037512247,0.0005833158857455,0.0003125387206412,0.0002843388629117,0.0007577673951846,0.0007343525409718,0.0005588827859565,0
0.0042652903076191,0.0066231319236292,4.187629641240219e-05,0.0001995358406367,0.0211735957256388,0.0169150951847902,0.0530128429725506,0.0441133936455063,0.0032797433433089,0.0037548619063123,0.0189290407548022,0.0277307353600741,0.0015759905686972,0.0006650434826945,0.0033529387813366,0.0063614049109453,0.0038494291971492,0.0017320641710121,2.4999695840751727e-05,4.168556527504547e-05,0.0213562601716724,0.0356270620225341,0.0022788052806586,0.0016069597435872,0.0021878152111426,0.0011291492886425,0.0008729720850667,0.0005212410681102,0.0012156917994809,0.0006979575560201,0.004428876502176,0.0024051836987997,0.0005080119202941,0.001677128179022,0.000744909234519,0.0003390695235446,0.0002903936518548,0.0007357311953578,0.0005334944897664,0.0004483310565282,0
0.0040741336364906,0.0070316303366669,5.884903808332993e-05,8.701715004833211e-05,0.0212570517691004,0.016730922658046,0.0552950678891972,0.0448441047532265,0.0048549817041932,0.0053597347607148,0.0199132782053441,0.0293214127621404,0.0014213690563625,0.0007346161374895,0.0029384869717806,0.0063508644710865,0.0036608633599367,0.0015505574764886,4.380871939528261e-05,0.0002107790591222,0.0213823704748881,0.0367085693157956,0.0021801747278268,0.0013638097499492,0.0019875967383872,0.0012317271853446,0.0007096845493923,0.0006943193860439,0.0010499943380836,0.0006068700723601,0.0044726685797621,0.002550230676288,0.0007000812716205,0.0021201551855092,0.0007343857613181,0.0005310619219272,0.0004256895914053,0.0018015429369317,0.0009475030954541,0.0003453736203988,0
0.0040221765170943,0.0066162130904017,4.966035577060451e-05,0.0001388863645976,0.0214161183819556,0.0172773111581316,0.0542227535113763,0.0454046214725025,0.006331763397384,0.0048776228855849,0.0189393904312327,0.028689040713582,0.0015983077881259,0.0006474090534387,0.0031670675288876,0.0064936293166708,0.0036847161881969,0.0013287567803785,2.1991136047160472e-05,0.0001267391167951,0.0216258706995966,0.0366036047776357,0.0022243754999127,0.0017097470344243,0.0018385538038665,0.0013457175276092,0.0006633849267446,0.0005565588197153,0.0010367810592067,0.0008507379446357,0.0039785059387933,0.0024696955586468,0.0004171441682391,0.0012392419508812,0.000666668603253,0.000395895847485,0.0001911164563812,0.0011469108122394,0.0005704947592473,0.000379706378176,1
0.0037816693538344,0.0073325016558154,6.396347101510182e-05,0.0002097537519232,0.0238633011549898,0.0184301386853613,0.0726584036190128,0.0593666956825251,0.0058904061607753,0.0059793215839259,0.0253558638512475,0.0384822408994935,0.002064203772788,0.0007084602379796,0.0034091736794086,0.0069476383290898,0.0040407142398662,0.0013599803025919,2.159503335441147e-05,8.363214772200802e-05,0.0287350236729998,0.0482189325529915,0.0023382640541649,0.0014930041382789,0.0029811815850744,0.0017603151438757,0.0007154985304286,0.0004829103870989,0.0009378366223306,0.0006295143055751,0.0050843629810877,0.0027694539876574,0.0011770086475928,0.0028545171694593,0.0011621138125671,0.00036375251339,0.0003890826912882,0.0012898415730016,0.001013857379206,0.0007072722635066,1
0.0040575335717992,0.0073602997719519,0.0001136626708604,0.0003207660878522,0.0228321879668479,0.0176996361052394,0.0570263218928242,0.0461120277635148,0.0076441906365982,0.0047351364807528,0.0201732364248542,0.0314767838865618,0.0010443875780608,0.0005951929071048,0.003100055904306,0.007142483395178,0.0027957820414775,0.0014293493979655,3.059939423027994e-05,0.0002313421447805,0.023382506920225,0.0376158022042457,0.001309122373633,0.0014391165400399,0.0014170932714854,0.0010408504476974,0.0016340277348317,0.0014647904239685,0.001099780748197,0.0005540640555639,0.0035005923123837,0.0024041116301559,0.0028233836304285,0.0057324386060473,0.0004184433428457,0.0004176258706284,0.000613136014056,0.0012494923848228,0.0039551176610388,0.0021517837906322,0
0.0042245680386445,0.0071606361049186,6.186243638616295e-05,0.000216176951787,0.0227249486303807,0.0180331385486898,0.0565597691441847,0.047297667137062,0.0061481859478524,0.0026733129374416,0.0207905043533037,0.0310673334176548,0.0009172964871434,0.0003841582932463,0.0033467856976492,0.0070678826777148,0.0027765617956239,0.0012629666348191,1.787983840832819e-05,9.073116180170337e-05,0.0233987920210856,0.0377379909648947,0.0013042240907565,0.0010931182370165,0.0011327163355884,0.000838652422074,0.000631899544025,0.0006429010529542,0.000517657049732,0.0005809376290278,0.0032259810794245,0.0019086787509892,0.0005515795410928,0.001087781618508,0.000364834630996,0.0003160196771588,0.0004663450671344,0.0017320330585701,0.0008667991484043,0.0003741923027802,1
0.0037353230401698,0.007450771040216,4.639102287892105e-05,0.0001165132664407,0.0222155027719608,0.0179595268991731,0.0566269582825591,0.0475620099726753,0.0017947448689364,0.0016215850198188,0.0206349118221058,0.031021705576344,0.0006214129803004,0.0003613558457949,0.0036921745213287,0.0075480601698678,0.0025305170612218,0.0014101602316584,1.9701750728368695e-05,7.079167262065695e-05,0.0232282585800442,0.0374573786139025,0.0012432184810675,0.0008701761308214,0.0010928266886535,0.000831929848905,0.0004191104945564,0.0005632363036822,0.000492708341698,0.0004600034594725,0.0029379492317741,0.0020886354511265,0.0002817900318844,0.0008558774382886,0.0004144817379726,0.0003409125126065,0.0003793707793698,0.0012682352852913,0.0003351896890812,0.0002745878155981,1
0.0047121414294256,0.008056016310757,7.309964299990712e-05,0.0001150336309688,0.0249201610021959,0.0194958126450232,0.0757999076011395,0.0624857851635429,0.0048573256119634,0.0036171665567429,0.0273099254428125,0.041696159449416,0.0011338595484239,0.0004969334083876,0.0038323747276326,0.0078775679267963,0.0024922326020696,0.0013883943783618,2.6424393117609903e-05,5.713415910612841e-05,0.0302641777868741,0.0509497265240193,0.0016150285899975,0.0013281236460821,0.0017642851158434,0.0012114388390489,0.0007379188462057,0.0010698133874332,0.0006019944715131,0.0005343062123,0.0034545155622699,0.0027259818528971,0.0006923842564036,0.0013883027176649,0.0003790442598502,0.0003311459420241,0.0002649478243724,0.0010005792125633,0.0010046824752679,0.001301030519534,0
0.0041615119285749,0.0062538004197867,4.932935596118595e-05,0.0001408290813127,0.022403144948101,0.0173906213630123,0.0567310025908413,0.0470911209511822,0.0032326752653022,0.0024807153870752,0.0205411737910866,0.0309668753518048,0.0006445237397487,0.0005536491865054,0.0032630696219636,0.0057809851104605,0.0025547900659437,0.001108116352268,9.4557294591108e-06,9.131752285035368e-05,0.0226912258639076,0.038190525530853,0.001025039751477,0.0012138789118211,0.0008323166047576,0.0011119920363805,0.0004394328676868,0.0005801387961684,0.0004595416179368,0.0005312459971454,0.0028146063922259,0.0023243293505302,0.0005335963493227,0.0015582017175221,0.0005067830740768,0.0003968459738118,0.0004276078546586,0.0018351524327491,0.0003502025614642,0.0005489698470085,0
0.0042069389672006,0.0050727231836725,4.842871074639666e-05,0.0001189044921105,0.0187830972727432,0.0154942183071361,0.0559127090990573,0.0462238710510111,0.0046970022636852,0.0036292875112965,0.0204296457975983,0.0306781690355033,0.0015393769711847,0.0006948436434851,0.0029992219840824,0.0052418543721977,0.0028534723038734,0.0010634628550826,1.1701933299127198e-05,7.715052895670445e-05,0.0224409951876603,0.0376183582835847,0.0014838139737122,0.00100138937252,0.0014507593944221,0.0010883170569842,0.0006008965570699,0.000784200035529,0.000963856635374,0.0012714483062912,0.0032289883306756,0.0021806031070601,0.0007257176325231,0.0022424181781918,0.0005348099310731,0.0004673899831612,0.0005370413918685,0.0022126386998543,0.0004169797785483,0.0005417162432092,1
0.0033810228134765,0.0012605425202056,3.797807585331714e-05,7.107253047660362e-05,0.0148380909841702,0.0136243482747252,0.0562644312338452,0.0474924413560981,0.0034808981002572,0.0019145944772827,0.019652386270999,0.0297177872964431,0.0012013732795942,0.0005845369146803,0.0020311637267088,0.0015128549662872,0.0022239776063107,0.0014748263268951,1.3650455579808997e-05,6.236075584895246e-05,0.0225868397288917,0.0377666724771432,0.0011900278017132,0.0009184960134969,0.0013583085826463,0.0011581856198986,0.0005853336641743,0.0005400425117281,0.0008367223796669,0.0004953418917436,0.0026348539924191,0.0020606982318704,0.0003482495465957,0.0011838528971404,0.0004704272995914,0.000435314238556,0.0004056652621436,0.0015352938447757,0.0001713406503416,0.0001369740817132,1
0.0021489600251139,0.0008385176817502,2.8358256710342625e-05,0.0001214499270485,0.0199461700054956,0.0155665574058741,0.0758312679801119,0.0630906318598486,0.0047572711829789,0.0036363936105483,0.0267755229080701,0.0397260852118393,0.0014926810806938,0.0005398264100352,0.0022587954862707,0.0013038424352809,0.0028522475883705,0.0011831579571042,9.053171882005468e-06,9.771849631709696e-05,0.0302224686104207,0.0502340281768614,0.0013932733448068,0.0014154332458227,0.0020497246040584,0.0013629305452991,0.0006976109888913,0.0005423445881319,0.0010509359595458,0.0006260744304702,0.0035083432523838,0.0020360331986397,0.0002621011650278,0.0006190415017873,0.0004591960060731,0.0003903152873182,0.0003518724204127,0.0015354664695184,0.0002723122803889,0.0001360798714387,1
0.0031071954658972,0.0011702159928964,2.748586646355379e-05,0.0001546002666644,0.0211933024384068,0.0165840618204857,0.0533007596592365,0.0445190385278483,0.0034629857349554,0.0020135196245935,0.0202696126713577,0.0302677710722312,0.0011170769463391,0.0006208064510993,0.0020026278707776,0.0013532683027835,0.0020398209370809,0.0013136399119364,1.2230292063414713e-05,0.0001214985030364,0.0214524621090351,0.0362258684323202,0.0014854668144879,0.0008751518282016,0.0010679018825025,0.0010762333260863,0.0006594612709143,0.000460394309652,0.0009839464608488,0.0005775819956056,0.0025394319297602,0.0019079768464035,0.000414739067544,0.0011723040095496,0.0004242739269346,0.0002778021986793,0.000481529092353,0.0019945760150613,0.0003209398846219,0.0002576761017717,1
0.0024564176245137,0.0011259075522854,3.9260783237259365e-05,6.657746081766751e-05,0.0224501700042638,0.0179765319107276,0.0571003959948006,0.0475171729747853,0.0036956389758493,0.0026551766220729,0.0208448566297761,0.0313569536337352,0.0012598263696142,0.0007484527344605,0.0024658751852946,0.0013584698598349,0.0021167350435313,0.0009414558880479,1.6045481427797106e-05,8.282580899584253e-05,0.0219581726726602,0.0381474496525664,0.0022439227106216,0.0009939366462065,0.0015831423615672,0.0011346058372395,0.0005417669909029,0.0007119248262563,0.0006562020528812,0.0005021408782187,0.0026180056558928,0.001774063821009,0.0003969690264097,0.0011840237556051,0.0004640152548146,0.0003317814817386,0.0002952911913614,0.0012504028155942,0.0006809564213538,0.0005147895089573,1
0.0021013400773716,0.0010585018710223,2.1142495106628637e-05,0.0001339223567653,0.0220095167367721,0.0172084894516617,0.0559558748094703,0.0460057208048082,0.0017312109532783,0.0018435737749277,0.0207705770742514,0.0309180304313958,0.0012498866092426,0.0008346049351703,0.0028414292933638,0.0017281510986104,0.0017800426890083,0.0010634316447633,9.583980476469848e-06,0.0001078911856754,0.0227994042033318,0.0373925217229422,0.001143252540615,0.0007783515346779,0.0010709917442577,0.001142294086624,0.0004827748775532,0.0004455862222426,0.0006937416750827,0.0005220723119778,0.0023910209078693,0.0019521154333765,0.0002460351580462,0.0007922415590934,0.0004019045852687,0.0002457496567855,0.0003687209107877,0.001615657593401,0.0003368313602595,0.000183028017763,0
0.0024413876554788,0.0012384904291817,5.8741140880702e-05,0.000138716000414,0.0114819593852141,0.0100914614806337,0.0581568605684178,0.0475976371080414,0.0041823720944017,0.0038245661970532,0.0196317012078026,0.0297112388343539,0.0009839184218384,0.0006803810441572,0.0022085107220271,0.0015385074983337,0.0019901582632245,0.000752610860584,1.7425012529899793e-05,0.0001064339569842,0.0225404112984119,0.0380010010576271,0.000984264697275,0.0011393569672926,0.0011009268065862,0.0010837192759718,0.000513516415911,0.0007713825792995,0.000623949689974,0.0006567395690504,0.0022159432012483,0.0014648251034885,0.0004396428390439,0.0012144613972852,0.0003665633975611,0.0002624375961377,0.0007190044125492,0.0025688287221255,0.0006448462646007,0.0005009255953286,0
0.0028738018885951,0.001653546932666,3.478069467225659e-05,0.0001815940717784,0.0098703243469803,0.0100196658219353,0.0761031681049853,0.062509064347856,0.001874873164436,0.0026949849830586,0.0289745362434285,0.0437190369621501,0.0017191101131437,0.0008026911400741,0.0027374943732639,0.0015001979551329,0.0020510569328954,0.0008826205262147,1.607458402022017e-05,0.0001041844953531,0.0318806429875955,0.0532641116954773,0.0011576587812372,0.0007471966966224,0.0023780898596819,0.0015864500841226,0.0005230115977655,0.0004249230186462,0.0007532783352518,0.0007164025847589,0.0034714692993139,0.0018298928018062,0.0002630623090796,0.0008498529694026,0.0004987831363281,0.0003184210651205,0.0006874183285867,0.0025937904459402,0.0005963301412173,0.0004028687503626,1
0.0029280563561648,0.0013056407636808,7.263558365264317e-05,0.0002446846831577,0.0043028264100604,0.0045845813878203,0.0573884474141428,0.0464563684950114,0.0050401652863315,0.0032615120476909,0.0206116944949048,0.0308603731101791,0.001123202900313,0.0006241781706731,0.0021388217496412,0.0013068490866701,0.0019676171671959,0.0007801789120495,2.259137053040397e-05,0.0001376079384894,0.0226237322354828,0.0378479816083837,0.001307919856758,0.0014475000433529,0.0015362617020735,0.0011975601933554,0.0005637185514005,0.0006994853108576,0.0008696362478127,0.0008634905031074,0.0023435987230142,0.0014546894751256,0.0002162786693611,0.0006641770036369,0.0004033616185203,0.0003232740051592,0.0008910395576131,0.0034389024258131,0.0004797611324095,0.0002070033857126,0
0.0020221702024368,0.001277577364577,8.483203319042284e-05,0.0002194071547889,0.0062268510688099,0.0065939540558315,0.058428776446856,0.0473287144750773,0.00544482830882,0.0022249767602477,0.0202673099480292,0.0307467154380301,0.0011384832291028,0.0005310436679615,0.0017802652642635,0.0011522828336661,0.0018834293095905,0.0007404899580288,2.5263144579844013e-05,0.0001364201654105,0.0229816708796815,0.0384507850861611,0.0009478026852858,0.0009926561337954,0.0014064328285986,0.0010647992181763,0.0007022699270095,0.0020306312849097,0.0006986183760013,0.0008454083468015,0.0020527928106233,0.001767428264,0.0006414625179684,0.0028886818775134,0.0004838546337688,0.0003308591210972,0.0005202329983858,0.0019114260613336,0.0011933957210688,0.0003373126601775,1
0.0022019335245796,0.001386688908042,0.0002103740239195,0.0002112218346265,0.0148988496853582,0.0091237216196706,0.0573959847837413,0.0477398481345882,0.0097097445606218,0.0067529722027813,0.0203504982008572,0.0309094258653497,0.0011801272433377,0.0004413769679372,0.0019792686984364,0.0014414637761156,0.0018410548029341,0.001122175445413,5.327820819494415e-05,0.000377548495757,0.0232036611593538,0.0384928341351046,0.0011924895220441,0.0011638969400341,0.0014068871442074,0.0009503335543906,0.00049437548691,0.0063539594895763,0.0006009317161684,0.0018379238886852,0.0025976578316421,0.001727913681969,0.0026981162693312,0.0094579760783334,0.0007582720105038,0.0005534385244584,0.0005807689962699,0.0017390976958343,0.0055420457158648,0.0014519198255133,1
0.0022111081420831,0.0013397551316583,5.399169983438632e-05,0.0002849259454369,0.006686987131001,0.0070729882220133,0.084741346444841,0.070154246708519,0.0055124388846203,0.002795689842803,0.0272718518062231,0.040479255032235,0.0016650993530831,0.0005616089448941,0.0029644627129369,0.0012855679503559,0.0023117240584275,0.000898746787022,2.7236761119990003e-05,0.0001015733789087,0.0334382250486687,0.0547701319137921,0.0011873704820838,0.0012590967173616,0.0024250151982406,0.0012910859568095,0.0005146992061572,0.0016779369670046,0.0007031158070596,0.0006996069995312,0.0031741333064321,0.0018270136001133,0.0006674995408467,0.0022270519048428,0.0005812729421047,0.0002714530885722,0.0006636689246138,0.0028288815389583,0.0012402747260244,0.0005015042503116,1
0.0022119761910236,0.0016252530530637,5.917249780621036e-05,0.0002665474480415,0.0078073835717861,0.0076514936975519,0.0585801011176704,0.0486140151409065,0.0052318995346599,0.0063534041831126,0.0206485776743707,0.0314475906016679,0.0011018605913788,0.0005378555381168,0.002274078213435,0.0012934634380485,0.0020251278392893,0.0010661369616991,3.30284056389134e-05,0.0002064910454744,0.0232017723483174,0.0398818718062619,0.0014866507488218,0.0009898882552773,0.0017032621594574,0.0010921444373254,0.000788712088132,0.0033188449484532,0.0009209471948969,0.0016344777337074,0.0028229894604591,0.0015821129805172,0.0017600717505988,0.0067897907630634,0.0004552509055835,0.000486510191685,0.0009745478967749,0.0027970535514505,0.0033260563553619,0.0009271785091758,1
0.0026222342233649,0.0011743557234926,0.000116186701987,0.0004824535038619,0.0038851663054975,0.0042254621859332,0.0581360222542138,0.0479014265652931,0.0042953578679103,0.0096450811658264,0.0199986619783863,0.030943738872148,0.0011834704232903,0.0003257423525478,0.0020416823722263,0.0016093606127135,0.0015058015285922,0.0009547640765751,4.482879931255881e-05,0.0002556211992962,0.0230066851609878,0.0389486107771301,0.0011888142254299,0.0012472784327317,0.001031815259676,0.0009027385386032,0.0009733268681124,0.0012807208103904,0.0008979994153535,0.0005203343490057,0.0020385476307163,0.001047470890583,0.0019034183289073,0.0026508652344615,0.0003046800444772,0.0002781225806254,0.0013347157192444,0.0050891389555054,0.0030701135623971,0.0012205982221775,1
0.002831461213906,0.0012075372308996,0.0001424433864158,0.0005647024941008,0.002689592234171,0.001992236884801,0.0565195945890664,0.047201863337913,0.0068090874196877,0.0078551663750384,0.0206584015385355,0.0299313039687537,0.0006108788057876,0.0001099443632795,0.0024547537895699,0.0017956673189619,0.0016096714274822,0.0008701622936897,6.41325581584508e-05,0.0004658752393959,0.0225178134681616,0.0377627529523539,0.0013063244075276,0.0018004126269735,0.000922178347627,0.0004487535602592,0.0004995146514945,0.0009133197513824,0.000857382365038,0.0017073691628563,0.0021799829354311,0.0010661886431672,0.0002834927969531,0.0019908270703875,0.0004123904759492,0.0002426566975231,0.0024297491943785,0.0090111022783869,0.0011596408044263,0.0004549175726291,1
0.0023297734073782,0.0012868650041791,4.600584406114629e-05,0.000211932744751,0.0041354446387643,0.0048415065112567,0.0555395749248047,0.046055070579868,0.0016311490827803,0.0013770468755924,0.0199641351501917,0.0288714224686876,0.0005919616209099,0.0002798790216856,0.0029524972973864,0.0015429638352673,0.0021088854202047,0.0007906324905274,2.207970822378094e-05,0.0001301260512461,0.0226471795340855,0.0372350747810779,0.0014163126946803,0.0006753879465338,0.0008473354643944,0.0006334812569398,0.0004279077381444,0.0003150775390484,0.0005403952337378,0.0004884878469845,0.0023326612682704,0.0012352148769939,0.0003171737207719,0.0012236325859938,0.0004575405949303,0.0003792614433726,0.0005465326088957,0.0019610941701303,0.0004354595205974,0.0002237598427913,1
0.0027156362721515,0.0014486824643539,6.327492009579349e-05,0.0002405664555934,0.0153264117284358,0.0133949738876408,0.0749963415903252,0.0609613537721608,0.0042652236832662,0.0009512647381539,0.0265324408794361,0.0404538478757346,0.0008330112236186,0.0003406078931992,0.0032157556142658,0.0014256982579843,0.0020815362554889,0.000763267840197,1.5180900403856074e-05,0.0001019712519556,0.0311686642320466,0.0516028709231815,0.0013202560247035,0.0008214342733638,0.0015660905400061,0.0008788167551969,0.0004479006631614,0.0004952859582443,0.0004582126719248,0.0004291609819263,0.0031840929691813,0.0013509850539202,0.000309810432602,0.0010480642950259,0.0004269350342701,0.0003253085811467,0.00039347633964,0.0012725436444337,0.0005778345067382,0.0002169381017296,1
0.0025736689824159,0.0017484037823634,0.0001186026986057,0.0002853044903743,0.012087574623151,0.0134790188053202,0.0603526522105828,0.0489954103628335,0.0049882126581631,0.0030883372288274,0.0208269157179464,0.0323648307421571,0.0009665445918647,0.000330510691966,0.00261676211617,0.0014686699265244,0.0019405276364485,0.0008113273571004,2.1837667222115955e-05,0.0001267221496545,0.0234818511593091,0.0402766628235654,0.0012540449455139,0.0010430426188777,0.0012996348966227,0.000534037175559,0.0011032922081498,0.0006668791352318,0.0006142403671683,0.0004255791261308,0.0027742485647405,0.0012924839753208,0.000513479411915,0.0020833389393761,0.0004655701426962,0.0003599335602028,0.0004800876321696,0.0021719610643449,0.0013115345731002,0.0007289068946977,0
