-0.0023938846502124,-0.0031563023229209,0.004104743732815,-0.0027732816063791,-0.0030056226012782,-0.0023136546900614,-0.0195007236069347,-0.0192151597332177,-0.0099545383159127,-0.0078824167178991,-0.0075065861800872,-0.0060558326523997,-0.0013287886879163,-0.0013801066855121,0.0044273492112526,-0.0037565978254297,-0.0008151716529037,0.0006002557892706,-0.0008320088380259,-0.0037308442321427,-2.7081945617031368e-05,-0.0066538794108068,-0.0003548015568048,-0.0004649987095231,-0.0003979904880073,-0.0005088420607909,-8.441119353745607e-05,-0.0001895973413631,0.0087523146707198,0.0085444952330507,-0.0001274633743785,-2.4848969301779988e-05,-0.0125916207098125,-0.0297681116951639,0.0012032632797023,-0.0064262803480324,-0.0192247823200623,-0.0446888394997942,0.0029192689142465,0.0004903878506927,1.0
-0.0030630721056064,-0.0034897011801491,0.0002155913308883,-0.0026186491288535,-0.0039057890839194,-0.0035530465634762,-0.0155434049231053,-0.0197327279321432,-0.0131253420750277,-0.0119483064718196,-0.005847104438749,-0.0018644591630258,-0.001834409836669,-0.0014924101969613,0.0043683584569589,-0.0039857163107484,-0.0012251653319772,0.0001014212001488,-0.0006382145144376,-0.0024879514540612,0.0011104004647448,-0.0012208372995962,-0.000379653904775,-0.0003695054216657,-0.0005083798798239,-0.0004474231014641,-0.000111919832846,-0.0002563355756035,0.0117926944526114,0.0144638307953327,-0.0001505308258252,-5.451900066399617e-05,-0.0107825919405211,-0.0209423406927354,0.0014849074167529,0.0010209178050046,-0.0032494290447462,-0.0195389626427649,0.0019955022955916,-0.0008605408343543,2.0
-0.0040145169258555,-0.0051751647524049,-0.0034666648383329,-0.0052665328845214,-0.005601527059999,-0.0045809954683597,-0.0219308412138507,-0.0247552288787126,-0.017505635016339,-0.0157499596785583,-0.0046970998770566,-0.004286714952282,-0.0026576921473445,-0.0023961148937223,0.0042439258896776,-0.0040327009989438,-0.0017633081122346,-0.0005444153350734,-0.0004167166845384,-0.0007808006809832,-0.0001722930701253,-0.0016337010529299,-0.0005579475978806,-0.0007229921800649,-0.0007104317915221,-0.0007061632842772,-0.0001292466035756,-0.0002906194938582,0.018821627875628,0.022558388071382,-0.0002067793947226,-0.0002261853316179,-0.0076186030274007,-0.0055538095997755,0.0022955737300778,0.0134129412425588,0.018885924688065,0.0154498308671719,0.0008077891170334,-0.0025527378246954,1.0
-0.0027438386374034,-0.0015201873439928,-0.0057045656716153,-0.0046779948008808,-0.0027843930261839,-0.0034023400534136,-0.0163121874698018,-0.0235452867230953,-0.0164022719200427,-0.0166222494127809,-0.0083227700920501,-0.0076844122274386,-0.0026328800082094,-0.0022862235841578,0.0053402828035806,-0.0005830440807769,-0.0014546514472847,0.0006017755063112,0.000454630643206,0.0021271823421122,-0.0006426030088669,0.0005007413581362,-0.0004934497082076,-0.0004078537392331,-0.0006999523987045,-0.000561434949947,-0.0001242191374858,-0.0002649456983389,0.0157366906109878,0.0208651983165953,-0.0001860828256531,-6.133119409112784e-05,-0.0074703197618274,-0.0069300184293208,0.0018750586189701,0.0090732541327806,0.024505545489093,0.0270967989507287,0.0011809524844805,-0.0011070998935186,2.0
-0.0030262517583742,-0.0029757454114743,-0.0061753499864931,-0.0049151086562184,-0.0034012732598806,-0.003338356381583,-0.0179708367537748,-0.0243021653443825,-0.0171554713497355,-0.0161729964043191,-0.0076922748371291,-0.0090229642229344,-0.0026918783654192,-0.0025372252971941,0.0054906396275868,-0.00056553902199,-0.0015947071491521,-0.000295870343603,0.0006795378242097,0.0029254518062535,-0.0003086829857017,-0.0002793527642549,-0.0005083056783723,-0.0006740200980708,-0.0007407105036001,-0.000749700335093,-0.0001260586578951,-0.0003313139874605,0.0182412247197367,0.0240776999660011,-0.0001801148510601,-0.0002001187997652,-0.006081553282431,-0.0048116630440013,0.0020934230841788,0.0142852940954345,0.033614059476687,0.0431718948604435,-0.0006672062296922,-0.0034949249061269,1.0
-0.002523201875977,-0.0017644105476861,-0.0112903411291244,-0.0030595624052934,-0.0020392894926119,-0.00246671059318,-0.0182932898160936,-0.0245609939064944,-0.0129359818186304,-0.013149276907135,-0.0099275353431721,-0.0211571576583226,-0.0028224437614331,-0.0031516595089995,0.0061186095262224,0.0019112511761793,-0.0014873600544065,-0.0012046664820098,0.0003957112063064,0.0035220884278761,0.0008039147438217,0.007130064187639,-0.000503385671902,-0.0007228669068835,-0.0007070354067647,-0.0008263199729951,-0.0001333748288259,-0.0004226931311491,0.026992600925842,0.0340085707109865,-9.175366226208222e-05,-0.0002626214195143,-0.0010360273104211,0.0149359492951289,0.0016799429946952,0.0342950340757253,0.0620648190458791,0.0960103370553062,-0.0055562331500471,-0.0088954192454206,1.0
-0.0026695993264498,-0.0014249139965599,-0.016841841417792,-0.0116655773086965,-0.0031600446452048,-0.0032978313676255,-0.0163729697454211,-0.022632308468355,-0.0119298369417794,-0.0123426621462886,-0.010219826063979,-0.0213318002529185,-0.0023609435744413,-0.0026453150802139,0.005420996330417,0.0008876369070557,-0.0018385442366904,-0.0017857442793671,0.0001055155916768,0.0025399474362948,-0.0018712982069243,0.0025119456382,-0.000555412476563,-0.0008507879955925,-0.0007061225808139,-0.0008214088007019,-0.0001327616484124,-0.0004282610642609,0.0236438419175947,0.0301546768340932,-0.000128770349153,-0.0003661688549312,-0.0023746777954552,0.0061170191354891,0.0017111061253696,0.0305775393661359,0.0600420179425949,0.0899972099640857,-0.0059302193067233,-0.0097125780832723,2.0
-0.0017466623823822,-0.0010598479213529,-0.0090795288420664,-0.0090352241123853,-0.0027993734152082,-0.0027905215605483,-0.0105037932821705,-0.0168167488001695,-0.0006481854606827,-0.0030720446669371,-0.0143757818095728,-0.0148924599080315,-0.0005881369092871,-0.0005666902788124,0.0049962119051522,-5.172300460243969e-05,-0.0012619009059063,-0.0013010191414725,-0.0001987104942516,-0.0002779095350441,-0.0047110710829425,-0.0076985137659696,-0.0004109785174077,-0.0005040991927906,-0.0007099449434856,-0.0008022213661907,-9.363872009689008e-05,-0.0002853370754785,-0.0012495490345066,0.0009338052792023,-0.0001390169671578,-0.0002953106250975,-0.0081727171877293,-0.0281965335153089,0.0012323466186022,-0.0004713643702059,0.0066479038531253,0.0090414304129142,-0.0031525385653099,-0.0054070735244757,1.0
-0.0023943310184131,-0.0011609469620492,-0.0097254737157997,-0.0103705192509001,-0.0025787285746076,-0.0028228361721112,-0.0078620397882644,-0.0165596442426335,0.0011217236754431,-0.0020409904555182,-0.0152474976853962,-0.0104631212022427,-3.64153215711341e-05,0.000247634324283,0.003898587916812,-0.0020294508066992,-0.0011164687447323,-0.0007187235095937,-0.0004675048538174,-0.0014631382193964,-0.0077840221520835,-0.0153454873900944,-0.0003910428647323,-0.0003745855912606,-0.0006820024892216,-0.0007081579422154,-7.966959317647911e-05,-0.0001980602136244,-0.0152749839743002,-0.0138697469290623,-0.0001583887360252,-0.0002057414374416,-0.0119979611671088,-0.0477734900237882,-8.016921094359728e-05,-0.0206876725624027,-0.0233354516933579,-0.0393841621098191,-0.0003742580355297,-0.0015474192505325,2.0
-0.0026137396677095,-0.0004297382190634,-0.010216567982187,-0.0089068356079946,-0.0028122368957563,-0.0030041728886425,-0.0098650598881523,-0.0177787395770165,-0.0039410038084978,-0.0039265572895905,-0.0153519356062576,-0.0099971902142776,-0.0002443554679692,7.790693402939392e-05,0.0036671827520483,-0.0022911733512956,-0.0012125791441636,-0.0010852145962004,-0.0005796497209787,-0.001086960384568,-0.0071785129921043,-0.0136592860555962,-0.0003192119610308,-0.0003875933423599,-0.0007361339472319,-0.0007993266407094,-8.397198581427353e-05,-0.0002608132929324,-0.0185753795817252,-0.0158763123885331,-0.0001139319567073,-0.00026645502653,-0.0122833347495612,-0.0533277894232658,-0.0001131592807684,-0.022218143248056,-0.0224643978323722,-0.0376020962356719,-0.0006051938350536,-0.002537029624027,2.0
-0.0021931382143518,-0.0008405903213639,-0.0082418198678886,-0.0117141210519655,-0.0030671162195149,-0.0031643976699229,-0.0152345686870428,-0.0199457206408553,0.0017146703571239,-0.0006282126800322,-0.0122788629222887,-0.0054732599307164,0.000494838094404,0.0003310323242596,0.0023896234361958,-0.0040850378442269,-0.0013522938188717,-0.0019458449635467,-0.000793196672857,-0.0021075898329527,-0.0078491834958415,-0.0187416714928027,-0.0003665185254894,-0.0004905305314262,-0.0005727633103566,-0.0008681867800515,-8.888333033036202e-05,-0.0002652028041147,-0.0264617793146215,-0.0262607093434373,-0.0001382169710654,-0.0003579175869413,-0.014719709982392,-0.0661138284994326,-0.001670495694913,-0.0298921579346506,-0.041311968987923,-0.0674556837687332,-0.001481901182367,-0.0048911196450776,1.0
-0.0017105926240288,0.0003207142824675,-0.010555857978458,-0.0120226055474677,-0.0029198891298764,-0.0032661506310393,-0.0135900582412698,-0.0186110647097621,-0.0009567928578173,-0.0021160046124216,-0.0101710504815672,-0.0029738750532716,0.0002158379747853,0.0002535315291233,0.002376691887573,-0.0039826322289144,-0.0015968691124374,-0.0023740387164951,-0.0006718702606796,-0.001045646248094,-0.0070172336032108,-0.0169929315579429,-0.0004173553146453,-0.0006097828498209,-0.0005706586452253,-0.0007338294590856,-9.447656209706816e-05,-0.0002613454698984,-0.0224854893225818,-0.0201379381255887,-0.0001685154211171,-0.0004618485270765,-0.0129012458558676,-0.058948529899502,-0.001267535233803,-0.0254723167644231,-0.0403342603866733,-0.0657393975797816,-0.0022787742121413,-0.0061411546694285,1.0
-0.0029721533177969,-0.0014991645972943,-0.009830103925763,-0.0097744454706366,-0.0021844049098837,-0.0028172720494068,-0.0101008088153972,-0.0164898387859084,0.0038758598545968,0.0002825710014251,-0.0082979903906963,-0.0001792461359278,0.0005315106341491,0.0006782773782056,0.002397825892039,-0.0034577989948145,-0.0014835684194377,-0.002063218122989,-0.0004340763007479,-0.0007631319011636,-0.0080212954821216,-0.0171911355899773,-0.000311739869715,-0.0003340376307128,-0.0004814046401604,-0.0005615330856771,-6.271793486621729e-05,-0.0001647871031949,-0.019952173111845,-0.0163718302958733,-0.0001608938280803,-0.0003546411166952,-0.0107906434780317,-0.048792468334366,-5.164165560327448e-05,-0.0197581105861542,-0.0382676553691799,-0.0637677238029608,-0.0028915351383929,-0.006990045794412,2.0
-0.0006065392947804,0.0027726682475428,-0.0032874047880496,-0.0024697856574689,-0.000500006240347,-0.0023753309027319,0.0066954945760255,-0.0046361983750786,0.0068328093040283,0.0021498611709259,-0.0115984130059225,0.0011678378253552,0.0013143646186933,0.0015560454222401,0.0023068106041621,-0.0028635523646277,-0.0007475688045842,-0.0021542539908806,-0.0008675267211036,-0.0028884412529736,-0.0049549036219913,-0.0146134331028111,-0.0001707836998967,3.860124608565196e-05,-0.0003714639523784,-0.0004826153372562,-6.793204088277846e-05,-0.0002139578541716,-0.037691951279323,-0.036037047819754,-8.906552853141247e-05,-0.0002374613978634,-0.0141081926148778,-0.0732548992767418,-0.0030846681656507,-0.0423281657734032,-0.0749959064046915,-0.1154430984824874,-0.0016718511471074,-0.005137929794339,1.0
-0.0012950091443652,0.0004020769221158,-0.0071016293436208,-0.0104592846962289,-0.001213090551445,-0.002392097116892,0.0027064977602362,-0.0064909198990323,0.0061011972504261,0.0023906823722424,-0.0135925304719203,-0.0066393263692174,0.0012825294240278,0.000974950125825,0.0022509897028352,-0.0034979993056619,-0.0007867952365376,-0.002353115511508,-0.0008354616218965,-0.0031738566122469,-0.0073144215531168,-0.0211808208020983,-0.0001938129588961,-0.0001366198667307,-0.0004512644497481,-0.0007566127751061,-8.691983487553214e-05,-0.0002757373978502,-0.0372781458640066,-0.0359428963257429,-7.593101501687197e-05,-0.000264325515735,-0.013529446877423,-0.0709027880853683,-0.0033794628662344,-0.041568267105036,-0.0713667620778407,-0.1125345205154467,-0.0020215029689775,-0.0054823123559926,2.0
-0.0017521666612803,-0.0022655293326563,-0.0076794303196544,-0.0145585367987699,-0.0026598215918329,-0.0027626594332524,-0.0004795328874437,-0.0090270337409736,0.004432592095352,0.0010506760220091,-0.0143824905202224,-0.0107567404562882,0.001082553457951,0.0007027638923022,0.0022541986117587,-0.0047125126735828,-0.0008231120717028,-0.0024937829400808,-0.0008660665346985,-0.0039354305840632,-0.0084366622519649,-0.0272307596745244,-0.00025957487047,-0.0002520514708047,-0.0005833591882348,-0.0009873841012209,-0.000110878250538,-0.0003282993500784,-0.0394985291742982,-0.038708085697711,-7.695157041520929e-05,-0.0002418944735933,-0.013981025393435,-0.0733768302788111,-0.0039190027311786,-0.0416783577279107,-0.0670781663705313,-0.106932592985951,-0.0023678939181853,-0.0059175719105075,1.0
-0.0019529304940069,0.0006880056687682,-0.0084236910519168,-0.0094103622112698,-0.001360949733709,-0.0025835118758346,0.0025750620918891,-0.0094911945159304,0.0033891057144129,0.0004413781251939,-0.0129460669849054,-0.0031214237741063,0.0009927615064222,0.0010346256301032,0.0022157620018673,-0.0040453002339312,-0.0007216471947669,-0.0018909498343561,-0.0007666647337782,-0.003037662154226,-0.006697808254338,-0.0242739330833153,-8.044356572884913e-05,9.181768150429532e-05,-0.0004419774852368,-0.0007138516984823,-8.087520934334431e-05,-0.0002656987208081,-0.0379127437896005,-0.0361410301877593,-5.630226509647376e-05,-0.0001818467586429,-0.0140231859353937,-0.0747506132266851,-0.0034165905396883,-0.041509501428227,-0.0645096043663525,-0.1014895568579005,-0.0021754816140843,-0.0055095983919166,1.0
-0.0035507775810502,-0.0016093377061192,-0.0099308876299493,-0.0101885248427889,-0.0020576675725932,-0.0025162225257175,-0.0060965332343963,-0.0147608456441311,0.0019798365164885,6.495654042000294e-05,-0.0114213016812071,-0.0015240221902316,0.0008479810327649,0.0008635722938546,0.0012775832251363,-0.0053396248182562,-0.0011503224412401,-0.0024985625043766,-0.0010395932408656,-0.0031667224926858,-0.0108442941418219,-0.0324370714365899,-0.0002252073298844,-0.0003308887808625,-0.0004968146077801,-0.0007637075795611,-7.191280777894745e-05,-0.0001971794872532,-0.0387567228720439,-0.0362963194540388,-0.0001042120716041,-0.0003291438372348,-0.0138713401444522,-0.0731266494781525,-0.0039415172249691,-0.0428547061536317,-0.0651243776860397,-0.1000309226978581,-0.0016714363702124,-0.0044231092134057,1.0
-0.0035463445893843,-0.002653856601212,-0.0060631724133507,-0.0083085248223671,-0.0026170838308173,-0.0027174271601012,-0.007501345051676,-0.0163156813744124,0.0022365877717319,0.0005306617393764,-0.0145484610484209,-0.0071891271578853,0.0006006897501918,0.0004210720250398,0.0014730693609814,-0.0054975333585074,-0.0010441843610627,-0.0025000217850774,-0.0008220690859246,-0.0030732316450232,-0.0116071521454762,-0.0334078583031754,-0.00022596162126,-0.0004227125024025,-0.0006104037315985,-0.0010102485657352,-7.484509676146816e-05,-0.0002284412941356,-0.0388837182378578,-0.0370786620488069,-8.731652905932173e-05,-0.0003162121867319,-0.0129693349600688,-0.0720848851166605,-0.0032390350466034,-0.0410854755559581,-0.0607984811380871,-0.0952979619340368,-0.0018291018843351,-0.0045414531725688,1.0
-0.0013138529741866,-0.0002750062515993,0.0034469969860835,0.0043892060865239,-0.0012086174821462,-0.0018000428030829,-0.0043598417653259,-0.0150853563824984,0.0017899062043696,-0.0001434354496099,-0.0243841142332744,-0.0202596559705463,0.0002745335262806,4.73077204038392e-05,0.0029827474397006,-0.003086766136702,-0.0004146996777982,-0.0012295591837765,-0.000354431639577,-0.0020943839343584,-0.0106514585152349,-0.028106721695387,-9.887974664095674e-05,-3.4015090948400136e-05,-0.0006754461206132,-0.0009447610484401,-9.071436673293398e-05,-0.0002711869301209,-0.0384466809500739,-0.0365025958845471,-1.289484519846128e-06,-8.456981478327397e-05,-0.0113851205763686,-0.0695781883758632,-0.0036480201458555,-0.0420329231931135,-0.0545355958991883,-0.0870706899110343,-0.0017526128436772,-0.0040319133312194,1.0
-0.002011059993655,-0.0024972618538757,0.0029654173745222,0.0004699195134844,-0.0031032466164168,-0.0028234312676671,-0.0099218718438578,-0.018176215990748,0.001435715281601,-0.0007605332167673,-0.0204666670582686,-0.0179103334206031,0.0002341448190901,-0.0002375587654845,0.0022022057762282,-0.0053595330431587,-0.0008001935209432,-0.0023018974337596,-0.0006511237531582,-0.0035875793165143,-0.0127240391562703,-0.0339663638200325,-0.0002641454272528,-0.0004927680249267,-0.0008154837629666,-0.0013615180155951,-0.0001129558321091,-0.0003376283664041,-0.0399520815459996,-0.0393474901913061,-5.6463282175169527e-05,-0.0002365218525222,-0.0120359557195654,-0.07201988356378,-0.0043743148648696,-0.0423190225107573,-0.0567214232597175,-0.0937641930576835,-0.0021928690162635,-0.0052486759024982,1.0
-0.0006708432058195,0.0004164049943568,0.0034972657184058,0.0038684166308511,-0.0011855336925031,-0.0021920840130492,-0.0008134033643472,-0.0126544673839668,-0.0006538719258478,-0.0023227917270203,-0.0198265210308448,-0.0154670099978506,0.0003943353669146,0.0001436759334793,0.0029822496720032,-0.0032934551228975,-0.0005401852642131,-0.0015833833810685,-0.0002388466223153,-0.0020975694902059,-0.0080281242594872,-0.0241956892519664,-0.0001335044330737,-7.554217509906332e-05,-0.00064372724238,-0.0010436199839774,-8.961650761998179e-05,-0.0002596889984776,-0.0375034218610969,-0.0360887511258065,-2.6492844755237542e-05,-0.0001051099708031,-0.0104283572683372,-0.0664557499333937,-0.0037945294570058,-0.0407578921023801,-0.0516567516322251,-0.0839859483610455,-0.0022435326833611,-0.0048195423118302,1.0
-7.529096382311445e-05,-0.0010353216601239,0.0059186975923579,0.0037234181575961,-0.0011451074914176,-0.0021861108992782,-0.0047778639118337,-0.0145816997764469,0.0006475935114876,-0.00132386906785,-0.0225532900603095,-0.0209844928329261,0.0004230423469234,-3.800488380128427e-05,0.0034238174228612,-0.0032984963583574,-0.0003468720939642,-0.0013652953407225,-5.654099539259663e-05,-0.0024545980450039,-0.0080971302557443,-0.0286038070953211,-6.38742244270981e-05,-3.410783271139935e-05,-0.0006814032424721,-0.0011913227151197,-7.98041753604379e-05,-0.0002594226386256,-0.0373775081464043,-0.0363985323832193,-6.657187322347887e-06,-6.263835388405614e-05,-0.0093609690241014,-0.0638169338055631,-0.0037628500874921,-0.0411869523416835,-0.052225422937084,-0.0874916634289953,-0.0023942146389628,-0.00497690886727,2.0
0.0001185817251247,0.0001362715774644,0.0030917504666668,0.0035912713869986,-0.0006954725645639,-0.00177666751447,-0.0049933861539713,-0.0143732108325419,-0.001832527573588,-0.0023071179630137,-0.0219042734498428,-0.0191573231866211,0.0005444847332237,7.788818151530807e-05,0.0036512264948906,-0.0028741474697869,-0.0001243497666136,-0.0010568974580429,-9.469176385992368e-05,-0.0024591071364588,-0.0083306111510088,-0.0269216865090395,-4.709854720882141e-05,-7.01953392615055e-05,-0.000643558757287,-0.0010835163863734,-7.632927918027526e-05,-0.0002821538347877,-0.0376263860426663,-0.0359468269485964,2.3518234381447777e-05,-8.123924743213343e-05,-0.0089896214628445,-0.0655788024685875,-0.00344744917258,-0.0419721074677954,-0.0523491409540271,-0.0879059562176068,-0.0023646260416659,-0.0051040388953611,1.0
0.0008531509278986,0.0020367355732102,0.0046881796542495,0.0042305275613475,0.0004300984166577,-0.001126330257175,-0.0026294157236318,-0.011114295290867,0.0007596841497015,7.399618360055948e-05,-0.023962130941982,-0.0211797547228658,0.0009164472710198,0.0003940678050313,0.0037557032728083,-0.0017661326990161,0.0001943468449708,-0.0003059695362128,6.099183507322497e-05,-0.002230947511559,-0.0080157112143665,-0.0274322414640299,2.431966547388157e-05,0.0001421801918389,-0.0005106848379727,-0.0009544383141681,-6.46146457789482e-05,-0.0002496911263727,-0.0397394854365377,-0.0394158276794328,3.57852009297028e-05,1.038735628688456e-05,-0.0098432560250671,-0.07084975650324,-0.0036727505631849,-0.0450494648260782,-0.0581357283806215,-0.0965441215378564,-0.0023386148823938,-0.0048051924231176,2.0
0.0005020236789702,-0.0002939992686942,0.0090013176358878,0.0065864692299228,0.0003406642339922,-0.0005251416769107,-0.0029361563879126,-0.0101671151568502,0.0046303955738292,0.0018693938356831,-0.0242150118191561,-0.0259563356514156,0.0011848202414116,0.0001751367539806,0.003612107563285,-0.002728738821916,0.0002045047493014,-0.0007350717924161,8.59904216411124e-06,-0.0031760935300094,-0.006943409522254,-0.0306097227270505,-1.7886559233483148e-05,4.482931872489656e-05,-0.0004160477552404,-0.0010356737011778,-6.481090077143064e-05,-0.0002417000654208,-0.044718582289751,-0.0452276418498041,4.75133689716874e-05,5.389588983824996e-06,-0.0112938654059545,-0.0779960796292509,-0.0045791749773251,-0.0482536272932257,-0.066209854973248,-0.1106823031315636,-0.002236263796865,-0.0047095107098878,2.0
-0.0011193195372577,-0.0026313817010742,0.0022942709395726,0.0001941138083443,-0.0013008037216592,-0.001234328173357,-0.0027190815587702,-0.0090969340495762,-0.0024096482546633,-0.0012474344055665,-0.0218097991832707,-0.0247468185304543,0.0001130286041689,-0.0005942208756567,0.0032146862805256,-0.0040517330332866,-0.0004040953982801,-0.0017418489507989,-0.0003528484922922,-0.0027269296429526,-0.0092096568753297,-0.0335616439471352,-0.0001315189210117,-0.0003472312612737,-0.000760327081348,-0.0013094943059711,-8.467897362658967e-05,-0.00032616137218,-0.0335800480421347,-0.0317011002811195,3.086779260641318e-05,-0.0001544372478006,-0.0082546763929465,-0.0647101655425368,-0.0040986662542729,-0.039804743877148,-0.047437849768001,-0.0823776495985029,-0.003455804786138,-0.0069899942820181,2.0
-0.0014231427082495,-0.0035981294742072,-0.0024314355396415,-0.002795340454014,-0.0014162833840189,-0.0011378536310238,-0.0061911450398516,-0.0115257038655954,-0.009354597939796,-0.006106668629708,-0.0202780939823073,-0.028360999142332,-0.0010117879761514,-0.0017419476235972,0.0037380604874916,-0.003982367651097,-0.0007871101014199,-0.0017337810443402,1.9454619653569657e-05,-0.0006050978986198,-0.0074593009667465,-0.0287033822769958,-0.0002343978577553,-0.0005790379293641,-0.0009406216299518,-0.0014389858427073,-0.000116437144566,-0.0004007790695425,-0.0225350874473724,-0.0174525245936339,4.445716260959098e-07,-0.0002227870347458,-0.0047684928807117,-0.0468291007614336,-0.0030401988695844,-0.0246265847859762,-0.0196917726831211,-0.0438640077225534,-0.0054854990661101,-0.0106335791979844,2.0
0.0008829001360518,-0.0001171852772596,0.0052933237734806,0.0060786849724426,0.000486010747204,-0.0001973320599593,0.0055483246506549,-0.002309543319165,0.001966229420344,0.0008906156338006,-0.0205538718940303,-0.0197181643904691,0.0001759292087731,-0.0002988946653548,0.003553792295528,-0.0024775693112079,-2.3931358464318984e-05,-0.0006480157252873,1.6180497856451473e-05,-0.0018114355781902,-0.0052878661094784,-0.0258995237190428,-5.200941087868071e-05,2.9323931029393087e-05,-0.0006380737208999,-0.001060480988759,-6.316634696238604e-05,-0.0002025727386242,-0.037442496522628,-0.0357236328862982,2.195928531307701e-05,-1.7475689364019368e-05,-0.0072115115889636,-0.0611678316846615,-0.0040864783557121,-0.0404837579060715,-0.0616766873616694,-0.1035405134047133,-0.0041187130251295,-0.0078466633532217,1.0
0.001673429865169,0.0023427541856867,0.0088599222438189,0.0131812155596219,0.0020727551506224,0.0006885039575951,0.0115213398095883,0.0003502409428244,0.0067172577933538,0.0027749893615815,-0.023950796010045,-0.0206464185288858,0.00104378895948,0.0008366432482485,0.0044279544082586,-0.0002468334292549,0.0006414820925709,0.0005301556918773,0.0002086190132491,-0.0017581256200706,-0.0045767256975463,-0.0220150614533288,7.247712529303332e-05,0.0005189115713047,-0.0003709535087598,-0.0004933136627719,-1.8925952944981076e-05,8.179067153782431e-07,-0.042519371357853,-0.0400637266098782,6.17576710700152e-05,0.000220858544908,-0.0073315525070485,-0.0654536036796733,-0.0042721248488416,-0.0480278020967523,-0.0790223276181057,-0.1270270230253555,-0.0033349012364345,-0.0058002448549537,2.0
-0.0007762123516422,-0.0008227356838419,0.001369497609219,0.0056821880559289,-0.0002345525193431,-0.0005209224369884,0.0048982323590405,-0.0073488349201544,-0.0055220590858055,-0.0036040259181756,-0.0194585229199448,-0.0130523747074458,0.0001522609329434,0.0007235380003257,0.0042165810209945,-0.0014715699504024,-7.425534200991358e-06,0.0001206283098126,0.0007202936749404,0.0003982498996171,-0.0059210633043947,-0.0173762344591464,3.053444522184208e-05,0.0001989736287624,-0.0003520876521469,-8.940335393028518e-05,2.6689690365212003e-05,9.343603565251769e-05,-0.0245602608322046,-0.017460409235511,2.7730847891551065e-05,5.954655450251572e-05,-0.0037151928019914,-0.0483831851462416,-0.0006913182395515,-0.0307488829190074,-0.0392375705173884,-0.0735568843987688,-0.0044246287231929,-0.0079257173744007,1.0
-0.0002250592534718,0.0008830570299509,0.0047549992378194,0.0093071894073548,0.0015614876030712,-8.929405958561132e-05,0.0055264955341961,-0.0081435458478969,-0.0004107694718026,-0.0009255653974756,-0.0214874604165548,-0.0152445338865257,0.0006184525483636,0.0008610382979081,0.0033865560619297,-0.0020041402392988,0.000368282697839,0.0002657547679396,0.0001259902957944,-0.0013949618862822,-0.0075145700541136,-0.0211213441909861,0.0001862396651953,0.0004804647554853,-0.0002830421651396,-0.0002056537280958,1.7905596691095567e-05,3.596018356579559e-05,-0.0366445226273283,-0.0312746758800912,8.718878864837647e-05,0.0001372451843914,-0.0064971782660129,-0.0638556319117349,-0.0024243992714647,-0.0406317481538895,-0.0591226557154406,-0.1012165296575775,-0.0037808295380491,-0.0072569679126304,1.0
0.0004777967814402,0.0017204095381615,0.004995848680421,0.0089835414481164,0.0014148113195142,2.954958943764597e-05,0.0062551609567888,-0.0066187803092764,0.0011309271138532,0.0006993747598552,-0.0143806454615732,-0.0029392779329924,0.000914769397167,0.0012228351817486,0.0034430986029379,-0.001324012114847,0.0003053088333708,0.0003976040220454,0.0004700045123507,-0.0007165872563907,-0.0061543398711544,-0.0180477454654965,0.0002213726712346,0.0004881454710917,-5.9233268828588446e-05,0.0001214268244654,5.110852748695598e-05,0.0001554463363065,-0.0318929347134102,-0.0270339837818682,5.031489537051329e-05,0.0001118068636318,-0.0055049036060584,-0.0580100437726343,-0.0012175051455599,-0.0351980056882659,-0.0504426858484372,-0.0860085045715357,-0.0037990698956788,-0.0062506142717329,1.0
-0.000603233756426,0.0005735255471172,0.0025263410031696,0.007063646191079,0.0010021533907546,2.8778506227647445e-05,0.0030322646749422,-0.0072465910312612,0.0022434956215351,0.0015766477163709,-0.0125999409605262,-0.0002650730905583,0.0011071164200072,0.0014720236390854,0.0029671927148713,-0.0018331513265673,6.329745331248653e-05,-1.718575755868595e-05,0.0004950167240986,-0.0006288714139322,-0.0065747422624704,-0.0201065286964259,9.394447729944856e-05,0.0002916257614074,-2.5079489162808294e-05,0.0002504786958042,5.9914464595785e-05,0.0002213989260177,-0.0341278134685289,-0.0294626903551794,-5.218559386479261e-06,7.846620173926181e-06,-0.0059433301238231,-0.0595692642872705,-0.0020227703086782,-0.0385595687701547,-0.0508852856159417,-0.084021494022893,-0.0028838814773863,-0.0041002514599876,2.0
-0.000270171964396,0.0011759205788356,-0.0014581243727997,0.0036422679801922,0.0007197825700355,-0.0002438497723948,0.0047634777370076,-0.0071048087511438,0.0003972896937059,-0.0004205601663151,-0.0129258461594708,-0.0008361105400472,0.0009780539880846,0.0013466639381185,0.0030201018593427,-0.0021015525898779,-1.0726787616722464e-05,-0.0001360224274095,0.0002697204174666,-0.000866000133948,-0.007408397067196,-0.0193404915496881,8.945586236195123e-05,0.0002806545139568,-6.204271121234085e-05,0.000238224068063,5.8208133816473306e-05,0.0002371722299752,-0.034079869571186,-0.02838012223018,-9.986919559071538e-06,4.83549344438674e-05,-0.0058347070540365,-0.0586474909784111,-0.0017657645145914,-0.037127470297712,-0.0539122427590349,-0.0869128471182025,-0.0027374244855086,-0.0033732562005615,2.0
-0.0007381845048497,0.0002751082880924,-0.0007901369973167,0.0045578461884528,-5.4282743138153424e-05,-0.000629076017939,0.0013685196185278,-0.0097540604425367,-0.0001865101127774,-0.0003514570759826,-0.012972513436118,-0.003020478149507,0.0008060107825967,0.0011309730171765,0.0027295782251049,-0.0031435018951325,-0.0001291800293575,-0.0006244082868561,0.0001018451627518,-0.001391525584985,-0.0087511480204546,-0.0226148534077735,9.28624285599076e-05,0.0001694519584652,-0.0001512791907462,2.6840581826758417e-05,4.98583069110102e-05,0.0001993449848037,-0.0354379777960733,-0.0298121392471621,-1.0469992864093198e-05,-4.6334020039913285e-06,-0.0062011150120422,-0.0608976703222692,-0.0016253052663601,-0.0362811520076494,-0.0515119120007747,-0.0838712366734611,-0.0027791980512172,-0.0036323165038558,2.0
0.0003575796105496,0.0002920879094595,0.0016781071039153,0.0034803019864368,-0.0001602620285003,-0.0002435137448255,0.0011135231195865,-0.0076647863580963,0.0012632825588678,0.0015142374089564,-0.0126316991646984,-0.004534018601929,0.0010428468867163,0.0010514314773476,0.0030311725005943,-0.0030131369904956,2.898389716598049e-05,-0.0004213371099897,0.000339709761435,-0.0013682796758579,-0.0076849914676419,-0.0237294399432224,0.000120432359461,0.0002236382335731,-0.0001116012442606,-6.449700241782408e-05,5.397636065236517e-05,0.0001958474670023,-0.0360588543608733,-0.0317902145174641,8.572549856256278e-06,6.09174638025003e-05,-0.005404734788604,-0.0586119516667135,-0.0009986921629613,-0.0345350737987002,-0.0505095203743808,-0.0832303146165274,-0.0030052256940995,-0.0038546741788743,2.0
0.0006382402069017,0.001582325191494,0.0006953937866686,0.0046250442183341,0.0013237019594632,4.331922270606685e-05,0.0002567129928369,-0.0099239410418027,0.0001565071992381,0.0005124225377209,-0.0122725146355161,-0.0034288905766875,0.0009061184092999,0.0011426573271874,0.0031414398597855,-0.0021764174727607,0.000200646534826,-0.0001223015326238,0.0001807377818994,-0.001298294699238,-0.007899066991829,-0.0231691739013247,0.0001520115935768,0.0003146564953555,-9.511065777024282e-05,7.473489441630857e-05,6.038001058452633e-05,0.0001988133195304,-0.0338186928612275,-0.0293178873985629,2.460693661166712e-05,7.14293265936161e-05,-0.0041933711729408,-0.0543009224234352,-0.0009029477912883,-0.0316662753945011,-0.0470301451484485,-0.0763439587994215,-0.0033652809042629,-0.0038755472533451,2.0
-0.0015966349911541,-0.0033297442950984,-0.0064701373959067,-0.0076486726454344,-9.28191076819604e-05,-0.0005104333702164,-0.0012516625024093,-0.0095858488728641,0.0001760263882134,0.0009774203517719,-0.0176589444763388,-0.013596580639102,0.0007132863880995,0.0008110582969455,0.0016120791564397,-0.0063725786811666,-0.0002626955935497,-0.0016973281860613,-0.000508083325521,-0.0036920914287414,-0.0084867246715057,-0.0278044957651548,4.868082484445855e-06,1.2906395492122404e-06,-0.0003590689741165,-0.0004540349222402,1.83113538384936e-05,-1.5979216130733662e-05,-0.0290822557811217,-0.0249901200185652,5.600797468346517e-06,-9.113472383886832e-05,-0.0044362483597597,-0.0536722671886149,-0.00324945452949,-0.035089706859376,-0.0375910280945831,-0.0695256630914335,-0.0034556221029356,-0.00589614452283,1.0
0.0005837486223801,0.0012154929917098,-0.0061762064038233,-0.0010040644482099,0.0028474656133024,0.0009835978729468,0.0085170458569727,-0.005435846667816,0.0013909449744589,-0.0001607674377204,-0.01811344397814,-0.013905102004774,0.0009251642048186,0.0015058059766526,0.0034929709467528,-0.0028623209981431,0.000149781129403,-0.0003918258784279,-0.0003559018040021,-0.0023435967537582,-0.0039977676131123,-0.0153744079566741,0.000264644661488,0.0006999261613572,-0.0002636064947624,5.918678823899579e-05,2.803211848538873e-05,5.592654498141257e-05,-0.028597363458074,-0.0203074906340651,0.0001057822942534,0.0002241752010829,-0.0033504167952476,-0.0470743671110879,-0.0027079853793747,-0.0324162248949263,-0.0343038787123376,-0.0596749519474339,-0.0032213746715438,-0.0045212421481673,2.0
-0.0007891835198304,-0.0009643691776462,-0.0095366895179353,-0.0079929042469901,0.0023396258773835,0.0004874873033437,0.0032154676850759,-0.0095068341338003,0.0045902676428294,0.0021400462154086,-0.0186600309750507,-0.0149857193009888,0.0005012711185007,0.0009142343004352,0.0029134227851856,-0.00350806271577,-1.5062418790429196e-05,-0.0004706792242698,-0.0004850216023111,-0.0029078022225625,-0.0084517344611894,-0.0244213503133411,0.0002001832275239,0.000379852330882,-0.0004806286062529,-0.0003825654521559,1.9366483255972396e-05,6.7110505776799e-06,-0.0321697241341705,-0.0262665303743893,0.000107212882885,0.000146483389671,-0.0041331958052388,-0.0490716339964922,-0.002551733583929,-0.0322259301435626,-0.0376908758062456,-0.066797307035371,-0.0033362093573187,-0.0050085610410513,2.0
-0.0014700518739931,-0.0020346816430958,-0.0116591774019192,-0.0112753502291936,0.0013919767619919,0.0001786629504991,-0.0015083001350756,-0.0114639471769649,0.002409031844023,0.0012789696807746,-0.0183506584134219,-0.0163599662719086,0.0002977774115011,0.0004756328117466,0.002451958349344,-0.0047479066568963,-0.0002227718381936,-0.0011574410960389,-0.0005500532933223,-0.0032301131138328,-0.0108835590641654,-0.0292643264402182,7.946026958482862e-06,-0.0001381354797078,-0.0006704487841022,-0.0007837548622683,4.37335640827018e-06,-7.878862519232597e-05,-0.0335048813409261,-0.0285270779794247,7.116804905019366e-05,-6.6713429884734e-05,-0.0048249007200265,-0.0555044796411808,-0.0030291043626554,-0.0332292131675361,-0.0340051751075087,-0.0626763474590437,-0.0037672282028786,-0.0063208315920584,1.0
-0.0025778165210966,-0.0021720937056419,-0.0151348826023803,-0.0130271771536504,0.0009590905127474,-0.0001722013590316,-0.0017561579854373,-0.0126312794071765,-0.0006291290046582,-0.0004853018352558,-0.0199886444339284,-0.0152666351586292,0.0002022707652221,0.000560216204135,0.0019232368837935,-0.0049314766304882,-0.0003578275510215,-0.0012810166976229,-0.0008472867131651,-0.0032032454339589,-0.0121452566796089,-0.027218000359252,-1.9076291066441672e-05,-0.000107299678315,-0.0007301386332768,-0.0007025328559688,-7.094084026100983e-06,-9.399051018952302e-05,-0.0346596067435894,-0.028487293077985,5.09753459180456e-05,-7.559574444311201e-05,-0.0054728717225401,-0.0580471955140056,-0.0029679877357897,-0.0323085982949087,-0.033429057436135,-0.0596892252597593,-0.0039207317569608,-0.0065095783302938,1.0
-0.0005897420850942,0.0006754715365843,-0.012023027613645,-0.010530707490382,0.0030286198959702,0.0011644668409044,0.0022059455825106,-0.0095112689781206,0.0025494569345473,0.0020992418325005,-0.0135004646998816,-0.0039084552513517,0.0006983871297115,0.0013290202830888,0.002799751370968,-0.0026253835923188,0.000158526367381,0.0001349207178602,-0.000343144874402,-0.0020930171991811,-0.008012192185443,-0.0202802821452478,0.0003188468595413,0.0005481243692505,-0.0002313323911839,9.14310955434522e-05,7.024751211677861e-05,0.0001946146461088,-0.0294571870110354,-0.0232100138310204,9.194065954035472e-05,0.0001638472350696,-0.0038587506930636,-0.0502024655834142,-0.0001011527286227,-0.0249348295476768,-0.0348337621346531,-0.0606565551750066,-0.0035905353515216,-0.0044490571379622,2.0
-0.0019265825712136,-0.0015229878629787,-0.0098286597923183,-0.0060081361616912,0.0018161162125443,0.0005532457558253,-0.0049921114296286,-0.015735781950198,0.0033373484183883,0.0019505048272663,-0.0171285357272611,-0.0099237858766318,0.0001955267065879,0.0008969404278433,0.0023550093374855,-0.0032038659861264,-0.0004126760546667,-0.0007663369905892,-0.0005381439796157,-0.0021809390730667,-0.0136263793539285,-0.0269000200674441,-3.442011919146299e-05,-0.0001156708773933,-0.0005703960397884,-0.0003458396917048,2.2743373794877902e-05,5.959938620120309e-05,-0.0309816588208715,-0.0243610774468711,-6.060624450009395e-06,-0.0001431493623136,-0.0047143146742607,-0.0504356018365405,-0.0031050331402486,-0.0319893958604618,-0.0303688519105175,-0.052972093166095,-0.0036350003477677,-0.0051364952960338,1.0
-0.0006547416655583,0.0001713003567791,-0.0076845391571421,-0.0032178329745527,0.0016287461381186,1.0197045090243404e-05,-0.0030524474322151,-0.0131109715235212,-0.0010127631203264,-0.0008125692655224,-0.0207332300262742,-0.0181835015749465,0.0004135857960198,0.0008331645562733,0.0026157611987121,-0.0026935409905241,-0.0002250765096668,-0.0006426720555543,-0.0004238535255913,-0.0019561058939657,-0.0104505627548976,-0.0281002523542878,-3.080184857745282e-05,-0.0002025566620512,-0.0004291018557349,-0.0002372589727254,1.5945619617655877e-05,6.719794255283588e-05,-0.034986128497355,-0.029009551112012,5.32206546112301e-06,-2.017009381081759e-05,-0.0042744012354993,-0.0530025632882526,-0.0026336830977143,-0.0334481509174085,-0.040366653342793,-0.0670623047313501,-0.003425466573942,-0.0044542434649803,1.0
0.0005344612755883,0.0009283662761677,-0.0021520146866119,0.0025860247154735,0.0018991435943467,0.0005433497487421,0.0015204738043649,-0.009283803489645,0.0005547996839592,0.0006845867819009,-0.0188980116922096,-0.0142825742691115,0.000864650010863,0.0012329640167955,0.0035113006323189,-0.0015313115405922,0.0001179302795506,-0.0002625680069842,9.37388053628699e-05,-0.0017991801886618,-0.008243674121986,-0.0267849329467919,-3.867718499950257e-05,-0.0004575190022986,-0.000324377294872,-0.0002227056254826,2.2902730221465772e-05,7.472830090725879e-05,-0.036295190604806,-0.0316735667391513,4.709923284297431e-05,6.457538671036558e-05,-0.0029690417118038,-0.0490989137572038,-0.0016288710934617,-0.0315612792015811,-0.0384895779538618,-0.0655831316282398,-0.0035800908318966,-0.0044516807196243,2.0
0.0012275565883933,0.0026581793831984,-0.0025017381464014,0.0048123715403118,0.0010930788034597,0.0003292518987998,0.0006360664881624,-0.009245059826741,-0.0034004253145778,-0.0023752293743479,-0.0201964791117465,-0.017342624098668,0.0008153295114208,0.0009071838358559,0.0037809065214598,-0.0013782299863032,-0.0001309245463606,-0.0004726377367429,0.0002982841082757,-0.0008711468289163,-0.0058321331894536,-0.0244108083184002,-0.000187227049507,-0.0006664602056709,-0.0003793235888182,-0.0003327103313233,-5.206670748325301e-06,-1.6367560169417777e-05,-0.0380308684312437,-0.0351442752248785,2.56485318174902e-05,1.329633782439712e-05,-0.0031261243878368,-0.051697078236173,-0.0021272354240001,-0.0304807799717435,-0.0346176198910973,-0.0615270390018441,-0.0040912379540365,-0.0059970889181036,1.0
0.0006487893132176,0.0031662488743715,-0.0046964352006201,0.004537900586829,0.0011053163794105,0.0003803378677913,0.0041457872521988,-0.0080240985494174,-0.0001921160761996,7.017100192931508e-05,-0.0197327604028431,-0.0139687937529583,0.0011266942555748,0.0015329145493158,0.0037366805546746,-0.0009872735634681,-1.3056818360802645e-05,-0.0003329128015295,5.171927274268021e-05,-0.0012430543819219,-0.0081476545421055,-0.0269500274374017,-0.0001710962775792,-0.0007831279963706,-0.0003455729058699,-0.0002260787927566,2.342998356776044e-05,6.630946987370308e-05,-0.0358060269146314,-0.0338374786840502,3.664846078914183e-05,5.404258133206104e-05,-0.0023304164408547,-0.0485660334458146,-0.0013414664292053,-0.0307219089696855,-0.0367425258638654,-0.0617899238615046,-0.004254908766883,-0.0055431209760688,1.0
0.0014461478693185,0.0041942837061342,-0.0053277906009619,0.0033527666680486,0.0019413600237777,0.0006797246944759,0.009901506782387,-0.004798947788146,-0.0008545854325806,-0.0006482120104837,-0.020368826342528,-0.012759081122877,0.0010878862595327,0.001661140564594,0.004352732662658,-0.0001449475831819,0.0001586185727295,-0.0003092646954186,-8.277079830988641e-05,-0.0017649559618068,-0.0095649535532108,-0.0250366408426777,-0.0001361156580436,-0.000741570693045,-0.0002981423230463,-0.0001519375829895,2.9551124319681427e-05,5.3346963167448346e-05,-0.0341775421927639,-0.0315690562784794,4.584161454086545e-05,6.466539857814136e-05,-0.0018179683956968,-0.0486511512031393,-0.0015304066373184,-0.033132907127087,-0.0407230074214976,-0.0675914699318294,-0.004364609673801,-0.0056757016427189,1.0
-0.0019648091181772,-0.0014719300938229,-0.0021937307638858,0.0038258067058069,0.0008471908841321,0.0004410545896357,0.0043653398681913,0.0069495417752895,0.0152048758553373,0.0077258557514237,0.0018269170605804,0.0058238971054771,-0.000123495318068,0.0004083325278108,0.0026980595400875,-0.0008931669762247,-0.0002407060495191,0.0004375804119823,-0.0001935595258054,0.0006724894700786,0.0085923627024722,-0.0084510032036859,-4.2121469700284274e-05,-0.0004905647149844,-0.0001974264085325,1.379344830536955e-05,1.4537467967951336e-05,3.437565220183716e-05,-0.011419769139121,-0.0092876617465985,-1.85380896448351e-05,-6.359221752637497e-05,0.0206664520326453,0.0430040739090959,0.0016049145106642,0.0114818262373901,-0.0166867333779124,-0.028049152840164,-0.001332798346133,-0.0029823146483889,2.0
-0.0031373232335766,-0.0015522789138773,0.0169953084650069,0.0301754367738466,-0.0012086170628928,-0.0011040997144732,0.0054077808411649,0.0351263290125745,0.0275046185272975,0.0095754805971596,0.0265886428411662,0.0184511602120121,-0.0018351307093349,-0.001176204966849,0.0026301394187018,0.0029626793561522,-0.0005866299353074,0.001768887597508,-0.0002458465771359,0.0061319479257301,0.0507940798512938,0.0413268153396632,-4.880689533906084e-05,-2.0358763158933045e-05,-0.0001852080793349,0.0001733315960898,-0.0001390957798636,-0.0003922280506903,0.031234832839065,0.0391178970662076,-3.1700856506394764e-05,-0.0001192336469608,0.0686680213333718,0.2274224177639237,0.0036225209444973,0.0896010729420506,0.0151931138659589,0.0331126289292668,0.0033602222144604,0.0004288789510517,1.0
-0.0026302323784774,-0.0023425135803804,0.018768391015986,0.0293775036061962,-0.0018579675114851,-0.0011219711463304,0.0073710233561949,0.0384109291035985,0.0270669400253119,0.0120889748129245,0.0298015706599114,0.0232781228644888,-0.0014137652296879,-0.0007678470837228,0.0020811979163728,0.0019751299731644,-0.0004428574487364,0.0016614302293569,-4.4441134248090445e-05,0.0056433453887095,0.0533308661628799,0.0411976387908963,4.8249424580118674e-05,-4.423609564268268e-05,2.3629380973934515e-05,0.000260604181341,-0.0001137479989044,-0.0003874671194221,0.0325815737537394,0.0394991035648479,-2.657359676015236e-06,-0.0001568446098781,0.069020729299666,0.2252401213104325,0.0044905450199201,0.0881758702322256,0.0156416124564392,0.0287398509960628,0.0037315186137686,0.0006782602835856,1.0
-0.0014258201804785,-0.0030162626359783,0.0224728081343968,0.0301519815016294,-0.0023796239364638,-0.0003078824067229,0.0058193946835208,0.0406969479819024,0.0273993918781509,0.0138765410022635,0.0328472783672781,0.0247154345982918,-0.0009557420338013,-0.000565685890031,0.0027949304404755,0.0023021548438956,-0.000318354186567,0.0015413959115742,0.0003017689266071,0.0059932706894094,0.0547045618222396,0.0414033968043308,8.30205203435425e-05,5.593668905907795e-05,4.2152808054081416e-05,0.0001524111406438,-0.0001130825580332,-0.0003946620442114,0.03414922787521,0.0394048500901793,2.424266198038752e-05,-0.0001243897333867,0.0696428098823331,0.2267561249490811,0.0047585456236229,0.0898887506174476,0.020787137052992,0.0365631891468197,0.0033497519309421,0.0003013405101472,1.0
0.0109414385132904,0.0222127005276364,0.0889697262349473,0.1436652703617855,0.0120567921780047,0.0077055463484562,0.0847650516182989,0.1038690788260188,0.1972629944086611,0.1099174664463178,0.1106446754507167,0.1309428879924267,0.0024694927740797,0.0055047859949063,0.00324279897613,0.0072322432250953,0.0006794894178959,0.0138886335563126,0.0059265451184931,0.0267132460845903,0.0947897150675855,0.0976530404889149,0.0005173955724165,0.0011525650221565,0.0014428892984377,0.0027931519791419,4.678870531172369e-05,-5.132109613517593e-05,0.1184361069508364,0.1376982837475434,0.0001286530025301,0.0003455092970094,0.1104955080122097,0.4045624615393967,0.0288170496759871,0.1925181269861389,0.1228549476922214,0.1714535539668569,0.0142545409750492,0.0091054152798518,2.0
0.0168684054214943,0.0367649959300153,0.1155785842922019,0.1971336404129102,0.0201256626234783,0.0119681790265691,0.1210279579471476,0.1291486225568682,0.2771566113596117,0.1557174227924823,0.1491809827067592,0.1905313565808629,0.0038738512985978,0.0087264961924406,0.0032225558609287,0.0120739389130401,0.0011777949716572,0.0196263494423858,0.0084289938949379,0.0366479102440133,0.1051270729888525,0.1217906654620024,0.0007933575915274,0.0018400426746528,0.002316772832728,0.0047838421069661,0.0002199343528303,0.000496850960663,0.1525482446812621,0.1787817413478379,0.0001419174593188,0.0005259394416751,0.1257280726451508,0.4743515775431129,0.041177802269221,0.2366686208714252,0.1585411376770603,0.2249831991504376,0.018831581019254,0.0158639608355868,1.0
0.0001276862983861,0.0006624066894902,0.0060841894621341,0.0065879564691277,-0.0016757883005433,-0.0001075149592456,0.0020747737242206,0.0312126892768254,-0.0028409924095781,-0.0028038723727659,0.0218850103196198,0.0198787462517785,-3.464782289809984e-05,-0.0006442116857154,0.0025669209877208,0.0025657362295655,0.0003498171457669,-0.0001069774387649,0.0001825628223716,0.0027832654987517,0.0387932840887637,0.0281633935151733,7.461864230679977e-05,0.0002219118577594,0.0005740491763145,0.0006832118752065,4.151545860694388e-05,0.0001565277257323,0.0022413968125065,0.0025351414281602,-1.8923600794409487e-05,-3.939233480880888e-05,0.0497603728693961,0.1384400077730182,0.0009597929102255,0.0446279797648586,-0.0230830525015824,-0.0169270941259192,0.0011694193565941,0.0031360663991614,1.0
0.0002379747661645,0.0027828754944042,0.0070098094490828,0.0136454897803893,-0.000514588170378,-3.975711393484174e-05,0.0057772535139702,0.0297317311791276,-0.0016108599659096,-0.0028403524914739,0.0228135147175511,0.0250267619246059,3.757329551755543e-05,-0.0001886804511185,0.0023518237809326,0.0037354030071864,0.0003304658554652,0.000375838348763,-3.454741442340901e-05,0.0030569073718785,0.0402090867286412,0.0331176962077285,0.0001616793409085,0.0004484841155387,0.0005816911862545,0.0009918782973267,4.825789201111677e-05,0.0001971234737038,0.0029915347531717,0.005407512736215,-1.24771600394535e-05,3.1269636265336304e-05,0.0496550869264129,0.1398908714681615,0.0007923641208437,0.0438369406149932,-0.02799512627271,-0.0224747523743268,0.0007197625108579,0.0029382818345618,1.0
-0.0003919557651488,0.0028437900163329,-0.0020088727190113,0.0032706937950348,-0.0005042454099137,1.3924523872807225e-05,0.0072886585718932,0.0316282104055484,-0.0044069247336342,-0.004618961446604,0.0234618130506136,0.0266586619890461,-0.0003903646882269,-0.0006273747235665,0.0020682805359489,0.0031194277210489,5.0573078871084575e-05,-0.0002851301558929,-0.0002487144884557,0.0028291086120808,0.0403943312155682,0.0317821290482044,0.000141627884058,0.0003464106346171,0.0004173412228544,0.0008642812915006,2.564072477358975e-05,0.0001623061838726,0.000856256833598,0.0033198224393726,-5.263942128324316e-05,-7.180913210099567e-05,0.048125849356055,0.134514932194133,-1.5724263068684994e-06,0.0415369784300696,-0.0267539772093226,-0.0197748713198524,0.000465235616847,0.0024007604123925,1.0
-0.0008873503532741,0.0036381205872478,-0.0025456211429851,0.0059620150962192,-0.0007964479809312,-0.0004305127419651,0.0049372480267545,0.0300665194588747,-0.00628445874982,-0.0053375177200628,0.023331592834744,0.0259672175977038,-0.0003465935894355,-0.0006796581447976,0.0013889330622025,0.0023938167729466,-0.0002337250628132,-0.0008060235926513,-0.0004750744814663,0.0022816884930845,0.0397151484414544,0.0292812687360475,9.427405171278808e-05,0.0001706586360201,0.0003355130871453,0.000705067084016,3.438316395973924e-05,0.0001533839426827,-1.4394760060306473e-05,0.0025309288257543,-6.29162314581824e-05,-0.0001723212262089,0.0470071642395765,0.1297195259466913,-0.0003686620374003,0.0401812310060481,-0.0303996890422192,-0.0263447581094706,0.0004140413292425,0.0019595375583939,1.0
-0.0007955330427093,0.0013982106587964,0.0003110675213402,0.0045905167547988,-0.0017740550440284,-0.0004834029964729,0.0019165771089652,0.0295294109408639,-0.0060444568844308,-0.0037949115942713,0.0232055585101392,0.0240539322367221,0.0001643297343195,-0.0004163989124137,0.0011276438935893,0.001481129329342,-0.0001402156026028,-0.0008578673371484,-0.0003579264616286,0.0019702044207863,0.0385629851754221,0.0242471045534469,5.696479848623433e-05,3.248004957214526e-05,0.000385893159156,0.0005775207079519,4.0051184155567714e-05,0.0001709523790005,-0.0009611139512892,-0.0003168454594794,-5.952298290045704e-05,-0.0001391119764042,0.0470002044560455,0.1293699346212549,-1.745651037969245e-05,0.0413752215572175,-0.0278991616635815,-0.0248549032735281,0.0002581900849756,0.0017123048616036,2.0
-0.0006282228485199,0.0019589364550321,0.0014521049068748,0.0070076767343688,-0.0013916478447589,-0.0003731958791973,0.0002814494862945,0.0270670472353151,-0.0094182514450836,-0.0069498577605871,0.019144941133511,0.0180596401877376,0.0001140155699358,-0.0003308545167931,0.0020048046292312,0.0025281954636984,2.572882730592833e-05,-0.0006392706951085,-0.0001785096768323,0.0024511470053603,0.0376252833360689,0.0236457667912294,9.522506614581688e-05,0.0001379112590091,0.0002732660884476,0.000409958048883,2.3315834302406294e-05,0.0001465150885514,-0.0025906583268301,-0.0020118905360615,-3.654156741043551e-05,-8.16463476694348e-05,0.0466155127584723,0.127001814535084,-0.0004523315054181,0.0403784059631687,-0.0247337986576362,-0.0191832907318108,-1.4837342123341886e-05,0.0012943593465523,2.0
0.0004102376692719,0.0067335991150711,0.0149812270182216,0.0270909421259088,0.0016708852365231,0.0012066224636942,0.0092220812731824,0.0314637256979363,0.0109367952325777,0.0049084757105755,0.031303816702719,0.0439527723821287,0.0006998519126843,0.0014822781553809,0.0027950526849045,0.0054240168238703,0.0004420966457533,0.0023982344076846,0.001268278345325,0.0065146010218797,0.040540129923632,0.0306011493283592,0.0002355424725927,0.0005885192622704,0.0006618433518028,0.0013656616275042,0.0001203536048367,0.0004669710678712,0.0065857339993697,0.008227663652649,-4.796148555818326e-05,0.0001152052407636,0.0521178051427445,0.1491891625940506,0.0049663733801661,0.0499951244072889,-0.0178466934291903,-0.0140801072031638,0.0035569392867075,0.0064229069350414,1.0
9.265015656411896e-05,0.0027942380909725,0.0154868250951722,0.0232070613556003,-0.0002946236674917,0.0008379543512257,0.0012250978855033,0.0297891626465258,0.0091514818218534,0.0045548303378412,0.0311332952159794,0.0385549995889332,0.0009122363327687,0.0016909616997348,0.0027545104738722,0.0041982247383672,0.0001729182303385,0.0013323673716491,0.0007844148387711,0.0048380951441426,0.0402447290167102,0.0262530901634168,0.0001421582738619,0.0001644611660955,0.0007144659851285,0.001337562318357,0.00011638138197,0.0004680089357029,0.0094147412186704,0.0121459293865041,-5.89251613182296e-05,-1.9802091609032136e-05,0.0518630454318044,0.1478716548758793,0.004222860763642,0.0482531742503438,-0.0247674383384894,-0.0259068755388258,0.0028951621369934,0.0054038295275293,1.0
-0.0020864366139223,-0.0061268000495852,-0.0011013857135068,-0.0058926380963792,-0.0045641049389095,-0.0018042217869876,-0.0108412295606086,0.022300184678605,-0.0122271794651217,-0.0087952080876032,-1.566657311455733e-05,-0.0197772512453328,-0.0008985434430567,-0.0019745790226507,0.0026219305297518,-9.99845775990447e-05,-0.0002475985933717,-0.0025468895104297,-0.0009690047220057,-0.0006274789293101,0.0371539809866109,0.0138496294656742,-0.0001353189821908,-0.0005092008947489,-0.0004304742253206,-0.0010702040541573,-0.0001004945891249,-0.0003764268215517,-0.0023699809173301,-0.0017569199809853,2.2324397750631607e-05,-0.000258636890735,0.0504861827275578,0.1390287019282201,-0.0033547807055307,0.0444252406342879,-0.0110407125877323,-0.010446186293459,-0.0018824448747824,-0.0046483209901661,1.0
-0.0010876181857843,-0.0074719286352521,-0.0042578014725241,-0.0175378777294521,-0.0047329800091099,-0.0011420314811664,-0.0105832880707455,0.0256882063424643,-0.0155595087567361,-0.009853550941576,-0.0006803452606162,-0.0264716009317862,-0.000977657287239,-0.0024680593218813,0.0033254537054436,-0.0005725542730102,-6.432328365152614e-05,-0.0027656367785391,-0.001004737413974,-0.0017294015811028,0.0389581853612494,0.0119997295354289,-0.0001873331167668,-0.0006532450486342,-0.0005131217549655,-0.0013890021167285,-0.0001222532609129,-0.0004655016873182,-0.0029215339016949,-0.0029221849840849,3.501258461688826e-05,-0.0002505235470181,0.0515603425900986,0.1392816837902006,-0.0040114712767549,0.0447866110665362,-0.0063667500681031,-0.0079532203316792,-0.0025251724767576,-0.0060323952404041,2.0
0.0009932228515794,0.000378552244461,-0.0005537933979873,-0.0023516062500191,-0.0019592978482963,-0.00078301534391,-0.0024590711071054,0.0231874707427026,-0.0105731558862843,-0.0104618101370911,-0.0039455663083457,-0.0194451713003777,-0.0006359498885012,-0.0010294132222393,0.0045801083459505,0.0036664068542237,0.0001945853498358,-0.0010988360808771,-0.0009152709006494,8.937156472649622e-05,0.0376426801082068,0.0226553375082463,-8.117134713403385e-05,-2.646532090817445e-05,-0.0005045577890633,-0.0007553518838831,-0.0001119281930342,-0.0003664625984956,0.0001374779798875,0.0044357046132982,6.279137812723841e-05,-2.8326538048659933e-05,0.0530222630315803,0.1474424395351215,-0.0027785941392744,0.0494110830706409,-0.0056420305593647,0.0020441073039454,-0.0023205341841997,-0.0048184001364299,1.0
0.0015721348551284,0.0047169411003543,-0.0002666462761496,0.0052773502085296,0.0002005700411986,-0.000571213515033,0.0069915924888374,0.026320266800189,-0.0035381089616509,-0.0079494943830807,0.0004116388713983,-0.0072864023034762,-0.000843596280407,-0.0003609430848203,0.0048746820399205,0.006033497137882,0.0003015796826767,0.0004323140366871,-0.0003623330585177,0.0023873476194861,0.0381562004259784,0.0278764681376025,-3.717642455065698e-05,0.000189844948517,-0.000463977413107,-0.0002728160396662,-7.294798168708979e-05,-0.000232204879121,0.0052699884854319,0.0118263164247419,5.580157848011887e-05,6.586230592918234e-05,0.0547000742266902,0.1558681820087168,-0.0010265847616869,0.0498448650773072,-0.0056649524622659,0.0013888405523506,-0.0005523411714357,-0.0021147919720526,1.0
0.0009072632155765,0.0046459158562024,-0.0047417907365754,0.0007484286230671,-0.0001963321215229,-0.0009797771365631,0.0056620134823866,0.0272143769650038,-0.0068988725126144,-0.0092935039348912,0.0020320470371402,-0.0074482096099377,-0.0010313430382763,-0.0007266695711737,0.0042095218591464,0.0054746895088189,0.0001137945303881,0.0003260405296569,-0.000460526166318,0.0025808562229761,0.0389530190088564,0.0259937061776159,-0.0001011066940779,-3.268391249103804e-05,-0.0005231251094687,-0.000412207068129,-8.604028547946203e-05,-0.0002775728364959,0.0042180115445376,0.0109549814131646,2.799053387562458e-05,-3.15487415536449e-05,0.0541041216097409,0.1537454017834808,-0.0018388410760094,0.0469949892015158,-0.0041962701190591,0.0027116727217944,-0.0005993452471974,-0.0025234282240346,1.0
0.0007931903949674,0.0047639711060264,-0.0042255594353262,0.0014797672131497,-7.247955078146915e-05,-0.0012223394450895,0.005881317050493,0.0264207876383835,-0.0072565173599024,-0.0100713945278521,0.0008241956480162,-0.007504900597463,-0.0008910429607523,-0.0005439505112121,0.0041553878169436,0.0058571572845019,0.0001121361983944,0.0004172039464964,-0.0005696258024066,0.0026788852105196,0.0377007349869856,0.0263566245615013,-0.0001154262960124,-2.911441071794677e-05,-0.0005287602628496,-0.0003538631153467,-8.809957131719128e-05,-0.0002867921030346,0.004007625528229,0.0112836354212725,2.0012338805336133e-05,-1.620454972114507e-05,0.0536818623277187,0.1539823559430309,-0.0020627717216901,0.0475702756599495,-0.0036806277184677,0.0056262908384879,-0.0009443893059507,-0.002816498869649,2.0
0.0007194051929416,0.0023634435690665,-0.0054945358755724,-0.0048742431126456,-0.0009923452284554,-0.0012706930980754,0.0014663538104696,0.0252653184706569,-0.007409586875605,-0.0096215654536255,0.0014980238952943,-0.0098979662832885,-0.000668677751403,-0.0007329092476599,0.0039083291800003,0.0047868482134532,-4.807461313351627e-05,-0.0002439981532354,-0.0005333906051006,0.0019294322448181,0.0366958232550486,0.0221167017133558,-0.000180711976999,-0.0002708957935147,-0.000440522414921,-0.0004781331364086,-8.316263988447478e-05,-0.0002761203576753,0.0041595019812705,0.0095085453021879,-5.891635003962282e-06,-0.0001032802892297,0.0528721444416034,0.1521503830617084,-0.0021300860131587,0.0474849656051235,-0.0049059859501163,0.0005311434540476,-0.0010957468640143,-0.0033134124525279,1.0
-8.384903958483038e-05,0.0014847482594505,-0.0090475965636762,-0.0093321817276063,-0.0007074073948866,-0.0010454369303531,-0.0013172416908983,0.0238795548802316,-0.0104075440473116,-0.01119036848282,-0.0020127992144258,-0.0164711662225579,-0.0007144518448724,-0.0009591265689469,0.0038965153866656,0.0047562256436347,-7.854555799036286e-05,-0.0003361494621954,-0.0006602292588748,0.0018647608992679,0.0355403964914864,0.0187866225588323,-0.0001979526315982,-0.0002714165122166,-0.0004861833733559,-0.0005449150921828,-9.331066455780832e-05,-0.0002852910717178,0.0025541032390738,0.0072838171476556,-1.6174031016010464e-06,-7.888893104742674e-05,0.0520394754541254,0.1493668083910177,-0.0026115785472466,0.0463785158904101,-0.0030016516786467,0.0044239272699161,-0.0011710778301597,-0.003245399869663,2.0
-0.0001606960309396,0.0025544169707851,-0.0040528010933889,-0.0037511598138592,0.0001754149594225,-0.0002140142609715,0.0051582052440772,0.0290116917565492,0.003282988078535,-0.0023740422081256,0.0086500718884623,0.004074956636245,-5.328985710729053e-05,-8.427015825366116e-06,0.0034506180910075,0.0047251511916318,-5.241659179201759e-05,0.0006310950446877,-3.2167100821753614e-05,0.0033235227464395,0.0370975280744102,0.0221363751982061,-0.0001858913177412,-0.0001283182548914,-0.0001662870532742,-0.0001048518352185,-2.391286911925877e-05,-6.827418198526996e-05,0.008247357395059,0.011843059214562,-4.028717257114919e-05,-5.0351657703914e-05,0.0532941127273235,0.157116265303138,-0.0003369090304991,0.050625903827574,-0.0003764658849127,0.0072772326570655,0.0003357025771949,-0.0009661668920405,1.0
-0.0016122015082486,-0.0012538250568915,-0.0016485536263745,-0.0004139393839729,-0.0009152284249212,-0.0001082019566969,-0.0007772570077776,0.0275226703023508,0.0062214575708675,-1.559235917884932e-05,0.0111182002223494,0.0031798964532556,6.926477197726277e-05,-3.990492721143132e-06,0.0029849905755531,0.0033700228951729,-0.0003011643560045,-0.0006886638354232,-0.0004749643149535,0.0021833238787768,0.0373412870215188,0.0230450752558086,-0.0001375132425994,-0.0001886368166175,-4.9847423420437024e-05,3.753194956251138e-05,-1.784096950756109e-05,1.979552878655308e-05,0.0088078529819649,0.013956481040344,-3.084033011827198e-05,-0.0001311025932543,0.051966761744999,0.1561676408282119,-0.0002176387340639,0.056775576740931,-0.0018044813395321,0.0095462712681049,-0.0008127406972045,-0.0013193378410601,1.0
0.000468695309223,0.0015142332155687,0.0004537820174915,0.0042133401685237,0.0007573224978181,0.001516911736409,0.0050758449821153,0.0334175861634881,0.0133354675020645,0.0061205630728834,0.0109749596500165,0.0008266496152226,-0.0002905731990284,-0.0003454102859563,0.0046095611697874,0.007325642998567,0.000459456496606,0.000261624906861,0.0005948555973417,0.0044005603416569,0.0304894391628061,0.013929844492951,-0.0001398945347318,-0.0002580589619776,-1.8179988398835752e-05,8.171149436742805e-05,4.963878973980385e-05,0.0001496631660463,0.0140853026691543,0.0170694714715942,3.246502712601696e-05,-8.7576203511508e-05,0.0548534527065644,0.1577202566604039,0.0030713108507407,0.0611325883981275,0.0062757112175012,0.0218906861504952,-0.0017121117203647,-0.0011119385277708,1.0
0.001870861916078,0.0019786983697547,0.0020409947917244,0.004561934355548,0.0022997203057584,0.0024770219625525,0.006340709998777,0.0347775692644526,0.0153401844874962,0.0074106950615421,0.014722627051778,0.0047462641515346,2.5235508176024567e-05,2.317120142838616e-05,0.0044978564954893,0.0065381193451123,0.0007581224395188,0.0010891303793965,0.0006664656428144,0.0047819957535322,0.0343166694870257,0.0168811178393811,-3.469764365034221e-05,-4.560794301745503e-05,0.0002560612067215,0.0005123775201001,7.901007529961205e-05,0.0002649369430157,0.0180499512590679,0.0210924443357528,6.625603102300908e-05,6.78083201764501e-05,0.0570297539628186,0.1644292870936425,0.0036664879339072,0.0614334145347265,0.0080555062951031,0.0230449284394974,-0.0005465963788753,0.0007019215985141,1.0
0.0014729702782088,0.0017634479390826,0.0008509879152802,0.0032455850668934,0.0020754962530571,0.0018587699674794,0.0065543581875087,0.0329685622355712,0.0118409505564435,0.005402530092594,0.014990665002572,0.0094174385414344,-8.127059162323463e-05,0.0002412658956498,0.0038000449334004,0.0046423799778953,0.0007104648325833,0.0007767619227479,0.0005054675969661,0.004251583560438,0.0366382328848364,0.0224162952944305,4.5661152736548725e-05,0.0001649241158666,0.0003527710645782,0.0007021698123998,7.949633399740581e-05,0.0002638537356419,0.0180174557208374,0.0221704119172135,6.141484193722204e-05,6.624386740558194e-05,0.0572480459571698,0.1636001175909305,0.0034751705981768,0.0612343317563794,0.0100487167561547,0.0229306595723231,0.0001736170789594,0.0012264748532927,2.0
0.0015324830018956,0.0035221720996714,-0.0021837348754518,0.0026056639820327,0.0023673076535488,0.0020479873343253,0.0099234060355422,0.0348919318816114,0.0112365780683545,0.0055354940624658,0.0217107935944457,0.0186692500874703,-0.0002196292017803,0.0004561706556561,0.0033813524591874,0.0044728667785478,0.0007416293532621,0.0009791642138024,0.0005986094939152,0.0044930762852923,0.0366656956617566,0.0247111203203238,0.0001382087174245,0.0002164476102398,0.0003625540854663,0.0008648890621821,9.92419855545261e-05,0.000281020136307,0.018051204311937,0.0240407639470773,7.785097426902453e-05,7.765372650153112e-05,0.0587652893497981,0.1694832947241855,0.0034664168064993,0.0597964628676448,0.0136439448882328,0.0266880755453134,0.0008994310866753,0.0019286279898206,2.0
0.0016436379494542,0.0033741462963993,-0.0030275569986303,0.0012128289104587,0.0029117605936942,0.0025199371655881,0.0122614299029963,0.0380458276685311,0.0130188268555261,0.0073119289377506,0.0281557426029749,0.026692815885194,0.0001383508796929,0.0007471330558138,0.0028417934519693,0.0040544956251794,0.0007858422179421,0.0009060733961156,0.0003893101320344,0.0040751826355627,0.0387561131648709,0.030046047342214,0.0002882283355184,0.000480521340183,0.000578560171474,0.0011413849879105,0.0001181280784936,0.0003353904498327,0.0182682756956855,0.0240262880244072,0.0001172949682831,0.0001011562789702,0.0594762545151436,0.1734979517348338,0.0036379794477478,0.063772156374565,0.0127949447562483,0.0250840508506593,0.0006050303425909,0.0020713502300121,1.0
0.001453771020438,0.0017721760235788,0.0037676337157976,0.0048097631779534,0.0020398430452424,0.0024922530234252,0.0094374202076211,0.0386970035663131,0.0202626688650971,0.013248047048991,0.0364776569580475,0.034656202088112,0.0005148964608611,0.0011245319363668,0.0020778834524014,0.0025502927572283,0.0008322315770002,0.0008902473863528,0.0007397677821297,0.0038156905803905,0.0409994323034939,0.0297185998844587,0.000266042325277,0.0002162738186496,0.0008429838427538,0.00137627112859,0.0001629429423409,0.0004159299265146,0.0236423540749913,0.0278428912684671,8.505795115350352e-05,-8.890139453988361e-05,0.0615069941403918,0.1777938111135951,0.0052028960253366,0.066494421044331,0.0108054966060168,0.0145496273593307,0.0010945012972431,0.0021214332654916,1.0
0.0022084740148872,-0.0009332676929068,0.0103547806227254,0.0053897399277496,0.0021971228971715,0.0038634912747483,0.0114749073964954,0.0449977066094259,0.0369933531370226,0.0256430696288215,0.050590629339774,0.0502820082297591,0.0013743498255092,0.0020086571897499,0.0018851163328632,0.0017645754614934,0.0009331773768615,0.0021598905279817,0.0016442304517389,0.0059155748459692,0.0438713292332349,0.0277370576490772,0.0002763811166274,0.0001586352282808,0.0012588221232312,0.0019008683951986,0.0002341132271188,0.0006982021189302,0.0337887309277026,0.0358071779592935,3.1976858955868774e-05,-4.963838269751214e-05,0.0644468530794604,0.1910313553888843,0.008191350385203,0.0723498926456949,0.0195259814676445,0.0241806766373586,0.0035490948126906,0.005886130697331,1.0
0.0013839821627825,-1.1461293425695126e-05,0.0082932117480368,0.0094467730879843,0.0023991960229448,0.0037928133277653,0.0118437241574317,0.0435822795517953,0.0316582617693089,0.0208859967360979,0.0463380768523617,0.0457788237381819,0.0014312455082535,0.002374820936626,0.0026618236448846,0.0030128199007476,0.0011120748089039,0.0027324526145577,0.0018261923994893,0.0069172706535432,0.0442289633358549,0.0315251440491213,0.0003615024827403,0.0004190403735823,0.0013410048480023,0.002220409370133,0.000216452797903,0.000694640247155,0.0329920341157827,0.0393229843196267,7.627897947010015e-05,7.323702418628006e-05,0.0653873918080285,0.1969643212616331,0.0077295431705393,0.0735030014368382,0.0252169826086216,0.0372453737779306,0.0035124107167382,0.0065781867635954,1.0
0.0001498850577345,-0.0012117068131366,0.00111355757262,5.2268772895078574e-05,0.001748070710434,0.0022300320030122,0.0065502675086068,0.0355084718769461,0.0139121039133328,0.0092587573403638,0.0298472988068386,0.0245142503167551,0.0006316975763271,0.0011712987042931,0.0025335271162536,0.0017639000044458,0.0007581060563934,0.0016320729827201,0.0011983990113629,0.0048875072879901,0.0430171939533981,0.0256467911881859,0.0002885018383665,0.0002128772745785,0.0009970677055664,0.0014794656289543,0.0001554590776399,0.000431682187372,0.0244556580777124,0.0293421121598519,9.285373506591032e-05,6.652373328757705e-05,0.0611667423754114,0.1786072430606438,0.005012250629727,0.0630929577704391,0.0203830898006266,0.0240245553304853,0.0029450045559704,0.0039072015754963,1.0
-0.0005876832589661,-0.0041251456308393,-0.0027302727676353,-0.0090009007424101,5.907065014181483e-05,0.0011762793882372,-0.000388957961014,0.0316519568159145,0.0010653836131649,0.000961324640813,0.0235246705125949,0.0111109551905545,0.0001791845196647,6.540175255736853e-05,0.0023522344626666,-0.0002831729195403,0.0002525815342606,0.0005344821516683,0.0008612861019818,0.0037956548331276,0.0430425251237809,0.0203192184645463,3.26897070846579e-05,-0.0002522328072449,0.0007258079062201,0.0008208934799855,9.153282771368658e-05,0.0002321094358525,0.022167700962833,0.0255964501558077,4.1425320729318765e-05,-3.978138169222719e-05,0.0577553313198347,0.162357805659812,0.0022213925422757,0.0538266517859895,0.0218938996756105,0.0212949401379513,0.002544867437898,0.0017330400486023,1.0
-0.0004328766681646,-0.0011703959586997,-0.0046990788341542,-0.0036834979739987,0.0014491378241646,0.0017309700552051,0.0050978411456897,0.0336987053670849,0.0035799537156857,0.0011854116060051,0.0263508308030184,0.0172970254579172,0.0003092606700194,0.0006108446626187,0.0023046085814529,0.0011581373346696,0.0004706869155891,0.0009986441155967,0.0006332651153546,0.0044185434317797,0.042513973827555,0.0259255556048966,0.0001233192119945,4.720264831772925e-05,0.0007986517772566,0.0012063809645807,0.0001132891711707,0.0003385879483872,0.0227714413036535,0.0288331046801211,8.396957556355134e-05,0.0001276869523582,0.0587345192562047,0.1690963114473595,0.002782334677461,0.0600476652610182,0.022156541814278,0.0314551611641074,0.0020032596162147,0.0023564441599308,2.0
-0.0007650971194253,7.554986208784731e-05,-0.0038015814907745,0.0003746768246493,0.00217517589647,0.0013410449282179,0.0073272301999896,0.0323244779635565,0.0057906115717241,0.001638426471567,0.0264470321075452,0.0232973880456393,3.3132446160035004e-05,0.0007014919806206,0.0017902555952234,0.0010116531238548,0.0003726929703843,0.0010958295485008,0.0004285562462097,0.0042041870784242,0.0411988550080619,0.0262476064356279,0.0001063068646711,3.8632468645456906e-05,0.0007477852120797,0.0012249356658439,0.0001188357375791,0.0003477027944534,0.0239883648610352,0.0298561410542821,6.548956481703056e-05,0.0001206881939931,0.0582135791284264,0.1677434776890014,0.0030323346863947,0.0606079054491141,0.0179660106265664,0.0247684022563344,0.0019331756696253,0.0021305223795888,1.0
-0.00135244690461,-0.0037979807131615,-0.0010155462185398,-0.0022565391117235,0.0011631081704287,0.0012641316983984,0.0024680791689987,0.0315323372350214,0.0085649193220738,0.0040291445556689,0.0267484817169949,0.0184051801756629,-0.0002679389154912,-0.0001061793647919,0.0014609796857456,6.609105400497553e-05,0.0001785196461865,0.0007887789770711,0.0004914291659156,0.0038400697926186,0.0374071524251022,0.01795364285619,1.869845897900281e-05,-0.0002220303109766,0.0006461704878267,0.0008904380725744,0.000116637814661,0.0003373359312193,0.0239814215702191,0.0273774480221526,3.043368664693137e-05,8.85336481668714e-07,0.0573672548114707,0.1645874879171816,0.002763269342923,0.0588820984617866,0.0208448607778162,0.0269344058368936,0.002250854015246,0.0023660322993719,1.0
-0.0009870941395122,-0.0037195207963837,0.0032398175381835,0.002472242997956,0.0012940075733483,0.0016478705740744,0.0025227598296379,0.0327839246590727,0.0094171815891488,0.0045372992461594,0.0286071816084047,0.0191250239181876,-0.0001919569026807,-1.2333288984133032e-05,0.0020498329529213,0.0002480523709081,0.0004467710868552,0.0015485243119662,0.0011499415986422,0.0050567319336581,0.0405312110162069,0.019024976277802,0.0001135565211194,-9.671362495096212e-05,0.0007869255436027,0.001055460653363,0.0001283373713758,0.0003953893812489,0.0243218027162547,0.0278888545311557,3.332019927927091e-05,2.25419557308186e-05,0.0588412320863655,0.1678496631708011,0.003972941122611,0.0607066566442402,0.0254003520787626,0.0304136178233239,0.0029605187388617,0.0031516219543252,1.0
0.0005394989551971,-0.0048373525207536,0.0018721947590507,-0.0057786258464953,0.0007862833987623,0.0015595024922182,0.0025214253406675,0.0337671641941298,0.0026920033985389,0.0006971294435616,0.0229004330679296,0.0084159467189073,-3.268034233957628e-05,-0.0004344436666507,0.0028503230024319,0.0006072845596957,0.0006802572813928,0.0008975541384757,0.0012733356580088,0.0041497941352771,0.0413833759331397,0.0189260843208747,0.0001459881275291,1.7890065987554383e-05,0.0007937036573473,0.0007564575983633,0.000107731903625,0.0002839798268143,0.0204254604411607,0.0216217319892122,6.425223152883321e-05,4.282350222301673e-05,0.0586768086280973,0.161883570316456,0.0018738604746213,0.0555938151297982,0.0257276680040157,0.0274330821276907,0.0014033739763934,0.000633661221319,2.0
-0.0018259995629112,-0.0087679713621297,-0.0068118150882773,-0.0149031774109474,-0.0007629658939115,0.0011102534028155,-0.0068433351279158,0.0285284529103539,-0.0078585236762486,-0.0050332194705038,0.0169555243578702,-0.0053698264679027,-0.0002598932602568,-0.0010122783720211,0.0025930491748518,-0.0007308885209313,0.0003857062600978,-0.0010186140369156,8.328592981144922e-05,0.0011491370244319,0.0349287911150964,0.0093251842850853,2.296885702977201e-05,-0.0004291999741425,0.0005615315287319,0.0003497571300643,7.572741200091392e-05,0.0001919135355126,0.0184291648269432,0.0209774579951574,7.477606513122316e-05,-9.792699418672915e-05,0.0567204242483812,0.156388604439227,-0.0006099703135251,0.0522835562800246,0.0168831022677868,0.0195359636160564,-0.0002024044125907,-0.0009611367177762,2.0
-0.000239262804628,-0.0045419782880459,-0.0053389822985303,-0.0109625701260491,0.000681471562784,0.0013102618125805,0.0032355588203406,0.0328673807856575,-0.0097871593777212,-0.0061530429305074,0.0167642466766303,0.0003765474340993,7.379669770099672e-05,-0.0003245765017723,0.003108258551119,0.0003049662163158,0.0007475540454891,-0.0003092270900204,0.0006893277613825,0.002412038201773,0.0404263725045599,0.0189299048910359,0.0002459839517501,6.705419776895056e-05,0.0007994458636101,0.0007601113355256,0.0001171623207095,0.0002347953590466,0.0212117731571942,0.0239935375107026,0.0001450048750295,0.0001193285037267,0.0586387700619401,0.1597499905438984,0.0005560249883932,0.0529782716972873,0.025102696924501,0.029437151961503,0.0002849280915736,-0.0003446665157832,1.0
-0.0001859169288883,-0.0048175633601133,-0.0044181570447963,-0.0106619262906434,0.0007255635505888,0.0013132102597288,-0.0003283936206573,0.0308516398487427,-0.0094735665806787,-0.0051565407050597,0.017144539303538,-0.0018991094406968,-1.317703120548631e-05,-0.0005507145885659,0.0029865402224999,0.0001828502666163,0.000634818903615,-0.0005412802181596,0.0005046176680492,0.0019838076019078,0.0398696506983333,0.0163496772581451,0.000262618744356,1.8423469121637176e-05,0.0006773766701471,0.0005028194298832,9.546340473388852e-05,0.0002013600242402,0.0188461377023619,0.0206238366052304,0.0001313881409404,8.892618262963649e-05,0.0570218551305259,0.1550334148443546,-0.0001162119267289,0.0515687553486298,0.0252914552627159,0.030574868300029,0.0002159796977784,-0.0005531189131685,1.0
-0.0014132494532533,-0.0098984127170715,-0.0027731123420077,-0.0164803796343092,-0.0030706438403567,0.0002948195220368,-0.0102782657036749,0.0262559434694429,-0.0066250274617283,-0.0022043697233957,0.017355392248322,-0.0065105007275356,0.0001823851355616,-0.0011467725965473,0.0016657906395991,-0.0035394473049058,0.0003554095472803,-0.0015734161278761,0.0002555161965034,0.0001407300445232,0.0354273868492094,0.0036752836134958,-1.630089799574115e-05,-0.0006287177222009,0.000602828585309,-4.17893411020995e-05,0.0001008889222898,0.0001682459258608,0.0193228056925241,0.0163800251235514,6.285746755081099e-05,-0.0001140004966894,0.0564867127368559,0.1509562593950571,0.0002821500676555,0.052575694809993,0.0189742922787727,0.0144417245694655,1.0732181284094198e-05,-0.0014518794811529,1.0
