-0.5803733454476827,-0.6521353743594629,0.45575137849564307,-0.6503865251844316,-0.21756972932128038,0.25311837431597084,-0.2499807776891636,-0.40241656895488953,-0.903660209673423,-1.1446043800269907,0.3090345439900948,-0.18481125034174095,-0.07941865029071105,0.01398472746907986,-0.5284511835060464,-0.6058365908693535,-0.8837375239735685,-0.9156863614443003,-0.3976239906068999,-0.12690424236800402,-1.502435559385363,-1.5060284160874327,1.2398613212886236,-0.953119436916634,-0.8551095650650784,-0.9243063331004966,-0.4215603149391809,0.7684014953746061,0.3784437786690087,0.7495295531166191,-0.4148943007456438,-0.527394766295449,-0.4006080744972689,-0.20072856683190388,0.08012598038152996,-0.3040773934621881,0.4822949305413813,-0.021545753200025164,-0.37981788172101183,-0.2528783407660824
-0.9396510955713326,0.04873058020081311,-0.6651790572409939,-0.943397949006735,-0.38703901222422044,0.3292183917773941,-0.932108249671177,-1.0463370545034822,0.997997589213869,-0.6935792664839027,-1.3806100626044946,-1.3755691431535515,-0.4525531703663006,-0.7284045449796284,0.5889083486932227,-0.014175492681724133,-0.26702299608241287,0.023120334905257778,-0.6236155449579721,-0.19522755889254828,-1.388017559801882,-1.3884346994641696,-0.9002655045314363,0.5787865461850226,-0.17050388370803748,-0.4884082604758233,-0.893293400009834,-0.5360471654706682,-0.5007329522238644,-0.4097147228431619,-0.6791322690488459,-0.03389875028734757,-0.9246009295106559,-1.0009853322604079,-0.8331492519701897,-0.9199687494784143,-1.0917188810268943,-0.7587317604577923,-0.9939164015825241,-0.9726724990250202
-0.6510717086670175,-0.07381159808648885,-0.5888373643187648,-0.7488120710164732,0.14541304428774549,-0.32971170798184524,4.491701028037737,4.776736482924428,-1.2789253508033245,-0.693889907344686,3.5210500114074517,3.789405681566624,-1.3473426344567294,-1.042622091130033,-0.6833835711989176,-0.8001708706477233,-1.5156023697898569,-0.5215201994742227,-0.3754513034906872,-0.638924178575353,-1.3108108243405965,-1.3539551762613287,-0.947995898447128,-1.279750550367773,-0.9750678874040113,-0.8700097195641234,0.336902170455772,-1.0595298438760374,-0.8130158597452883,-1.4380285397354686,-1.0772485690581495,-0.07112681279759547,0.30831899979273913,0.1687988748595446,-0.28006528195035907,-0.16699533906480823,-1.3637638525707725,-1.2546422324961044,-0.015421088043610975,-0.7045102287657814
0.46906426109321764,-0.5085701199867629,0.8230127548672046,0.16509696686713582,2.2671560493007714,0.0035083753315454658,0.1446408751107806,-0.7080229917857488,-0.5378227493219643,-0.5201771610245141,-0.7760271315248564,-0.8608910966777845,0.06144652407752904,-1.2130592345417335,-0.34624427920155654,-0.7947215755872219,-0.7096700338482234,-0.28990558010664147,-0.559168420808184,-1.2447121708908557,-1.3877056109229804,-1.4849014211351745,-1.3104095062254784,-0.48944691711390576,-1.2199465828390632,-0.9048657953986434,-0.7740068156256967,0.07911378095386645,-0.3801214490728624,0.15241225531441405,-0.5360326205707642,-0.10522763785994638,-0.4364530968077158,-0.47751768232795655,0.02878571651730244,0.18752500169711217,0.627486274684717,-0.24785097622521812,0.3930925825274474,0.02471152759763795
-0.20073581463329138,-0.7267394002387011,-0.7601513273069491,-0.7147450577371419,-0.6990514976628175,0.15841093511359317,6.905059741789323,16.64508422411337,-0.8358708622010802,-0.3795033365499063,-0.27970832070426166,0.21636241526640765,-0.10032959429671484,4.766823883940372,-0.2847726236212922,-0.05637476407757669,0.24679682899702682,-0.22958412182679355,-0.7029163157229013,0.2691378988667541,-1.3812932601547143,-1.3932504474280198,-0.39018289484066093,-0.7466850138142958,-0.10006322980537563,-0.9452285700261309,-0.31206551096483803,-0.8929643520027235,-1.0788407590980154,-1.1343420565219726,-0.43729249492292466,0.42337023027864573,0.23178078471363506,-0.5107426090578886,-0.11218149099356545,0.22599006522375076,-0.42067200604680455,-1.1512954986899857,-0.3726528183883815,-0.7805383376650421
-0.2765961434069446,1.5389743035790664,-0.11980418636198387,0.14785802189201425,3.603699702040023,0.44758694191626036,3.5824506108157284,-0.33363941546317033,1.4022375551150983,0.8933246369622267,0.5088543799906455,0.22648182224081514,0.5267142704300594,3.7364956201090367,0.48827520964856186,-0.5007776157068613,-1.230452047539014,0.4395317802495442,-0.056419202795541246,-0.23842188194743752,-1.4949984256420021,-1.4970982426770083,0.33874829063265555,0.6190828738736736,-0.3663536546481745,-0.3916599948004915,-0.2541560411854875,0.7248609695612847,-0.077884279648051,-0.4014108381260941,-0.08146784324675771,0.6275449135749,1.3505416197311124,0.4568968505981741,0.4948428317609985,0.851050661686287,3.450276362057166,1.2139567494410306,0.6683215394710471,1.3395089371298683
0.9476431101206733,-0.8152349090327231,-1.5505909492342493,-1.4781090276489013,0.2143143110510275,-0.3560317764532166,0.3446527769734278,-0.48251082138552315,-1.0463964441803684,-1.3025104278165522,-0.8112114129966086,-0.9946709763948265,1.2631635524352838,-0.5291678003809119,-0.20128772629845582,-0.4858867589948379,-0.9214602575753545,-1.2424722907583414,-1.5717915686950796,-1.7664686550250153,-1.370132943557619,-1.3688687878390033,-0.7834318329886512,-1.2388129587039274,0.13572792419482838,-0.37948355618024765,0.33208477108067713,0.25484053249245964,-0.9853812204630445,-0.9930969165362571,-0.0868526539578669,-0.6494197365444809,-0.413764264899541,-0.7688365985513044,1.2103498007226419,-0.19276019511835418,-1.6145135121323535,-1.211160317744401,0.41357623278729694,0.3954998307157207
0.031581409172273034,-0.0007902863220237144,-0.25394917690211694,-0.9296458157802245,-0.3896377933235482,-0.45570241647467835,0.40085060178284815,0.1379310281107271,-0.33941884302727354,-0.19665901364858973,-0.812009608761449,-0.615948047446714,-1.125166479368174,-0.9442050697419586,0.48288251868295307,-0.7767559472467123,1.2094555792704886,-0.648090509519081,-1.0959960304095517,-0.9860771980295691,-1.502259702139254,-1.50356576780793,-0.20025818102790538,-0.14488611919507788,-1.362684422549099,-0.20017951117665955,-0.7114131451839221,-1.0723818461789838,-0.8097182049779366,-0.7660323843232351,-0.5542881535461186,-0.42787457854471134,-1.0828635753868645,-1.1135253028678886,0.08700494181453866,-1.2318286825673532,-1.267514312902798,-0.6539504594520866,0.06268129266776024,-1.0853199650844336
0.354175330735218,-0.7529410738059967,0.047456382364889915,-1.1205598584818004,-0.24118253860374494,-0.021555427675094663,-0.3605866118371126,-0.8288399818573748,-0.4853620559125531,-0.29543372844794247,-1.3450578840219076,-1.3816401386207477,-0.21401896428743683,-0.20920760041201358,-0.625328179180765,0.3376453126623229,0.8650359814282367,-0.441553201533182,-0.6907427401938939,0.11797223294861592,-1.4405880608891202,-1.4427090779696041,-0.3646964733193845,-0.7198238651130779,-1.1132759661368414,0.3831103512833982,-0.724344981220375,1.0288289540947746,-0.917755812672306,0.5237400374792358,0.15593801505760752,0.39718082581997516,0.47292326515505856,0.3948954631604611,0.7619687652609684,0.13580532419385705,-0.42003581896537456,-0.8825331178301274,-0.25528823093638,-0.4826127774947433
1.5060865284697034,-0.9261571953081749,-0.8281750108094621,-0.7094727169623085,-0.8791986397143163,-0.5240451453538917,-1.3206991288082186,-1.385027796937039,-0.6273998426744924,-1.2632387070873319,-1.4862570335142546,-1.4959847378722606,-1.1366996460895953,1.4941266290952377,-0.9849896918011174,-1.0439255163135666,-1.0326745914629256,-0.36137703346557615,1.1662738820797207,-0.125740141329016,-1.499991885859991,-1.5011829459830326,-1.1640135025837757,-1.3873171785532885,-0.8571627813463691,-0.38652495224629124,-0.13449487648238856,-0.95741790019789,-1.2357216854051907,-0.861928340837609,-0.6208804039317473,-0.3893102427128916,-0.2958202475470455,0.16188804619661257,1.4165284018734932,0.03246783076922011,-0.2852877455808178,-0.5637298038127159,-0.15950806141252016,0.07750623405351886
-0.665000706424034,-0.8748198349470382,0.3858382280139665,-0.8812473532244018,-0.5652581562779733,0.8025888627485465,-1.4827418080267192,-1.499335359971128,-0.11417586558495696,-1.323743789120799,-1.492454655246807,-1.5071652402540128,0.15570914811971814,3.952230491115621,-0.8030188086362902,-0.6761010736017856,-0.6761045089718962,-0.7837762513717399,-0.8429430786510075,-1.3051546099581164,-1.506718489306584,-1.5074923163495515,-0.5726115249133481,-0.1512596427768642,-0.9629087749064631,-0.332622926059595,-1.004275659635121,0.3027639767530603,-0.9588914002197768,-0.21839544323146498,-0.5063825134300473,0.6908097902369295,-0.6483474564633909,-0.5626681376108316,0.09911647597532802,-0.46261534602266163,-1.0490990396807107,-0.7780132589329121,-1.253772159323011,-0.2714567981484466
-0.6635172166080849,-0.03413276011643562,-0.9321236885476076,0.1646146963947479,1.2917856242741586,1.4407620261434841,-1.308218461536686,-1.404179230061627,0.6550438166999268,-0.45720671452417694,-1.362491630493053,-1.372596067611431,2.2346324572356444,0.6764043855595401,-0.5781209130773313,0.18378838440023593,-0.34311451967437323,0.19124862943178522,-1.0286651214418245,0.044699722927045826,-1.371881887554442,-1.3721538221419176,-0.5385145323749887,-0.11021660042905035,-1.0757289844317046,-0.8754821221998212,-0.6512845823564484,-0.457121354982553,-0.6781898123856438,-0.5160286023416205,-0.40506533022998914,0.3864573685497006,-0.3712491194138341,-0.43156871370499816,-0.24373125677173535,-0.6273613949126111,-0.18850239263250845,-0.2573885567958296,-1.356173408948164,-1.011141690569341
0.8101037748244577,-0.39510614379084474,-1.0564743209441734,-1.0144321701947026,-0.30159475783928924,-0.3107416471086002,-1.4725522620683995,-1.490104594616278,-0.49135464973880305,1.1078971122966887,-1.4874600259856483,-1.4974956141286597,-0.33309754054337404,-0.7859080589297767,0.0643856231734552,-0.23717867906148937,-0.24812201773898224,-0.8312542848062661,-0.0631356965091392,-0.5928795056229315,-1.5063174527374756,-1.5081564955406068,-0.4221544121539016,-0.5981366481376451,-0.31653170385274976,-0.1283149584363672,0.4933200675139533,0.9910015990314296,1.3166421338961527,0.5794326201942841,-0.28703351394063237,1.5016652413016756,-0.17560318955829057,0.038453219384467996,1.0554847111375736,-0.8280333069056818,-0.7054560554270899,-0.24496985258502946,0.5267459638919294,0.9704892398218918
0.48629594366305495,0.11020802749647807,-0.4479687382620279,-0.5914308289456733,0.9281473010395755,0.5069768562911481,-1.2274500657439835,-1.262974863083727,-0.5252073631145353,-0.6527228616426459,-1.4731075717271618,-1.4481472721336959,-1.0806060804214452,-0.794129054668149,0.21511710689614638,0.49482763504716676,-1.1753747384202227,-0.6309582063179437,-0.18782881511100458,-0.6248355915307924,-1.4024960412778757,-1.3967077568391209,1.1168907002563468,0.14054802872717653,-0.5487810280381806,-0.7238149846105273,-1.0398221998466504,-0.8514537628784851,-0.6438468138579476,-1.2383254164496247,-0.42483333632203024,1.1520555592613047,0.13304313701814552,-0.0896383629008648,0.2830414734357207,-0.12363873139432524,-1.0137975193919542,-1.1931373728663353,-0.5603148327033853,-1.0654246682946258
0.23827620164947838,0.7907744855373773,-1.5127196020910123,-1.020926499536548,-0.7304737286318588,-0.0729478450998502,-1.4568263295738142,-1.481839306083409,-0.368319339050589,-0.1541400647420499,-1.4856949864498181,-1.488901909864126,-0.46023175666180993,-1.0396144014903257,-0.5670097070925784,-0.6006251555289861,-1.0691985566083217,-0.22820923220732103,-0.7799811083356261,-0.23558905606945757,-1.499623733983418,-1.4997341121871628,-0.8445016366780562,0.1179360390219939,-0.3353700280403489,-0.9545252031874258,0.2847536395843302,-0.5047394764363862,-0.49259741784456335,-0.23321150495684595,1.465513982870151,0.3747379277451386,-0.12991337878022957,-0.1758021171782964,0.031816356451099814,-0.09323545597528948,-1.1909035059167004,-1.2551083989849627,-0.8848197552755543,0.0028028285689254417
-0.36927447991590334,0.18394891724264584,-0.35659332735411375,-1.2648737707856896,1.5142366941562164,-0.28347394590156316,-1.4707204538330891,-1.4764197570956719,-1.1042972666194268,-0.691121087226878,-1.414471648968476,-1.4512257176021663,1.268724901284771,3.117604825964765,0.3340126461335968,0.7507056581240481,2.2189555739654647,-0.7453565149888726,0.4189637433530442,-0.45550481328629644,-1.4506714893633965,-1.4424333602076558,0.8133658518857074,-0.6062944372825498,-0.7814918541521587,0.11825168402468078,-0.18117339702693203,-0.27395638252953214,-0.317336565494597,-0.6115938261091758,2.174031562293899,-0.5705978253479178,0.5909193651096349,0.5320689792246398,-0.6762047045333799,-0.2391874096076969,-0.5833390739801154,0.0314352711543604,-0.7938606947024032,-0.155436475648973
0.20303495708685526,0.7962954481734856,-0.9890221549112477,-1.199183968362502,-0.5693804717738882,0.2718933866579083,-1.4785969389915221,-1.4811685814854503,-0.9774092290979932,-0.24965707987101293,-1.476264988883273,-1.4886449735217573,0.9331988641629363,-0.6859415852111752,0.0733233895626011,0.4788837616732069,-0.1579963731224736,-0.3869109820972523,-0.5838921060476965,-0.9544524195334625,-1.4931284075771627,-1.494654515309992,-0.042046130752254385,-0.4809493548936188,0.45162962196136336,-1.2509600175595668,-0.4469338379128014,-0.9477899525742686,-0.70992857580441,-1.411545683744131,-0.42735659372833545,-0.08331517031507829,-0.846265696271256,-0.6865974585195964,-0.33887454454258714,-0.4245770953238388,4.581797082340549,0.934721453209491,-0.5189221509045141,-0.1807981365785265
-0.713253078646436,-1.3024240073340145,-1.1301929569572795,-0.7808647374283693,-0.18328337794833072,-0.3459905329805082,-1.3972289645756082,-1.4338574501885537,-1.066103454347064,-1.0486810338775838,-1.4486797385933203,-1.4679187166459036,2.7099853526898903,1.8611291468971078,-0.30806197793280177,-0.7189772408247816,-0.8621422890888626,-0.8720632401975865,-0.6251232813916241,-0.9508719917874044,-1.4887906036194658,-1.479550439222258,-0.6299131522710892,-1.3624185350522093,-0.19739548199195855,-0.13779885585006602,-0.07722465307006443,-0.4280078191997849,2.9522681527001193,0.35418682998273265,-0.8330112015947058,-1.0904429815404366,0.554255492235999,-0.22908659512554852,-0.6015932444889911,-1.1884766303489578,1.8498061002224375,1.0893417698375218,0.458072940041371,0.40739828607739215
-0.4311987556279502,-0.4469721081181972,-0.8343066629621898,-0.9459794329231213,-0.07292786650274685,0.025419742697889713,-1.4860117934723276,-1.4923656005379475,1.9365414366402458,0.5229586723920425,-1.4946110582449084,-1.4953592601631152,0.6777656409411494,0.7394694916888658,0.4103901256089051,-0.5621715030740484,2.023120858189441,1.4679665875327004,-0.37382102125658667,-0.46655726977352474,-1.5013433712806834,-1.5091933508274278,-0.306255909976346,0.5220406224415348,-0.5234858490431842,0.862042666858915,-0.147642199264157,0.5567757448153241,0.10707577293624926,1.5491602608580113,-0.6658054619235578,1.13828901153345,0.05594609395674288,-0.3075086829797806,-0.18138548079327332,1.348725491166146,-0.0492767835374881,0.28997188880342284,1.1675582051271087,0.7636400947000079
-0.18492588609560467,-0.2666973942760946,-0.46570029176067695,-0.6069604513698366,-0.5606966273603184,-0.6422340733719873,-1.4835805826918111,-1.4971715758501603,2.5396034505071725,0.6354171424446995,-1.4817854424391486,-1.500674785717274,0.8387891822464297,3.025475428162479,-0.12409542020445263,-0.3421169530426331,-0.39717274791559554,-0.5864694537753219,-0.18200375147699743,-0.7571618066161707,-1.5050420631266246,-1.5092020330131117,-0.6567164640719918,0.018462823031097475,0.46622850142272165,-0.9386112963547735,-0.5571728576576969,-1.1184956449892969,-0.9169003362486365,-0.5416412093491272,-0.17519458678498268,-0.27238634096232595,-0.9317290443671244,-0.9588758780672757,-0.5117231781698086,-0.018430102031729678,0.4510760420988986,-0.36532538122392744,-0.5634680789695734,-1.2889316709473837
0.23115336900240058,-0.7216466314411858,0.5089372367683689,-0.8850321256125024,-0.8964971032110443,0.6416503734583001,-1.4156425551137435,-1.4079749904137895,-0.7469160218840925,-0.6203630843416765,-1.462555961312977,-1.4973127443646876,0.01841198039871017,-0.3235692703596591,-0.13173262907742123,-0.14599132135297,-0.1474563787476333,-0.30238801627165524,-0.851781404285405,0.27108356177536885,-1.4945705105925693,-1.4971876679992078,-0.14608693953553153,-1.0980990969806195,-1.0019587154847425,-0.3731970830615068,-0.5444564098655968,0.8508785537773922,0.0010104077445554083,-0.5215163300569703,-0.28645102520564336,-0.4639440448116132,-0.818384681156469,-0.503080522338613,-0.5680466013632999,-0.20374267323283002,-0.14791945398211137,0.524223394062961,-0.5293414205702818,0.06853504029092461
-0.09805239924423326,-0.5752723373939959,-0.3562591145064151,-0.016552592642218755,-0.6360282473499232,-0.2308167731547952,-1.4773748056104439,-1.4948580408692516,-0.4979755982552625,-0.36500080227291276,-1.4817637722383494,-1.4779379832196344,-1.277249309139894,-1.0081102707026608,0.17011182890957954,-1.1657657203979284,-0.8351746786287779,-0.8273929576700274,-0.5965429008877852,-1.0123753443489163,-1.5057140242648963,-1.503806703642819,-0.5894501709852888,-0.821451860276365,-0.7010149451549879,-0.9113178521249723,1.0388814247767133,0.2869548399019113,0.41822272649476755,-0.348094313498335,-0.6372242765987015,-0.360673998242373,-0.8246485859781103,-0.9408326756314973,-0.33035244426675137,-0.2954387495766877,-1.0979240386823423,-0.15441852373723464,-0.32852782994349816,0.7535482371731002
0.012379334176359169,-0.1797672827394159,-0.014152275198130226,-0.37586638560747687,0.3666290133691361,-0.25405773393227005,-1.4177072517249147,-1.422869913991966,0.7817091965839236,0.8155052725871466,-1.4564319464415103,-1.4458442331662889,0.3926674970422477,-0.5602364292900512,0.01429141140849488,-0.5981110439535846,-1.0543063074665304,0.20587600083509594,0.3402275766322189,-1.2604689906879811,-1.4224713036169703,-1.4370833790143864,-0.517652176397358,-0.19907534491885004,1.2374329135442057,-0.8756014300884445,-0.3191420359132273,0.804259461055465,-0.13150439864109664,0.22222397575779862,-0.3165561703624711,-0.024378862440685545,0.31939791940696605,0.681700457753776,0.6732420029100172,1.4085689607512464,-0.5887482205214498,-0.2044687693055085,0.02115048751868409,0.7380212816139258
0.5943095201031867,-0.7765092112219159,0.010754044058268963,-0.19087638964138032,-0.27040582934622703,-0.21290345138466904,-1.4476324193259271,-1.4665758101418074,-1.2465039740786314,-0.852347997417108,-1.4932644556471495,-1.496882953487137,-0.11842439068157962,1.265930570836014,-1.3151225021107464,-0.24889112213113718,-1.4071764317816389,-1.2949009526397521,0.1624510553893157,-0.1732587229073812,-1.502004853895272,-1.502950753524557,-0.8526056249670346,-1.3675650235606218,-0.20054084056920907,0.5699744073646835,-0.9421603929062368,-0.6633269143308183,-1.0405485713733897,-0.9004783911140875,-1.203038550767653,-0.595062615246774,-0.7390638097648767,-0.7433517118430917,-0.5715630788720807,-0.4482816296719676,-0.5602271614178105,-0.6886273723806919,-0.4760787875395778,-0.9574703683361458
0.32285616160573305,1.328333382028112,0.22012241464245008,-0.8075683508573173,-0.301144629047565,-0.09768496223355516,-1.477398023084913,-1.4862742121760952,0.4647751873002237,0.15012135074667698,-1.447632210142713,-1.4454041045428527,-0.009464426473081655,4.575730642123859,1.1306004759008577,0.12671523911743598,-0.626827756604194,-0.8089077476675586,-0.8454243602359277,-0.6610791523339143,-1.4723595137948762,-1.4737177579568679,-0.8607792393117215,0.08393312479389126,-0.6133637823004543,-0.6901177930600912,-0.3693247628111429,-1.0286439632153048,0.4344909248780695,-0.43284292936731816,-0.17338440439447078,-0.16163193700282363,0.07338295187354005,-0.4119167518281941,-0.5354272884025795,-0.3893871112752634,-0.3242961806729703,-1.246576557165271,-0.9071231204489814,-1.0459664549138907
2.00754281114704,0.37815219359923713,0.30141553179340486,-0.818437224074712,-0.7227493047181563,-0.5407819815538044,-1.4924432482402608,-1.495377767938151,-0.7183079499606291,-1.2407206887203728,-1.5029254002623715,-1.514415296906176,-0.5066609368903112,0.2632192773470088,-0.009636161976536162,-1.0546447723681154,-1.4004413150652388,-0.9275097135776278,-0.5546547678203781,-1.4994534077963997,-1.503863427135972,-1.5056465534870203,-0.7490184843825571,-0.3643088633307565,-0.11388241916816133,0.17347702519048092,-0.01031599063296973,-0.7870274731188838,-1.3423780098013482,-0.7987520466835343,-0.4179977221941211,1.7370454979703336,-0.5630106422129799,0.6589262304883499,-1.4528529906432077,-1.361853240781798,-1.1737534770373177,-1.37387674488727,-0.0892633773716427,-1.0147869348720626
1.6919256046647924,-0.7574594060744175,-0.5275066553581822,-0.8405911057082287,-0.220564425001891,-0.9007567352306745,-1.339130621462092,-1.3443518444484022,-0.21784260567242608,1.7128683277733572,-1.416228800831996,-1.400265788878782,-1.0637731953021592,-1.0674642288899776,0.35684260919583455,-0.46093173867966497,0.024556698889727446,-1.1007656763391966,-0.5935181259317495,-0.2798875432938366,-1.3440972506729605,-1.3362676848972326,0.27648478385743935,0.29476803518203454,-0.31905902393047914,-1.1481048153608355,0.18087773133534446,0.7597761261102445,-0.6525673405056747,-0.0947260867811428,2.7737620172875745,0.19380182574002758,-1.051874322655219,-1.1807796221143074,0.11964173098444641,-0.42763400264808205,-0.31695971642320186,-1.1161564081936255,-0.7070161485759696,-0.6882286831727393
0.2293127842662459,-0.1135690980012356,0.1348444988997155,-0.3371986212386999,-0.5554339688121179,-0.7064437114181121,-1.4505879321764956,-1.4673044240281394,-0.8748177705311382,-0.7273422759092485,-1.4893824215485143,-1.4928969856458045,0.3750045068282968,3.9397688625144136,0.0027215571970398145,-0.9286220504197327,-0.5735025244092431,-0.5398369589040795,-0.1419187863775151,-0.9902330537097126,-1.500029842376164,-1.502162963904642,-0.450700238806943,-0.5443489450871435,0.4177779992030177,-0.8075914010745775,-0.6606505525390487,-0.48270962072507784,3.16491151191751,0.8724602768263012,0.5692057902965053,-0.08517056469254713,0.38991478385153044,0.03832373230985198,0.37559822820488575,-0.1590429202280923,0.9021327927536102,-0.3404072600724324,-0.48915474730503394,-0.7468349798715419
-0.1811106264530844,-0.46856264806677794,0.6885191189615569,-0.4153221454127869,-1.0348930484486214,0.07714874306894304,-0.8522992114747185,-1.345058737085406,-0.5840018898372912,-0.9919093301659219,-1.3935500681123851,-1.395533072805431,-0.5157320827688499,0.4500252817440846,0.15608112749339842,-0.5113540435358113,-0.1912404874684781,-0.5118729618977018,-0.8006185752621882,-0.8384576807487396,-1.4339136262190617,-1.4385213648772401,-0.3692793752417294,-0.8163483142956123,-0.8286442035636963,-1.194638241490425,-0.537240564261547,-1.1975137179630777,-1.0483786281278236,-1.1845496677365033,0.205940798369185,0.3368113709578484,-0.24663463977891587,-0.3313813672840733,-0.6878256763865225,-0.4236383487931352,-0.879724138200181,-0.9565772367223557,-1.0382199105355308,-1.0190857263450446
1.0550627986891739,0.22163686547696404,-0.26530441735262533,0.20154870209564058,1.6621967392083459,-0.592132469007622,-1.3473837626655256,-1.4222005886619762,-1.0841083564436629,-0.5457284294134697,-1.491338539352901,-1.5003682024566387,2.6235788208990787,2.6266504918724705,-0.11240429659905082,0.30268319328519233,-0.5299351392827241,-0.5504523220300435,-0.157200055396292,-0.48242705794818885,-1.4832726638344709,-1.4795789939616626,0.028947114564971788,-1.1609054818399287,0.03881572026938995,-0.0679271890986266,-0.4487640770816821,-0.2713458770286734,0.14549827067013865,-0.33603000728122323,-0.3672472419222901,-0.18034516331753148,-0.7466656761608914,-0.6534098727017867,0.01977742917313341,-0.8505252084206179,0.19610714107897476,0.6383195234401429,-0.7768268010852948,-0.05562920646901448
-0.20924278785627903,-0.7476182084279799,-0.9680066750483971,-0.6384217774992949,-0.30966955950981134,0.049101217298507915,-1.2354722202562063,-1.3127171257171046,-1.1142067400356799,-0.8379263163222377,-1.34998266366615,-1.331067633784541,-0.812889121727721,-0.5677655167595512,-0.01336703761036162,-0.7722017240514312,-0.08874133057132072,-0.8724300893410994,-0.6016233447916237,0.22892177505668876,-1.3505474624540288,-1.3753716766520367,-0.34581688141361866,-1.3173495847891952,-1.141546983682869,-1.1393636331057906,0.08633127888341496,-0.5251647321168176,-0.7915888752143814,0.4207330134372538,-0.17532892807909883,-0.5336592224742063,-0.5613397212837934,-0.5466969992374233,-0.9037164952438648,-0.6870195373070009,1.1569676156968587,0.05196911477487465,1.220463993151883,-0.1401534727061886
0.4927830501529744,1.0455267830436012,-0.6927855399400569,-0.295066866807681,-1.2557182875340727,-0.7368883800319042,-1.4912296970866372,-1.4969993596443072,-0.6569432572029843,-1.068391275053103,-1.4986799077829684,-1.511318458053964,-0.604308432746353,-1.2774556287737115,0.5046315178336469,-0.9034669066498182,-0.5526038347572273,-1.098485670144343,-0.09534602187187113,-0.6134904838349837,-1.509269759929891,-1.510255369218308,0.34453480644254286,-1.413068825421684,-0.33222971077682883,-0.5925342683003034,-0.26417162124735727,-0.16392072475086206,-1.079464358096974,-0.17926499488897152,-0.8507363607462715,-0.2916600179778528,-0.7902464771096964,-1.1640420574937589,-1.4651057814556754,-1.1550932521295065,-0.032826469132039016,-1.2959751112264701,-1.2644695430447506,-1.0885370513268504
1.2436478634000618,-0.6699936252405463,-0.8030596856454859,-1.0986703028664029,-0.2886081380989114,-0.23715955037722214,-1.4696674113609196,-1.477622024286655,-0.5146870506160299,-0.9786282910921118,-1.4948099350120336,-1.5013956878815107,0.560938285000752,-0.18207726002966762,0.2732291751764042,-0.669017592971846,-0.5898791597223418,-0.11113569577087024,-0.054956807288112586,0.9446155261623916,-1.50741264974049,-1.5074140716547204,-0.014905721850073661,-0.9374204392146783,0.09638418465505394,-0.6769922135382886,-0.522589662366634,-0.4310031106696184,-1.1991900863519824,-1.0563171963812534,-0.5387168421948814,-0.8859193995728449,-1.0413228314414487,-1.021554517286775,-0.7343457003678671,-1.0412602603576258,2.10951003696485,1.4784022685544151,-0.8831038905502808,-0.36464642785385104
-0.1838481587711489,-0.36362173871899417,-0.4146122325522814,-0.5149342150986467,-0.4300881603902038,-0.11569129764719666,-1.3148612830855249,-1.3428553405474932,-1.180464200539911,-1.298116883966745,-1.3417390220830059,-1.383058752354981,-0.9081957437833053,-1.1573902745830469,-0.5115498709700148,-0.19958913418121416,-1.038660225819689,-1.039291471227271,0.14627774422828033,-0.6684174255332267,-1.3277980238290334,-1.3360576335511938,-0.7921062208013789,-1.152879358144427,0.16053446018496542,-1.2363077698496399,0.07144349917369519,0.28371064881987484,-0.3628691169464058,-0.5995952693531601,0.41820057459471904,-0.6621242861614771,-1.007006798560284,-1.01325695872241,-0.19420820638508207,-0.5407521106256139,-0.5148458128137223,-0.475590047313903,-0.6270386498047333,0.1959093739481328
1.2670392117970746,-0.9893434234781049,-0.33797146355381447,0.07201385727086551,-0.4269766151440382,0.8852966538990383,-1.4894778192627165,-1.50308680523514,-0.8190969217847428,-0.9349165268141864,-1.5033588155931852,-1.5052341836578051,-0.27844600938218633,-1.0845242447293728,-0.304603112583115,-0.9699794371853003,-0.6443287056231544,-0.8829257702283617,-0.8638568767741712,-1.2686127846414899,-1.5083782661975977,-1.5113459357105037,-0.31724215264237676,-1.244832180057985,0.3572043808349772,-0.9191921026284757,-0.644322980422046,-0.4895084645802421,-0.9891214254466973,-0.638335080758746,0.44561819152775994,-0.20598683738752976,-1.3190382763386617,-1.1930547009858612,-1.208204544055126,-1.2404662314495616,-0.4395144577883352,-0.670495351232149,-0.795110945671782,-0.805001790198892
-0.3199133887463823,-0.5485342258108545,-0.2884815652518733,-0.7483990091559583,-0.10366103577212238,-0.4823495518689027,-1.4514086445355416,-1.4552648958345673,-0.40620756426577254,0.10635666752167694,-1.4411320904971179,-1.4216127147254314,0.19365564396757273,-0.2225366502534354,0.03332101276906041,-0.9175143347287484,-0.44750215452292386,-0.06038029825671565,-0.9609881337782311,-0.6682433494895923,-1.4234409585163879,-1.4242774449487985,-0.24180270421060834,-0.16376066487487906,-0.20427422152805885,-1.0932078371239358,0.563644351637179,0.6131273157797961,-0.26233493097020943,0.021533937823351668,-0.03837533296708351,0.1190656523390703,-0.32279080032868146,0.05247145395849406,0.9225838341470665,0.8138591531997323,-0.6110199062974355,-0.6243662085463391,-0.6752449184249611,0.00854843160461316
-0.546259701150432,-0.6177279291616831,-1.6774177304678064,-1.2056654537567388,1.0725940152384315,0.5578401977525798,-1.490128814999139,-1.5019028932689449,0.8423802387767045,0.1379046074160346,-1.4928033728134313,-1.5070246218001497,-1.5432960827051547,-1.2138761257894342,0.25829529652554095,0.14156292695184636,0.9643971505970019,-0.2589089843824035,-1.4534725300299156,-1.354806754319184,-1.5031573552804205,-1.5093077133609685,-0.41400312340446277,0.2856045321793812,-1.3013627759872202,-0.20983797831002793,1.2764986606749247,1.1269693612975207,-1.0686475413234884,0.34161747265986886,-0.9081536647350874,-0.4004985783125772,-0.46577519694332636,0.0030562933226661038,-0.5487439389843121,0.04915956174217673,-1.5273775218210914,-1.3186184085697135,-0.3946085866919615,-1.2282135514341075
-0.03957265069671401,0.4741158514398731,-0.4029812304305329,-0.4852264040470473,0.3980535180854048,0.9069413219585565,-1.4351365860427452,-1.4348168840097084,0.27188203120058807,0.2249818633889631,-1.4675361042841262,-1.4587611598445334,-0.05348559281371967,-0.5085059241376015,-0.12172810747854035,0.4521536733553666,1.0400491462515271,0.5350855279399598,0.017359993248671213,0.16091448949540954,-1.4692389577944271,-1.4828885289201197,-0.20156845013685576,0.2053151194213778,-0.05124925457790219,0.5192153287741994,-0.11979892279563309,0.3738479965371355,-0.4294587370630869,0.5344491239361351,-0.5068874995500665,-0.020878631805343772,-0.9522613819806631,-0.9202341464144981,1.0441133136306018,-0.25010775144138186,0.6361150529483277,0.9238655662302024,-0.8806766087355236,-0.31413276544225655
0.05813007120914371,0.7756396584942062,-0.3728188781710289,0.4565250151107145,-0.3374233911110549,-0.6546486025516511,-1.4720460234741761,-1.4934232558455052,0.562875794325794,1.2384337634610292,-1.4788709343288111,-1.5076349594764547,-0.51640779931782,2.06199767232377,1.2067907453182993,-0.5870528455264963,0.09461432794413538,0.5651684760461206,-0.2581572295960437,-0.6754525234356219,-1.5004815642908182,-1.5041789098096425,-0.5301093368057721,-0.6769277303719585,-0.6492492836118631,-0.271002462058306,-0.8173429908772185,-0.6811977543045882,0.605837602728708,0.876459005104306,-0.7209216878485725,-0.0645544470049253,0.7134193525605252,1.0094644334953031,0.06127044188413899,0.36318349604001465,3.9404485126401525,1.7219478647562756,0.07266521467671527,-0.7770245983495894
1.748320198760978,-0.08065092973814547,0.2192105609265571,0.11822028616144564,-0.7242993908764608,-0.4600652544148929,-1.4886322479736775,-1.4901131192245891,1.1711252381112418,0.9036272426048795,-1.4844578121088137,-1.4948634979185018,-0.09077729432968429,-1.3183662682255328,1.372856199975355,-0.9972636221608093,-0.28341165327894124,0.4596502394450783,-0.31799735467324464,-0.9270571055784083,-1.5040821291293303,-1.5075520419167763,-0.6935407121397761,-0.07936947593659793,0.5482629736299756,-1.2602436031647541,-0.6759345003264858,-0.5537192885878897,-0.9384275736478918,-0.6924548521576206,-0.5897916015436886,1.7387175921857132,-1.0597869872748737,-1.0355337069268074,-1.163466906377918,-1.00590020445743,-0.4700043935202203,-0.9085453468663873,0.09687636689249546,-0.32080797917962345
-0.09519643899056263,-0.49504711751434405,-1.3833634648446271,-1.4475753585560696,-1.12356279266144,1.883666872315981,-1.4013582446955994,-1.3872733504632948,-1.720782234104421,-1.8264866712587555,-1.4188963653370115,-1.4684433368587748,-1.2734901728848396,-1.524318410352298,-0.17643986061616257,-1.1524802164580876,-0.05146853884064395,-1.5609602181064097,-1.1328162733316305,-0.8466587881907115,-1.4675675506897674,-1.4769922127196733,-0.5639959115933317,-1.7413441113696304,-1.2555870061670082,-1.5881177379180471,-0.2053018770143491,-1.633052978621015,-0.9945291477716203,-1.300334174479604,-1.1078364605102902,-0.9608764010388882,-0.7443907862843071,-0.753889047326187,-1.321839586160792,-1.671368813954572,-1.5362532253237362,-1.3353095105579056,-0.8074943017849505,-1.286797081099223
-0.3860263638544028,0.3565205467100441,-1.3903806625301027,-1.1907794480583818,-0.5443731457735481,-0.10704065054839429,-1.4845644026992837,-1.4986969847872622,-1.2031507792955245,-0.8024286033928019,-1.5024722596440803,-1.5069518340637342,-0.930375989002739,-1.4085007193062553,-0.5258291390567402,-0.3886213273387944,0.9258376637320329,-0.960002801923121,-1.0342990464347663,-1.0261709161040506,-1.510661089736124,-1.5089598966030209,-0.19880833550066512,-1.1275943414789897,-0.7259475373173507,-1.0554009753485767,0.34152609769681685,-0.9910449246364221,-0.8419362344919552,-0.2956478778376215,-0.10425550286040375,-0.5172452951084923,-1.3543979684436696,-1.3291298720705897,-0.9628428387128967,-1.2507143147365696,-0.995437102058832,-1.296698294277992,0.2548418852292862,-1.0238910689313918
2.6743461754949633,0.6225504804083237,-0.7749810610075434,-0.700199545058577,-0.4606983171032235,-0.9498920853028969,-1.4925888951478306,-1.5057769125973093,-1.6373135220346742,-1.4839946375033888,-1.502199655080323,-1.5095314778729931,-0.6162901789486552,1.0764181845734244,-0.11930708554877656,-0.19258235003472723,-0.595388113878371,-1.392872178911852,-1.5364633723072203,-1.022207189678305,-1.5106175475787678,-1.5150632727211661,-0.9798633428669148,-1.4017585677745865,-1.1681847755397579,-1.4467098968473575,-0.8123093689686245,-1.003650030433448,-1.465070840906451,-1.4457201925966154,-0.2504886628172649,-1.2494151866408287,-1.0158210695111962,-0.9610432263124671,-0.6958205963645976,-0.9254247465379191,-1.5315408903990995,-1.5289941185847629,-0.9154165553983633,-0.8869032936777979
-0.32662641002503356,-0.7203534820912778,0.17381988646778757,-0.6965320476260377,-0.3886619739664021,0.4986023007364766,-1.4194952378567405,-1.391540133667988,-0.4374306273028177,0.40256194846196447,-1.444989850603276,-1.4584275711222112,-1.0947109893603106,-0.6745863651624515,1.0103671394984692,-0.431137051214888,-0.392463257005645,-1.0371475481666763,-0.4140453104706916,-1.2346189570638284,-1.3700788941634552,-1.387510280261631,-0.5246579217377372,-0.753481794606357,1.2951637544641796,-0.6007541637509739,0.16459662442569112,-1.2028561167161744,-0.4228071807671028,-0.3543710894165977,-0.5633339175443641,-0.10696085333708893,-0.7453276201130206,-0.791325800354032,-0.7443703966730677,-0.9394037276075675,-0.35763335264601537,-1.0600787991504468,-0.09357522185282585,-0.7171364040552048
3.504759907146722,1.0173983677509506,-0.4914035476388503,-0.37552003602145323,-0.6941800466575092,-0.5353921505202957,-1.488730703990129,-1.5054421208456303,-0.594385267109343,-0.7234433033338874,-1.4982098142236566,-1.5028167175471552,-0.9471261654990815,-0.22435556061049633,-0.2275611148970631,-0.4507871866295359,-0.010108467388927345,-1.1531473593511645,-0.5917335859962636,-0.6093985524568475,-1.5110372957527909,-1.5132152509671204,-0.8342510012205127,-0.975422526591708,-0.8628210068898161,-0.4449619972917547,0.15526922201912896,-1.2717354256047837,0.4560321964550349,0.5299124156233499,-0.94094449579524,-0.9867975486816984,-0.9789423665097416,-0.7848895351278076,-0.21860899234456133,-0.5823525014430384,-0.04083877992433038,-0.3367757729557086,-1.0959126022251922,-0.9536678769645985
-0.12380280727168991,-0.5111099298157691,-1.2146336810362153,-1.1515403354313567,-0.9886319390118703,0.0034298821933602675,-1.4940189827098795,-1.5026353170048747,-0.7766536330123337,-0.5899198060503452,-1.4900249077808887,-1.4810376366830713,-0.8240089199497387,-0.9588839633684065,-0.8155021313511783,-0.5702466655206959,-1.0416321201299539,-0.22496569808629285,0.05936800181283708,-0.6264033901165442,-1.5106634066290263,-1.515667825682884,-0.17951188071531332,-0.7641554334148868,-0.38264537094644036,0.6420070012685937,-0.5633783494949487,-1.0784166318001962,0.7948315133216481,0.7181284079258319,-0.11464009339886871,-1.0884093964155483,-0.2231324086727411,0.1763214246408813,-0.4602565687217206,0.37027432176103137,3.510597700806165,1.6601063504328195,-1.142363541908808,-0.21012363745693463
-0.4448214031434401,0.061238454777624796,-0.3875044648114949,-0.27448611704295667,-0.4963434931998423,0.13597310129847617,-1.3927644735298033,-1.3896632474663904,-0.997062249822859,-0.7885518783560084,-1.4515877895945979,-1.4568231173356017,-0.6631316737237349,-1.2162532325276323,-0.15008103342101276,0.18229285894528147,-0.012682887280845101,-0.7347468245132123,-0.8194492993444018,-0.5488533301601182,-1.5039918209885172,-1.510624196018564,-0.4884611608810494,-1.1674054104058098,-0.7196099138004834,-0.9385524891043371,-0.4771198501264333,-0.011567390924837717,0.6412072772384527,-0.18060093970237645,-0.5492384247611155,0.4420297696336952,2.732170736842461,2.0580810117934023,0.9530299669141513,2.048619779244639,0.34447629736307883,-0.3494144011753826,0.28344289013437285,0.15649305571656447
-0.38158416492125236,-0.8616625605190094,-0.8325265232137404,-0.9673099637069384,-0.12806544950151144,-0.2199061487613898,-1.4964479961874184,-1.5097294102166017,-1.3682379220068974,-1.2602651643426965,-1.5087619974000197,-1.5108912771511671,0.09809899103818154,-1.1352144767408523,0.08074263270690318,-1.463927038568827,-0.6635204762242353,-1.1260055683914665,0.023820726101203338,-0.9877245749914372,-1.5058043100189,-1.5058722676058929,0.09162321898090431,-1.1030511663232916,-0.5444028571761517,-1.137806674567479,-1.0215259070468972,-1.1231467634106809,-1.2933023970793314,-1.4654743633684,-0.9377983816076343,-0.883355419761541,-1.159697070735715,-0.9956973763980432,-1.0080989910214762,-0.9809602530623986,-0.5712680162865129,-1.2163760253085762,-0.9311272608116057,-0.9370900901094439
-1.0055688378462735,0.01615151472722376,-0.7281198317141033,-1.3901514091432934,0.11320300307939934,-0.4549743637577115,-1.2109075691170612,-1.2681297339680242,-1.3370113949647087,-1.334275034665121,-1.4639296150986398,-1.4650436031878125,-0.7741645825733694,0.9152033859353907,-0.5115695664237161,1.2809311373306933,-1.4389163345619136,-1.1927648109266207,-0.9329834889387305,-1.4659330708731082,-1.5039682506635283,-1.5098250235854178,0.9475074539016184,-1.479031532964313,-0.9394148521807573,1.7519811624749115,-0.5499478140874117,-1.270172974727479,-1.2589577705310777,-1.0371214364476846,-0.5922533074071272,-1.4237295717432565,-0.5980539433470438,-1.049212215546485,-1.1520460941952624,-1.5335618517795828,-1.4723945787555357,-1.4134946476676171,-1.7397251312122217,-1.2283434956849824
2.1756584834171866,0.6329920416632016,-0.24631921482905872,-1.4035079004456656,-0.05614844806658459,0.6162664107939131,-1.4321562358060198,-1.46013994397858,1.2585946209510261,-0.6464365140006825,-1.5057118352412642,-1.5103475552117651,-0.7216252350481449,-0.9610149224962079,0.5550734236942061,-0.5456330420061102,-0.09727770098917343,-0.7497279237729035,-0.4245357468213027,0.4350834145206406,-1.5083633112393977,-1.5115691209765694,-0.5558543504885449,-1.2342407751483935,-0.22326332159709317,-0.3664154381646867,0.5251173594541445,-0.7761350987222233,-0.01267235888316387,0.6717071257245029,-0.19238608291639903,-1.2764001499140702,-0.989302519770658,-0.863701715327287,-0.3304089538304438,-0.5728056516730171,-0.7316519364972973,1.0415596427703182,-0.9484805067407907,0.39223059930338966
-0.17031720690397023,-0.5829823509471757,-0.40542294391929623,-0.39588240292848464,-0.9957303452686377,-1.1587107011586857,0.23327895786092423,-0.5765791677449239,-1.084973694301296,-0.6901233299666494,-1.4329933945581856,-1.4163455536270648,1.3637673540762592,-0.7598567986473581,-0.2273763527932,-0.9709279170007266,-0.9907891541972611,-1.173111449273891,-0.28910583213587904,0.9689023320946464,-1.4647521968112591,-1.4641943641546287,-1.2804327172434655,-1.0588172321509455,-1.3267985688657944,-0.21743092303529332,-0.25575427352669866,0.23798608049831582,0.13126343188889855,0.38415407629325804,0.42139395922400524,-1.1856208424042562,-1.3223359567618185,0.0807969602277443,-0.8255213000276895,3.2447307742136857,-0.8326956373306631,3.0189028423008377,0.0934363228745827,0.023145551677734577
-0.45825751909919354,-1.065051037120194,-1.1759965399924324,-1.1656328114186565,-1.0787030239075517,0.49508937871095915,-0.5936625421170185,-0.907032944581057,-0.8774170995921522,-0.9645894909659711,-1.4687355652076404,-1.4842816533717749,-0.8691149354220102,0.8712690229369078,-0.45957183921287825,-0.4379507758796386,-1.16680245264829,-0.7964981459360043,-0.7568648684601991,-0.548385609332183,-1.512290723817334,-1.5142189462566509,-0.5804168150672275,-1.1418008641884483,-1.017610771830787,-0.7805022369195038,-1.0370642520467834,-1.168069955784538,-0.8179529788444522,-0.9241895887924549,0.033735715316614456,-0.42024775517335655,-0.6648035508105492,-0.679198346357198,-0.8662362876666085,-0.8935760600922587,-0.859997998973336,-0.6585236079805674,-0.6402413437931811,-0.34074743497669635
-0.16912719480340943,0.06726576913873705,3.361871217730572,0.3046665495733256,-0.8175736925701771,-0.26389427636012686,-0.4290698334478811,-0.23735106534870987,-1.127087370661847,-1.0536882845125495,-1.157241943921209,-1.3516652562827345,-0.8459359763493746,-1.1865426192496997,-0.4617232101284521,4.847960785018424,-0.28854592771485654,-1.329456511208685,-1.3982142002485582,-0.5444176755808154,-1.5130575781010416,-1.512094931149013,0.011020985993545285,-1.3287820327545832,-0.4301572456546028,-1.2927868122332407,0.20575187388670457,-0.3731338968656881,-0.1909926831158315,-0.37392358601061515,-0.18363683100028183,-0.8689276193858841,4.932170354975455,5.10058451984391,0.9257735789696477,2.9168684966942156,-0.527071463008117,-0.7333846105588582,-0.20866047539614696,-0.22644363873014806
-0.2018857897322741,0.5613954022362151,-0.8922639128197343,0.14741362465958963,2.3156392540646973,0.2887341312437912,-0.11822637383504997,2.29571935502884,-0.5838702393202451,-0.8114246514399275,-1.0630480724319291,-0.9870992133861733,-0.5014066787341416,0.6869505802006346,0.08705398089593253,0.5570411237103139,-0.5741762829128274,-0.7373688867418715,-0.35473553678376657,-0.09666675804885783,-1.389003589153736,-1.400239135495206,-0.7202182067281444,-0.6225755363381436,-0.9094615894578393,-0.3316195501269501,-0.60057404820882,-0.7320838091278263,-0.2832522501979886,-0.7367021879304878,2.33348704455649,-0.33735209445235625,-0.9713350909909026,-1.097197879395737,-0.893821978210835,-1.0357532131401852,-0.6486662042575517,-0.7770525456018831,-0.7487497269331196,-1.0605331520195855
0.02774475580544511,-0.6110690246697645,-0.9134483673923217,-0.3689265942634683,1.5575206059937532,-0.15119509973623613,-0.2562533771547155,-0.754976048692217,5.168651573975229,-0.7244469744577953,-1.0728148389552294,-1.2296843616891586,-1.0649859348328647,4.224847253700078,0.552681800583164,-0.664559708174338,-1.0526469747816785,1.4773861924122436,-0.877041804275974,0.32383192923025383,-1.518550696083372,-1.5213492990422546,-1.0837729240799003,-0.5566921960827669,-0.6494128811806394,2.2373762610164203,-0.10808003924553766,0.8608378406161803,-0.0959187966884203,3.2665621480089033,-0.9440540391268866,-0.025104365567120812,-0.9888823030077671,-0.9458354169222534,-1.0563581620672087,-1.2704381615186877,3.7492354271275463,2.458814946402615,-0.9184102688119671,1.539069125142996
0.597017962980912,-0.7079163307387422,-0.8143616019079056,-0.6466659117845728,0.5971160829352886,-0.4210283059528148,0.3154443387551904,-0.8925098059376095,0.4330524332611567,0.0361383332137275,-0.5933910369428124,-0.5188954992813652,2.8092193124619973,9.978709541230282,2.350078910552777,-0.36513392862115346,-1.0622358352014767,-0.5546493015289213,0.35939903145150076,0.22146010427019247,-1.5042760875807362,-1.5069174185169165,0.11490309568979962,-1.0209699751290384,1.1742718632060871,1.163026638725933,-0.2969449313022827,-1.056366634248004,-0.18741689165487863,-0.2858287864906437,-0.19054279552720121,-0.6264738234750205,-0.47423593958502597,1.0255602877997427,-0.4032082189258439,-0.29130222014830087,0.4357934933457721,-0.9207387162322251,-0.26111015421878925,-0.5255710573606276
0.1199170082007548,-0.6279976399548213,-1.2078495845682498,-0.2387994023985791,1.4911161401358362,-0.4500311358598381,-0.12043457298853433,-0.7530010899148509,-0.9386868819910203,-0.3161180440636091,-0.738926802708999,-0.3155453541633362,0.25131113247915016,-0.43106520751882416,-0.9059619768441185,0.0059305092008252736,-0.7139159170972773,-0.8060916057485192,-0.8667356244455622,-0.8283731231374736,-1.3769747451829313,-1.3929485900618817,-0.6085471050398397,-0.8229551952859913,-0.466802574416767,-0.7867866131693337,1.2316500668381654,-0.4471551321035174,-0.29363653481897867,-0.9446589692291218,0.6812095842462402,-0.6655657543218805,1.2443256407495653,0.939668218811025,-0.00924961624038545,-0.20019904424287427,-0.6926838057002378,-0.9479501743426137,-0.85636758272907,-0.6800141070147525
-0.6813834838272124,-0.444011604332335,-0.5909078382211526,-0.3818370832558329,-0.5103221870293146,-0.3133307422176088,-0.6406053160503355,-0.5505867682868022,-0.7235843303177774,-1.2780163588964149,-0.8903993459486514,-0.9659588255723355,4.524994158754227,2.156619891177682,2.664927690393135,-0.6150027089299757,-1.1246193833077067,-0.3155365735446729,0.7711337731357153,-0.6395288429410839,-1.5034852820979672,-1.50641098229497,-0.3944571933675731,-0.6022025170278935,-0.8654288632482614,-0.7353653300249325,1.6210346425539033,0.6528135834920397,-0.9083786495062829,-0.23401416311596046,-0.9211280200629082,-0.9874520523932837,-0.4714104258766265,0.06955486588310844,0.5344069623162202,0.07387592639909935,1.4598267449686535,-0.2976574807716146,0.01572925512748924,0.07935356901619439
-0.775407652007603,-0.423805412289596,-0.2715604961379876,-0.49409552806551593,0.09259991612442864,-0.4979820123630083,1.1921403838243405,1.454249671145858,-0.5339205122440278,-1.2145867297253221,-1.153286546312926,-1.3419086078555877,8.400168459691502,2.3030611600929767,-0.16507264907425867,0.13125345343325012,-0.7167545137552418,-0.3835246840319617,-0.12013226543168232,2.179146716666766,-1.5180318466744158,-1.5213384164551942,0.5057241359516564,-0.9163581325961885,0.29733560086994304,-0.6993688742864768,0.3328691894302933,3.147473146341108,-1.1884886450394996,-0.38075383835289855,-1.231703092133116,-0.9201039309561447,-0.6236405417529114,-0.3228116915714021,-0.526292397261928,-0.3921611213956435,-0.8756022225716924,2.424038910023472,-1.132356497207187,1.4680349715484597
-0.3656575899184049,-0.7391154311937034,-1.1424270085544883,-1.2280469926926025,-0.8524792576885343,-0.6013785263235571,0.23322595366993815,0.40422888387290756,-0.5431324346953881,-1.3404581393826054,-0.7595871499791707,-1.1382733122524522,1.2615141226022333,7.065076927678364,-0.5558763075620243,-0.5378674716275751,-0.9052460739983621,-0.4622255978017389,-1.0189529204635823,-1.0036325614435468,-1.517938326925027,-1.5203194940142937,-0.3566038645305296,-0.8654806405841828,0.07719100864713635,-0.63877789146246,-0.7088671883177469,-0.8504129482134628,-1.2658885603065624,-0.42629415049143526,-0.21379752232076843,-1.4447607122015396,-1.2093578608537192,-0.9889325867710861,-1.1916647249867498,-1.0503505900915509,-0.42393951174098854,-1.0587840904306378,0.426470056868828,-1.299359591679976
-0.4473589120057304,-0.9906945908041402,-1.0219547689500363,-0.8831621108372083,0.2775751701116924,-0.27351671126703003,-0.5703177923017311,-1.0089136853525185,-0.45853333398689244,-0.9537046820395445,-1.362289720545491,-1.383608616612327,-0.3105296413026979,-1.1181729466728696,0.0023104097583237504,-0.7550715261044676,-0.9210734719424449,-0.4569643292771035,-0.7068286712975347,-0.5106550646751389,-1.3245060437110978,-1.3179944116746647,-0.5323344141375097,-0.3838692201972904,-0.9737994373621284,0.007214331884430436,0.10747358213742375,-1.23396567449888,-1.1359988497371185,-0.8601553104536714,-0.546955172630966,-0.020346402918275164,-0.8633701100167972,-0.718397911670118,-0.9577232170307823,-1.2864465378243604,2.0274043296506203,0.21307304421951256,-1.0604250961638158,-1.1907940206034615
0.46867882597039223,0.25549470245822725,-0.7587822145905765,-0.8396568453148996,0.7548549685146058,-0.6625556204572849,-1.454101772572951,-1.4892873349685967,-1.512575581107241,-1.199674828878257,-1.4687328343429782,-1.4966463466812314,-0.6684064159925964,-0.8139222065804521,-0.06437812580533464,-0.993650258674343,-1.208008287935769,-0.946211758863531,-0.7438459647369919,-1.145128923064125,-1.513854136672824,-1.5138374434271429,0.1526377513626458,-1.6740842909482903,-0.6954930257819854,-0.6676393897061157,-0.6559064413497988,-0.591827502497341,-0.9661658088470491,-0.40979190963990186,-0.07854223123161574,-0.7580233714135209,-1.3938225269907063,-1.2471005267198487,-0.8325133871514332,-1.1731482774487618,0.003529753039444472,-0.270904957628991,-0.7535052044076491,-0.7634428871144987
0.839399708555622,-0.33487423723000065,-0.8921639674349371,-0.3834520601023259,-0.5846088928497544,1.0839789550387309,-1.370185092425057,-1.4286091066033668,-0.724194915279416,-1.3926709579019294,-1.5008194464352747,-1.5048399510725268,0.20800321332202598,-0.7455916636123376,-0.2889966328041753,-0.5099733123209842,-0.05685282618727738,-0.4115842023485836,0.0212828831111862,-0.499926156872482,-1.5143503443542892,-1.519128768444601,-0.754107327436472,-0.5484076939684184,-0.7691570024544947,-0.2434249871635128,-1.2264408659700938,-0.5288478899387772,-0.11390697657898707,-0.7502448468061451,-0.9631086545385852,-0.3358735601578653,0.5329267841541347,0.40914881738404274,-0.4407022490105037,2.0834761391413057,-0.820241613155503,-0.22735811335910583,-0.37255637827481003,-0.39765850945648795
-0.4817001452794365,-0.25348321031240495,-1.0290311705289406,0.14554878713305808,0.933188497811078,-0.03280708691833123,1.0027284433662764,-0.6973200983763119,-0.8451057312635148,-1.2927824317319263,-1.449114010734542,-1.4535948840508688,3.039562876723398,1.1553031516324062,0.7610117217437562,-0.8635682767640764,-1.1771575164980272,-0.9682715404856523,-0.364954109371189,-1.2705395825759669,-1.4750429322087544,-1.4717880141890891,-0.39350055459411193,-1.0582514219738226,0.41950752077323816,-1.2718617432837027,-0.852979905051904,-0.9884526056096234,-0.6921153049509203,-0.35396351998088793,-0.3187719753933065,-0.6191092894092676,-1.1579029788358464,-1.099415916651624,-0.06845499189558524,-0.7301691693615067,-0.7116738681384014,-0.753832931664542,-1.4140882886309734,-1.0050466794129582
-0.3530378915153336,-0.26398856063362697,-1.364696813924255,-0.18717091752801007,0.32122520298066126,-0.5390731546686989,-0.5066394910349237,-0.6127459958037851,0.19319640585369013,-0.4791243796538307,-1.5011732932748174,-1.502742145635026,-0.8239753278508863,0.4829616807344559,-0.5843534088670257,0.03912276568927231,-0.8402089578526204,-0.6859235136761974,-0.22319688335397858,-0.6625964933216788,-1.5098212596091545,-1.5116255878421352,-0.6099170214941281,0.1822200424408824,-0.13819970882887533,0.14267314574799972,-0.3777288996811201,-0.4595445698187506,-1.2096097558429078,-1.0101324769664677,0.5449944325589455,-0.2478522849901874,-1.045368796744031,-1.1610809324432365,0.2032208214690554,-0.4285244734313878,-0.767515876825799,-1.0567860601973695,-0.8247577129822066,-0.7140735240582705
0.8505525226734236,-0.473617226240004,-0.9998975002345722,-1.2525726881953188,0.5551890671589188,-0.9892435115374072,0.3654472082895204,1.0374124731542942,-0.7494683051191746,-0.7797747560968631,-1.4679242232642296,-1.4738143052050738,-1.3949308035648695,-0.7866200113765283,0.18777880379212286,-0.7283060870939755,-0.8727302658860441,-1.395606859112995,-0.26621686554497526,-1.3225549033908128,-1.515915614370782,-1.515578047635219,-0.7425530409967553,-1.4967864317012767,-1.1669722210552098,-1.2301108140851968,-1.0199638232022818,-1.3251613644343665,-0.8340819052761175,-1.0919217254009916,-0.3723127118888998,-0.3238355787886045,-0.6677473777393828,-0.7823052813911384,-1.0631890264460981,-1.079336494147148,-0.14122906533200208,-0.8663212777218119,-0.7862657214667341,-1.0799559484934704
-0.3238128035527619,-0.5032827735252425,-1.032897181085579,-0.9281483381163866,0.48342788252954527,-0.7965094488041364,4.467124403620887,1.1919334116464446,-0.8943908265133222,-1.3065364599827656,-1.4916064893543746,-1.5023626698070804,0.14628221195470292,0.015133075701726284,-1.204394961881428,-0.8296237262724317,-0.5216760994919047,-1.3451231826434982,-0.09123408952495637,0.3096038550748643,-1.516068531309447,-1.5203825378578484,-0.6260315998612214,-0.9418007653150635,-0.6658536288203081,-0.9268404859540418,-0.4750447043154944,-1.176352688240207,-0.13535589871346776,-1.089495975351902,-1.1147007750765998,-0.48337284964570015,-1.2468096234369068,-1.3523569221137177,-1.211224715717858,-1.1987069964756976,-0.6763577365109961,-0.29063016428732835,-0.6669204539058371,-1.2610134638836363
-0.4743100636248192,1.1366260557855004,-0.4538841904204989,0.28454142350896205,0.1469710213651103,-0.44044741403375776,0.12714556083366935,-1.174135107576553,-1.2502550656790317,-0.9592381049239043,-1.4143725069435351,-1.419316405180071,0.2854461707077345,-1.0304910921088226,0.607777480616261,-1.176902231735968,-1.3123893460637928,-0.5846447124456975,0.20666235720283277,-0.9895728847455882,-1.431002373349688,-1.4105830958997467,-0.3556274613159527,-1.3874641674974275,0.527400596312027,-0.8457247230147527,-0.3298700394853369,0.1296757130439956,0.4025832091559467,1.0781282360039102,-0.5692973315448437,-0.3547115008476194,-0.503240300015781,-0.48663117096968467,-0.7420974905937645,-1.3228627141085092,-0.7969871833402977,-0.8164454713232692,-0.734344398657552,0.9280663522336314
-0.7047791078331511,-0.02489636201372125,-1.507971014366578,-1.5794942335356705,-0.9779789317372005,-0.22373130521361917,-1.2631608391810973,-1.3801390340271276,1.4700095914508857,0.806936831309566,-1.4955810603807158,-1.5036681737227564,-0.42376456211560765,-0.4526072180801308,-0.783905019068067,-0.4184722232031657,-0.98153154903728,0.16703235967516594,-1.7016382142940414,-1.728903607333276,-1.5056799751680723,-1.5065890978489225,-0.9378530542281576,-0.9629343992753876,-1.065871101722003,-0.7598525086817336,-0.5344321740396332,-0.6956996717555639,-1.534243807229395,-1.479323360884721,0.3120124497417627,-0.12700002390189136,-1.2258312659543074,-0.8017653776385343,-0.1944267132361226,-0.8342062577797762,-1.8152935992827453,-1.6643162354979764,-1.3862224193686898,-0.7452774066586301
-0.8641927156063169,0.33780290769289767,-0.9214802134106472,-1.3549642356580383,0.13648710934380004,0.21998633849373128,-1.507401420101579,-1.513780340508538,1.2015662765832147,-0.9290218274990543,-1.4903236510265299,-1.5005831221574808,-0.7653401318740696,-1.35883489473267,-1.1829460766131359,1.0593735091469112,0.15254077689791368,0.27015680029112943,-0.8893857848326969,-0.4432986574710256,-1.5132209112876778,-1.5179045700209632,-0.9025034596758514,0.03512263707891483,-0.2175360612014905,-0.7745265933202314,0.02959463508925353,-0.8146151301369624,-0.5954911387679829,-1.0808808363710853,-0.9092022416679071,0.06706958808891095,-0.4239293300836877,-0.47642928544194607,-0.7522039072760398,-0.5146950050800312,-0.8752729351555075,-0.2992316535284014,-1.5012409099417217,-0.7529564228703696
-0.2654484751391095,-0.3684011999402541,-0.6014638544383608,0.258445801470109,-0.5686422359330101,-0.2912087338154876,-1.5031052738145996,-1.5141119966668508,-0.12601336369455662,0.8736667407605685,-1.450695659123015,-1.4697287123012008,0.36488369046013736,-0.8639522458414692,0.5217943033082886,-0.09170776347331966,-0.28804217625087825,-0.19287526564371538,-0.7234796726444639,-0.7127582273518147,-1.472285593901457,-1.4733460069416906,-0.7616404713566158,-0.6133051648040841,-0.732099398674487,-0.4252381101481548,-0.25508756473708694,-0.7711365735513835,-1.2002273936339591,-1.1231152366716772,-0.8253311125262126,0.26921825040643466,-1.0941423358511193,-0.6449400175659408,-0.8468210921076444,-0.4502335075770558,-0.24377211612520933,-1.0273479209771752,-0.12305407403840762,-0.6723237523366947
0.3780221399838348,0.4189846818249583,-0.8581877548095207,-0.39108753112711625,-0.2328409264733673,-0.7176616262078106,-1.4723370092274612,-1.4880285167755574,-0.7125711669252719,-0.5280651338567357,-1.4902790871482672,-1.500476468984449,1.254687274538976,-0.031190557819159803,-0.707275004894155,-0.3501457650001165,-0.5824105755115365,-0.9938414397152782,0.6687578691510647,-1.5435540833523695,-1.5027519107716916,-1.5052047316376844,-0.1583595316395625,-0.5438528445919006,0.9994005966510642,-1.6822195259021238,-0.6362009049671458,-0.7347897820911973,-0.7749197392553921,-0.9152972417254586,-0.5267280758042596,-0.4294800729876527,-0.013942609943241813,-0.11694661809153217,-0.6402595125363808,-0.10990776895973253,-0.7665907545245996,-0.9866721736083708,-0.928537409892209,-0.7671754908044357
-0.20533500752012834,-0.7746853865767616,-0.897789608400819,-0.6525378498143439,-0.8461635786918364,0.04006892646489568,-1.497680501835866,-1.5041725938404527,-0.1706692972906687,-0.5337509920402965,-1.5024427489806622,-1.4972046628232578,-0.890500411212793,-1.23331113255593,-0.9676409685099516,-0.8784911600684482,0.7122719121667815,-0.9131015908663866,-0.6168783615397295,-1.213411429930042,-1.5068023425022576,-1.5144952779923953,1.4368883206809144,-0.935914160946083,-0.3386897578851613,-0.26623652988863533,0.4548333339588835,-0.524823384301409,-0.8596265301981969,-0.8019895992593828,-0.7453302395398427,-0.694193415099841,-1.1457477038704087,-1.1158061975708282,-0.513941344648575,-0.9907355910888644,-0.8273736833163028,-1.1677473563749037,-0.6363202830642631,-0.766687248138787
-0.07230430220576078,0.031365455309710466,-0.5924132223430325,0.8528207219831088,1.1331097971775481,0.2167970319446635,-1.3531094966013304,-1.3331908633181238,0.12608842878393434,-0.17917443988525905,-1.3440682136278121,-1.3687891794146005,-0.7388518741710763,-0.6990555945628127,-0.19193830373312437,-0.38588733110488604,-1.2093189485502993,-0.7120632170658086,1.024519495962278,-0.44662018869122067,-1.3440024235104588,-1.3380926415993386,0.3406323193563954,-1.134093427536904,-0.42465786594119326,-1.1882750906615407,-0.49659707320820123,-0.9910445006665993,-0.7394417928458945,-0.6765202917200095,-0.8922992989041485,-0.2846164579350656,-0.897109965155201,-1.127807823126782,0.386092240562228,-1.3071493200314377,0.39140869768533015,-0.619048634233379,-1.1584730054442176,-1.3703018757654197
0.15152112846742583,-0.07097588528606069,0.15418076831874528,-0.3530490232879129,0.83805740319989,-0.4206929309145666,-1.4606387588353447,-1.4550591912433821,-0.14108441263478388,-0.5617442865625151,-1.4716980015407386,-1.4969773256307695,-1.6040175195475548,-0.8776128207553029,-0.5782061510676924,-1.1881901889049382,-0.6008027305131192,-0.11076538119808443,0.45351324409824256,-0.49889839520941237,-1.507061089057704,-1.5062031138443028,0.06261148129221139,-0.9262063062229524,1.1507638740857509,-0.35065803901523696,-0.025391877069729674,-1.129056245604168,-1.1464268652352485,-0.6826758474518466,-0.2408553747307427,-0.3787759541564961,0.14928045246879362,-0.21366348301022509,-0.9250743184923245,-0.5681810719832279,-1.2956669325234278,-0.5151382994598461,-0.856199461657773,-0.7259420368901659
-0.15976246054261,-0.4676585018099937,-0.4431041301770433,-0.45191413182871143,-0.5299312896138395,-0.5444322220840587,-1.4200641141047183,-1.4467355299125426,-1.5066614756450525,-1.1253529258527109,-1.3898548082881976,-1.4886332609408621,-0.9274030821839552,-0.5468491389255181,3.638967376911747,-0.3088290330863326,-1.3108840926478391,-0.7853377641898964,-0.2578530599042659,0.5775621390425427,-1.5020105847482879,-1.5069692018932412,0.1886393591297706,2.4736127834206183,0.45437976858873963,5.303918226169394,-0.02613289220476256,-0.43995251385490786,1.9817760359181698,2.7639028288730794,1.310374860026367,-1.1345296137417245,-0.1964974626526126,-0.32545715550326726,1.255008909174908,1.3766204942996847,-0.5281709579311524,-0.13857416341051643,-0.7568667622455161,-0.4655792197695856
-0.5667381210751179,-0.1033629831278442,-0.6310146390564628,-0.009629144961261105,-0.3306188735835205,-0.602036922020444,-1.482484841159539,-1.5060763596529299,-0.45487719332188226,-0.28067062129417364,-1.4912117448466307,-1.4977576938016217,0.08446922277932556,4.6324474937356195,-0.5038091738772268,-0.3021803117479829,0.4540296828401327,-0.8026106478089767,0.41593362480281115,-1.0109779288532825,-1.5175453710566111,-1.514793741267191,0.11464551465799655,-1.0866553353094959,-0.8985851348874547,-0.8843492399764066,-0.0005000016195486623,-0.8950829502525637,3.370031226663392,2.283134765400061,1.2066260671934392,-0.13186371165735622,-0.4015177756096113,0.10631327696258897,0.018351236152118755,-1.2866154277072832,-0.9531175018212807,-0.749598210126869,-0.981799996916457,-0.9133339972668031
-0.4315059283453895,-0.11247193637317388,-0.7868037867172246,-1.2026552609684782,-0.19961452235087007,-0.21164888871861498,-1.2359587156048824,-1.2574726193814743,-0.25431144541315165,-0.9457272468787035,-1.4249133973783552,-1.437055329811787,-0.7433515599339877,-0.30947597876566224,-0.003236468069311993,-0.6381036637531659,0.43965256600495994,-0.5781422019523035,1.4129213250763408,-0.630617720422399,-1.2559854622720308,-1.2765485575531403,-0.2917446961097929,-0.34791161784635616,-1.3365230800117593,-0.2679473282995657,-0.40176521039114155,-0.8480341303257659,-0.25485019739615566,-0.9826717799568732,-0.7394918850498398,-1.0937106757217696,-0.5163820876680969,-0.4018884933620477,-1.0964325798223906,-0.8963607387373909,-0.9337527565624106,-1.2954151143794985,-0.8225389940481382,-1.033523909500635
-0.04106212382335084,-0.43412181458527455,0.29011800845025837,-0.7726416227785258,-0.7840087949096399,0.4533597123149562,-1.4488053554217775,-1.478674617731896,-1.1130708111206198,-0.9161338161512624,-1.5009811473211703,-1.4996547303496224,0.628056723027282,1.5964229574534894,0.9571587806690425,0.8998221895837144,-0.1067319485764342,-1.5126266963428452,0.2512559859620298,-0.7191040792540866,-1.496929899921101,-1.5012048674971623,-0.28288995667874994,-1.0732095626894764,0.6550781935314482,0.566025910383364,-0.9925753622591298,-0.5988830613400902,-0.4309330307006336,-0.8490934510612593,-0.3693878375339823,-1.4569071001009304,-0.9291591196971405,-0.8016226935790005,-0.6125823409947673,-0.7099411282450756,0.5975805443438129,-1.1990715337091773,-0.9198484155412414,-1.4884324339891024
-0.27922485259640384,-0.6243446316540662,4.260754102416783,0.5850733972189652,-0.7023106418546763,0.06740001228527648,-1.4872292233587519,-1.5060610906377312,-0.266467319640487,-0.543704636665185,-1.5177911700693518,-1.5125440410894384,0.34669471773135685,1.7328354375734012,0.4370895447879892,-0.46482303872160013,-0.658472167455626,-0.8121420460792628,0.5206234493594617,-1.2073649553663208,-1.4956183239393723,-1.4918628240506369,1.320163956847571,-0.9443731879662187,0.2310852512984316,-1.384430907108696,-0.7715802530123503,-0.7329717524862578,1.6530458462823114,-0.496456125479277,-0.9822197556036025,0.14650021373428102,0.6893186994654981,0.5037179190142909,-0.36044930362098304,-0.8251140207673902,3.6990437099257143,-0.6779019886486415,-0.7432266354459895,-0.4142124062079997
0.1997423957295923,-0.5418942203080022,0.9292281057789897,0.042712203477151434,-0.22383084331622705,-0.9196010388924716,-1.4828730039757223,-1.5142152104473445,-1.0975208417936553,-1.2400849880067324,-1.5151398119300061,-1.5117365680195864,-1.2865884031057695,-0.405252226818801,-0.4489228166038539,-0.8759875607642194,0.3560858023370881,0.7202415865583007,-0.9377438560129652,-0.4370721508659767,-1.5133246016997142,-1.5127191648950165,-0.13499773178670393,-0.9706437436245499,-0.7374774031629041,-0.4662262469389118,-0.561672631665437,-0.0011966946222452535,-0.5125692367696773,1.517259228475634,-0.3253701257891013,-0.1204937352254869,0.9244339636234722,1.4606609273446844,0.05998976776621889,1.2542468538413063,-0.6479548434544857,-0.6581708075119392,-1.4494860588159866,-0.6311127847744338
0.07583351362947344,-0.6400534109447964,-0.4220912855364949,0.016060082681289778,-0.3508641611901675,0.0923338937206748,-1.3842676082238121,-1.4138416834385237,-1.2778389631850096,-0.7700617343481921,-1.4243581066006112,-1.4171804270833264,-1.1891455653986447,-0.27603848490170213,0.677589254227386,-0.8926954887244007,-1.3959536012239728,-0.9996939376211755,-0.8244989424882316,-0.9750055690538231,-1.43153746319755,-1.4305607105540992,-1.3642733976370958,-0.8549897803311168,-1.1400120829044393,-0.9831359712174224,-0.7207733125021392,-1.4329363192081046,-0.9699206839383399,-1.4472519499833076,0.20717529490873332,-0.4562584662122182,-1.1927943125448768,-0.9097501469033844,-0.7626710431085635,-1.059844787494216,-0.8461769521519495,-1.0443821095958281,-1.587114824317758,-1.4422962122960714
-1.0152709182729667,-0.48798975829764535,-0.8701429587981568,-0.35092582515564086,0.3603449079559846,-0.28409973279936107,-1.488045813030537,-1.5071400489489648,-1.3378063771560444,-1.453795945718055,-1.474259679866945,-1.506172383373008,-0.1278576508243363,2.5629981267519737,-0.38758179216118593,-0.6633501364623218,0.5837920925675997,-1.3939445984210808,-0.6064581575915411,0.3272805705598092,-1.507960493669471,-1.507772725092596,-0.4512364547995489,-1.4189268136149755,-1.3000053176343151,-0.5870805814015374,1.1662649748703027,-0.45316572491447493,-0.0789248575119248,-0.1506498761186541,-0.7077983365639438,-0.5991846556619116,0.07200679299555945,0.6336090530896947,-0.7963635580856305,0.2652645711798791,-0.5675035505092416,-0.5329917745459616,-0.620686365966947,-0.6282171695686705
-1.0589943399277602,-0.5766859946346607,0.6410711730557721,0.6110038340511226,-0.4698078141021793,-0.21075806104002082,-1.4610852328882764,-1.5055724604170149,-1.167202147438587,-1.2034886918388916,-1.4964771615582684,-1.5015504840203298,-1.4835470166666243,-1.5785079299837228,-0.41396798653288824,-1.078385512281539,-0.9877450967106567,-0.9280033663806977,-0.482094615937235,-0.9297859892562816,-1.5110880474415564,-1.5122067711724048,-0.4767313733810208,-1.2412713759633256,-1.2213790890477216,-1.2131346444437596,-0.7594977709669903,-0.8056202930002598,0.601313035158348,-0.28391687313958114,-0.7116948070739917,-0.9154076355603236,-0.3717864746999102,-0.6155310151366429,-1.0433222222143965,-1.10353321973318,-1.1574366547262511,-1.0205130150309585,-1.356238411533487,-1.3882455424536013
1.2000833045030301,-0.15904953897968666,-0.47003460403561537,-0.06513085341340474,0.9902779985076098,-0.029027993298874843,-1.3528671613606897,-1.386504045815015,-1.1127467329157357,-1.350775187505571,-1.4133171835019,-1.4243223349620044,-0.32811708715683796,-0.654798476214947,-0.6871509753292901,0.17464735833452538,-1.157253381890652,-0.9412523925881606,0.12467376143305575,-0.7531463831969463,-1.4837989061607524,-1.4924305989332094,-0.6525654021625447,-1.09700217216007,-1.3363578098668978,-0.448356728267326,-0.3189234047511227,-0.7374233662694913,-0.9492567889957599,-1.0710249150162587,-0.6919540006742282,-0.9803503309875254,-1.0087929304066305,-1.034626299261487,-0.9422224455049175,-0.5474929190089446,0.3295330687700848,-0.5849056432306723,-0.5958042628261389,-1.4137633939336194
0.01446976284242707,-0.3298141309932774,-0.9302528787424893,-0.74112311809411,0.4322728545078123,-0.4646285762098179,-1.2101811826500806,-1.3274426223771576,0.9728533926438483,1.1826821341612188,-1.4601435751101488,-1.4547856928053349,0.042673690154892086,1.4228484839430564,-0.48232304948096116,0.5694892895595847,3.3520182685556605,-1.1304844514943213,-0.16017517876330611,-0.8100616228659039,-1.3673465763019175,-1.3575748605354365,-0.39457544726977023,-1.4294212558221988,-0.8774113771439573,-1.2165913542735947,1.4850471014928042,-1.1211870500648962,0.3050971645638332,-0.20104206684331016,-0.8552890401972251,-0.06652149969374843,-0.5942341762031287,-0.6288935096204482,-0.5302875803773364,-0.916951481466243,-0.5092259380852497,-0.9751040054871067,0.28410975282034956,-0.3236366794905252
0.031164545146898703,-0.7858186815008743,-0.61674922405702,-0.6117515014826385,-0.012807844612941377,-0.22138662805111187,-1.4767944486630176,-1.4858638081441955,-0.28990194536252956,-0.38193202977283613,-1.4769092499186767,-1.517563910149569,-1.0898395216740824,-1.1605795381478776,0.024375314658379388,-0.6458617588747364,-0.7063607762016337,-0.6899433032193629,-1.2486577032818953,-1.657028655927764,-1.5032091021390528,-1.5098924989827163,-0.8317253404142733,-1.0722090418175783,-0.47096978847325355,-1.2102759219097734,-0.6757621769550073,-0.963812161746822,-1.2214671984073862,-0.9062976658857358,-0.9186588042756769,-0.25655685448549104,-0.5090305561213659,-0.5658530453715787,-0.7355294182498295,-0.9496400742638453,-0.7971293208273984,-1.5638948201371086,-1.078330098315765,-1.437903139749962
-0.048305165109396864,0.7618939889659027,-0.5758185505705797,-1.3105524927744752,-0.33174354916822324,-0.5612350325649826,-1.4966128997543933,-1.4953919181861641,-0.9079715709512959,-1.103155363329392,-1.4964316851293413,-1.5107131432112826,2.5433883182472874,2.0134366766137344,-1.019796782641086,-1.0179253105076203,0.08681919144594774,-0.7636198650719535,0.5650348608764411,-0.632079652485201,-1.5044952209692644,-1.5072162809766794,2.0090442107357065,-1.242333848902701,-1.26464558563903,-0.9979713528119536,-1.0362827917380457,-0.8218394139428131,-1.1551389028418864,-1.1833955764529642,-0.20242977137365248,-0.6330786699670097,-0.7367418633368152,-0.8523646870241284,-0.5104743017139501,-0.894319540553079,-0.10890901640598205,-1.0951700067469166,-1.0222685238665898,-0.9764182392960246
-0.22601477953437366,0.26747138566557815,-0.8009875533832869,-0.7451258450885141,0.6665022823330924,0.2541098571154543,-1.4808732897347563,-1.489816898036316,-0.8502341818159715,-0.897724551205906,-1.4915882339797772,-1.506384532465077,-0.9528667059917062,0.43555037492179194,-0.24222001840399532,-0.8586112267546793,-0.14136805932505503,-1.1940731420843742,0.715947481065772,-0.8802427098179137,-1.501389145459082,-1.5078625227680733,0.0022731678940908218,-1.1871312593703902,-0.3082004463992547,-0.4622025563320915,-0.9456605274919405,-0.4967207657243815,-0.7417381910469811,-0.9326627240908816,-0.7598268653034701,-0.8562635881333485,-0.06457121734917193,-0.30650483017974484,-0.9241041730812234,-0.7119361938897453,-0.9910892412223102,0.19604169206875932,-1.0506140323424507,-0.5511857780336222
1.856760966608972,0.8580265744101605,-1.359795846718121,-1.485322895482564,0.05333554249726902,0.29364735597355907,-1.4099534635490552,-1.4362504796716646,-0.9983498275827261,-0.7053504119592424,-1.403684292274348,-1.4430845656109879,0.2903256452443257,-1.5152517688774978,-0.49425340065466417,-0.00985591245463091,-0.3578180499567889,-1.1084790273865504,-0.24972256869082265,-0.8817703950287226,-1.3410756554313228,-1.3456714571186166,-0.5929706571520272,-1.0540289800617757,-1.0034078782224025,-0.7330857921231027,-0.672397257629191,-0.9658077289097133,-1.158417676038757,-0.9360386664391083,-0.6014895366395603,-0.7979625425276158,-1.1136696887906576,-0.9972645345664772,-1.2102602993162408,-0.7438888732257012,-1.7390721953555457,-1.2254756219828797,-0.4300653215563841,-1.0303025762518547
1.1833995270190778,-0.6822843335960487,-1.479161364474125,-1.7221967503282671,-0.539287263112775,-0.5017607426323365,-1.4779895663862719,-1.4908785450591113,-1.5009354292752208,-1.4972180742114733,-1.5096026176897197,-1.4837617735597926,-1.395858726695472,-1.3295919238462128,0.38033393602379917,-0.8540914528920562,-0.6314076750978801,-1.4820286651754746,-1.1142916711307538,-1.139520747690122,-1.4957588576933918,-1.4947590540823177,-0.8233600957789426,-1.435522976438561,-0.680502445761312,-1.3225725878930956,-1.324201733170428,-1.5669330080260826,-0.7914156424375958,-1.6857973935438642,-1.1026060806227664,-1.1132778231999205,-1.1735993190829836,-1.508191506817142,-1.3843299423336002,-1.475620522653038,-0.246250544742451,-1.2485330031899433,-1.5616202010431248,-1.6175210610679025
-0.76243020576729,-0.1277432711007429,-0.925928923886711,-1.0246527812375854,-0.9784375831307384,1.0518867868342596,-1.4955157501405107,-1.5037943834519216,-0.7328419904346628,-0.501123968465774,-1.497506797896173,-1.5058016436654331,0.17804558952055594,-0.7673191235439627,-0.35548696078036457,-0.880438185291462,0.3323940448881002,-1.1709802687336655,-0.4543653263843592,-1.0129445489977702,-1.497044618502226,-1.4978936300057177,-0.03967005552477243,-1.100894259646032,-0.8170855166778321,-0.8122387078281568,-0.033430568664289506,-0.8918764905670997,-1.1520433414594966,-0.02708183088775673,-1.1868389621959166,-0.9190947563618002,-1.125357167266483,-1.1929755976965104,-0.47422796693372504,-1.1744843493742716,-0.19370864537920118,-0.6174344094616298,-1.298255167002645,-0.9557924036663796
0.05235051079999664,-0.19492511409021152,-1.0560607736641456,-0.09126812430121545,-0.39420658238770034,1.7510574971760962,-1.4961384588127493,-1.5003777618658405,-0.8913974805719067,-1.0228742984911878,-1.4902531489997923,-1.5113196604526005,-0.8022316401344076,-0.7755452265960399,-0.5810371518043911,1.2954786458952796,-1.1049373387705652,-1.051550331901068,-0.358210676607718,-0.43938510543881915,-1.500848359514222,-1.5042897570479148,-1.1323656565839397,-0.9586163784787898,-1.4070750864516985,-1.4376277204982788,-0.4210741164693097,-1.1849897481935852,-1.3574315939178139,-1.1808568163672055,-0.8502341897603012,-0.009162097648210743,-1.26361613757587,-1.4431656220981794,-0.6806840498718634,-1.1044468082670804,-0.23452132015992744,-0.8657444047374074,-0.5414800630420409,-1.2495219734837613
