0.0006090603039208,0.0010401142267123,0.0012074614948504,0.0020186158296471,0.0005933887417039,0.0002968794795042,0.0022542183973769,0.0016430983161336,0.002112915613364,0.0014235267515476,0.0012076954787821,0.002951407469771,0.000236080175091,0.000302831955266,0.0004237423079503,0.0007106073552441,0.0001298719131508,0.0003699025860141,0.0001513686570529,0.0003421362308347,0.001646113509092,0.002822400672611,9.675651354504891e-05,0.0002619911834654,0.0001213662672271,0.000204509814533,1.885400753099625e-05,5.998023297221515e-05,0.0016626481068115,0.0021606436010778,2.6601232243886403e-05,0.0001051736502449,0.0004846551366092,0.0021606448585999,0.0010150442898456,0.0024951711676576,0.0026646171685775,0.0040745117587805,0.0003653303754902,0.0008595716981633,1.0
0.0008078414700085,0.0013043954780436,0.0012302287158957,0.0012910314280628,0.0008665572587643,0.0004395750951498,0.0032911568298495,0.0024666650231388,0.0009710967484882,0.0008960180654448,0.0006149251341826,0.0017971715295052,0.0002023987073487,0.000194073965208,0.0005378754762941,0.0009265632498407,0.0002091062792473,0.0004536794153197,0.0001073727853068,0.0002622588805236,0.0018914572378964,0.0030443621814802,0.0001280265373853,0.0003215085624327,0.0001072269745582,0.0001554307062956,1.5387515660730746e-05,5.173004814299341e-05,0.0016185492717216,0.0016822328483879,3.950209113280749e-05,0.0001345951867228,0.0005058131668156,0.0016430659076966,0.0010852616805669,0.0026298444839609,0.0018679243851384,0.0025500690192169,0.0001864122928093,0.0005345760792021,2.0
0.0010103699901434,0.0018230173235409,0.0021525880638321,0.0027148264606772,0.0011236970932993,0.0005718217311335,0.0039563604802256,0.002243679644751,0.0021854462346165,0.0014406304242891,0.0018770739071054,0.0029429922164337,0.0003328367746627,0.0003268958412734,0.0005362190665284,0.0008130053617819,0.0003006913680732,0.0004829477423358,0.0001436669309806,0.0005814237675625,0.0016231445391861,0.0025968451835797,0.0001391707426811,0.0003301127265347,0.0001129821030813,0.0001555235629663,1.833057732190895e-05,5.223804042683638e-05,0.0051778957202194,0.0056573279496982,3.967668145205928e-05,0.0001339969058784,0.0013874548843806,0.0070266948170325,0.0010505194291849,0.0057313406567652,0.0085344034961999,0.0124136631770984,0.0003680012385935,0.0007828031510737,1.0
0.0004430370318843,0.0006639842575348,0.0007135433151183,0.0010518877420519,0.0004052887921226,0.0002470041986603,0.0019736509634623,0.0011754788566285,0.0013485701001027,0.0007594873698854,0.0006321495228748,0.0009586137788971,0.0001371827136879,0.00016130605458,0.0003452461485197,0.0005593556261815,0.0001340100312379,0.0002630924629668,9.64848025525198e-05,0.0002328291995557,0.0009588371527648,0.0017087114639275,6.042692578127734e-05,0.0001695159948464,6.763062834765153e-05,0.0001193865151748,1.4532370644745152e-05,4.086371085503938e-05,0.0016292557434877,0.0022242963499602,2.241521058311183e-05,7.937795159490538e-05,0.0004584792741053,0.0024812807538554,0.0007899894844987,0.0027118174715534,0.0019531857116483,0.0036541381645233,0.0002905240774822,0.0005079581538828,2.0
0.0005663457355493,0.0014951676755432,0.0028748783790634,0.0037925776481307,0.0006787646728758,0.000506206067484,0.0037912604143381,0.0025097966669154,0.005217964743049,0.0034120901607314,0.0040932446365763,0.0075437413109696,0.0004040481117026,0.0006853484377823,0.0004137351254719,0.0007447805088545,0.0002145048436782,0.0007998847433753,0.000260621034397,0.0005117945724421,0.0021764485420242,0.003795946311338,0.0001185678152596,0.0002862025038801,0.0001700582025709,0.0003545264879127,3.443155753965974e-05,0.0001252351900214,0.0037256286344869,0.0039717160872207,3.2329500884611865e-05,0.0001120721561208,0.0020828694710319,0.0099136223476464,0.0013064666559793,0.0096030340563921,0.0121891988091681,0.0200062958758345,0.001660857880926,0.0024204493954536,1.0
0.0006620808838785,0.0010541722298871,0.0037452841466308,0.00368477727939,0.0005726840919671,0.0002784359990695,0.0029752187158445,0.0024128401616122,0.0027190613983146,0.0015601432942958,0.0028609874468423,0.0031550675906248,0.0002676679437109,0.0002761111844147,0.0003129545048448,0.0005186692138568,0.0002308569032402,0.0005209901345831,0.0001384816384994,0.0002834717250143,0.0019736546518745,0.0032100025374631,7.750046927015289e-05,0.0001884200766062,7.57905865997619e-05,0.0001125528570235,1.4137491528352603e-05,4.452604617573296e-05,0.0040925907929074,0.0042874732549648,3.829672904283823e-05,0.0001194837281464,0.0013105434422365,0.0062058008813852,0.000813866348842,0.0046983288899949,0.008316019640295,0.0128034364898549,0.0007028669809299,0.0013170059638707,1.0
0.0007865018992445,0.0014260357519263,0.0036901621859953,0.0044744673306366,0.0009316464013687,0.0004297683671205,0.0043109626860126,0.0031430818877669,0.0019309831900374,0.0014281611470695,0.0015136759423171,0.0030213382796759,0.0005785019909771,0.0006602124049338,0.0007009918003937,0.001088681941074,0.0002481702527665,0.0005957618124553,0.0001705406801886,0.0005026380541789,0.0032689170097341,0.0046296187383765,0.0001198245227611,0.0003093216529522,0.0001504786516796,0.0002122024384418,1.526467314485812e-05,5.225771162089711e-05,0.0067761790843152,0.006768832452473,3.24507491435574e-05,0.0001327823693752,0.0013831637550057,0.0065209185621548,0.000932502847976,0.0051541524045108,0.0085270750285431,0.0125632311756213,0.0006407809092349,0.0011045369782792,2.0
0.0012710201826149,0.0025998159958806,0.0057857531250129,0.005718540505027,0.0016650467551076,0.0008027886920424,0.0070741707470277,0.0044907370457372,0.0078714263647142,0.0051417498492679,0.006853777536382,0.0111965305821641,0.0009255614263986,0.0012203658574494,0.0007884615717598,0.0013339119217463,0.0006500234139884,0.0012741950859845,0.000362883211131,0.0016048546982425,0.0024089270469279,0.0050798742271775,0.0002399694758172,0.0006162708371986,0.0003200925451928,0.000565855582368,6.347312294379636e-05,0.0002239098136808,0.012140977672323,0.0140433679511363,5.60226496743286e-05,0.0002651694430751,0.0040551646189554,0.0206353700655905,0.0020082123644272,0.0165403751198998,0.0307732215099492,0.045769387917184,0.0020639367543528,0.0037525679095528,1.0
0.0005951195483392,0.0010471561350101,0.0012291820048167,0.001892947265005,0.0005426620841428,0.0003774965432896,0.0031614041672267,0.0022791591652437,0.002657186204549,0.0017235549592647,0.0010460087036506,0.003037334729978,0.0002481000330983,0.0002741095572066,0.0004049165594821,0.0005460355089582,0.0001559071577052,0.0003480585884096,0.0001173288909805,0.0005841588253423,0.0018364008515638,0.0030453405319724,0.0001012060449234,0.0002339266685329,9.486118347306457e-05,0.0001721290929594,1.7395460312337708e-05,4.992705137242395e-05,0.0020600199217838,0.0030404278609457,2.675925306430385e-05,0.0001069097652073,0.0010098425962427,0.0057879378672911,0.0010717486230283,0.0042062647857806,0.0043529198695018,0.0078829040871235,0.0003278327604843,0.0006469047522403,2.0
0.0005794726274861,0.0009778332428812,0.0011178403651572,0.0011546608873627,0.000550505243873,0.000273371842538,0.0024861145144956,0.0017585093050922,0.002244896898685,0.0011428964481659,0.0014284690940464,0.0017718473168418,0.0001550462691711,0.0001496554360616,0.0004302818578469,0.0006478098496229,0.0001259800813741,0.0002930087076479,0.0001489024007202,0.0005538071855011,0.0011909917721491,0.002319742954326,6.985530951353588e-05,0.0001910744902766,6.559181401683478e-05,0.0001187040928331,9.268417148421872e-06,2.7489502766414937e-05,0.003532634415077,0.0039579303993492,2.046676326807694e-05,8.124183855759994e-05,0.0008886916283482,0.0041904615363852,0.0005962729013484,0.0028860964023415,0.0071101097497634,0.0104194984420332,0.0002653119934617,0.000536734461847,2.0
0.0007301484328422,0.0015014614543601,0.0010650689225464,0.0027721080672677,0.0008329300468991,0.0002756750041061,0.0031312888097886,0.0018789635918165,0.0021460125278881,0.0015456561238107,0.0014010164894973,0.0014704429640476,0.0001233064679745,0.0001141000620924,0.0004022660908155,0.0006050229684194,0.0001114124852896,0.0002677069244543,9.71312295615882e-05,0.0002434913919738,0.0017918422006545,0.0030764037723006,7.533272206584427e-05,0.0002047790865952,6.646670601723359e-05,0.0001055687293418,1.315895699589639e-05,3.57663586873746e-05,0.0013669521356366,0.001620048334619,2.5232909711811115e-05,8.473554420600094e-05,0.0006029048384044,0.0026241610218684,0.000867911953958,0.0027907782819759,0.003164966632919,0.0041824142987237,0.0001412592776621,0.0003267027745065,1.0
0.0003760370867777,0.0014102627285036,0.0019911670786301,0.0032392290804119,0.0006036467227246,0.0005479781569182,0.0019063739695354,0.0012618011295766,0.0042313965710529,0.0031541898521498,0.0064113241652618,0.0100862803566221,0.000354194107333,0.000601127262932,0.0003251957846317,0.0007432918077641,0.0001751139053948,0.0004790441458424,0.0002969333294148,0.0007693879110021,0.0009741387697827,0.0021910784196454,0.0001086016182965,0.000217273986075,0.0002398492880964,0.0004224145937901,4.872258299124464e-05,0.0001709783698302,0.0022766297196153,0.0022321594864414,2.761572926817964e-05,9.2652250723526e-05,0.0010112248913813,0.0037191424170601,0.0016395458861701,0.0038538357755298,0.0029664996986261,0.004287027811212,0.0003427897607634,0.0015642707380757,1.0
0.0010266446679786,0.0019430574979269,0.0032104119458366,0.0039493499077876,0.0011270949954458,0.0005488649779101,0.0049727816292425,0.0029388634052753,0.0044806541408665,0.0026993664675185,0.0044324306155633,0.0070808035901254,0.0004011856532992,0.0005469637004103,0.0005681235477685,0.0010450228340847,0.0003746486407143,0.0006411291080779,0.000303372503443,0.0009107402012782,0.0016393052429727,0.0027146142475893,0.0001490151811889,0.0003691603150289,0.0001533458845235,0.0002945830496576,3.015869847171411e-05,0.0001062725677919,0.0070476616786679,0.0074776634862198,4.599088162310847e-05,0.0001426175622445,0.0014814014524013,0.0080539385190228,0.0013967809093494,0.0068637988959842,0.0131232520924934,0.0179701738693319,0.0005695123495496,0.0014132088599873,2.0
0.0007926827757246,0.0010239715441151,0.001951902611374,0.0013913224282625,0.0004988159050972,0.0002683488393935,0.0031654360458891,0.0019399353924751,0.0011816521944906,0.000711165965165,0.0005885122441006,0.0026528124815739,0.0002929253658315,0.0003242164039803,0.0003266066378529,0.0004194114256918,0.00012629166577,0.0002732663220852,0.0001044169004165,0.0003601663049685,0.0012466348999958,0.0024234245946667,9.067219962735303e-05,0.0002789065064815,9.357129305712557e-05,0.0001477109654753,1.5793459141046468e-05,5.5351680773780426e-05,0.0021578886339706,0.0024214915626008,3.0087178148915628e-05,0.0001331549138833,0.0004510148347346,0.0023291840838999,0.0010481096797618,0.0034787717177295,0.0057541593282951,0.0079003637627967,0.0002484492634907,0.0005921926764229,1.0
0.0007103607495079,0.0014512337426958,0.0010062038491302,0.0026846858784368,0.0008883881641863,0.0003873600862197,0.0033868225151776,0.0025438202427344,0.0022144271212708,0.001291565512078,0.0014120559002491,0.0019716672833796,0.0002219034978244,0.0001884041505378,0.0004336276177258,0.0008340230866042,0.0001465754984166,0.0003485131770208,0.0001036747611388,0.0002533296713214,0.0021771401419998,0.003456129116607,0.0001035393072219,0.000256000872498,0.0001268907506742,0.0001577166239014,1.7313120703903434e-05,4.491388324360282e-05,0.0022895061989138,0.0022774074393011,2.4360241650928824e-05,9.834839806380168e-05,0.0003936193905107,0.0009829706440749,0.0007885580393599,0.0019502817115275,0.0024519385754457,0.0042506061732293,0.0001195394822393,0.0003189841363679,2.0
0.0009112421694041,0.001561956011102,0.0008170394005694,0.0016211571517992,0.0008709419259467,0.0002958379693487,0.0025783814872495,0.0013033840574831,0.0026975640843428,0.0018104726355178,0.0007511874415058,0.0011458232336662,8.87309565747802e-05,0.0001016703280716,0.000414291189038,0.0007027173087979,0.0001437890675643,0.000274230741238,0.0001230243073587,0.0003244888113398,0.0016443416916478,0.0032592754236126,5.875010865049625e-05,0.0001588174650202,6.921536250823345e-05,0.000115630928586,8.658496673998842e-06,2.260271028702757e-05,0.0017286324201514,0.0024407863835552,1.91444670418623e-05,6.756839328211635e-05,0.0002161731674284,0.0011817540347874,0.0004677380127662,0.001383965585101,0.0007466950638786,0.0008610432856567,7.832122622225233e-05,0.0001796595707641,1.0
0.0010086471053682,0.0017214097718513,0.0022512955599714,0.0030542566916592,0.0009892253083678,0.0005893397219269,0.0046202932409892,0.0029713216880624,0.0040620365329672,0.0029764240859023,0.0060458382129632,0.0088542782391768,0.0003491689540154,0.0004977601322836,0.0005102219869599,0.0007977228570254,0.000244056195403,0.0004833769089448,0.0003231174357828,0.000993220586865,0.001661104590743,0.0027667849350713,0.0001070453492086,0.0002506612550288,0.0002246131823073,0.0003611769903511,4.818256695644275e-05,0.0001538967011058,0.0052523627928558,0.0057170170877877,4.009291976028006e-05,0.0001160851194904,0.0014693062374481,0.0075135911239695,0.0019757707952099,0.0075347329287151,0.0098942783989298,0.0157410546640749,0.000512784698809,0.001229275892122,1.0
0.0009221238097822,0.0014901079224666,0.0010320443763887,0.0018000047612359,0.0007318899599971,0.0004846964262627,0.0030733534038066,0.0019652609984004,0.0016806749784341,0.0011753414053549,0.0007978953256481,0.0015467535987148,0.0001006859517409,0.000183464190457,0.0005063957980532,0.0007081619239718,0.0001369008387118,0.0003057701662117,0.0001247764255103,0.000294593824063,0.0017716483390288,0.0030291771525833,8.779692457845675e-05,0.000234647097025,6.778222431347811e-05,0.0001399251691515,1.0998186778540548e-05,2.838647809636657e-05,0.0017681614415874,0.0023585538322989,3.7028922905442944e-05,9.673662397170504e-05,0.0003669482401507,0.0013924438340954,0.0006726363501322,0.001634669130891,0.0025371322672911,0.0041856430564134,0.000123094066754,0.0003263599637501,1.0
0.0009434092524506,0.0015889579499985,0.004101553830769,0.0048928987260222,0.0007904074411413,0.0003601659201416,0.0037662906159198,0.0028592099487612,0.0026053304694545,0.0018673129521869,0.002911016471894,0.0029064697936857,5.964563308256471e-05,0.0001376659303931,0.0005815512509889,0.0009403139310216,0.0002966871288467,0.0004869048886544,0.000199077304668,0.0003642909204247,0.0022172001930276,0.0036771460380967,9.637470316297248e-05,0.0002428415290915,7.581944707819861e-05,0.0001477249618837,1.128046053243891e-05,2.507859951409208e-05,0.0018974236119326,0.0023102814518957,3.643101582753773e-05,0.0001072572893622,0.0008913900951717,0.0014202766033154,0.0007186233295953,0.0018130768239362,0.0018869601768193,0.0026247848709713,0.0002578880574378,0.00056149586149,1.0
0.0009941445257429,0.0012999475930963,0.0021168136828093,0.0017911624167987,0.0007573585685581,0.0003662534957296,0.0023970891793739,0.0021322252830531,0.0020293914676507,0.0013460398210934,0.0022127287634725,0.0029934956677569,9.83294744128118e-05,0.0001618380105685,0.0005878447619755,0.0008140413355181,0.0002054042338017,0.0003737557107005,0.0002046357438351,0.0003277146927718,0.0020385398946714,0.0029285771140055,0.0001050974042497,0.0002505186026655,8.427460832140451e-05,0.0001137803280811,1.090053738769895e-05,3.951485175139046e-05,0.0014838657093955,0.0015527969209107,2.6896694604627117e-05,0.0001078572944398,0.0005517844916001,0.0010956908498686,0.0007010849931713,0.001471996978256,0.002847504661704,0.0039317684088548,0.0001063729337409,0.0003440381693914,1.0
0.000886853408547,0.0016033092197203,0.001198345785327,0.0023449192003655,0.0006800713117725,0.0002790422317512,0.0038872325431736,0.0023630324085973,0.0029106987497971,0.0017528589960289,0.0008921515341467,0.0021543239749074,7.411614487556843e-05,0.0001908001955245,0.0005419948975657,0.000835622974015,0.0001291568480826,0.0002857620557758,0.0001626556145378,0.0004081896327338,0.0023649825590304,0.0041785423414878,7.74672316490674e-05,0.0001785896489244,6.463948320001973e-05,0.0001430647163352,9.091778720599935e-06,2.946019675520971e-05,0.0009880674561185,0.0017031101581827,2.542026715750952e-05,6.67970278877054e-05,0.0003670056320891,0.0012491307061924,0.0004598780707281,0.0012394630620844,0.0036202018404638,0.0050959630574818,0.0001450009608523,0.0003504332739226,1.0
0.000893434782489,0.0018612938928828,0.0009522447771325,0.0039213412466138,0.0008779979638491,0.0003888735611009,0.0033217254026126,0.0021890168065904,0.0024877309797586,0.0015277776500703,0.0010113043369396,0.0018935955212322,0.0001045651594288,0.0002159881349463,0.0006401151549455,0.0011086012149965,0.0001598981258147,0.0003833915427822,0.0001145324698645,0.0004819287692641,0.0021231387130423,0.0040145468388914,0.0001018841848541,0.0002596709813851,6.684683498505559e-05,0.0001755092162383,1.2135507317870437e-05,4.090886339916956e-05,0.0013753035213186,0.0028873643232388,2.9557566104993176e-05,0.000110961472046,0.0004628638673428,0.0016014673635857,0.0007040929449788,0.0015321141925125,0.0014512251494404,0.0025521454920008,0.0001837428699455,0.0004631155152433,1.0
0.0009662009111774,0.001672554679856,0.0007067555217482,0.0025579673480507,0.0010625184445616,0.0004876043016368,0.003703493833122,0.0025506915817417,0.0023650234079546,0.0016414478891871,0.0008425754262106,0.0010565906387468,0.000190127993736,0.0001614689967746,0.0007673885543884,0.0013065832499725,0.0002079471493635,0.0004691333970936,0.0001216915756043,0.0004834041221573,0.0020781694404969,0.0040090403723209,0.0001382933180272,0.000348258179344,9.546716618121222e-05,0.0001635708526284,1.3354076939458578e-05,4.401612203868404e-05,0.001237765264279,0.0018765225990727,3.7241659728374176e-05,0.0001424241986798,0.0005408988574032,0.0017000185719325,0.0009572545406282,0.0019838358214152,0.0017220208849298,0.0039372724276794,0.0001669286304813,0.0005321558409883,2.0
0.0006233526113831,0.0018218428004522,0.0011206499548177,0.0030008902024239,0.0008750964608697,0.0004079828658525,0.0031693303915338,0.0014918578071715,0.0015508571397878,0.0011882334500148,0.0014549953500665,0.0023474479466417,0.000172947565066,0.0001947361295229,0.0005626399696746,0.0010434766221003,0.000139348944264,0.000371113181492,0.0001029028006823,0.0005361846859937,0.0011256220275253,0.0034893192070405,8.73293959172695e-05,0.0002409766977537,7.271758466593602e-05,0.0001688725095429,1.5039239472330176e-05,4.513957283756805e-05,0.001426555421658,0.002110805799617,2.669699390257981e-05,9.55695827505216e-05,0.0005917748814847,0.0023962428820104,0.000771624031734,0.0021461390657775,0.0035648043855109,0.006729794873212,0.000151267905917,0.0004139666809227,1.0
0.001007449083838,0.0018898097298368,0.0018049020204266,0.003193018295549,0.0011448827688639,0.0005945971960888,0.0058583949996953,0.0033367876556713,0.0044625315040461,0.0031392612535179,0.0061746000171261,0.009504402055382,0.0003273004116914,0.0006318406378182,0.00069869305987,0.0013965924220497,0.0003517624673356,0.0007839032172193,0.0003130703602858,0.0008432478927251,0.0021719323216711,0.0044185739312653,0.0001639284539488,0.0004422716629975,0.0002159126651345,0.0004090590257165,4.666108721596721e-05,0.0001593102711127,0.0036267980206285,0.0038693965966723,4.629422120456976e-05,0.0001687596784858,0.0008843491415857,0.0038435254481204,0.0020087359859301,0.0059292561089575,0.0042419115901569,0.0078221698384473,0.000391548405846,0.0012049571648835,2.0
0.0008113125589315,0.0018216050030457,0.0020510262289981,0.0051344407563503,0.0010560177842466,0.0005816317556354,0.0038303826965234,0.0035284281951673,0.0045280725088605,0.0029521944051018,0.0054404526033547,0.0085752211663365,0.000360428509484,0.0006604020107624,0.0005662379016641,0.0014021995426357,0.0002127139007148,0.0004801349880112,0.0002635458309798,0.0007415791923338,0.0020377544793808,0.0038070152744331,0.0001007606053901,0.0002009774190807,0.0002218004938384,0.0004024518909638,4.020350862031477e-05,0.0001414680485893,0.0028705308080402,0.0030261229656426,3.400337702409444e-05,6.916790398692622e-05,0.0011089812385008,0.0049695762088562,0.0013532772801653,0.0049305690322123,0.0048195976519933,0.0077885697019789,0.0003318123377762,0.001404479731566,2.0
0.0031183491224154,0.0055298795257994,0.0066381360828742,0.0094844395688315,0.0024689966962973,0.0011359262218041,0.0134794061291228,0.0101667257647797,0.0071095019367868,0.0042784881639188,0.0050021346366306,0.0067539485128465,0.0009176111065813,0.0011409527060062,0.0015560700643583,0.0028092686332789,0.0007538176846646,0.0009312106664895,0.0004879313939239,0.0015070452513516,0.0038709185838829,0.0067285699170683,0.0002027019356954,0.0005588893375344,0.0002437552674235,0.000434509339951,2.75745324622153e-05,9.925884542442458e-05,0.0125394159158923,0.0132415878453156,6.572747072543251e-05,0.0002118810212648,0.0028039108787515,0.0174098092696987,0.0021469889886688,0.01676892923423,0.0290703104921075,0.0397976795808658,0.0014199324199276,0.0026670635498917,2.0
0.0007656809033527,0.0012785559117967,0.0012087475315616,0.0023699407665685,0.00065109149324,0.0003549037637124,0.0031813704406313,0.0022216398932541,0.0022810741341425,0.0011718329802345,0.000897146374705,0.0016673851520188,0.000185969234769,0.0002914301636543,0.0005246198840411,0.0009239205884287,0.0001704223696445,0.0003981978257145,0.0001195928272243,0.0003361777267422,0.001619763050004,0.0027995968710757,9.555430817871014e-05,0.0002528241137671,6.931836346622526e-05,0.0001493150162713,1.192862081460364e-05,4.392876759854885e-05,0.0012308120871397,0.0014496874575901,2.721660869977193e-05,0.0001123875679006,0.0004554396720949,0.0023702503737358,0.0008155369391672,0.0021715646586913,0.0039230765940945,0.0048081643138926,0.0002609127458314,0.0007072309629648,2.0
0.0016155490892033,0.0023482062357906,0.0051687194008026,0.0048173032009641,0.0015316682269748,0.0009025107892462,0.0064766840352764,0.0054218438793905,0.0066136147999093,0.0041508303831589,0.0049935994530499,0.0087699512498203,0.0006694414381521,0.0007479064796617,0.0007188998746422,0.0014069091317975,0.0005570093524606,0.0009764739057217,0.0003359877119956,0.001418338859824,0.0025153006865879,0.0048584092168275,0.0002283536800855,0.0005568317871238,0.0002508852742437,0.0004622995257195,4.703538040691164e-05,0.0001711898805873,0.0097934864199996,0.012002812379434,5.6652317454413565e-05,0.0002115114792512,0.0017682401752886,0.0096119058207095,0.0018861296713267,0.0099335514179132,0.0207408949570106,0.029062186138387,0.0012137445217331,0.0025727180437148,1.0
0.0024532744442281,0.0045098955672103,0.004817957337448,0.0072884152343817,0.0019795036104163,0.0007934647803765,0.0095709071017562,0.006783692326918,0.0035594982436852,0.0021682664823075,0.0041345334172216,0.0059129156636053,0.0005016553288101,0.0005009022394796,0.0009137022944607,0.0020030636619779,0.0005466381369373,0.0007502955022465,0.0001796073453108,0.000593722014976,0.0033075194966683,0.0053654284956425,0.0001226702022799,0.0004070540659287,8.715757342311352e-05,0.0002006489234182,2.507829080574329e-05,6.724141524667167e-05,0.0078544089199015,0.008627796983764,5.451809839075252e-05,0.0001876467762021,0.0011440620495884,0.0079904100729158,0.0019825332256236,0.010473682459751,0.0148878629736204,0.0199261206286469,0.0005921246690182,0.0009949080062541,2.0
0.0012270966554555,0.0021922990917016,0.0025858179774994,0.0034372316336654,0.000885140396717,0.0004190495654727,0.0041429066714726,0.002855330027225,0.0024463025387064,0.0014615757495254,0.0015608266602053,0.0022874571087171,0.0002749496161103,0.0002879350471286,0.0004929635047644,0.0010112804509647,0.0002510293243847,0.0004784075054615,0.0001519071582441,0.0004471445584936,0.0014941406085786,0.0027301894447294,9.002147473128384e-05,0.0002843056274505,8.320577893408248e-05,0.0001270789401832,7.981958045504132e-06,2.709591621452732e-05,0.0031932436254313,0.0034120637799259,3.1398163764783133e-05,0.0001204228016342,0.0007454820646306,0.0037601535218027,0.000709112140312,0.0033901763167763,0.0066049566115776,0.0084543466693178,0.0002867698380878,0.0006313585201124,1.0
0.0007324816563339,0.0012957253720925,0.0020115871175563,0.0030474548745087,0.0007581524316036,0.0004298572217196,0.0021047163808858,0.0014511690077265,0.0029345440753429,0.0018826402627702,0.0013555711825289,0.0040828589048843,0.0002482616842922,0.0003470259842532,0.0005427021181133,0.0007263084741863,0.0001443449422385,0.000265633515961,0.000112067576266,0.0002667208909276,0.0012071765902806,0.0026474040742314,8.069494595171717e-05,0.0002015116710778,0.0001390982376135,0.0002342206638289,1.742824041693687e-05,5.9087417907079485e-05,0.0016725818633408,0.0014249004337567,1.9853976327556254e-05,7.425638544657548e-05,0.0006404960902187,0.00286342473375,0.0006784800901366,0.0021185700301363,0.0032416564587769,0.0036176416445561,0.0002962511866859,0.0007366793613882,1.0
0.0012905779251969,0.0022402611831033,0.0028167252157951,0.0040728579619146,0.0011247462643936,0.0007830784835118,0.0056403677695861,0.0038259495738334,0.0056227604339197,0.0042051279198943,0.0096673465191185,0.0149018985846232,0.000437531300761,0.0007452029379278,0.0004534817566797,0.0014308529995747,0.000368695113313,0.000874289020533,0.000541373270804,0.0017868223648183,0.0020377285428513,0.0053795188280097,0.0002076846818875,0.000433227010011,0.0003616276237994,0.000678289480775,7.636029988342741e-05,0.0002644967819714,0.0080724184933649,0.0091114360142147,3.469430899339401e-05,0.0001455178574049,0.0024776850756298,0.0118973622967398,0.0034475626414918,0.0126594215438829,0.0149794303884673,0.0242198777638149,0.0005298392496278,0.0018968410267736,1.0
0.0013389897889122,0.0023925394528239,0.0013292892391065,0.0024623877708351,0.0010500490344861,0.0004150951292211,0.0052279547523746,0.0032399619818728,0.0022838279155359,0.0015669489216523,0.0010953339593077,0.0046929208230214,0.0001734952405608,0.0002892425732172,0.0006249080405814,0.0010511693840907,0.0002110531844743,0.0005081865484484,0.0002159356225526,0.0006120644895401,0.0025203117879886,0.0050960249581386,0.0001304765099983,0.0003421170881597,9.095239808189318e-05,0.0001815707093948,1.3223670817828649e-05,4.033187305429262e-05,0.0009061222192342,0.0016200379014008,3.969789189619048e-05,0.0001533912544512,0.0007514918384619,0.0027535142808661,0.000918794681783,0.0019775878381012,0.0012071276319685,0.0026168795186538,0.0001780817372129,0.0004505459404188,2.0
0.0007463757319662,0.0012766384570556,0.001071570078432,0.0018339945757745,0.0008626000584934,0.0003596355510271,0.0025725447744955,0.0018531013448107,0.0019448989430318,0.001233965364001,0.000956968818763,0.0027254429636182,8.135718898814404e-05,0.0002017490799062,0.0005043649370978,0.0008012233717068,0.0001482749738077,0.0003397003749804,8.991544080371532e-05,0.0003412102721849,0.0014834195400265,0.0027687501550804,8.973583533103684e-05,0.0002221952154882,4.6834917779411055e-05,0.0001095638214015,9.95996643932283e-06,2.734302831713141e-05,0.0009100446987883,0.0009628065880843,2.921503716617211e-05,9.681664613148004e-05,0.0004953073052624,0.0015923163599149,0.000748281552298,0.0017493970549192,0.0021911253709305,0.0040793572340469,0.0001149736679986,0.0002752916540802,2.0
0.000631462928792,0.0011624657090377,0.0007469425438224,0.0016625578047769,0.0006930440598208,0.0004057832189223,0.0026059045385822,0.0017902255521911,0.0022029134825723,0.001557149331822,0.0006943305971407,0.0015252116131744,9.966589437693098e-05,7.93353565044245e-05,0.0005618224445011,0.0008813072332189,0.0001409732083433,0.0003275645000797,0.0001185466654258,0.0003245897647236,0.0014679217671284,0.0024679674484491,9.897296350237932e-05,0.0002477426294482,5.465998417570552e-05,9.909795999381536e-05,1.26460311536605e-05,3.0519384894206e-05,0.0006696238065979,0.0012027907475019,3.245829082338318e-05,0.0001061835569611,0.0005815637815937,0.0017085087099391,0.0008414328017395,0.0017103108349144,0.0017045294429223,0.003172895765537,0.0001027959865012,0.0003312609342443,2.0
0.0005860163633671,0.0008248976486122,0.0009970955510418,0.0016115699484841,0.0004162665403202,0.0002799218932702,0.0020328606814332,0.0013539358019672,0.0032093351412809,0.00199656243363,0.0020537134082938,0.0009778641751478,0.0001318155965155,9.867650543322472e-05,0.0004286881849812,0.0005924031395888,0.0001689124653344,0.0003807864510728,0.0001124750837538,0.0004284902744345,0.0014600448817934,0.0022622425928207,7.965054276020803e-05,0.0001677198721956,4.567436145083901e-05,8.076930274990066e-05,1.2463704128143024e-05,3.36183464187998e-05,0.0014094906674196,0.0017920656899936,2.6934812447068e-05,8.871098577290373e-05,0.0005122284789544,0.0017309434793533,0.0008664495599434,0.0019999274984296,0.001240297237907,0.0019637030812375,0.0001317891393537,0.0004777769623539,2.0
0.0010400746385192,0.0019307837513232,0.0058390389285722,0.0082052503947425,0.0009033250805245,0.0009255497117322,0.0033274195142458,0.0026303341504369,0.0066844090919722,0.005130749723231,0.009724384761967,0.0159576633022158,0.0007201205573808,0.0011191105099326,0.0004709300162713,0.0015236904269636,0.0003389610838878,0.0007876055487079,0.0006078902775536,0.0015155179239235,0.0016867955984235,0.0044023423675612,0.0001945806682916,0.0003572435034743,0.000426567869735,0.0007228150990421,7.57929326760511e-05,0.000266632779185,0.004327770466214,0.0049364273367452,4.578211472622351e-05,0.0001401981208865,0.0015388000446113,0.0063166927169962,0.0025894177796715,0.007651264244625,0.003144578945509,0.0073810083088288,0.0005813788811363,0.0020627101106933,2.0
0.0014114774654858,0.0017103497577635,0.0028143091673586,0.0028432262976971,0.001064986806871,0.0006653061271709,0.0056434442809662,0.0037107908147407,0.0025099740951244,0.001412675870404,0.0011769698310026,0.0013991508385038,0.0001803388690883,0.0002704532754801,0.0008937671362577,0.0013787186145964,0.0002768445935347,0.0005637800388935,0.0002947758289612,0.0005056924686105,0.0032524971999955,0.0047286349610537,0.0001663183541952,0.0004272085631414,0.0001745029767419,0.0002223522781337,1.236981348954114e-05,5.086685961550378e-05,0.0012094535979474,0.0022249402826127,5.319278240700918e-05,0.0001795820736593,0.0007200530472008,0.0034147133468124,0.0008513192506278,0.0023113115075093,0.0016694172123782,0.0026506676830885,0.0001159991788141,0.0005385734822975,1.0
0.000364834246921,0.0005482724414881,0.0009866124963598,0.0008659316161244,0.0002339313729495,0.0002268465210061,0.0010447773359583,0.0018009312601097,0.0011052495888552,0.0006766430957101,0.0010778320412612,0.0017999299250972,0.0001904939224131,0.0002050482407646,0.0003219660448497,0.0002071802352671,7.369757814490881e-05,9.558499137061148e-05,9.437527650642354e-05,0.000160910436772,0.0014381326967074,0.0011097369434447,4.709229570483592e-05,0.0001038482081682,0.0001063317484407,0.0001306824637014,1.0970951508129356e-05,3.089405516085823e-05,0.0014059368936227,0.0016899954997335,2.8208148156831755e-05,4.8592317001116056e-05,0.0003312287390989,0.000854159567599,0.0006270220346276,0.0015569823540716,0.0005798142717968,0.000894580788939,9.579984609744771e-05,0.00027879098763,2.0
0.0009797632752305,0.0014847566377761,0.0012976837261373,0.0038411915472196,0.0007444147003715,0.0004652349318624,0.0025135504961581,0.0015097424273893,0.0025214981614011,0.0019508652615991,0.0016460985871545,0.0009615116927278,0.0001304268547028,0.0001592143786762,0.0005581235576161,0.0006423754156955,0.0001054956935125,0.0001822422609209,0.0001988975920539,0.0002890628505145,0.0019068544799186,0.0037535608246265,6.477759005534011e-05,0.0001468139915214,7.32332171056814e-05,8.610952757794826e-05,1.2282783888216076e-05,2.7176558607688577e-05,0.0011244803875692,0.0008795355215303,1.9432077325219483e-05,5.509233616724263e-05,0.000455416905441,0.0009640059563036,0.000573396588329,0.0013623113440272,0.0027124852489045,0.0043069292340518,8.976401510827572e-05,0.0002052155543756,2.0
0.0006710301975309,0.0008242160725169,0.0007212901438937,0.0011057052120947,0.0007067117511155,0.0003382995047407,0.0015053553213868,0.0010420617841651,0.0010886520754873,0.000854594474026,0.0009012455313035,0.0012194524431922,7.255868052161675e-05,8.616028492945713e-05,0.0004342787288723,0.000623906115001,0.0001055984231793,0.0002576555094537,0.0001412173952575,0.0002265309414629,0.0008956042678503,0.0013103397681993,6.651345800082911e-05,0.000161613323485,4.6679574112733975e-05,6.761718895557865e-05,1.0845719407235684e-05,3.055820642350089e-05,0.0006419433373005,0.0008866905495343,2.8805422578313765e-05,8.618113093183354e-05,0.0004282840078291,0.0016449658023376,0.0006918709417191,0.001661444299212,0.00060669245543,0.0011480402410214,9.346545492974387e-05,0.0002525492584207,1.0
0.0009515601011308,0.0010481305194562,0.0015283103962145,0.0028863717464454,0.0008750343454762,0.0005235777987061,0.002134779953884,0.0020936043091353,0.0018875305190407,0.0014129254943543,0.0009793026775621,0.0013071569433147,0.0001561453791296,0.0001305897005716,0.0007604765209612,0.0010274706423993,0.0002037380197109,0.0004648218754323,0.0001174244436325,0.0001700566330913,0.0018972780670236,0.0024935418885081,0.0001349324365717,0.0002869368406047,9.975864150108426e-05,0.000135741701043,1.7791887438922986e-05,5.927208129947377e-05,0.0008475765851652,0.0008456157298717,3.950993394709477e-05,0.0001319689450855,0.0006112752811955,0.0020881706428658,0.001147335028949,0.0025539323651016,0.0010275149739085,0.0024154970849633,0.0001493845520838,0.0005402890693316,1.0
0.0016428739766678,0.0032878100576319,0.0069681399415588,0.0099046623614403,0.0023162316153517,0.0014028549273063,0.0111503667148328,0.0060657977449132,0.0067767386158488,0.0053123972035222,0.0106418785511845,0.0169043700769527,0.0009409632740992,0.0014227773262044,0.0014454239559184,0.002690669518073,0.0007562711714024,0.0017996952606357,0.0005314974587642,0.0014750961071487,0.0032644203508306,0.0080234802557375,0.0003935813789833,0.0009728793882794,0.0004882902313684,0.0008873183555502,8.376701500314155e-05,0.0003006354016389,0.0053978458091475,0.0060088995632886,9.79707382292942e-05,0.0004106353951533,0.0023642016793983,0.0089585779983635,0.0031669813054241,0.0076491780257015,0.0043930150655788,0.0079662766135341,0.0005578666554132,0.0026650416615181,2.0
0.0016217540100253,0.0032387106507085,0.0015853294088943,0.0023990548001772,0.0022172268263878,0.0006908614322298,0.009499472946537,0.004496320900139,0.0013221087027237,0.0016877189969595,0.0027100818798678,0.0080354022778119,0.0002745548424425,0.0005727571369742,0.0009965409784387,0.0021893122641072,0.0003163303986995,0.0010010528709488,0.0001262289585362,0.0005351573226987,0.0036777685175507,0.0091707287547329,0.0002097093882031,0.000658070987861,0.0001743301201341,0.0003744097354613,2.056268911489866e-05,7.696529670151598e-05,0.0036690439079644,0.0051070239941457,4.423550219876426e-05,0.0002112758266242,0.0007582803351807,0.0042014196031959,0.0009516992464561,0.0020757590792949,0.0030200170990992,0.0047843899803798,0.0002429742684963,0.0006796664912215,1.0
0.000516123432663,0.0013273428115005,0.0018446051340829,0.001918660735255,0.0009577074733728,0.0003497731159373,0.0048085308504397,0.0019519592971975,0.0021802614381609,0.0014608071053464,0.001207372687393,0.0048196414299132,0.0001519153860148,0.0004238496962837,0.0002977259834237,0.0006705803967293,0.0002048825371102,0.0004479653631578,0.0001799331104902,0.0003932203733503,0.0015266896252715,0.0034165797710712,7.945504780275637e-05,0.0002204103993082,8.092824484318392e-05,0.000184811799955,2.3365960427804995e-05,5.952883924501957e-05,0.0018838012303826,0.0026200723126358,2.94800056386767e-05,9.921304721171007e-05,0.0006805386475068,0.0022869200430726,0.0008025539545494,0.0019696026753025,0.0022109431266602,0.003455693515855,0.0002447972411576,0.0006662302050674,1.0
0.0005543175615158,0.0013063541926749,0.0025087083589656,0.0041031165891132,0.0005059268059929,0.0002154462864164,0.0047970330659492,0.0024773045263927,0.0017372841042068,0.0010818857318722,0.0021085504384094,0.0050333789701686,0.0003771644754405,0.0006515517715642,0.0002943850884759,0.0004554390597194,0.0001453208341059,0.0003313773002256,0.0001943199792727,0.0003204444100973,0.0009626449263364,0.0028584741573694,6.947586386131314e-05,0.0001626735939123,0.0001287122889302,0.0002363424012488,2.8368150147213093e-05,7.753726809284003e-05,0.0042896590909624,0.004713314700212,2.8193355183326316e-05,8.804823784376665e-05,0.0009478360137517,0.002961978337467,0.0008862665081277,0.0017902578636381,0.0039714755346153,0.0041088033149093,0.0001869184253092,0.0004025106103227,2.0
0.0007536967496513,0.0018784885710134,0.0021015700407032,0.0042268620827697,0.00063941919966,0.0003099265637933,0.0027236956491317,0.0015622893711973,0.0016688422693823,0.001219092934663,0.0007548964782492,0.0021853471452075,0.0002235904174226,0.0004452674805159,0.0003745063576064,0.0008924597183423,8.222520188805654e-05,0.0002474145206804,8.02120333065537e-05,0.0004328369201205,0.0024136036277907,0.0038773357107131,5.117997333382079e-05,0.0001412444046413,6.0541296231788674e-05,0.0001532355780932,8.595369710402917e-06,2.098880462231466e-05,0.0024459668564633,0.0028192022368208,1.6450880808463326e-05,6.359303373815547e-05,0.0013581251653939,0.0048860368088742,0.0003853423510267,0.0018326706802461,0.0012416367710767,0.0027046801878237,0.0001523648642035,0.00030221977375,1.0
0.0016999379520273,0.002597370996794,0.0030627576649933,0.0057909133862016,0.0010103259806494,0.0004280359954662,0.0038687559827304,0.0026147819862116,0.0029750203998234,0.0022491244586146,0.0016829380522657,0.0018528849663569,0.0003040079938689,0.000404517512847,0.0008109143181317,0.0012177250509373,0.0002575877111394,0.0004520785278751,0.000167097220306,0.0006209231469469,0.003337705849061,0.0044081234880926,0.0001516593877547,0.000363609595721,9.674231131396911e-05,0.0001544935115627,1.855100515138187e-05,5.161883271719653e-05,0.0020031299647701,0.002278864436202,4.601324795242791e-05,0.0001706019364931,0.0006787204981698,0.0023908212069377,0.0010399136930482,0.0018998598942621,0.0028489490764904,0.0050889403705973,0.0002124840206434,0.0004811528920875,1.0
0.000386481384967,0.0005555733625785,0.000963992073636,0.0015193672592518,0.0005839988857902,0.0003738298972048,0.0024438593559496,0.0036370530292448,0.0030569274514561,0.0012556344464287,0.00283154051064,0.0020953074172619,0.0001213723636976,0.0001391549709112,0.0002721859012137,0.0005732961027452,9.946248894587632e-05,0.0004367134241917,7.70237365034482e-05,0.0003023195400617,0.0026698414136426,0.0032260976392085,0.0001022838003198,0.0002605621009179,4.497240044801714e-05,6.374959786657511e-05,7.373215396756972e-06,2.1792524718739112e-05,0.002400856243712,0.0028220208316362,2.113060385620959e-05,8.336111526537514e-05,0.0026669366776337,0.0116832347154053,0.0005747983706984,0.0051199063645375,0.0022543124561207,0.0034195453634944,0.0004629809304529,0.000669563131234,1.0
0.0011882030901246,0.0028466307866158,0.0152280828453192,0.0192100627470882,0.0017741719638247,0.0007354060517407,0.0069239587683662,0.0128579477063698,0.0111350919803178,0.0050138523727056,0.0152566302477823,0.0123269217960148,0.0009678728503024,0.0011644164925704,0.0008434854806164,0.0027174350266777,0.0004357069264633,0.0014539052567377,0.0005573175201651,0.0037070339870435,0.0204586535020658,0.0218762993454658,0.0002217305013435,0.000410660553969,0.000252654603925,0.0005008650215585,8.739653015421038e-05,0.0002144200517664,0.0219292862724436,0.0225618492006495,6.333728801961427e-05,0.0001703297665544,0.0230636695692928,0.0886893266014356,0.0023847217691381,0.0386458728507401,0.0177972568163483,0.0315230161633343,0.0031295341275673,0.0027641771409365,2.0
0.0011331841246615,0.0024984048673142,0.0017795598708513,0.0030478702346114,0.0017292677397941,0.0006715407981865,0.007048864763986,0.0025192983823618,0.0053226109726299,0.0038455152661972,0.0017448364103182,0.0049763425576107,0.000359946460331,0.0007082587444946,0.0005345634030871,0.0010039802509979,0.0002312197712934,0.000625279038763,0.000226070037665,0.000627464529042,0.0046244921470682,0.0040368647375683,9.963866964745364e-05,0.000259398396072,0.0001166532624067,0.0002441761657696,3.719667805065917e-05,8.797225106714067e-05,0.0030283766293128,0.0025985278565123,3.475849053041683e-05,0.0001246647916551,0.0050327828648385,0.0186412706172125,0.0011619685947692,0.0069332559737071,0.0033584197097471,0.007638712556681,0.0005230305964369,0.0007953911375235,1.0
0.0006743407735791,0.0010467916983137,0.0018862911456245,0.0039560973962176,0.0003277560701812,0.0002482813062604,0.0016418344788707,0.0014742588247299,0.0041609625095015,0.0024793772745717,0.0010474333775031,0.0029340932664256,0.0001799857632746,0.0001567212745621,0.0004121627312455,0.0004857882128621,9.247526630793112e-05,0.0002598065083645,0.0001093154034766,0.0002795867781827,0.001335238732858,0.0019339076699183,5.899132587656346e-05,0.0001427942633322,7.452906045478361e-05,7.51300378467441e-05,1.0821083256740273e-05,3.466349762565383e-05,0.0011761254615213,0.0014798076343396,2.609907635499521e-05,6.475371821489107e-05,0.0005352601097124,0.0021164900131438,0.0008999870365872,0.0020638983333639,0.0013358021391729,0.0022937934974266,0.0002868420038478,0.0004092785162509,1.0
0.0021646813451581,0.0051768661905777,0.0106303093219484,0.0209982165501573,0.0031239854193915,0.0015120114445035,0.014002021887503,0.0095829948000705,0.0270044982775465,0.0152854739609906,0.011597580132189,0.0164184881309989,0.0004564315613788,0.001056836760119,0.0005272641366854,0.0015689347001924,0.0002104552422986,0.0020720681042193,0.0008050286206734,0.0034395465836902,0.0062907505490549,0.0108065068022746,0.000125195977114,0.0002626484580689,0.0002302185458874,0.0005575719582537,2.69257464491605e-05,6.504289153744235e-05,0.0136906555488715,0.0169440742598708,3.1746858758282574e-05,0.000103417031317,0.0058483601442594,0.0258819818175723,0.0037649741344025,0.0154696808260846,0.0162851678881049,0.0224924361751251,0.0016691210825237,0.0013808125962302,1.0
0.0073884167570267,0.0152956893430648,0.0423596125568683,0.0734758126896936,0.0092761992329389,0.0053760071338416,0.0538249489575441,0.0442951432813284,0.1187875300192615,0.0680362081987444,0.0589788486155513,0.0809507998042655,0.0021299304341502,0.0043478480866855,0.000681088589387,0.003068114214251,0.0004958584047048,0.0083768419178909,0.0037875462674654,0.0144559138759375,0.0278041197293525,0.0399439918301317,0.0003876575472191,0.0008833137782899,0.0010207059833508,0.0021576289678065,0.0001273828799015,0.0003382555320747,0.0606431030524845,0.0711869305802533,6.705765149294819e-05,0.0002862772790797,0.0294224177200942,0.1300368540476315,0.0169490742944074,0.0748105753950659,0.0735278193816164,0.0978750665446777,0.0078325684044059,0.0069164887409366,2.0
0.0095464551107305,0.0196771562628733,0.0600885109038563,0.1016892948992356,0.0112235002090919,0.006479515044313,0.0646988192954572,0.0549449016796903,0.1466292346859181,0.0837487642629033,0.0699354905432285,0.0926685963190498,0.0021807181148675,0.0047959620426832,0.0011065200590085,0.0051286438792536,0.000808282150781,0.0107498637124253,0.0047963490784626,0.0186748124807275,0.03767729790072,0.0520726767530544,0.0005054889610022,0.0010623267039577,0.0011900997601762,0.0025096159478536,0.0001365291989248,0.0003430201720648,0.0829142744615292,0.0963119710484386,0.0001006350230139,0.0003902697641381,0.0410709990843903,0.1786176850261525,0.0221170662416429,0.1017704315551212,0.0985169246424983,0.1309861526668249,0.0096718147494085,0.0080335698442389,1.0
0.0029583970799488,0.0072109707423894,0.0167993537676101,0.0321115624714746,0.003839553419031,0.0020340325707974,0.0206353296949942,0.0166724671724149,0.0425809851795443,0.0236404949063,0.0209769445346349,0.028793158238945,0.0005569351815056,0.0015451481522699,0.0003699081935888,0.0018386201931189,0.0002366180238689,0.003382670655764,0.0012923459370166,0.0057747447031738,0.0114284302555896,0.0179096852082138,0.0001464986928951,0.0003938675276178,0.0003240342001896,0.0008499735597939,3.104233268008356e-05,7.850977508935915e-05,0.024281541647432,0.0299160737720566,3.751764483185997e-05,0.0001456618715608,0.0125784855472806,0.0548484083226108,0.0063304114282526,0.0310098579765567,0.03004936524084,0.0423564342382341,0.0029624380681993,0.0025229648975741,1.0
0.0009429383521189,0.0016318348089673,0.0097660650212482,0.0129460533928046,0.0007181831704112,0.0003662278949838,0.0047228364017852,0.0044215504191355,0.0060458310452605,0.0035877356132587,0.002795512436115,0.0035429927257567,0.0006800037008989,0.0008216429926786,0.0007661322036856,0.001333698107423,0.0001673271672851,0.0004452196289493,0.0002382122495624,0.0003502703220772,0.0023170156393327,0.003278546090254,7.814703755147287e-05,0.0001637050897746,0.0001720405117667,0.0002543289532333,1.7706146924836724e-05,3.741844898375458e-05,0.0060323123401307,0.005724350529526,2.638094107820908e-05,6.666096448973333e-05,0.0011504883122395,0.0045157169997514,0.0011518656672456,0.0025395843701315,0.0027154643641261,0.0045088931837121,0.0002867796073413,0.0002765415426876,1.0
0.0009342277210519,0.0009330215625876,0.0033405941254555,0.004203379818847,0.0007816285861148,0.0005158124487544,0.0043673057009702,0.004023578988252,0.0073537249455773,0.0047283242956221,0.0041908634438465,0.0052001574417619,0.0002120003168739,0.0002834095842221,0.0003593362703173,0.0003764671033057,0.0001530985424871,0.0006088306470526,0.0003110191923056,0.0007206075540528,0.0027900785583084,0.0028577661818592,6.903870700233501e-05,0.0001412646277106,0.000106845403099,0.0001183317328399,1.862630324464917e-05,3.785000068432616e-05,0.0038745871858205,0.0038301368110505,3.027816524198584e-05,7.613269758685952e-05,0.0022170006983508,0.008593955494179,0.0011982734746221,0.004308120201638,0.0040788098441775,0.0036799014165249,0.0004614124215446,0.0004437783547668,1.0
0.0006330606933775,0.0009680203413894,0.0010851177181774,0.0010956821736396,0.0006179823637413,0.0002781242036294,0.0020931039370885,0.0011941697480302,0.001735398691952,0.0010827940850482,0.0008156473887376,0.0010455929923449,5.318642256237424e-05,0.0001563420732232,0.0003500980731329,0.000526560414597,8.816311382244237e-05,0.0002462031361938,9.295318075429994e-05,0.0003757846871631,0.001098697050333,0.0018510024754924,3.87989482369583e-05,0.0001609162197289,3.5373614080518574e-05,8.858394328641664e-05,9.032903139585732e-06,2.705815478299957e-05,0.0008017542915469,0.0007455218955725,2.1480928163193023e-05,7.827483493651255e-05,0.0004354943847197,0.0016478256297212,0.0005942180640227,0.0015980418948338,0.0036692417857212,0.0069693719341476,9.503698926943416e-05,0.0003152005134531,1.0
0.0007285120596724,0.0009927065925039,0.0008085347802547,0.0012989389383436,0.000641500150998,0.0003949669589627,0.0023911171005623,0.0019973984185605,0.0021950293735062,0.0013526580480775,0.0013321382902698,0.0011433438085212,0.0001141603131031,0.0001405133476597,0.0003600293649425,0.0006248108492994,0.0001291854321829,0.0003449097892941,0.0001471016380338,0.000427686551859,0.0014862565374246,0.0023836857437569,6.16446141996043e-05,0.0001524958474892,4.99946882123659e-05,8.899404103674709e-05,9.253057855748612e-06,2.7959154605148197e-05,0.0005952205713079,0.0009196091069365,2.122335486981468e-05,7.515435162088245e-05,0.0006813877364813,0.0026037582616329,0.0005524859599316,0.0014575592679495,0.0021813333763675,0.0035915615069486,0.0002124865785198,0.0004464447448007,2.0
0.0016899857263559,0.0033775497739852,0.0074640412308581,0.0114874568854548,0.0015522822840785,0.0011665521304208,0.0091134135493821,0.0076190465141528,0.0161123631909861,0.0100489377149621,0.0149255965887631,0.0235621758213691,0.0007249852027446,0.0012751426668354,0.000462585986299,0.0014995840042607,0.0002155210281544,0.0016489452380015,0.0009770329487375,0.0029374190773286,0.0037495274890581,0.0071890640892268,0.0001312657599631,0.0002820649891499,0.0004165824289298,0.0007620467373747,7.836510882203106e-05,0.0002672324281112,0.009936213150514,0.0113783055240984,3.862739769591635e-05,0.0001262061889586,0.003858667842978,0.0169084835602704,0.0039452443093897,0.009719678983772,0.0070207681023297,0.0108048799043108,0.0017301573658286,0.0030773063391293,2.0
0.0006972318217483,0.0012614694695072,0.0020787582007645,0.0034200805921937,0.0008865284690312,0.0004934841646742,0.0034889420425237,0.0028330822725735,0.0043246018864308,0.0019751453486868,0.0014023902936846,0.0015578633095914,0.0001292130304744,0.0001698137659937,0.0007239810691567,0.0014205572328191,0.0003152303076892,0.0008283180408114,0.0001341903313672,0.0005123356617045,0.0026446895470749,0.004067639207913,0.0001957563686516,0.0004196120992344,0.0001053396743697,0.0001954691507182,1.5695043327020402e-05,5.951851354332924e-05,0.0010805415043039,0.0017075468734155,5.336087975012039e-05,0.0001750589642755,0.001306356793888,0.0052840111122964,0.0016310078980695,0.0047350704351427,0.0019271615382724,0.0033212477060825,0.000228557691863,0.0007795189693933,1.0
0.0013518416885456,0.001845640676736,0.0057780369398795,0.0068884109708148,0.0008259299103109,0.0004025994777496,0.0036883730560062,0.0025948820176647,0.0017191814614835,0.0009092590641246,0.0020362651063595,0.004828319497658,0.0004747799683898,0.0006312082717735,0.0006410117008877,0.0010872680914394,0.000251184294745,0.0006963276270271,0.0002354938885448,0.000924113475854,0.0018178819024801,0.0026453930654549,0.0001356554605326,0.0003767230501445,0.0001421739641781,0.0003054471688632,1.756474603197481e-05,8.440427865082111e-05,0.0026030155348648,0.0025909640721351,4.914594784843512e-05,0.0001787281676558,0.0011479827143076,0.0034805337114965,0.0011733944014395,0.0030133939133829,0.0029004397164673,0.0065114842913624,0.00042876931425,0.0013758277117185,1.0
0.0009701748748175,0.0022199356729929,0.0037519476047427,0.0059607209068081,0.0010825678912165,0.0007319312252363,0.0048883034523296,0.0036514179600571,0.0070492710502395,0.0051416772573895,0.0089645331747709,0.0161482116187744,0.0004852072180448,0.0010633004867048,0.0005021073355396,0.0010975439106647,0.0002309898013688,0.0011301377561977,0.0005845550802638,0.0016645301051487,0.0024166326611085,0.00445463099623,0.0001250369243265,0.0003095506831478,0.000300323592495,0.000656120255803,6.621385658642234e-05,0.0002467832549396,0.0041422901545275,0.0049019222913191,4.393606264317008e-05,0.0001323318856886,0.0013583112667397,0.0047476415248527,0.0026677126479358,0.0026616834397706,0.0056129160269073,0.0093819548576086,0.0017767336828085,0.0031047212769862,1.0
0.0005188398416343,0.0012782799059714,0.001107293881168,0.0026850405065849,0.0006843942762073,0.0003294600413482,0.0039135127333429,0.0019638915916106,0.0017938904823846,0.0017022614348266,0.0010719012592405,0.0020556549868862,8.903218834517622e-05,0.0001324205110586,0.000402267325415,0.0007411186590326,0.0001349860163234,0.0003153926741775,9.594998692923426e-05,0.0004015051991355,0.0016690113170097,0.0041159139882743,8.414433837107339e-05,0.0002034104019161,5.358301099067334e-05,0.0001377714553723,1.1980464938958422e-05,3.898792033571233e-05,0.0005462364688329,0.0011943562377967,2.5531947346301666e-05,9.051598851968548e-05,0.0005869170644303,0.001864915705078,0.0008144724265841,0.0018175588706737,0.0012380757402079,0.0029304192367961,0.0002697900803175,0.0004955984987502,2.0
0.0014945127312526,0.0025675690884558,0.0058277581241712,0.0079689219452089,0.0009620918192424,0.0005003902180205,0.0053099622886775,0.0038380389367316,0.0048076329355497,0.0028289740117331,0.0030726767642091,0.0061133766202774,0.0004222524548281,0.000617607418313,0.0006532180344684,0.0014853258986419,0.00025042816761,0.0008564704669734,0.0002703335880659,0.0008606722610684,0.002194635291833,0.0035853457086212,0.0001514384476778,0.0003731362400921,0.0001323652855699,0.0002730945256478,2.950919481717832e-05,9.69636756114538e-05,0.0033179811292032,0.0036325299153403,4.625157107112548e-05,0.0001830151873731,0.0015827573931248,0.0056415605901667,0.0018583367454319,0.0033622762742231,0.0016416467736165,0.0024567798012365,0.0007274440312619,0.0013106946219728,1.0
0.0008822683308118,0.0017039694919178,0.0018692469548938,0.0032854653087461,0.0007833654137558,0.0002995102709154,0.003420826838137,0.001608698157681,0.0027566063669722,0.0015274766119263,0.0012821419499777,0.0036548239193332,0.0001792332131904,0.0003762357358502,0.0003900655474383,0.0009652699734766,0.0001126843289192,0.0004567188420681,0.0002118114594938,0.0007519866555793,0.0014063459131185,0.0040189021975612,6.776517168470883e-05,0.0002034886441923,8.26267685351466e-05,0.000226355102131,1.3607593120170732e-05,5.337266939284934e-05,0.0015574396512135,0.0022217655740969,2.0522111240998927e-05,9.824352545321956e-05,0.000766872398979,0.003425925973208,0.0008389770047652,0.0021864804282442,0.0031912369963591,0.0063593698731377,0.0003615912720653,0.0006489097142341,1.0
0.0006696813052569,0.001085655312939,0.0007020918127351,0.0017653806654876,0.0006178069764563,0.0003005154479497,0.0027398857359,0.0020535036386898,0.0018286315726453,0.0010873727672836,0.0012569437155365,0.0010302647732175,9.286760932893074e-05,9.726791837551272e-05,0.0003186279493309,0.0006838783501478,0.0001473846210697,0.0003346919218801,0.000116957725165,0.0002395496845406,0.0014654535731005,0.0025714700539039,9.991712582694968e-05,0.0002315464342905,6.81138617149977e-05,0.0001003821119634,1.1064965576425103e-05,3.503690268616723e-05,0.0007940531111119,0.0009352142297572,2.526897369846766e-05,0.0001086955750831,0.0006397542291806,0.0020503750653914,0.0008775897358802,0.0021772185248414,0.0021381649968287,0.004596677882913,0.0001533376101179,0.0003086807972515,1.0
0.0009745272282781,0.0014479494066818,0.0032837559552954,0.0036855474573195,0.0004990222108762,0.0001475038397872,0.0018058739231068,0.0009708658244612,0.0018325388316942,0.0011442401876899,0.0004733519413767,0.0016171601134708,0.0001160675655994,0.0001696846328791,0.0003692115346923,0.000512023554583,0.0001037360154395,0.0002371706841397,0.0001031890460933,0.0002608674121062,0.0009937429857646,0.0019284940423831,5.696435382690117e-05,0.0001475266434601,5.101108165521581e-05,7.047986456703672e-05,9.383620422791612e-06,2.601404482068356e-05,0.0013685581437789,0.001505155789361,2.7842292967113743e-05,7.268481854184197e-05,0.0006130224669173,0.001850724294316,0.0005498142157789,0.001649235716716,0.0007524876095272,0.0012533591281656,0.0001263917781954,0.0002278201116405,2.0
0.0005233049597272,0.0012471043602465,0.0027074510482924,0.0045196075417238,0.0005247211326912,0.0002813603552648,0.0013757363422966,0.0011880309988326,0.0015810384013928,0.0009433097973403,0.0003287302382169,0.0021018990875381,9.910720121958372e-05,0.0002840311681684,0.0002713153739724,0.0005904659576518,0.0001290274903456,0.0002590548444147,0.0001258863596325,0.0002935755612657,0.0008521773616071,0.0016676116247839,3.332398164801875e-05,6.849419846272505e-05,2.602811934562104e-05,9.903926140874433e-05,7.996988178650406e-06,2.1537474165598523e-05,0.0007719633911097,0.0012368690354202,1.6300400434551037e-05,3.5725173527471554e-05,0.0005225412915552,0.001698294617107,0.0003857795070608,0.001748038670804,0.001009392274452,0.0028037324257777,0.0001498406971869,0.0002586602661179,1.0
0.0012995317794355,0.0024343162891331,0.0044552516685905,0.0068699271348998,0.0009355752130845,0.0006572598532223,0.0061949685781849,0.0052587025236123,0.0103667440783774,0.0065968827207506,0.0101053161838729,0.0159985075497351,0.0004408019259164,0.0008057450604184,0.0005096539417831,0.0010960689864781,0.0001567767913549,0.0010100564719247,0.0006207307095646,0.0017986251336911,0.0020587871046926,0.0041336876287992,7.795949118022944e-05,0.0002056418751286,0.0002588407611894,0.0004823401059019,5.215158052818714e-05,0.0001859799427782,0.0061145031298243,0.0069213937642716,2.9626838753388864e-05,0.0001042607273385,0.0024308200078914,0.0104295878605166,0.0025897977510198,0.0055144413570898,0.0035984598758141,0.0053244303841735,0.0013472416052838,0.0023315229924659,2.0
0.001008137098366,0.0018157793611601,0.0012392584831339,0.0046082370570651,0.0011116144263915,0.0005958736325697,0.0036214443274006,0.0023576048324349,0.0047067018353446,0.0024565430983264,0.0007727336217752,0.0022791202222946,0.0001354431544719,0.000304308516401,0.0007627081230631,0.0018528114436091,0.0003436065059838,0.0009007374526618,0.0001541009819656,0.0008256059631952,0.0018056592520942,0.0035942750111633,0.0001594697375301,0.0003622538160005,6.423253174477232e-05,0.0001924776922511,2.1372810381908976e-05,7.456647558273445e-05,0.0005510182928911,0.0022180823796329,4.913377165451654e-05,0.0001441552331106,0.0011158317009058,0.0050194810131017,0.0017157088515964,0.0049717599799956,0.0006366604903002,0.0033238860506538,0.0002268609906834,0.0006718849049746,1.0
0.0015168672238825,0.0023382118258284,0.0020586879624275,0.0018243261325403,0.00125944415905,0.0006312308674695,0.0066922231339959,0.0044060399630266,0.0037299101488521,0.002863464969553,0.0030184681932002,0.0027762973907027,0.0003470559149321,0.0003882518948351,0.0008466991856429,0.0015724905655474,0.0003332005766613,0.0006714484301313,0.000193612580217,0.0005243745547318,0.0037760028716171,0.006989217085489,0.000267082001647,0.000682656755042,0.0001542306500784,0.0002321488478236,2.343912722580985e-05,8.977686706018415e-05,0.0032244439303809,0.0025800983875002,5.89830262027476e-05,0.0002492494222564,0.00136585359503,0.0054470169585799,0.0011638064940992,0.0054014794048266,0.0030652296373861,0.0080818083567507,0.0006057453975965,0.0009313978097317,1.0
0.0008363768971703,0.0013412926948629,0.0048071281225009,0.0058502554808259,0.0006448109417642,0.0005924860100806,0.0034756379945776,0.0015996484052569,0.0038870952169182,0.003091686609107,0.0021251074864853,0.00278353056095,0.0001863956435013,0.0002128062104111,0.0004838347676167,0.0008413667266141,0.0002443683798834,0.0005826751733829,0.000231299389039,0.0005236950821519,0.0018878247723207,0.0029078852160765,0.0001127493338097,0.0001842710292054,9.614949954664192e-05,0.0001123090733193,1.2979954304657075e-05,4.76977963520226e-05,0.0022756977036609,0.00172302968501,3.15379166073988e-05,8.6824472074695e-05,0.0013615362215369,0.0060572526822071,0.0007166822258898,0.0015832210639941,0.001458998965216,0.0018307800369983,0.0005718352109718,0.0010323385745967,1.0
0.0013529738088098,0.0019672546279654,0.0019342229369499,0.003682587107415,0.0011163998950764,0.0005916405011515,0.0047746225297173,0.0034498459372,0.0016382324090903,0.0010687314501894,0.0010293476527774,0.0019690202500447,0.0001967324966923,0.0002706203085003,0.0006510124597376,0.0011141002887181,0.0002950870315217,0.000566331727516,0.000212496392625,0.0004902945892065,0.002481185321355,0.0040073673410665,0.0001397870311987,0.0003432844815936,0.0001056323968173,0.0001773967526312,1.5312815065419564e-05,4.331483827996371e-05,0.0016684252458166,0.002339560649388,5.106079990251643e-05,0.0001629715744104,0.0013955490390806,0.004293438894009,0.0008729028639233,0.0021382817128769,0.0024925506720648,0.0051121778842738,0.0001523522438051,0.0004116295515844,1.0
0.0010613571046777,0.0010710924895936,0.0025205480768648,0.0041372563210658,0.0007460437753897,0.000319906672693,0.0049179150972694,0.004266667912441,0.0017389583703952,0.0012478827695594,0.002515306486915,0.0036009865405716,0.0003060677188064,0.0002790620489838,0.0003441415430349,0.0006393686215575,0.0002031245544203,0.0003413376169496,0.000179594548659,0.0003574606088438,0.0028217965475498,0.0044366321300102,0.0001076014914928,0.0002703595490475,0.0001102873909278,0.0001329562377636,1.1548784027707888e-05,3.691855597242696e-05,0.0021585135968338,0.0022493404874727,4.482286928702223e-05,0.000124633723804,0.0010025610312006,0.003443834086229,0.0008173323792772,0.0019327238881766,0.0023711038944216,0.0039537028436923,0.0002269573620765,0.0003158895146345,2.0
0.0007051600907489,0.0009120998989836,0.0008005808544442,0.0011084367220148,0.0010171323671149,0.0003927832534763,0.0036100487608512,0.0020084051078591,0.0017595826094774,0.001225640950692,0.0007822061948084,0.0017595786698461,8.077809231924378e-05,8.079935325232032e-05,0.0005859212454989,0.0008740887634329,0.000218262551455,0.0004192146064652,5.576583324236469e-05,6.928670854070751e-05,0.002141796011482,0.0034405939236926,0.0001230888018817,0.0003156933729364,6.25409242927575e-05,8.08246158183445e-05,1.3065623321031244e-05,4.2764051722048864e-05,0.0005787142299264,0.0006213742679826,4.314941652493424e-05,0.0001275075461621,0.0006599780163905,0.0017048943658232,0.0010455528484489,0.0027921021297084,0.0007784613282403,0.0018627148146296,8.936368930749954e-05,0.000328458877247,2.0
0.0010261638359996,0.0014002157726588,0.001005391798631,0.0020924845500228,0.0011460340253353,0.0004217945452958,0.0049132668675365,0.0030377505461215,0.0026064663625395,0.0020940020654987,0.0019374137926377,0.0025529995323149,0.0001285685460878,0.0001519012396538,0.000555370361164,0.0011504228524298,0.0002400062043119,0.0003443515312451,0.0001779625125678,0.0004665835882197,0.0022550232682544,0.0043549098942422,0.0001553524087019,0.0004435315949908,8.158941001448056e-05,0.000115855503659,1.9938160441637404e-05,6.839081668833008e-05,0.0017789223620826,0.0018717108241637,4.804456159767753e-05,0.000177455235036,0.0009159253750789,0.003047753133817,0.0013167853993951,0.0037239204233571,0.0024932169338955,0.0043018577831398,0.000677484491227,0.0007739011788975,1.0
0.0010697441791751,0.0019220777332395,0.0049391769679305,0.0076737842650375,0.000816885077824,0.0006513467282528,0.0042290499185363,0.0035076825604685,0.0047400737040263,0.0030685652160218,0.0042648289748921,0.0068876324247305,0.000174269324407,0.000353367966034,0.0005698159673535,0.0009714614592985,0.0001918762286993,0.000888914349997,0.0003998120753737,0.0014227881729122,0.0026464172091821,0.0035311433355722,0.000128001167412,0.0002548230155013,0.0001701669386181,0.000356677510839,3.0795920672744815e-05,0.0001134006805125,0.0038743508893014,0.0044788968734613,3.143779131131972e-05,0.0001183894989938,0.0012501402727413,0.0055520591637403,0.0016902401245181,0.0032753605714334,0.0049677938470098,0.0076110390201967,0.0012045812154217,0.001912662628103,1.0
0.0010691373305831,0.0018757334027118,0.0027377959979535,0.0037335845359244,0.0005667720258414,0.0003569385184196,0.0049243008040878,0.0027265494372239,0.0027701455438532,0.001555483520916,0.0011854449761348,0.0021213778916319,0.0001463027276277,0.0002928723001884,0.0004771669284368,0.0007380494985011,0.000258381911822,0.0006561290792528,0.0002032223296189,0.0004356047806782,0.0017370307876892,0.0033622159115864,0.0001395860450522,0.0003130330568253,8.567902979737879e-05,0.0001808338322024,2.2313153837561865e-05,6.854183827966182e-05,0.0021990879191706,0.0022931184546602,4.072798484422384e-05,0.0001496931076372,0.0011877852963204,0.0042420932715839,0.0012803748788145,0.0027264670243974,0.0015061950405284,0.0022797155222034,0.0004685184558337,0.0008594830406307,1.0
0.0008884423467039,0.0019346339363192,0.0016309657227272,0.0036334862785781,0.0009988429639504,0.0004247522388952,0.0035310326830056,0.0020321403121139,0.0027752235817464,0.0016635830164504,0.0016065144003503,0.0040544512910572,0.0001822323908769,0.0003165650070564,0.0004236592656703,0.0008946814604976,0.0001625124729792,0.0003858886238226,0.000152960892198,0.0004498713664904,0.0013468144380325,0.0028626462060122,9.580906125521754e-05,0.0002063157267169,9.493265432910725e-05,0.0001829478254251,2.048585169431916e-05,5.594655821921541e-05,0.0017200352230421,0.0021238160549578,3.21483790910618e-05,8.488364410225132e-05,0.0009526920839181,0.0036001604479563,0.0009597632176043,0.0028964044708245,0.00104681960347,0.0025204240723462,0.0001340244875578,0.000427765580166,1.0
0.0019390730207362,0.0040892397181313,0.0069632979888724,0.0119663980055759,0.0018946140622613,0.0013911573526519,0.01019791311229,0.0087618513752092,0.0154783824348705,0.0098833426336307,0.0154932354980788,0.0248586179754557,0.0007801635017962,0.0014601884108821,0.0002809264929552,0.0017544210921642,0.0002809513888098,0.0013445722763502,0.0008400658061272,0.0026382284889333,0.0032608833193351,0.0087217318924772,9.873905186253326e-05,0.0002506176454931,0.0003994481515966,0.0008422441604967,8.022745542915496e-05,0.000278928471294,0.0088962184319103,0.0107204916335022,3.411006123510449e-05,0.0001029636335217,0.0040045568046193,0.0167728850061676,0.0034527511852853,0.0092391689872901,0.0057958332510822,0.013518610812185,0.0016341058980941,0.0031840432048158,1.0
0.0004585583086526,0.0005166934563147,0.0005447323104459,0.0024626490286003,0.0003481796241088,0.0003545642324479,0.0013678096303334,0.001121714646882,0.0040874120135984,0.0028887144390346,0.0033374615903886,0.0038085768102326,0.0001092552555869,0.0002140355815515,0.0002878799742235,0.0003430136143437,9.192508509770443e-05,0.0001045066169409,4.487961978650373e-05,0.0003175496666332,0.0014889226367026,0.0012196955161786,4.144418779450997e-05,0.0001027778763836,5.788610776335977e-05,0.0001374070636666,1.5470420010913665e-05,5.803692331092408e-05,0.0008924853715841,0.0014617354207643,3.08692856176218e-05,7.242760488893126e-05,0.0008055675501666,0.0040955679129011,0.0006017229092701,0.0027428412287543,0.0009169881563377,0.0041215517154067,0.0002264946639531,0.0003964209023812,1.0
0.0004146796208133,0.0012363790815267,0.0004914562435791,0.0008269924300503,0.0008089646658521,0.0002218371276329,0.0029898935071765,0.0011156980681162,0.0009034140281433,0.0007028893718897,0.0009741135311035,0.0016664253599034,6.0414324434162506e-05,0.0002316123096714,0.0002611608739774,0.0004430530981131,0.0001196007522447,0.0003178321094295,9.21192567348419e-05,0.0002833159055578,0.0013497436418599,0.0028704093416764,9.423843250324504e-05,0.0002361398963422,5.054241797282687e-05,0.0001291124516935,1.0280893666774132e-05,2.3129829731840132e-05,0.0005198632987198,0.0008633514697202,4.11912200744381e-05,0.0001042111041736,0.0004271965649099,0.0016162416745139,0.0004643316669033,0.0014001000613066,0.000771259877937,0.0016147052670282,8.071812103696097e-05,0.0002417735175346,2.0
0.0003152482836534,0.0005286695569277,0.0017490670712801,0.0026493860549202,0.00047911553621,0.0002486024364498,0.0016624621462232,0.0010650686610713,0.0037796865845693,0.0021051933910358,0.0011485562568002,0.0025395296112552,0.0001344891141274,0.0002155919800982,0.0002986380547618,0.0003516459061482,0.0001228332900511,0.0003054121962869,0.0001514775035967,0.000485615820864,0.0020826224375213,0.0025858982427212,8.558122593761151e-05,0.0002198186563787,3.917994052795259e-05,7.703835173030165e-05,1.3375597218289338e-05,5.435889407979757e-05,0.000882736617347,0.0005756948563333,3.630650669998211e-05,0.00012453208869,0.0006208743268499,0.0022174662404607,0.0012308593338019,0.0028280047814238,0.0029422184725444,0.0055819707607162,0.0001769327329759,0.000436827259616,1.0
0.0005218614737237,0.0007139340099114,0.0007992848268319,0.001435309093566,0.0004883116300096,0.0003431574261867,0.0034197376016213,0.002724091474677,0.0028803872255232,0.0012715993592775,0.0017526084765485,0.0032911415855009,0.0001986192051416,0.0003568702141539,0.0003201378513647,0.000569085928078,0.0002067955297091,0.0003199367038942,0.0001741608510669,0.0003006196395681,0.0015220016705441,0.0022962860314073,9.9190976123938e-05,0.0002733454791438,8.428015404588515e-05,0.0001708313154989,1.3717122474569802e-05,4.5544211936506e-05,0.0007642446445686,0.0014943771013208,3.8420310670476176e-05,0.0001330691649907,0.0010414924662129,0.0026457468941167,0.0008456123939428,0.002165869654048,0.0016095861075404,0.0022261686940119,0.0001618192938583,0.000480316635055,1.0
0.0008223924992311,0.0017405592764333,0.0042758577188617,0.0068438968152933,0.0007147192042149,0.0004288347234928,0.0032371255570417,0.0028557333069468,0.0076909451140098,0.0039155749997795,0.005549786095585,0.0105680063026302,0.0001837899738898,0.0003313241675084,0.0003540692542711,0.0009339473450615,0.0001327666571057,0.0009609210390242,0.0003971842112216,0.0014386142348875,0.0018774260897652,0.0034491413842762,9.274403070276828e-05,0.0002163516260104,0.0001259840597811,0.0003229956799487,2.636240854150884e-05,0.0001122563292876,0.0022709965024754,0.0028701225433739,3.8056125012466365e-05,8.963580490943602e-05,0.0008977561276866,0.0046923200695961,0.0020719937158298,0.0043239979738836,0.0016867371270146,0.0023565169165356,0.0013238701355809,0.001665418655733,1.0
0.0008101591324918,0.0012722909921981,0.005957976731144,0.0079044889025783,0.0005095873851882,0.0002952738771854,0.004283050720043,0.0028100001987521,0.010365574531087,0.005706779795752,0.0081359499557601,0.0158409492056675,0.0001733215991283,0.0006701777703844,0.0003598856347512,0.0004911270237237,0.0001993692557627,0.0013713621004062,0.0008779365033489,0.0025957862193864,0.0030603480446573,0.0044874030911906,7.781474544313702e-05,0.0002056096949146,0.0002104611340681,0.0005033941135023,3.817971847533804e-05,0.0001699104095294,0.0045087540357219,0.0057517242030816,6.099757751222154e-05,0.0001011565820365,0.0020667315529589,0.0100200632391037,0.0031329734212701,0.0053571571885497,0.0060580322620172,0.0066230837752541,0.0024557465249704,0.0031460196183439,2.0
0.0006458172703151,0.0006620546599552,0.0008791687811627,0.0010059422004548,0.0003481330848976,0.0002575160212014,0.0014664709209764,0.0009013021264407,0.002232843356711,0.0011253668943444,0.0014643332380508,0.0029273196765705,9.306966823803256e-05,0.0002149805154163,0.0004081717960721,0.0004879993384121,0.000115846390732,0.0003356281483936,0.0001724016645756,0.0004029691019467,0.001153721023312,0.0020229335245604,4.578138507706585e-05,0.000101816936775,5.672909149702327e-05,0.0001462772046085,1.4126464880230595e-05,5.922351734734761e-05,0.0008123077764387,0.0015216398472241,2.6183465652736835e-05,6.276670365380391e-05,0.0005108527625913,0.0023549363773624,0.0010407481379345,0.002487056275782,0.001736355044132,0.0028858035413638,0.0004859175138761,0.0007909122430147,2.0
0.0005204763956182,0.0010441453947272,0.0005753573491771,0.0010994016096302,0.0004729503399333,0.0002765042421077,0.0025330762819567,0.0017948388057193,0.0013302708616882,0.0009571057124601,0.0006413112667012,0.0029965709294913,0.000109324306355,0.0002282120661392,0.0003617645684871,0.0004904961162055,0.0001091900359963,0.0002635781524614,0.0001493604029728,0.0003423011586463,0.0018075832225403,0.0026057974676939,6.175370974975023e-05,0.0001446315652145,0.0001335280627837,0.000168889023035,1.6761424111583107e-05,3.89170199209979e-05,0.001141985183053,0.0009529186909108,3.118003123350364e-05,7.042659570714417e-05,0.0005991201064996,0.0015770919231701,0.0007208237605756,0.0017191028547436,0.0015086309630071,0.0017201711070688,8.873711179742483e-05,0.0002154010439464,1.0
0.0008330053345759,0.0010045733475564,0.0004097740817486,0.0011617272674406,0.000727396297933,0.0005046337712907,0.0039340974645997,0.0031613244007652,0.0033611036702403,0.0018894929616699,0.0008521476144753,0.002181751288906,0.0002820313864189,0.0002939016198948,0.000480470873499,0.0006558471660687,0.0002452978799365,0.0005169336926811,0.0001117199020314,0.0002173867232079,0.0027121907512431,0.0036702049865728,0.0001315480062325,0.000341955222962,0.0001307016634251,0.0001997602709753,1.967024898183656e-05,7.002350813621438e-05,0.0017950340122054,0.001555004642281,4.56863123407286e-05,0.0001773385802562,0.0013092510605267,0.0034574828727238,0.0013858073646371,0.003600248211664,0.0014930548644823,0.0027696852273323,0.0001700532145804,0.0005381142455347,1.0
0.0010816633808942,0.0016610831333201,0.0006259674314003,0.0028216047329078,0.0008305500473702,0.0004366676270491,0.0034231294146562,0.0023104712249955,0.0029236502903876,0.0021124279618662,0.0018425457870191,0.0021458874664781,0.0001840164003393,0.0001249577755973,0.0005609286515657,0.0011471221145406,0.0002739933626837,0.0005812052169797,0.0001906736635782,0.0008736511672771,0.0021346637681225,0.0041191716571204,0.000144214976504,0.0003008937946415,8.414910077053711e-05,0.0001640881058675,1.656924255586775e-05,6.131807044558068e-05,0.0007753643157588,0.0013910298210036,4.3922248025975786e-05,0.0001451330739058,0.0009257523949955,0.0029212228435257,0.0012059065810452,0.0030194243726768,0.0035273715573653,0.0071835753485807,0.0001910388097122,0.0005178693743247,1.0
