0.0012937843598425,0.0012455188568003,0.0032038504258146,0.0028052150560147,0.0011293636485319,0.0007127347666303,0.0029260976782199,0.0026726566413294,0.0049772345742779,0.0041423930385026,0.0039515349144655,0.0088668151816592,0.0004431782196845,0.0005064785106816,0.000728573490581,0.0011948409191714,0.0003108757840195,0.0009178259679588,0.0004313284728542,0.0007760519341287,0.0027592073231135,0.0047956944953939,0.0001979913892422,0.0004499017238351,0.0003043894002487,0.0004579447486635,5.366288352741758e-05,0.0001714711607729,0.0055726027819145,0.0061574239815371,5.260843678328257e-05,0.0001691108134035,0.0012928914044826,0.0061754778811037,0.0025648572578612,0.0063570343731547,0.0087598107770497,0.0114614070708852,0.0006146337058647,0.0018574547519092,1
0.0017087326669667,0.0028735522712208,0.0025721281189047,0.003223794625511,0.0022222740597514,0.0007662232977874,0.0086828299920713,0.0061258365056403,0.0023707746323701,0.0021678046131869,0.0003866049810487,0.0031087387076279,0.0004614153859206,0.0005887444763382,0.0009490440731905,0.0016742865422698,0.0004820062666519,0.0009709107883997,0.0001991428629229,0.0004036905855678,0.0039079307363364,0.006520982347678,0.0002836263134071,0.0007935885629208,0.0002301157484366,0.0003539606703464,3.5088762311270254e-05,0.0001291326346185,0.0023052190899947,0.0026015573427911,9.8617968240862e-05,0.0003278538522905,0.0005707466813967,0.0007780518234934,0.002284840002695,0.0029545130937757,0.0008357437293852,0.0011150958967945,0.0004764213676183,0.0013500888799974,1
0.0007973326616628,0.0020362665645301,0.002523874783605,0.0042972622826465,0.0012562139245711,0.0007004897743376,0.0033399300592375,0.0020737647580867,0.0030849554195197,0.0018950364174083,0.0067876575125687,0.0112550873066778,0.0004143905990554,0.0003451433607913,0.0007147487028949,0.0009354479672149,0.0004254171334289,0.0007543169330109,0.000326258320623,0.001557008607124,0.0020750012383258,0.0035845294600717,0.0002052472904638,0.0004189213709666,0.0001310012413232,0.0003245498270314,3.405273234418851e-05,0.0001094543998705,0.0082944125695286,0.0081586722793997,7.131810875644647e-05,0.0002191305984009,0.0025804841729677,0.0128302817743144,0.0020526643370908,0.0106980374656358,0.0132435427811992,0.0198177460195351,0.0005337709265163,0.0012728584606206,1
0.001375507719482,0.0019250249564482,0.0024761037331946,0.0037108648788357,0.0012362379677798,0.0005769541254592,0.0040773392058527,0.0024149902556551,0.0033034059271097,0.0023365247449724,0.0016145174197931,0.0024069581000541,0.0003008819165335,0.0002655970216467,0.0007648899568459,0.0011857223495917,0.0004322895570285,0.0007143788219322,0.0002221953393012,0.0005355044184778,0.0019551154326157,0.0041289665595671,0.0001387563593549,0.0004203075897472,0.0001682102223015,0.0002152638503479,4.244941134977058e-05,0.0001155426463048,0.0029108331360642,0.0042142984139123,6.094775209574383e-05,0.0002092469399337,0.0008005948462125,0.0045274797752536,0.0018188862670596,0.0052743746075764,0.0039483441771722,0.0072697319231766,0.0006040231965213,0.0011930526280269,1
0.0008658699335286,0.0042075418403307,0.0187792452227209,0.023822579140102,0.0030739942780385,0.0026060387685027,0.0058204861014566,0.0041633847392164,0.0315193661845251,0.021269733381222,0.0213577233627625,0.050461984873832,0.0026174919881061,0.0044658549912717,0.000883779410041,0.0028410750590538,0.0010231073728493,0.0038463470162018,0.0014870426482065,0.0029776645708614,0.003848683752493,0.008084382119994,0.0004931477940177,0.0009893282112094,0.0010757648800197,0.0022118408118493,0.0002301138189939,0.0008235384290592,0.0064903054405689,0.0067438665986311,8.119244033048374e-05,0.0003114069163908,0.0037719062561053,0.0179060667629048,0.0069597940535802,0.0198057594658147,0.0266290368435211,0.0468038667150078,0.0050763417303213,0.0105313999164504,1
0.0015943244252504,0.0023250313097428,0.0086770467995263,0.0103731332997044,0.0013703423072584,0.0007984358722437,0.0053671349333981,0.0051211835626426,0.0050758961649753,0.0031120554889666,0.0041629684000092,0.0044826450285973,0.0010190997034944,0.0009046545972914,0.0007053948389544,0.0011612261360811,0.0004916271568474,0.0009511155741041,0.0004371219567792,0.0009281206327937,0.0040069668748198,0.0070355205232123,0.0001428602201468,0.000380910057377,0.0003303077644765,0.0004230086473532,1.8513272925077605e-05,6.238724032822833e-05,0.007831825308871,0.0071097917615271,0.0001029869630795,0.0002819327275251,0.0026910963809513,0.0126480802217304,0.0011247415201564,0.0103212208258411,0.0155654844277225,0.0248212744901399,0.0008382977021536,0.0019299832688748,1
0.0018627370882617,0.0026755590587803,0.0218374139089016,0.025983373951501,0.0015148009106006,0.0006012644925014,0.0071345295477484,0.0063826870872154,0.0043942204572503,0.0033897862157583,0.0045592112683582,0.0081168357955369,0.0037558887864686,0.0042531196506654,0.0013635827092497,0.0019899575047778,0.0004146041113403,0.0009090174932584,0.0003856398451112,0.001025604670005,0.0155789641920616,0.0209711663794443,0.0002123460716801,0.0005214301748333,0.0009256213769713,0.0011777042826072,2.740772268102667e-05,9.500419739938833e-05,0.0377124281531031,0.035393888079164,8.269646881287064e-05,0.000242676655602,0.0038060959776891,0.0185201399290387,0.0015992193522832,0.0124667511079532,0.0222258181915569,0.0328966734595089,0.0006792832510773,0.0011481327600154,1
0.0033486508951689,0.008293269880585,0.0215553469854579,0.0277179138983401,0.0037753082791206,0.0033367988885478,0.0169143759118145,0.010491805635054,0.0253961378554459,0.0192892598515636,0.0282245829994492,0.0580286207252448,0.002923896232298,0.0048133898031237,0.0020138686694196,0.0043822221043734,0.0014785894164698,0.0034148593186169,0.001625732796435,0.0037141772681471,0.0035989795969379,0.0081093070056364,0.0005856560295299,0.0015030449913375,0.0014262543603019,0.0027426084111352,0.0002954167916816,0.0010694372110989,0.0166184959934379,0.0204799998469006,0.0001816410345502,0.0006063187605575,0.0063945246045828,0.0321358219576801,0.0080896405998588,0.0238406724771365,0.0465060021159565,0.0720726826321381,0.0045354251807715,0.0126597396505237,1
0.0009919227963074,0.0019875476154121,0.0020710171037734,0.00428550265205,0.0010265573041373,0.0007321973719652,0.0043689397056362,0.0046409847279895,0.005736969625702,0.0042835418829735,0.0024399262161403,0.0066472263127835,0.000560534956679,0.0005439582064016,0.0008013143890052,0.0010498064095145,0.0002697585153723,0.000494431907633,0.0001727534327717,0.0008900959838879,0.0023641014627591,0.00537407037295,0.0001805593456483,0.0002915566105634,0.0001669801033132,0.0003046237280517,3.270282208332684e-05,7.60027793062967e-05,0.0042424351413584,0.005278854187106,4.70280554553395e-05,0.0001495613573783,0.0015643156336304,0.0090039874138544,0.0014821205148026,0.0068243467475344,0.0067931760425988,0.0113055043568656,0.0008368405700945,0.0009904252917094,1
0.0012409572794825,0.0017670944180995,0.0028587387914978,0.0022662610983885,0.0014937373368331,0.0007526683205081,0.0040016827522957,0.0031044585039645,0.0062962044587817,0.0037289960719616,0.0025613744569653,0.0031245423482173,0.0002323626497909,0.0003398289191415,0.0009930911507942,0.0016117197518877,0.0003609064898475,0.0006780985049656,0.0002446153278923,0.0010612308023979,0.002171326130044,0.0048453923246177,0.0001369493034602,0.0004071866387929,9.838536017838586e-05,0.0001827242429603,1.84919330693579e-05,4.486894668050455e-05,0.0045299944947902,0.0050158731838111,5.306727237643412e-05,0.0002036812340352,0.0020035159968867,0.0101331721872632,0.0015554896798637,0.0073292314618804,0.0087034861803166,0.0132332717029484,0.0006475264254522,0.0010656194822067,1
0.0012111690992754,0.0017238833192969,0.0023407044485274,0.0037160810111806,0.0015614900353389,0.0008005087385659,0.0055588073165446,0.0044435298267775,0.0060480474182357,0.0038547448446036,0.0028003168498141,0.0028499949944149,0.0003578747971069,0.0003089067227425,0.0007703751734065,0.0010754760322836,0.0002297200850109,0.0005584775586282,0.0002782120125231,0.0004426419162252,0.0037082207722734,0.0042896310518173,0.0001872576143177,0.0004421289414944,0.000178482241998,0.0001606520949677,3.461547142265336e-05,0.0001175307386394,0.0031048386708995,0.0033775302969187,6.377356643559202e-05,0.0002536663835881,0.0008525217028593,0.0037648241880464,0.0021362876139281,0.0058064605537266,0.0040416327228876,0.0052873276314921,0.00040917691899,0.0007181682368721,1
0.001352922313659,0.0047306997653508,0.0129474404580193,0.0218230507416558,0.0021012765382976,0.0033176992781777,0.0048723396390211,0.0049518978436727,0.0274327241134336,0.0207292614493924,0.0406328532925688,0.0663721953223263,0.002183514098016,0.0039652044374697,0.0009135538014463,0.0044551537376474,0.0009142209171385,0.0026518952512151,0.0018272823943851,0.0053068723903013,0.0025172398671099,0.0105120760599328,0.0004854129324243,0.0006830248557292,0.0015341397894375,0.0028173930864395,0.0003098449593851,0.001096275247054,0.0113544074340097,0.0126604615323085,7.616345998211022e-05,0.0001664135514007,0.0034358755419297,0.0155312856984391,0.0089289213731191,0.0178619193201997,0.0029535209569318,0.0147499575400572,0.0019539256872841,0.0101093762948354,1
0.0024118807037016,0.0042739702742992,0.0120526070810422,0.0207831732778059,0.0024737614414568,0.002948193143285,0.0088767389370611,0.005572304119218,0.0265600418625809,0.0198868005325703,0.0378326392855246,0.0602654128465576,0.0018483171391163,0.0034705336462855,0.0013110916118477,0.0037224150229553,0.0009008038521217,0.0022083936323221,0.0017173162732221,0.0050851913582746,0.0021113466471657,0.0071678623619322,0.0004126054668637,0.0007379608091221,0.0013662256075139,0.0025212745003578,0.0002762863965339,0.0009846983450312,0.0120684818342652,0.0148611503165682,0.0001172144578244,0.0002864268020793,0.0030613675032129,0.0147443111707828,0.0083901655876741,0.0182503251026676,0.0233745827071425,0.0338094459742485,0.001396566599596,0.0085272766263311,1
0.0018609433415216,0.002907442346627,0.0045154978830208,0.0038007807197825,0.0011531516803768,0.0005307249504772,0.0078248389981382,0.0048114629599825,0.0029579797890332,0.0012911959286558,0.001534238871539,0.006552142001129,0.0005498167676061,0.0006558104067242,0.0006805749692402,0.0013051382158904,0.0003326448438215,0.0004310605453649,0.0001118192607238,0.0005110062654891,0.0033927779612275,0.0053005322320863,0.0001492199036835,0.0003608377128169,0.0001624452110874,0.0002383970175017,2.203955418794964e-05,8.59469122182266e-05,-0.0004772201126155,0.0005886629698032,7.287756841981581e-05,0.0001451468709942,-2.805210881262545e-05,-0.0006850838828897,0.0016643657899576,0.0028641897482743,0.0009980485500757,0.0020441431838774,0.0006480005186059,0.0011161658250209,0
0.0012628170327669,0.0023949733042247,0.0015191537193412,0.0047615111701845,0.0018757830578118,0.0007078122030603,0.0064953068093716,0.0048662155225193,0.0048757666517218,0.0031656112871563,0.0022138511310893,0.0040194188287068,0.0003513030969078,0.0003336353528893,0.0008882775847149,0.0016213148189879,0.0004574019595804,0.0011900468727262,0.0002359454030853,0.0007144897460105,0.0040361971398062,0.007304495410508,0.000300665882392,0.0006988867675624,0.000273060375622,0.0004208741483799,4.681431934522252e-05,0.0001331644746574,0.0043646713408281,0.0039996533919838,5.881961796246311e-05,0.0002940807344575,0.0013040311143833,0.0040910994756932,0.0021306438840941,0.0054921346091864,0.0063719238772082,0.0098894963776535,0.0002507998026985,0.0007605220971943,1
0.0007239093592631,0.0016435279265823,0.0016689552122445,-6.64152148547159e-05,0.0007958441097531,0.0003264118129082,0.0039057007361217,0.0021890650467569,0.0054883190555299,0.0038197869476284,0.0013463583840271,0.0010464503897614,8.781072543076177e-05,0.0001257159640449,0.0004593975173019,0.0005562355700406,0.0001632704455943,0.0002871475063307,0.0001092266177426,0.0002390760887062,0.0024866009234282,0.0046885206077275,4.9131183108926345e-05,0.0002271267200351,9.947635888275608e-05,0.0001756319507337,1.29200420369349e-05,4.6162900663779095e-05,0.001707897498777,0.0024364615692982,3.768458807490431e-05,0.0001224373541002,0.0002794120114755,0.0025426056384893,0.0005816961933544,0.002279366928264,0.0020498662966615,0.0027376073261587,0.0002580047848747,0.0005076882953789,1
0.0016139592133769,0.0026075706472573,0.0088109852179773,0.0175114479430343,0.0015660004418176,0.0025648374665719,0.0066428338293852,0.003480007102377,0.024345439242285,0.0185437233527814,0.0403927058162708,0.0613116553295076,0.0014908438398227,0.0029636405591093,0.0011597590626838,0.0025410642902561,0.0008101223867264,0.0021422017387276,0.001993727898241,0.006563392879532,0.0030919376874426,0.0086992984702888,0.0004873636831165,0.0005816014015722,0.0014216975149191,0.0025203191194904,0.0002876308013837,0.0009729060969909,0.0318336489790657,0.0353151790338064,0.0001003252834898,0.0002314373560827,0.0083369719393169,0.0442715033383534,0.0108213456296702,0.042529177872062,0.0614705050831166,0.0953374363255721,0.000637072979114,0.006278424744115,1
0.0013291584676807,0.0017455508406196,0.0023005436795864,0.0037468973098722,0.0015218913270865,0.0010675624795688,0.0034203759258134,0.0033635006815974,0.0048137232241527,0.0029747821610331,0.001063997400398,0.002479891345899,0.0001663559886485,0.0002373121490447,0.0009367415364326,0.0011298099674848,0.0002147837975129,0.0004324509292618,0.0001970715412632,0.0004589829416859,0.0024655879120865,0.0037251102276527,0.0001655484724392,0.0003882598613081,8.859661602973002e-05,0.0001751842015635,1.518830846282797e-05,5.444943453220503e-05,0.0021137308141148,0.002853385193978,7.920191943833587e-05,0.0001979288803788,0.000614674795887,0.002117652720911,0.0012773005901655,0.0025997153727416,0.0018055397878126,0.0039494243093474,0.000204252462101,0.0006828676246296,1
0.0010485124232257,0.0024509716513479,0.0077483443430484,0.0084036700685855,0.0015242779603274,0.0004679641863717,0.0054753429075782,0.0041175041490223,0.0047372227307503,0.0041100956663181,0.0058168680276463,0.0072987892453154,0.0001169696648896,0.0001914974798273,0.0010169138119726,0.0011070001359513,0.0004864398802137,0.0006277726697949,0.000406626107192,0.0003143943675097,0.0030046019014487,0.0050498169938916,0.000143554065721,0.0003641472758411,0.000133572282226,0.0002129323987801,3.059345984982251e-05,5.295453691326294e-05,0.0043166853225894,0.0032563865087425,7.019028152347466e-05,0.0001644201747837,0.0017136637098148,0.0025210771323775,0.0018940267483419,0.0036842933455886,0.0035996119681692,0.0042231783251977,0.0002262247460036,0.0006081967871792,1
0.0018871414539522,0.0032509448068417,0.0045751046814017,0.0064440964003911,0.0019956761816765,0.0009447452195852,0.0056967339899769,0.0049100539263109,0.0049504868018263,0.0026748608136633,0.0015445722827386,0.0034605249646297,0.0001592086744791,0.000311512231078,0.001586320391496,0.0020322216014294,0.0006588706459249,0.0012578795977898,0.0005518487103685,0.0010152935596609,0.0044135212375319,0.006940009246988,0.000254034295496,0.0006377135238524,0.0001784577695245,0.0003077706408672,2.930759418675584e-05,8.067842087062175e-05,0.0020584660808014,0.0031357208291955,9.967506729893774e-05,0.0003028827325969,0.0017765238292821,0.0030989150970593,0.0015311730727549,0.0027503814524164,0.0050524893872114,0.0072068971659653,0.0003096454089948,0.0010709120041609,1
0.0008642983593514,0.0012810908365319,0.0015194343157793,0.0028366833575893,0.0007943324712064,0.0005440429734583,0.0041169893392149,0.0025013658952761,0.0071617459413507,0.0039924367174311,0.0023629784929738,0.0040995367045999,0.0001390709913122,0.0002968353707128,0.0007400235660816,0.0006927648936648,0.0001286429213181,0.0003928760044404,0.0002020752996607,0.0003300121355513,0.0023296684562267,0.0032910033991028,0.0001002413715534,0.0002527870748215,7.238654033132728e-05,0.0001422630536688,2.0976935390240728e-05,5.30960642209728e-05,0.0010079404291164,0.0019909412950472,5.510279602325912e-05,0.000113059317196,0.000612280761039,0.001632724084861,0.0010121653707219,0.0034351586785041,0.0030382137757453,0.0037321866155106,0.0001833375051172,0.0004572606631098,1
0.0012959172515962,0.0034552369053287,0.0012654284665972,0.0073359604479909,0.0018801072350436,0.0008205582040977,0.0064486127473619,0.0031878883342749,0.0078486802622992,0.0042311848604752,0.002013000364244,0.0054598633079627,0.0001846608515558,0.0004824370480717,0.0016015166862654,0.0022599675022817,0.0003542751038977,0.001111101966725,0.000228711141129,0.0008759336429666,0.0029964737885961,0.0066196504746284,0.0002205917404777,0.0005817098870791,0.0001047911714605,0.0003410278059905,3.0585358095389475e-05,0.0001139114146197,0.0022734831379316,0.005032795599608,6.933565051848493e-05,0.0002724567802172,0.0008068890449862,0.0037564278204411,0.0021483248583729,0.003992409649581,0.0021907925405638,0.0045216983250923,0.0004435286898925,0.0011832845232273,1
0.0017437036401086,0.002669127903393,0.0021679102344889,0.0072236544805507,0.0016514634935198,0.0009372359680468,0.0058702742971545,0.0050178848038609,0.0049141706267028,0.0032037142270759,0.0015908415558178,0.0011139689402487,0.0003809460451589,0.0003512221854436,0.0012869923595168,0.0019264830588763,0.0003205841988248,0.0006904010893091,0.0002507988056977,0.0008048665428432,0.0036775164435855,0.0055758858875311,0.0002684547303009,0.0006570918780708,0.0002006864067489,0.0002762633167129,2.953084771301128e-05,9.30220324644366e-05,0.0025104230017003,0.0036784111094646,6.453860964437457e-05,0.000280200831383,0.0011147944632848,0.0031191343005523,0.0019282304463787,0.0040798732534376,0.0033601577478343,0.0064336616501897,0.0002927801175529,0.0009582144926297,1
0.0014094491453041,0.0030511985027465,0.0019129844212345,0.0058835409453306,0.001475620569501,0.001079065141506,0.005146411439367,0.0032046311880771,0.0062568083138081,0.0035355858169696,0.0043170605583793,0.0077433656851935,0.0003475316407979,0.0004151455604747,0.0011955309688827,0.0019746995111565,0.0003826490460815,0.0010100115115653,0.000462458176806,0.0016347311291496,0.0025068979262035,0.0069284919902806,0.00020552662256,0.0004889714080355,0.0002625164249422,0.0006305164801761,6.722579481044697e-05,0.0002043975962221,0.0054122410797368,0.007586352953114,7.37867803817836e-05,0.0002451321602625,0.0029227025177559,0.0122211250775539,0.003353824854757,0.0112364361503552,0.0129702741570499,0.0224969965146454,0.0006626345046061,0.0013439770427166,1
0.0017167210560865,0.0026580343969488,0.0065378802084405,0.0125750568484929,0.0018812893532957,0.0023371113791986,0.0121955761816176,0.0084735853359031,0.0196744156088757,0.0174423910303594,0.0404381476355869,0.059512732269194,0.0016438676299815,0.0029386560554874,0.0016181476143739,0.0030044775790832,0.0010177517581086,0.0021472575631725,0.001903887361303,0.0051966858792545,0.0045349844195211,0.0101642882842193,0.0004689842303513,0.0011102134978762,0.0013946200850626,0.0023940267346016,0.0003058266260886,0.0010327617673452,0.0191299591703901,0.0204953315826735,0.0001568146333723,0.0004934263750111,0.0043823019379012,0.0189013266345265,0.0113501081657172,0.0332719931730287,0.0195253930995307,0.0387884486805408,0.0005160069769371,0.0060132256031993,1
0.0014134142864772,0.0035606683057787,0.007961822478444,0.0151346273087273,0.0021711084376239,0.0026384183730989,0.0041532854351749,0.0052071740454875,0.0204842698449413,0.0149528333556165,0.034398859794785,0.0518648323818062,0.0017189370575551,0.0028120115309737,0.00104584934857,0.0033745071056374,0.0007278808151072,0.001767036097505,0.0014106015068598,0.0040435403699355,0.0030781673166349,0.012534192768868,0.0003659025723848,0.0005653172788743,0.0013073018814037,0.0021584900897596,0.0002486599886986,0.0008690948675308,0.0123274253827531,0.0135198172894571,7.748223530674735e-05,0.0001566976725439,0.00583413642728,0.0263188530076849,0.0076988560620674,0.0239600085232813,0.0089952970524545,0.0302423160937495,0.0004100658754553,0.006589228701342,1
0.007349666172997,0.0138061784725377,0.0255040435958827,0.0329123276587879,0.0076990284853696,0.0042739283316767,0.0320645336047489,0.0244391494571343,0.0325438913762045,0.0205551529022466,0.0196520504407549,0.0371177085782804,0.003536725351296,0.0041936338872681,0.0016077050990525,0.0045496731370822,0.0021613653068131,0.0018621313541913,0.0003415067800283,0.0059015110183665,0.0068016924278557,0.0147919643385179,0.0006536474904842,0.0017166245509467,0.0012582476548301,0.0018230834991984,0.0001368397522729,0.0005404828098198,0.0505703283708335,0.0556241627908685,0.0001795327318221,0.0006336982149046,0.0129446044355405,0.0809330585795392,0.0075730854223408,0.0720535797029399,0.1139547197610041,0.170877295532584,0.0053572940337699,0.0105943858127519,1
0.0018477255323811,0.003409335888188,0.0030884729788747,0.0059989039494192,0.0016345658236738,0.0008391508052784,0.0092124952660899,0.0060296183297434,0.0059587490923194,0.0029187488590672,0.0013853813547674,0.0026115287500416,0.000446355217703,0.0005471655544904,0.0015506067014699,0.002437711578985,0.0005630203839371,0.0011953678239439,0.0002786805139348,0.0006392329224395,0.0032950988401681,0.0070866735090524,0.0002781672572416,0.000741105285259,0.0001836889346871,0.0003785532571627,2.6726892783853147e-05,0.0001182391336789,0.0018284760741529,0.0027532195184194,8.443952413152212e-05,0.0003338191811453,0.0011234956265835,0.0051931409433261,0.0014986306091808,0.0048592514846177,0.0078325342912335,0.0106904041412397,0.0006069957769588,0.0016333448615487,1
0.0025618453681636,0.0047739276454982,0.01004758185608,0.0195064166809766,0.003303906378005,0.0021820871204455,0.0142305382633463,0.0102216453319036,0.0101867738465437,0.0107085187006752,0.0332476430643847,0.054432234444971,0.0011586636586101,0.0026346813728816,0.0009985650854215,0.0035275627944714,0.0013748237192904,0.0025239243594651,0.0015072041833989,0.0054756981317849,0.0043938329651805,0.0120976532719521,0.0006523176062632,0.0014843081740138,0.0012421388177612,0.0024105896270867,0.0002537789622873,0.0009017305738691,0.0206853505248388,0.0235844705182549,0.00016857193158,0.0005859930297547,0.0045679288336649,0.0220525435968209,0.0087731262637843,0.0280014118498382,0.0429257844572939,0.0602912078652813,0.0019480020519808,0.0059827483996872,1
0.0033457032914386,0.0072775093839366,0.0095993928624231,0.0140680474974025,0.004785480028201,0.0020429366576661,0.0175827431325358,0.0099627054257644,0.0150840076036877,0.0077602548065422,0.0072883203924755,0.0078950663735177,0.0011918530071414,0.0013125251593684,0.0012388379344719,0.0033362401985713,0.0010576320163374,0.001409044106771,0.0001661852320124,0.0022639756104534,0.0037443617151076,0.0083436025857667,0.0003274637709592,0.0010328013909427,0.00027170307764,0.0004798706636459,4.314375907726907e-05,0.0001223632707608,0.0137274040900767,0.0178594839964557,0.0001472792478947,0.0003999808918272,0.0016211505713208,0.0154894792131725,0.003663828759165,0.0186845467871701,0.033259792157469,0.0474275549095741,0.0016332482290794,0.0028060745731909,1
0.0026383402436111,0.0043679698046955,0.0059439844830021,0.0073690327088872,0.0023725243565896,0.00103839238149,0.0098838928666262,0.0074397893808001,0.0035365878949255,0.0020603301589227,0.0037232551814915,0.0055668077593665,0.0005990844692303,0.0006399059015019,0.0010047455613735,0.0021264784468145,0.0006975889240797,0.0010479525914832,0.0004239481018362,0.0014641447660245,0.0036816074243765,0.0063153156013607,0.0002211058133771,0.0007263547589027,0.0002514288189492,0.0003563151271998,2.1221586874141795e-05,6.026410579535896e-05,0.0079481004362171,0.0088711822762511,7.24946083414748e-05,0.0002619044280949,0.0020234191602818,0.0092033255384646,0.0017599320771817,0.0105344709053087,0.0166070380946719,0.02170464726535,0.0009188943579372,0.0019118851047955,1
0.0021944874393201,0.0040260343668802,0.0055498535875298,0.0072591867109845,0.0025162541957905,0.0010525630651982,0.0065306874204049,0.0036456279592808,0.0065164092586247,0.0035279598041634,0.0013660490698656,0.0060129329620198,0.0005673852163202,0.0007183558424255,0.0013978610976698,0.0015928721555943,0.0006619623127973,0.0010158646898739,2.615750819739189e-05,-0.0001743208010453,0.002105474074758,0.0045582768971968,0.0002596055730018,0.0007134684712998,0.0002759666679402,0.0004135134096032,3.048068880446103e-05,0.0001067802420423,-0.0008400063719668,-0.0022088961490007,6.183496396268564e-05,0.0002520750460501,0.0002368405821796,-0.000852423235032,0.0008232970735192,0.0008318433669723,-0.0027141055427819,-0.0044895058507215,0.0009361535113552,0.0019189604283942,1
0.0020647079885456,0.004253222752412,0.0078309660197993,0.0169385213708265,0.0018379300988788,0.0029861099201076,0.0077916891084551,0.0047339288221761,0.0209822500665296,0.0169326793061184,0.0408049733966555,0.0625158267036587,0.0015668912151855,0.0030987866195044,0.0013105515608577,0.003571162341428,0.0008890194103589,0.0025723689452598,0.0022653565098545,0.0072058751071672,0.0044473699287647,0.0144838257742333,0.0005231966676543,0.00080276833185,0.0015411728122987,0.0027480184762481,0.0003094508237874,0.0010669587856222,0.0349191635271719,0.0397144890809968,7.947663513569539e-05,0.0002975837046221,0.008983857091809,0.045608765464977,0.0121926401664487,0.0485257976956482,0.0700245819371348,0.1073495125656421,0.0005345498496245,0.0074220839174997,1
0.0012945181621113,0.0030661836721516,0.0024782897599969,0.0050377285818569,0.0020589902342241,0.0008089283149284,0.0077239586575491,0.0026219916521998,0.0047864437878172,0.0031364008991696,0.0014935088047301,0.0086213997186738,0.000317252377756,0.0005325955245968,0.0011465741818841,0.0012448627495426,0.0001255367967035,0.0004819227244069,0.0002571615002355,0.0009215419997942,0.0028660233871236,0.0073428187852821,0.0001638950305514,0.0003886495012592,9.173688566673534e-05,0.0002669869865949,1.9334859496374465e-05,6.366642852468311e-05,0.0006516506268439,0.0012623607795668,5.486719308683963e-05,0.0001332832109589,0.0007470138788833,0.0029667127135444,0.0007220025622666,0.0006497797753993,0.002632980054979,0.0043649288316442,0.0004179003749763,0.0007954633381705,1
0.0015485158182214,0.0026558860262388,0.0024806791726836,0.0033934273342024,0.0014211523984365,0.0004954265932499,0.0045294652272222,0.003109968884859,0.0048206186592953,0.0023811256995526,0.0015183012706353,0.0051494911094845,0.0001473633600693,0.0004216956502934,0.0008614639707262,0.0013831227721278,0.0002589713617494,0.0006634486870747,0.0001790484251793,0.0006834435063249,0.0022792913095036,0.0047816375342408,0.0001460526675795,0.0003094455721552,6.691586515130997e-05,0.0001639183879133,2.4806864242436933e-05,5.916364917197254e-05,0.0017281727730485,0.0017806105737994,6.839685110292144e-05,0.0001543276098916,0.0009538343843725,0.0034866887960598,0.0016432034798087,0.0036801780223013,0.0018728290660143,0.004645507062259,0.0001714530420397,0.0005259014501556,1
0.000576077788411,0.0015182027029891,0.0009675861436272,0.0048858408172951,0.0012253857467922,0.0008002324615619,0.0024654018721195,0.0009405253098099,0.0054467041263614,0.0039115164819778,0.0012830065128971,0.0023275974742872,0.0002283051448288,9.669099343393909e-05,0.0006661087219992,0.0011803360035174,0.0003499189849535,0.0003619171722063,0.0001361295606536,0.00033259364971,0.0015870186070263,0.0021166237598848,0.0001660394222331,0.0002273750507802,8.619137517298506e-05,0.0001374435216658,3.459959867320943e-05,5.822314309853858e-05,0.001673197397073,0.0024119312553702,6.46374699727356e-05,0.0001251001386313,0.0011729470817047,0.0032707154840617,0.002569500972622,0.005793802768096,0.0027233190472145,0.0042687900200589,0.0001734986887975,0.0005382029539392,1
0.0012331633368019,0.0008857044570486,0.0026172058908711,0.0021226003143505,0.0005146577624339,0.0006294407049665,0.0048062726266182,0.0036539013699556,0.0072155112834607,0.00451206995967,0.0022605429842181,0.0008752129205175,0.000269025862278,0.0001711564446009,0.0008158787265732,0.0009340770141273,0.0004388745229773,0.0009176013369884,0.000313350452501,0.0008658895254304,0.002466357591464,0.0033915586510457,0.0001746010309357,0.0004192483181033,9.598294230435322e-05,0.0001881345701009,3.4813228076089265e-05,5.8621447227298746e-05,0.0016768930008617,0.0020721894874632,7.381974975632601e-05,0.0002152867723124,0.0011982614534869,0.0034247660785354,0.0025125023574059,0.0056890056717628,0.0014057355834847,0.0022352721753679,0.0003184553122334,0.0009443827245014,1
0.0036305811758761,0.0084124112138677,0.0196332837965971,0.0324187518213499,0.0036447963541592,0.0036754783098572,0.0084386501695945,0.0030617896573855,0.0222113645371324,0.0177469186871154,0.0394865380377134,0.0647584442347383,0.0026689896467053,0.0044898062505303,0.0013339664817794,0.0065248102810445,0.0012866004981988,0.00280119830974,0.0018364089319515,0.0054062654370138,0.0026197202951906,0.0178999625746815,0.0006418751509703,0.0009415602541419,0.0017609469861987,0.0030761095988977,0.0003136502967579,0.0011133175059553,0.0149405943732546,0.0160443056098853,0.0001475013388806,0.0003602895065512,0.0059157847130777,0.0231445749231753,0.0101138557750719,0.0279602911358601,0.0082128573120741,0.0231218397763378,0.0005897709329379,0.0079292983700911,1
0.0018710715764912,0.0009704924420892,0.0035464981659205,0.0023832546882018,0.0014687168995793,0.0007528376399125,0.0077594471077168,0.005694572059175,0.0042219999874721,0.0043719729665797,0.000319689239369,-0.0002033319235485,0.0002102743883907,0.0001479143719039,0.0010309319622787,0.0009580176269567,0.00022419597705,0.0007201553546707,0.0002258702451994,0.00016174011995,0.0039563652269329,0.0038958707414697,0.0003055475472777,0.0007249552979879,0.0001872568518607,0.0001107353410606,1.538286277839905e-05,1.428942112311005e-05,0.0024520731100004,0.00258749909391,9.198326719396642e-05,0.0002781192771195,0.0014736960280146,0.0062961972518527,0.0014504910626793,0.0053096524365662,0.0037411262399673,0.0028542338600629,0.0001460521124463,0.0001088437847778,0
0.0015600727124819,0.0027401995515381,0.0027855502829397,0.0053815462896947,0.0012902047628796,0.0009729058810558,0.0052458953717162,0.0041633278773505,0.0026475130119019,0.0005829855796242,0.0024651437391225,0.0032987119512731,0.000403781374414,0.0006474842966905,0.0012607848997783,0.0014964805299194,0.0002486441749541,0.0005810504755231,0.0002529294658564,0.0007891993434369,0.0039076198404853,0.0069723439427362,0.0001524523022278,0.0004232827198379,0.0002178647792827,0.0004177537307877,3.10527740948755e-05,9.961180966375224e-05,0.0025125155945472,0.0038248360541014,9.249071151047976e-05,0.0002160890547927,0.0010288019101159,0.0029601866834785,0.0015439953115392,0.0042918954615089,0.0021750118471531,0.005378350647454,0.0002635385935611,0.0009124827359419,1
0.0012926218520785,0.0021645132702505,0.0021686096102019,0.0047961479356781,0.0011899140533377,0.0007763563048405,0.0040671690942811,0.0018770509291565,0.0075240380188309,0.0052163645014431,0.0024036419202084,0.0031136426657771,0.0001933124892416,0.0003035650184445,0.0008019212381176,0.0012502416787188,0.0001900876432797,0.0005435402377205,0.0003355005539622,0.000604124200027,0.0018734134650929,0.0051482331910767,0.0001366868226529,0.0002613724961646,0.0001286723181061,0.0001742918345622,2.8961783740302897e-05,7.803660476727883e-05,0.0011221094679939,0.0007346888616754,5.9452916982542645e-05,0.000120637204887,0.0006904499816631,0.0027587025478207,0.0015590202361467,0.003578625396383,0.0016277625507804,0.003739975384289,0.000274249158759,0.0007320567048083,1
0.0010117402357742,0.0008864122212689,0.0021791631575925,0.0025411538063861,0.0006988602882612,0.0003476731366562,0.0011414107787358,0.001285337065751,0.0021808129370927,0.0015975864890976,0.0021087153234696,0.000847682351705,7.920110752652135e-05,-2.3868862396909485e-05,0.0008555849517122,0.0005245680549512,0.0001468186034239,0.0002715802674374,0.0002852574848476,0.0002038051171024,0.0007612118299295,-1.7519844061973655e-05,4.077437721752325e-05,0.0001015101683035,4.0427096690720376e-05,-5.997972703870353e-06,2.0505108474291403e-05,4.392217496507925e-05,0.0012270039840017,0.0009109031984918,4.020360431922625e-05,5.564992115688255e-05,0.0009000555575427,0.0018439084862035,0.001216401713214,0.0027887903847805,0.0021753450764427,0.0027682082718574,0.0001674729552607,0.0003865374914053,1
0.0013622110424717,0.0017362999769129,0.0005697300108378,0.0038587543286481,0.0012711776012127,0.0006490044998564,0.0044530705245957,0.0035973784419132,0.0024612399948852,0.0019118675870048,-0.0004330238834681,-0.0008243311817217,0.0001442945000278,7.537906534013818e-05,0.0012686987506103,0.0013717150589228,0.0003373248909899,0.0006889919976537,8.171472172418357e-05,0.0001484445879278,0.0031612081205408,0.0041447309865659,0.0002495880320197,0.0005805146894221,0.0001066359483812,0.0001637954474362,2.3475892013882804e-05,7.4405110595492e-05,-0.0002801362918664,5.863618677876429e-05,8.725683473126561e-05,0.000292376860354,0.0010131514013802,0.0027451383398953,0.0019071091012167,0.0044211945725754,0.0018408569114889,0.0041772965970142,0.00022413127977,0.0008888228131021,0
0.0043858478852371,0.0081638580840512,0.0232432891132035,0.0275189515903078,0.0052406745871768,0.0050591774821977,0.0271267601389168,0.0141870091320142,0.0253281991207964,0.0217328642480778,0.0474026542097225,0.0717516758825495,0.0030343714449165,0.0041440257472159,0.0034753783575038,0.0057164520779917,0.0015094244160897,0.003675257829054,0.0022212311393413,0.0059196472560876,0.0106140147495877,0.0223039000586829,0.0009244577215234,0.0024002465740552,0.0018934095300004,0.0033018180660394,0.0003201301852384,0.0011562937521457,0.0230741967962513,0.0228203442241559,0.0002263503511377,0.0010025017201288,0.0052831201727695,0.0222774198720412,0.008586310358315,0.0215548504332174,0.0153401091686886,0.0230799335664291,0.0012055880371841,0.0097196400457953,1
0.0029084572838583,0.0062201191775319,0.0023726912012233,0.0047966600416117,0.0050790091601523,0.0016448072181849,0.0249325429967407,0.0130187597012123,0.0045218068591679,0.0036128541346185,0.0037182885785441,0.01503390726535,0.0007101723309747,0.0013369218404387,0.0025766078748843,0.0054747899839034,0.0009626718820134,0.0030030819323761,0.0002306125450413,0.0006525465633959,0.0095347090185256,0.0214222139950293,0.0006607758971047,0.0020246812581815,0.0004685661689432,0.0009699273913046,6.158876861293585e-05,0.0002601593995264,0.0051303115861763,0.0091478885646105,9.380142445073737e-05,0.0007154540156394,0.0017239500711633,0.0104048410835079,0.0018945957543295,0.0058558949349024,0.0082441861500924,0.0108803076160416,0.0004437735846352,0.0018330481897137,0
0.0009640610024979,0.0021306462940819,0.0025519381463192,0.0048009062954752,0.0013459204876077,0.0006042168213281,0.0077786171425823,0.003337563034105,0.0036537356184164,0.0026153661799446,0.0016440959024395,0.0058136534845419,0.0002480726362206,0.0005651680133188,0.0005750645184921,0.0013110680194373,0.0004117342624599,0.0009856633143848,0.0002584838701845,0.0005581797234483,0.0020190511052512,0.0042499513645305,0.000146024528783,0.0004003070707248,0.0001123178606927,0.0002982540812121,3.755140058829987e-05,0.0001197970074674,0.0033159431974252,0.0036914122974384,7.894722781774804e-05,0.0002121916596686,0.0014540342899917,0.0040405859458373,0.002640118613161,0.0042103345818598,0.0022492012645795,0.0041953645783131,0.0003920690357337,0.0011134921567929,1
0.0012534920135249,0.0014491316374844,0.0070612024232426,0.0092063858379595,0.0007843603392752,0.0006287425348847,0.0054743813758245,0.0028308621759537,0.0046242818590726,0.0033938571457764,0.0029955020713693,0.0067752358928413,0.0005551931660599,0.0008626745885055,0.0006845774389068,0.000702222223836,0.0004035474075321,0.0006818206584094,0.0003257061277829,0.0002850883945694,0.0007291059109089,0.002382177696994,0.0001741477940486,0.0001966514511531,0.0002176666974349,0.0003389220783153,4.534126134374256e-05,0.0001360014692486,0.0048427244767621,0.0052258601499946,6.286155833016436e-05,0.0001447212154147,0.0008023977706925,0.0018770028656972,0.0018789948877484,0.0027877491911121,0.0055300115203177,0.0061478739039086,0.0001360276989676,0.0007880192042427,1
0.0010103273205262,0.0031503790650084,0.0042428196305108,0.0072673207881252,0.0008988123434015,0.0005654400258154,0.0027229509455114,0.0030075582104527,0.004955787039867,0.0021959400877089,0.0026473608002746,0.0032983052770353,0.0003315280584896,0.0004559575029018,0.0005707929827776,0.0014121091644963,7.229554535509115e-05,0.000462953477023,0.0002953427115588,0.0012183294673985,0.0065305544629721,0.0090759832250127,5.678746169627029e-05,0.000212088498389,8.477650947163326e-05,0.0002157132713803,4.700130826212086e-06,1.1958141493528457e-05,0.004543682632613,0.0049607051196031,2.073321401181702e-05,7.617619343477919e-05,0.0032974637159021,0.0128416501267638,0.0007402378043002,0.0059261467055129,0.0057027765280181,0.0079834328735272,0.0005271112153835,0.0002119137154439,1
0.0018106116317013,0.0034029084703735,0.0063884721294667,0.0106534478192384,0.0013607352990951,0.0005662523753393,0.0077031657341088,0.0074244690916887,0.0087586094714243,0.0058802365336158,0.0053405421789852,0.0049903883158597,0.0012139811925926,0.0016133609480012,0.0010627828509604,0.001665444516237,0.0004232064821658,0.0008833927090528,0.000177183091121,0.0012974333237642,0.008266792454563,0.0082790559537799,0.0002597399660425,0.0005920496040696,0.0001704405342648,0.0003434790239149,1.8017864200164528e-05,8.551070914129946e-05,0.0116275967342169,0.011894112480647,7.567506421762758e-05,0.0002930515899273,0.0054035649703055,0.0217498089556243,0.0020115867189538,0.008449807296479,0.0064259525727331,0.0110511602573284,0.0007749823824823,0.0015379221269464,1
0.0018662515775601,0.0023627774423572,0.0037972135795116,0.0048566549171393,0.0011654686269398,0.0007107849392689,0.0078302204809588,0.0074374479870796,0.0008099633340471,-0.0003085998654751,0.0004493934532179,-0.000307270870235,0.0003126556185993,0.0004342147529873,0.0013097061886004,0.0020736305723152,0.0003957549368782,0.0008797831199743,0.0001313249416589,0.0002256907958942,0.0046677308676869,0.0067375135918701,0.0002385282139044,0.0005829458971485,9.308681083701852e-05,0.0001207427734092,-7.607000380970691e-07,3.005877155055426e-05,0.0028499618755756,0.0035782740894709,5.784671363683189e-05,0.0002533628282358,0.0036276445634866,0.0137132834918137,0.0004509542443919,0.0036942231097247,-0.0009820046332913,-0.0007916717253818,0.0005241584845949,0.0011668856166432,0
0.0031812812712919,0.0068127877980251,0.0276028635119384,0.0272722079847245,0.0034531062419687,0.0026008233362569,0.0100355694860638,0.0237683046422805,0.0227771082490605,0.0122916646882978,0.0290601940092604,0.0382032335309155,0.001409520851303,0.0023188668141484,0.0009985824253836,0.0039146686809172,0.0010046403511085,0.0030463637677445,0.001715637316556,0.0055524403526662,0.0342609219928556,0.0327502268584237,0.0005132315430847,0.0007040771676639,0.0012083892408825,0.002110853692764,0.0002344836204535,0.0007694521852862,0.0374197348048294,0.0342769940951227,0.0001274884067803,0.0003129037795142,0.0384332588882623,0.1485428671868352,0.0066444110664892,0.0619833834122427,0.0274363433418035,0.0434044720025193,0.0062566939656495,0.0060200125555017,0
0.0028675922694109,0.0059890488674399,0.0099676069884419,0.0168371448742261,0.0032800878588423,0.0013923823962458,0.0142048776576034,0.0099438548427101,0.0185139738362135,0.0105970068373406,0.008792358173937,0.0125141287459553,0.0004612012302223,0.0009639589804164,0.0011717531515516,0.0028804999276765,0.0004821985975406,0.0018515729971736,0.0006901844208642,0.0030570319421022,0.0166621910604368,0.0163178142176959,0.0002400470265022,0.0007125862152777,0.0002476642058486,0.000545073106993,2.5917172264247977e-05,5.731098637350163e-05,0.0158965644538943,0.0163261419661573,9.059296432109637e-05,0.000342107551469,0.0178134009354737,0.0692359947765975,0.0028025448460661,0.0297306485208526,0.0138162843531558,0.0255133928271181,0.0018694940862488,0.0018109825867164,1
0.002161271096369,0.0043787517609663,0.009657536780407,0.019086622754294,0.0024053611095085,0.0014002578937516,0.0128344337908124,0.0078986318501073,0.0264620300333581,0.0159277558753239,0.009182757461892,0.0173540242846992,0.0007224316420972,0.0012492236493821,0.0003068073318729,0.0005849379575207,0.0002623919079182,0.0016866285982345,0.0007994200112121,0.0024495231680444,0.003557992727893,0.005281375232485,0.0001877394240882,0.0002969868292626,0.0003268642073938,0.0005110542039477,6.893630619731982e-05,0.0001492940654989,0.0084246221927098,0.0108134313597762,5.479287093244106e-05,0.0001605372617974,0.0021731886456554,0.0097589109713888,0.0044631319585982,0.0087549276640648,0.0103272089208523,0.011075378858455,0.0015659689791932,0.0015739809992633,1
0.0021851403980395,0.0034603730397665,0.0064507683917331,0.0098372024385685,0.0020619260465823,0.0013258261587673,0.008674320847817,0.0050264131344648,0.0094957756611198,0.0058090718437605,0.0055782898488249,0.0069854687207102,0.0005367810930278,0.0007634531545669,0.0009736939512135,0.0018150415319444,0.0002601332762709,0.0009698603002907,0.0004690657684622,0.0013853178015989,0.0016240794893064,0.0041001589879941,0.0001818140488264,0.0003291103440262,0.0002109898951197,0.0003971830217735,3.1553461852593416e-05,0.0001019372060836,0.0043275687338729,0.0052276893811655,5.433116645316734e-05,0.0001042863384408,0.0001268857918844,0.0013417136262114,0.0011833732552479,0.0012239134839885,0.0063298283383669,0.0082761814934084,0.0004553817172622,0.0008195158890003,0
0.0115473372701539,0.0217846549888809,0.061312565191713,0.1004201127793967,0.0127814911217706,0.0074775496811325,0.0736687199238731,0.061017259568681,0.1613896468433162,0.0922906994615127,0.0750641322177156,0.1021248337235458,0.0032188185367627,0.0058110434888385,0.0019706998653177,0.0051243154557443,0.001183912801439,0.0120630180828971,0.0054513011764199,0.0194522077406035,0.0391929664109057,0.0533104881668446,0.0006472107640381,0.0014421440968943,0.0014810973720874,0.0028347969968526,0.0001787264867302,0.0004697077737631,0.0792719009063462,0.0920261592836785,0.0001609898550382,0.0005978483914551,0.0419473266178716,0.1799177329219375,0.0239499181250481,0.1039516057206545,0.0997385050872091,0.1316368057947197,0.0105701209043458,0.0095767252288972,0
0.0169305891691733,0.0338679344877547,0.0954002859279167,0.1608593821788084,0.0189536092156464,0.0107689551358049,0.1031131335851693,0.0832261247965289,0.2258931191415345,0.1278895063107234,0.1082234785793123,0.1489958220059083,0.0033336969473664,0.0078999012868252,0.0021247507217623,0.0100748305456264,0.0016654184752861,0.0171072307851169,0.007355484148872,0.0287907578083212,0.0561629296537857,0.0819289668515782,0.0009956761649128,0.0019805597311534,0.0018840072694027,0.0042387277298615,0.0002424355083639,0.0006558663648842,0.120689544186753,0.1412722233718051,0.0002351913804453,0.0008055144357826,0.0612314275134347,0.2689085470837906,0.0341813705533161,0.1540259642667675,0.1444489372028315,0.1973863266431874,0.0151260818247187,0.0137941959218887,1
0.0002433825125415,0.0024272536086293,0.001629884394582,0.0084618376110655,0.0004668025090357,2.655185015912657e-05,0.0043586768710592,0.0033999916738298,0.0060169925167368,0.0027919110300434,0.0037730214985127,0.0044473032375166,-0.0002977373433571,-0.0001062620493233,0.0005129494924907,0.000135274414891,0.0001047476546812,0.0006482300137848,7.494541638071068e-05,0.0015570953124157,0.0016331228008009,0.0048444853775839,1.952678854980124e-05,5.345338061295076e-05,-5.0939664052569085e-05,0.0001446515185288,-5.06484252681479e-06,7.980844160604005e-06,0.0043958032791585,0.0071145896239582,3.9461967322930334e-05,7.585548362006928e-05,0.0026704782951129,0.0122020091528843,0.0011403344467612,0.0087093480341672,0.0077370183579103,0.0141925190888407,0.0006446103779649,0.0005354710824012,0
0.0038578172550163,0.0071405164416096,0.0581697761068587,0.0793141144630935,0.0030935874236056,0.0013297276032712,0.013614534294364,0.0108549625435582,0.0310343663980289,0.0174480920416923,0.012841431355781,0.0176715603667538,0.0035658474227454,0.0046164963505527,0.0030450302767365,0.0064195031087043,0.000405119817333,0.0024417795718623,0.000907754323276,0.0032842773014175,0.0136690711605074,0.0218214972377035,0.0002326558017572,0.0004793557199801,0.0009387696712006,0.0015229158994694,4.491377240732801e-05,9.53739572970078e-05,0.0408438707751522,0.0420577120572362,7.00869591707813e-05,0.0001769474530462,0.0070347384084304,0.0311843734679941,0.0044264371939345,0.018098228170187,0.0160502257978144,0.0285604879982483,0.0016014734117597,0.0013674190071464,1
0.0023635064786079,0.0025952143145117,0.00824124520055,0.0120245138405384,0.0019243418560161,0.0012470830231644,0.0126493288297109,0.0103732462213187,0.0202239393118299,0.012296143811064,0.0100610989298812,0.0132279388750372,0.000420896651637,0.0006931797779588,0.0009227118348644,0.0010465431886871,0.0003994976937164,0.0018146169876501,0.0009035435553612,0.0024984029207826,0.0065837367672543,0.0073592565207168,0.000159059619944,0.000259610919894,0.000241429736144,0.0003070928036825,3.864658341795067e-05,8.653923378920415e-05,0.0116633093380768,0.0127643454693914,7.275622206805853e-05,0.0001765456417366,0.0067525530520609,0.0273725525640664,0.0038513841063749,0.014775692046344,0.01417395505593,0.0167387599181861,0.0014060328153345,0.0013152791651717,1
0.0010299595949188,0.0023744658062376,0.0006617871898765,0.0018794422183316,0.0015689777437017,0.0004358864157765,0.0028311831355325,0.0004622150329855,3.563488076885828e-05,-0.0004189632895558,0.000159450525973,0.0002132820832948,3.151836801918713e-06,0.0001300990896317,0.0008913831021156,0.0013149306568616,0.0001331169216305,0.0002466515020598,6.461644251886975e-05,0.0003689991429396,0.0009745269853208,0.0026636961812421,6.226447223012202e-05,0.0002979656304855,4.7456489200735904e-05,0.0001421961875903,2.0618135595009336e-05,6.033146919282014e-05,-1.876971156474091e-05,-0.0003139845508575,4.65092989491568e-05,0.0001578159546902,-0.0001354006874822,-0.001729981493877,0.0007757149450392,0.0004944594323966,0.0019805948101541,0.0054894969290857,0.0001230828652633,0.0006495693702531,0
0.0013499905370194,0.0011818643963043,0.0023114816945149,0.0016793656911203,0.0012818813878784,0.000721516407378,0.0041202118288046,0.0037534268802706,0.0044486191181662,0.0033865736588058,0.0025260725127199,0.0024469620980936,0.0003373033695505,0.0003452616550345,0.0005685684727569,0.0008842065315791,0.0002665897834684,0.0005862923833249,0.0001874564395691,0.0004224949474873,0.0025984340978158,0.0033145487803852,0.0001227322376388,0.0002783157186061,0.0001380706596248,0.0002132993555462,2.868736111520153e-05,6.773296087880436e-05,0.001403453325267,0.001047153857954,3.9674279539259457e-05,0.0001418472753303,0.0010253900435256,0.0034869143005534,0.0012426663846016,0.0040987199936026,0.0024877607108087,0.0036924039695461,0.0004090618049839,0.0008810515018004,1
0.0019864161374309,0.0053449569457538,0.0093442964978728,0.0182223519511466,0.0029771216020546,0.0013192386815675,0.0120739384233802,0.0082653228432634,0.0143703945861391,0.0086420644262925,0.0074440185407768,0.0111876872105475,0.0003199258826848,0.0005247542184343,0.0017055618958244,0.0038826114417465,0.0006404197961287,0.0024104644633413,0.0006629174748278,0.0029158475008747,0.0088108421802118,0.0156736168471975,0.0004423634274169,0.0009036382871644,0.0002606843253904,0.0006670195666478,3.4765143224006246e-05,0.0001596974916817,0.0074999277110502,0.0097425644041498,0.0001088978105318,0.0002918251171413,0.0029210858777052,0.0139360784360317,0.0047620759998689,0.013557341290311,0.0079163227549443,0.0135661972626624,0.0019523423250742,0.0030295027058485,0
0.0023063905537472,0.0055687457408441,0.0057715903478067,0.0094344426447858,0.0035768686926561,0.0016877272815771,0.0141722588385697,0.0094264052844883,0.0160948737443349,0.0083156637011823,0.0063085537843945,0.0110610241340157,0.0003599659847575,0.0007339342940485,0.0019432399657097,0.0044146351677576,0.0009209284587062,0.0029541960398696,0.0007572633120825,0.0027296574014349,0.0090917654849056,0.016043831676774,0.0005022573984429,0.0011065180630467,0.0002672375538515,0.0006793925758142,5.658979002598118e-05,0.0001942597253953,0.0048132999171345,0.0077654297045225,0.0001105864527226,0.0004418403146822,0.0038993404181915,0.0158779916120552,0.0051769902166983,0.0128616713750056,0.0075098061459004,0.0121472002630034,0.0015982945079654,0.0030948961248162,1
0.0025224681267082,0.0027930951937209,0.0268459785889554,0.0277643148626194,0.0017846597481573,0.0014128569592992,0.0073354422939531,0.0070461625790123,0.0088414500422756,0.0052749074564541,0.0110855344500646,0.0205592922304769,0.0019963363900291,0.0022256325578029,0.0010698492463587,0.0018918685880545,0.0005437390527538,0.0015438534672583,0.0005905492781677,0.0020853997705431,0.0050725749028703,0.0054515467352446,0.0003191532723043,0.000734159952494,0.0006357115140831,0.0009062529410171,7.655106145078637e-05,0.0003065773892713,0.0156014649476073,0.0137422726223721,7.999438103319583e-05,0.0003438204177977,0.0030771901724213,0.0096670052026644,0.0037625704271516,0.0067537301939873,-0.0005155281874524,-0.0006751873967599,0.0016940651495004,0.0039173450023169,1
0.0012233688236431,0.0038214888504971,0.010261115993803,0.0162025076946606,0.0012906037152307,0.0009066299443977,0.0057710333191678,0.0025505701929569,0.0141733599955825,0.0089263184606221,0.0131733858475421,0.0290079241057798,0.0013739358637369,0.0026693338713893,0.0011215314800848,0.0024921827735172,0.0004312631723539,0.0022689537789129,0.0009342125312808,0.0034070452046758,0.002671727499703,0.0088423457435505,0.0001587124057817,0.0003969372408746,0.0007047921277288,0.0015194032429952,0.0001209944544994,0.0005042717062349,0.0106358108562416,0.0116671492812731,0.0001276718847917,0.0002011716812302,0.0013043726131668,0.0059000399598872,0.0057922780362043,0.0045061664337544,0.0084750486459478,0.0186124387494775,0.0032535608535083,0.006890680999822,0
0.000901959202985,0.0007585395620529,0.0026973279921456,0.0037717267476725,0.0008895893373653,0.0009511770283071,0.0050860351886285,0.0053243591626337,0.0034765494556127,0.0036763580657523,0.0046396599875372,0.0057085184057143,0.0002170584809186,0.0002453479365661,0.0007291411373423,0.0005688403983812,0.0002148955600891,0.0005004053539096,0.0003381548015238,0.0005814494045894,0.0034302833381709,0.0056438013410978,0.0001173156220439,0.0002499106922453,0.0001538703665052,0.0001978953105867,3.0278938715820584e-05,0.000101065410919,0.0015279633282771,0.0018193461955791,2.986598449082056e-05,0.0001187614850158,0.0008613202384469,0.0019693459804518,0.0018668004214672,0.0021957210259966,0.0025737938036385,0.0030699474539434,0.0007158722670985,0.0013083220332587,1
0.0032144768213941,0.0061920908899062,0.0121943423746061,0.0170299315595866,0.0017934746144869,0.0008506801504806,0.0077712640863854,0.0045458984498154,0.0100807524108363,0.0051166722135618,0.0032671051883851,0.0080470775417146,0.0010954715355783,0.0013252663364043,0.0012890152324349,0.0030175700578529,0.0003584622369915,0.0014088018033482,0.0002921882827178,0.0015789085112251,0.0028414350040133,0.0061307676046892,0.0002805139271002,0.0007405065834286,0.0001314023499598,0.0004179019138003,4.8550593745433896e-05,0.0001623796917489,0.0053944168227613,0.0063541684597942,9.946191700886168e-05,0.0003124116441181,0.0026775584634271,0.0104927716713089,0.0030471829150334,0.0077097551302858,0.002111310050708,0.0070360078383089,0.0008559322835409,0.0018804996753013,1
0.0013538815688542,0.0024792752594404,0.0035345448964356,0.0054551731486775,0.0015704223899285,0.0005168008219101,0.0067655162528168,0.002566918342947,0.0098139446074323,0.0048693329358218,0.0019340865517858,0.0080468160226562,0.0002562087340784,0.0007924742726231,0.000890455110864,0.0017652024766572,0.0002702226985138,0.0008564966238507,0.0003756265554493,0.0011741720392807,0.0015612975646666,0.0059214406282955,0.0001490605828148,0.0003618222847115,0.0001004002268798,0.0003663867516908,4.4461640247172e-05,0.0001436897972931,0.0036096511011755,0.0041664886996259,4.959615435428727e-05,0.0002003860084951,0.0015920615838411,0.0064692025011712,0.002352127093588,0.0048212374532593,0.0041039899086924,0.0069383424212649,0.0008442244673908,0.0017215553314803,1
0.0012277469820699,0.0014518176744423,-0.0003691531770046,-0.0001138940549133,0.0005369081193221,0.0003383991090521,0.0024660624528077,0.0031315085672121,0.0020842890235136,0.0018011765090482,0.0025746040990186,0.0003468350719861,5.110814562152252e-05,-7.352136125569596e-05,0.0004194238668507,0.000692953241365,0.0001694828656068,0.0002803768220943,0.0001907207634059,0.0002394624936279,0.0025331955804698,0.0028152290658003,9.539050303650766e-05,0.0001728009585928,7.151045401469908e-05,3.509248724957819e-05,1.937756270053948e-05,2.573721978239872e-05,0.0010269535993345,0.00096340163037,3.655567659494267e-05,0.000132493155977,0.0009362629992209,0.0028178853191408,0.0013141497831663,0.0031333944599018,0.0031679805469959,0.0050626848419372,0.0003735526752533,0.0003042077767856,1
0.0018355895906221,0.0029802421675916,0.0052247014454086,0.0068686005169303,0.0013091535288107,0.0003382025212627,0.0043820249929849,0.0022255687845555,0.0047116215897777,0.002752063476373,0.0006242524224341,0.0031454540283213,0.0002675015527217,0.0004318532849826,0.0009160402235893,0.0012179435905943,0.0001899686014134,0.0004707028986596,0.0001350374201087,0.0006393672834741,0.0019786035265169,0.0046215614838989,9.873529538461568e-05,0.0002503183053776,7.808721660049808e-05,0.0001813242370774,2.026278359812728e-05,4.5349001113149085e-05,0.0022471117605089,0.0029876013061241,4.651623843422432e-05,0.0001229886033996,0.0011573736665014,0.0042363189335792,0.0007064635090325,0.0033794774391585,0.0015382559359069,0.004180716246878,0.0001997186629847,0.0004945676056044,1
0.0010062172041318,0.0022059672040989,0.0051587599037808,0.0078173292256709,0.0005752629174215,0.0004897883156128,0.0022116833701673,0.0015598289425372,0.0043117898793834,0.0027345057644226,0.0015428429527605,0.0033141399639324,0.0002744024192189,0.0004626509994492,0.0004349667192772,0.0011586652179741,0.0001231753307775,0.0001222639873047,0.0002075760824297,0.0004050174827394,0.0013542447174101,0.0030164219933357,5.509627746075374e-05,5.710263407058498e-05,7.694076534989913e-05,0.0001599242055493,2.2577019905416136e-05,5.171650339612134e-05,0.0022888067619241,0.0030229946384041,2.504514821159358e-05,2.35395895317233e-05,0.0006735241997599,0.0032901500575195,0.0009366397457996,0.0042107846051879,0.000765108734081,0.0032134144873137,5.24814313989931e-05,0.0002358264810609,1
0.001779899170473,0.0034473131701927,0.0024894590568863,0.007034256321168,0.0014233542944613,0.0009327258942007,0.0055732311797707,0.0033925134114222,0.0050489115046171,0.0030428592107625,0.0028224020378238,0.0064307039241422,4.4252590861951145e-05,0.0004839119685956,0.0012876050529478,0.0024039555862957,0.0004378399914286,0.0015043801604819,0.0003037504437931,0.0016687646999162,0.0017613891904535,0.0059583694824411,0.0001536982636761,0.0004161651374484,0.0001109177212491,0.0004214922300758,3.899791750540985e-05,0.0001457448112368,0.0038148090888971,0.005458824279032,7.574978247595582e-05,0.0001875561277091,0.0022718506411899,0.009157812721702,0.0028816695553328,0.0067673370201993,0.0032005834329452,0.0063968143525672,0.0013672416260363,0.0020035375113957,0
0.0023582667671768,0.005483808439741,0.0032456232002673,0.007786506252407,0.0031777210467153,0.0017310290586637,0.0119277535373037,0.0073688713929949,0.0112717176074543,0.0057189810978407,0.0040467955349086,0.0097188340202834,0.0004416978599457,0.0008633431512468,0.001577081770118,0.00417240806531,0.0008802429862638,0.0027085292445513,0.0006547619084803,0.0024134741867338,0.0037432796333267,0.009164584144174,0.0003589379057866,0.0008896315764931,0.0001788747002856,0.0005284101183487,5.413970279528494e-05,0.0001837210059254,0.0034447943702925,0.0059185525852352,0.0001062957066406,0.0003797463256,0.0035981456124266,0.0141201430316324,0.003935600313488,0.0096275896040546,0.0026263459556897,0.0058534980304658,0.0012432470083434,0.0023654987768429,1
0.0019073307148093,0.0022243483028761,0.003931089415247,0.0037622116107118,0.0018787290178554,0.0008405965853744,0.0086252007524051,0.006161785212854,0.0058672863645568,0.0043827737894636,0.0045090154172547,0.0058007774476457,0.001089805362732,0.0014591457107714,0.0006279367314206,0.0009327011568872,0.0003610927489311,0.0007561247060498,-5.6041888851405176e-06,6.091665194779185e-05,0.0116110660391415,0.0201774689602253,0.0005632407024405,0.0013644988622655,0.0003465561512613,0.0005800303974952,3.3531422246229024e-05,0.0001745806006548,0.0087663715255155,0.0082326809219054,0.0001131704361468,0.0004812783195929,0.0016878263648675,0.0110706014213844,0.0017323048428921,0.0099862332202664,0.0019083978110647,0.0080072885960989,0.0008966894114825,0.0016083809808932,0
0.0017302199177567,0.003729132251504,0.007196249717653,0.0120929564969364,0.0007894512076529,0.0009847693016619,0.0063246559982223,0.004126662337319,0.0088605439202419,0.0065074768803698,0.002852947918385,0.0036854948441176,0.0002823098432228,0.0003456697263906,0.0014677482019844,0.0027331443844816,0.0004113743990335,0.0007374835423271,0.0007587163224203,0.0015904345479099,0.0004234707041958,0.0019678522393289,0.000115758869578,0.0002387151838159,0.0001275031180114,0.0001351138310996,2.997505055590839e-05,5.962692638604793e-05,0.0046377625846845,0.0036864289419086,9.11472104990358e-05,0.0001380957405673,0.0022388168077952,0.0070703135523565,0.0020652121131605,0.0046056839571575,0.0040836457136022,0.0058969646056156,0.0001297707053408,0.000879188184811,0
0.0024081418950094,0.0032831849863256,0.0027064822236249,0.0041012628684578,0.0023688428704516,0.0012205532951653,0.0064951224841337,0.0052594248660565,0.0050650223773581,0.0027477453874542,0.0025412702949116,0.0027645683068341,0.0003080041010553,0.00035403525528,0.0009436545414834,0.0018089685742438,0.0004564056895113,0.0011869357968497,0.0003350895236536,0.0008618756221704,0.0035251140767877,0.0046207491397191,0.0001499199444698,0.0004000287167539,0.0001769534493119,0.0003107527515047,2.514036861137216e-05,7.586818770184343e-05,0.0036275221166736,0.0042333137451366,7.706702983739273e-05,0.0001859447391917,0.0024832772166833,0.0071366623993639,0.001514024423734,0.0037985781403664,0.0029134818578858,0.005964195755479,0.0003408867780023,0.0008639704103878,1
0.0012800516798565,0.0011874539782285,0.0076154238226266,0.0095143552644098,0.0013517986633382,0.0003393565296232,0.0049869112185623,0.0035126063475333,0.0031061216853933,0.0020090046197093,0.001795762505148,0.0045199025240654,0.0003698092736914,0.0004364187091781,0.0002150690107794,0.0002304292812782,0.0004511626461013,0.0007823672163481,0.000185170194147,0.00013306029453,0.0038759482817632,0.0060659286747843,0.0002347866311925,0.0005670674584127,0.0001749044080129,0.0002101586752485,2.0379101536826587e-05,9.411602412680176e-05,0.0029968044644556,0.0031657661630373,0.0001075401914799,0.0002178115705548,0.0013752858630896,0.0031309171654293,0.0022294267059847,0.0048964186091833,0.0024642012617574,0.0039934727908125,0.0005310971082834,0.0009741570574977,1
0.0016052826855629,0.0021152791509426,0.0014123200121713,0.0022840476354026,0.0015932396148827,0.0006501754611026,0.0068860991345589,0.004182644127567,0.0036663477466267,0.0025528303083891,0.0031669189470336,0.0056442018997191,9.05065589296046e-05,0.0002497468150716,0.0013080543335557,0.0014243142098704,0.0005430239334461,0.0009782684027022,0.0002721472275961,0.0004222016857752,0.0033946212185062,0.0053903429631189,0.000264934090546,0.0006377496227324,0.0001209681101841,0.0001813549849162,3.340869038403164e-05,0.0001003611268457,0.0021440889941681,0.0027997901153681,0.0001199799161001,0.0002510204061174,0.001673684098666,0.0048699842542966,0.0022776850274648,0.0054918762446601,0.0025983559838313,0.0042032862633485,0.0005435082263786,0.0010406465323144,1
0.0024181123720179,0.0033195984794416,0.0008968574566373,0.0043946083434703,0.0026103358974889,0.0010892275757226,0.0115395491434493,0.0073112608256937,0.0028226120393076,0.0016603198746697,0.0020677893299053,0.0018276665788196,0.0002726996154091,0.0002352730523829,0.0013248214773092,0.0027449219881748,0.0003545277120044,0.0007556809300812,0.000288447732316,0.0012022768912351,0.0054397794378169,0.0109316132184592,0.0003801604388718,0.0010873851868486,0.0001731731009841,0.0002771987217085,2.843535766180601e-05,0.0001111678203487,0.0015410629498026,0.0020114889190085,0.000114179485886,0.0004460730175865,0.0012367960034015,0.0057440165903135,0.0017752810858489,0.0083121344893607,0.0036317768822226,0.0075360101045428,0.0005144100940909,0.0007055988054829,1
0.0020114576909577,0.0044760431444137,0.0087126364333888,0.0152984291320395,0.00126744065148,0.0008143640484619,0.0040914957884229,0.0033890275096506,0.0040339581216702,0.0028614111150542,0.0047543500096717,0.0077300216643673,-5.651877447305898e-06,0.0004176967050765,0.0011278702852929,0.0018403295703592,0.0002528835205919,0.0011590123276099,0.000691260524941,0.0022271322347984,0.005083933614219,0.0073151424778566,0.0001366498522302,0.0001821881035475,0.0002562546546663,0.0005652575668955,4.469914692786368e-05,0.0001360038329607,0.0063185532232737,0.0076393574290476,5.730022831516166e-05,2.793627999938649e-05,0.0017229015627291,0.0064645837552849,0.0023861806744968,0.0040952338165865,0.0063228644611647,0.0079909656584753,0.0016091909008493,0.0023586604936735,1
0.0018589640997731,0.0020260598560124,0.0046661246660046,0.0071019552187889,0.0008984963471156,0.0008794186430993,0.0086796888436514,0.0056584489940016,0.0104382906912109,0.0069002865233195,0.0053286349088258,0.005949461563306,0.000424333289208,0.000463395509443,0.0013813940329105,0.0009558527076906,0.0002846904670966,0.0010949225539655,0.0004627649622712,0.0010988722551627,0.0029277322451319,0.0031897049687726,0.0002388497797056,0.0004524279116575,0.0001869813400892,0.0003857578829404,5.657352457284736e-05,0.0001547929221057,0.0051235875454441,0.0044179807707471,4.264541087586502e-05,0.000212649397751,0.0020689554562785,0.0063197019934663,0.0024748945987527,0.0044525761519202,0.0030769887821466,0.00316703522951,0.0013323925093634,0.001850082445032,1
0.0016241311939153,0.0041407744381436,0.0030998185368188,0.009065070909343,0.0020000710274533,0.0010484787277274,0.0078919866364307,0.0045246395022821,0.0071395201803602,0.0038176276478281,0.0059025384923182,0.0131540266640419,0.0004101989811199,0.0009923265184249,0.0014281602015831,0.0024474489519955,0.0004768303367172,0.0012195790941964,0.0003949483416872,0.0015061687452132,0.0028646181685346,0.008355764256545,0.0002300385794937,0.0004638673780656,0.0002458382252631,0.0006133131001516,4.336542947658724e-05,0.0001561546452369,0.0046627553171321,0.0071965711686847,7.830895315949791e-05,0.0002136454592642,0.0030486211663451,0.0127207397758457,0.0023962208993539,0.0085882152340658,0.004154921497178,0.0118756173024474,0.000334187482995,0.0017081197420854,1
0.0022553524371815,0.0057810525901716,0.0076220306155401,0.0165616732555172,0.0030528061296616,0.001690891331229,0.0126011120245099,0.0088572109886737,0.0188840762632195,0.0123191048835551,0.018718022645348,0.0313478639665781,0.0009059185450127,0.0018915461990755,0.0006486553213399,0.0025514894191048,0.0004600791580284,0.0014527518273127,0.0008352575172416,0.0028790999050794,0.0032346310414333,0.0108678420820779,0.0002000578321558,0.0003917838808169,0.0005138199945487,0.0010526022352399,0.0001058166003651,0.000313805305766,0.0097619245976994,0.0118838197159977,0.0001309826859116,0.000156537449892,0.0049163410333086,0.0206963720820597,0.0039794469908584,0.0124288567385487,0.0038124119549352,0.0120446986155134,0.0007799516234544,0.002877365645582,1
0.000747604487353,-0.0009664413531703,0.0013773640698594,0.0003127462695385,-0.0001162263437268,0.0005246503982046,-0.0003985227513847,0.0007312309679144,0.0043386302297466,0.0037750817066331,0.0043196285195709,0.0034462696141327,8.73094259490648e-05,1.5084171490245886e-05,0.000598001981123,-0.0001310067304293,-2.283322933111316e-06,-0.000179154401419,0.0001339216294612,0.0002226695737655,0.0028421804464838,-0.0005321770118195,-1.0483048111037934e-05,5.4111532977661365e-06,3.292260976286837e-05,-3.39466923902298e-05,1.4817817796529425e-05,3.737898281740246e-05,0.0009275309743184,0.0005673169696977,5.261596543276764e-05,7.226012989321107e-05,0.0007166209520966,0.0026915007319268,0.0003049611022812,0.0006492341393122,0.001783619974995,0.0037200298095645,0.0004175402600377,0.0003367642810187,1
0.00139302459333,0.0029368244365634,0.0010311962255368,0.0026674264378758,0.0021648331842085,0.0009262802533276,0.0071103893439212,0.004186892389038,0.003297736934092,0.002693871835694,0.004368133943243,0.0069906414316475,0.0003530297862912,0.0007282285414082,0.0007251154105928,0.001677280128337,0.0004129793429199,0.000942368660857,0.0002893020907398,0.001077398285106,0.0037570460526015,0.0078817208735483,0.0002577466474598,0.0006233728668113,0.0002085660856042,0.0004512043968097,3.393942517507708e-05,0.0001195837576987,0.0017138879753452,0.003019124715377,0.0001500939871322,0.0002822506258484,0.0018660170813622,0.0078233636563124,0.0014595279279414,0.0059121977602258,0.0038481887421623,0.0095072118405594,9.901502745424816e-05,0.0009873834431297,0
0.0006817906245303,0.0022902429961585,0.0039079587835559,0.0082448103366954,0.0014941265455374,0.000423242248817,0.0063379242252738,0.0034886247646047,0.0098701179565582,0.005071405496882,0.0021321613790772,0.0077040269409129,0.0002788777132928,0.0006841699323643,0.0004954699300046,0.0012377377802858,0.0003714515391101,0.0007379205973968,0.0002307235611769,0.0010028589169968,0.0033788958308837,0.0064006931634406,0.0002011811398695,0.0005964276473413,0.0001417008797063,0.00032040884255,3.359784311188388e-05,0.0001394651750239,0.0025636464269656,0.0026901709927148,0.0001135927103792,0.0002941960099184,0.0015727006280659,0.0050358187416126,0.0028413141551999,0.0071854792605598,0.0033298741015773,0.0079325167193486,0.0002186742015309,0.0009721041353469,1
0.0007655755818037,0.000201728747045,0.0009468841008132,0.0007789006537293,0.0004787955118163,0.0004490121604244,0.0058061476515055,0.0033845183327219,0.0087271204137952,0.00412713428778,0.002063112184955,0.0072614222990024,0.0001637287854327,0.0005458524263809,0.0003988350735379,0.0007147403337355,0.0002450198110391,0.0002635454531138,0.000103005183179,0.0001221275951588,0.0011077717604738,0.0011367549313398,0.0001536905418848,0.0005454457871511,9.058007538547052e-05,0.00027365353555,2.565908697840002e-05,0.0001045608901397,0.000820880985489,0.0014272786746757,7.236547798233213e-05,0.0001888663044332,0.0012646421915097,0.0026764523907184,0.0012617764626043,0.0037676252494552,0.0019493801044212,0.0040489187146219,0.000130899287315,0.0006542654076461,0
0.0015825837995219,0.0045469704056416,0.0094944955851728,0.0173670715653768,0.0018205033207315,0.0010399542559802,0.0047707272389011,0.0036306898520713,0.0175185627321783,0.0089667799164429,0.0098939821253987,0.0193143921187124,0.0002603645174986,0.0007489323905104,0.0009702285046574,0.0019359211583793,0.000265333736982,0.0020304266578031,0.0010747451045488,0.0029278772409407,0.005354905594042,0.0088594332135599,0.0002006734683125,0.0004026359751616,0.0002559438002173,0.0006601917679533,5.563068913119383e-05,0.0002338884806023,0.0056460391986982,0.0075675566921671,7.397043087253649e-05,0.0001481499522292,0.0014958763284598,0.0099080471281774,0.0043790265307288,0.0085409926454921,0.0062553344555289,0.0085803125780346,0.0027280047298171,0.0036923469650838,1
0.0022093999075816,0.0029557426116392,0.0108190855458662,0.0119519991118564,0.0011076695034938,0.0005681394683078,0.0103558223705703,0.0066070485470325,0.0174003689521988,0.0089665145979078,0.0105026423193767,0.0202198162453696,0.0004310404846997,0.0009445659733902,0.0012574541701513,0.0014079254756613,0.0005197240339806,0.0022257664216088,0.0015683351516226,0.0042327526003498,0.0070292817040875,0.0101362223688473,0.0001808391020435,0.0004792427694165,0.0003698429565572,0.0007181603816319,5.05925267982122e-05,0.0001886998471172,0.0072784961714877,0.0075038859286758,0.0001035585662987,0.0002162605088626,0.0032874771068836,0.0123861571174913,0.0039771581667368,0.0062078058026117,0.0112985553288582,0.0094781544249689,0.0031846618170365,0.0037108684229044,1
-0.0002407520958023,-0.0005319740085749,-0.0009627095806384,-0.0015509300552469,-0.0004965331794726,0.0001867030008348,-0.0007903954813604,0.0003794215424168,0.0026947769799591,0.0015423954816242,0.0011214778639712,-0.0010868668346627,-5.5155515759335816e-05,-0.0001336566403101,0.000497817908414,-4.470431431631541e-05,3.665605255919941e-05,-1.892416511525592e-05,-9.60900872377208e-05,-0.0004042826337324,-9.306916253718851e-05,7.560371776149357e-05,2.38867466202908e-05,-5.781597761993127e-06,-6.379220987253186e-05,-4.9885624285920215e-05,7.958536864414014e-06,2.6021563690672187e-05,0.000429000423994,0.0014047798266074,3.438444642010116e-05,5.859730577432333e-05,0.0001461947307123,0.000841837457091,0.000198242019712,0.0020934191389173,-0.0015967759216781,-0.0015357857557556,0.0002128991804029,0.0005106459204942,0
0.0013238253686039,0.0028047740894392,0.0015040330101311,0.0032305587124495,0.0012337048478063,0.0009197573375352,0.0090246819604778,0.0055535580942468,0.0034244451480688,0.0021400615958449,0.0018226506500181,0.0087772022303648,0.0002502216509399,0.0005937757025594,0.0010419851940685,0.001153520831319,0.0003597916803744,0.001039645913687,0.0004386444170485,0.0009872914030252,0.0045366149464482,0.0077088455353506,0.0002071578171253,0.0004586229067849,0.0003317756400303,0.0005221912087306,6.862366865052327e-05,0.0001711048234538,0.0038332342967096,0.0043752261945729,9.967134283879226e-05,0.0002550952395049,0.0027811386066174,0.0077750908592869,0.002435320828885,0.0047040880580473,0.0040172411505606,0.0049282852875251,0.0004975027384905,0.0009771316590176,1
0.0016878114379171,0.0032460741842133,0.001134034609045,0.0056636897390574,0.0022578336515876,0.0011166099404553,0.0093151646785545,0.005241880301814,0.006955138013252,0.004175119293978,0.00241674846664,0.0069040079988334,0.0007146414720106,0.0009767142825771,0.001149858903486,0.002249741748582,0.0003542950701609,0.0011875785617167,0.0003092798620052,0.0012794707824646,0.0045860282365789,0.0089831744222702,0.0002822290146149,0.0008379335802918,0.0006573822319668,0.0010298890685337,6.692095670178725e-05,0.0002354680017379,0.002837371058954,0.0035847378268682,9.890634376736357e-05,0.0004069785021618,0.0014784673304555,0.0044536415227582,0.0027916093621187,0.0071805735106213,0.0044975714140496,0.0104636472327127,0.0003982298271145,0.0012562278689618,1
-0.0001140490095199,-0.0002757578702024,0.0010599157872866,0.0029517509425044,-0.0003320846776696,-0.000171910710059,0.0003432098949507,0.0015782345257713,0.0042444306059113,0.0032908135364456,0.0016661168852791,0.0014225216247207,0.0010924838918103,0.0005782767895109,-0.0002388460046345,6.349352033678849e-05,0.0002445161223188,0.0002412575185449,0.0002590037288547,0.0008656649787402,-0.0005744903464654,-0.0026878432749022,9.94724127910458e-05,0.0002451257549446,0.0005968275127566,0.0005640059830879,2.6364170328462835e-05,5.808289206194324e-05,-0.0004162249259939,-0.0014335532624521,4.862866635065333e-05,0.0001622018572737,0.0002679527269198,-0.0006345828644638,0.0017012173795125,0.0044301038682707,0.0045303347945616,0.0102995345317989,-0.0001898713109572,4.6725969099741926e-05,1
