-0.6970686388029512,-0.6879728863731445,-0.6067164196000645,-0.1565521059695211,1.052783071502832,1.0900168585947103,-0.5596778651173158,-0.5408435745818236,0.4474202221776417,0.4252021938111401,-0.742038642623938,-0.6798750839783709,-0.1904797834471314,-0.0265117029756614,0.2133686482519015,0.3562680164855996,3.850952024080935,2.861697436842303,-0.502528478327569,-0.1100186890030534,-0.2720123572346624,-0.1062449980254567,-0.8254459899067625,-0.212251118521352,0.3299844954501814,0.1082880207470373,0.3290464506745922,0.5249272351608436,1.8377286925288596,0.1366962955492994,-0.3787937269153136,-0.3833111465532735,1.990941334558308,2.662588619397596,-1.0804021911237816,0.0572249631873469,0.1582842853910269,0.0883864684233124,0.2893898508454473,0.9569143484109004,1.0
-0.5343361229107026,-0.8396079947394988,-0.0616746797253213,0.2307474917290637,0.0675599965737059,-0.2108975578510996,0.4569024965018249,0.4361851130865806,-1.1749630598482943,-1.3620351333142973,-0.9258560216880292,-1.1795861757316546,-0.0836075849720674,-0.7632442916721933,0.8737079115521125,0.7641044762371947,-0.8748776009567973,0.0077404763239643,1.1004362248707409,-1.407089556209112,-0.1771327918950676,-0.3373774135650897,-0.263500910862525,-0.6674648773463945,0.3101169678354543,-1.4320313243033895,-0.5374281498920608,-0.9373875456792296,-0.3179267406900012,-0.5365903441191131,-0.3781431800597392,-0.3000590537719994,-0.4995129133753373,-0.4493828058640723,-0.5456146623434943,-1.1252511474688418,-0.3882433030813437,-0.6675243039845844,-1.0470991615182512,-1.076502920107482,1.0
-1.0472327880588443,-0.4728878009277535,-1.7057720048989522,-1.6525793380015978,-0.6020133167260076,-0.0656102586745039,-0.8072792836506109,-0.8156536249730326,-1.0377112273224502,-1.154964781209115,-0.0042289063956477,0.2246168229115022,-0.4558334419555669,-0.9960691222356584,-0.4442967750483024,-0.2094183895270558,-0.0042702723723793,-0.940017321048181,-1.4173581053831297,-0.8599380252470468,-0.6188359741982934,-0.4836951696472789,-0.2933349901626276,-0.939645788760239,-0.3326100546100243,-1.3058063489093172,-1.3464136391445791,-0.7163179694691459,-0.7575986738963225,-1.1912792804780583,-0.3103609167096173,-0.3263663387167335,-0.8952968691637722,-0.9965500339233496,-1.0054681960597756,-1.5360100792189997,-1.0340858389691572,-0.8888119585526817,-1.059807897577742,-0.9716315281681068,2.0
-1.0352227524041362,-1.602118772535885,-0.7196084795536422,-0.422446386831703,0.720190055062707,1.2507538547627783,0.1211670123661043,1.0859612767806714,-0.4059141343751804,-0.2852342627654933,-0.856735927226624,-0.8706544141194188,-0.9006440474345152,-1.0457810736363244,-0.685819694385561,-0.9018349175766608,-0.8750783175361594,-0.9722800882684934,-0.9520134369349158,-0.624366354120899,-0.656860525141675,0.3522790525594952,0.0024619139846371,-0.165035413578833,-0.047904128182953,-0.1074828972651968,-0.5363999799244623,-0.3965657378142819,-0.0283301069864503,0.6067158430348041,-0.4086666673753698,-0.21884669129745,-1.2097480732563344,-1.1412767957180454,-0.2156967303731671,-1.2364086947464934,-0.5661248257614502,-0.8286866639160868,-0.9721041054033996,-1.0651290414159833,1.0
-0.5367947571928884,-0.8992978828768798,-1.2551065977584648,0.2228049924335025,-0.0059120509263745,-0.6549038481202305,0.2683754582110444,-0.5798892065342365,-0.0094802551736128,-0.7049570374224259,-0.1806907468054537,-0.080245161427789,-0.753432116212446,-0.3245114533174318,-0.817587455547256,-1.2367400665414536,-0.136901022015544,-0.0630168747845045,0.2580856393010364,-1.0328081189045362,0.3314849921129803,-0.3246095068619077,-0.2784740836697805,-0.0657507123599345,0.1768303690202395,-0.7108118283302396,1.0398403943708503,-0.5022537874255413,-0.811378240973724,-0.6236379821180784,-0.5388083032170301,0.3557369162941968,0.5487744485969812,0.6637233672250193,1.6010347010211774,3.111588756955637,-0.3903516592821243,-0.4729901981034903,-0.5076530754113202,-0.7483859192409428,1.0
-0.6670190158154541,-0.9635585200654012,-1.2399521230560893,3.0978544508149017,-0.7708585223619533,-0.19071429583978,-0.7589182776778567,-0.6177563015461454,-1.126688157938306,-1.1514596608692995,0.620525765633011,-0.3244073021850777,-0.3618780459025124,-0.9024389452217432,1.7028334204550468,0.78633468835194,1.2682704290923876,0.557647956404284,-0.4390174517252294,-1.5110105461037404,-0.8606866721694475,-0.9422915426897384,-0.3066679659030908,-0.8230632822807369,0.3044713944349224,-1.1426382707101317,-0.0914067831330429,0.8386632779619125,2.1289008967814453,0.5613401779896963,0.4671459961284401,-0.9640394305206867,2.1458161942356684,2.050948259625385,-0.8376744121687283,-1.2857688084154724,2.341315093425571,1.2224573771032992,1.3126495380505157,1.6310708678482264,1.0
-0.6731632149252804,-0.9737966290983504,-1.058961341802569,-0.9234771952967816,-1.185346206509551,-0.7896159203913995,-1.4145567400317614,-1.4041003977162612,-0.3926314780407813,0.2630012210583423,-0.4490895957646867,-0.391707472321908,-0.4722545107021774,-0.5175037620199614,0.2615665713201518,-1.0240881841102636,-1.1214184756027137,-1.4729914930361712,-0.3498734225093356,-0.5276202079435541,-0.6604063321713389,-1.0940771659900528,0.1577568208757398,-0.8793770810410813,-0.5320903366235576,-1.5603062750533567,-0.7987676076549994,-1.285736126068266,-1.0987276649156916,-1.069033436942873,-0.5357862952851988,-1.0172196271559724,0.6759162164234427,0.6614423537729941,-0.3982759195699401,-0.6566535242505824,-0.3959429018208502,-0.7148323304533335,1.2161252933347422,0.0712069410597688,2.0
-1.197231627797547,-0.8717580540422332,-1.3978664533432246,-1.1483311313352471,0.2028886273300263,0.4321946775515553,-0.9880954908992274,-1.0788912053763953,-1.200297451054387,-1.2420614785454818,0.2643412998557317,1.0690703101402406,-1.3053001849812065,-1.0023411055844482,1.6653091384486205,1.2608719440117555,-0.8400172208910215,-0.8375975733041594,3.806626679686566,0.8420547107309848,-0.8649226062924882,-1.0525486783391804,1.6289738848483744,-0.9222259582375782,-0.0702156920706631,-0.1942639199660156,0.4466289042692972,-1.2494537143732622,0.2581833247769927,0.634997892904642,-0.1683671017231334,-0.5377073382818276,-1.0252048694693303,-0.929688635449348,-1.4190466054021351,-1.183923349933251,-0.6575630265296799,-0.5966704398108202,-0.7865611323174431,-0.2414405822468941,1.0
-1.1280665649315615,-1.441680513762808,1.0900484356947642,-0.62410833259064,-0.2849997819189829,-1.2016405462576425,-0.3969430787741879,-0.2574624689665841,-0.1072154541060159,-0.5802417732876433,-0.3287727322103837,-0.7422554786406206,-0.9344475757364652,-1.648975395109537,0.077609450498091,-0.9040593304995213,0.4759083647579762,1.1195185951493771,-0.0001945277793495,-1.3952960343640697,-0.182958386128933,-0.5575353567012948,0.177431608210413,-0.074932524781492,0.698759932401332,-1.4245292675711594,1.7860247708790808,3.2233074554991354,-0.5808760920334715,-0.0634854530452604,1.3271855483037998,-1.2550519358068553,-1.024739015917877,-1.0290125097883538,-0.2010238733220135,-0.6361356308554225,-0.1800520579165745,0.4038200131325435,-0.5136112280426754,-0.2872864193079829,2.0
-0.324513452130299,-0.9013986849669396,0.6255730947119811,-0.6967015498979867,-0.2291867493027983,0.673344238149272,-0.5876668377249095,-0.5910310000555432,1.4168121018174062,1.893243014029819,2.3154441091455737,-0.2254518395885427,0.1980720791568848,-0.547788384474341,-0.7986649647892046,-0.0184770391126907,-0.6283906940412347,-0.7435495456538934,-1.3077432099119677,-1.0141428485262236,-0.3913415555089008,0.1783923570457251,-0.6996401075400227,2.3757049108652817,-0.3283709962699586,-0.7486085893735264,0.6542343496952183,0.1492572232737772,0.7213158144678502,-0.3046101368430771,0.9860323341371702,-0.512546976565158,-1.1288613397023612,-1.0942262535770402,0.9231556742946214,1.9963092833375065,0.9451690180466484,0.2503559139722888,1.12640902998913,0.9036516998153288,1.0
-0.0001543730034114,0.1046246793925664,2.021127202858006,1.9019620089290488,-0.9640417729494062,-0.309164208028494,-0.4760932110751779,-1.1367010860676734,0.7618795547296804,1.1456644446622954,1.9082024235111932,3.487750266043877,1.4466299862996197,-0.5135919515594058,-0.1346535591333721,-0.7087854390048314,-0.2175789175244662,0.8228276038538964,-0.9969741525852588,-1.0665914101691427,-0.9559145842763002,-0.4084811253990263,-0.5992623383052602,0.0448420464293679,-0.4693863111534893,-0.9008684905667343,-1.208713536772137,-1.5495419161934616,-0.8521228846293689,1.1861735099857524,-0.0903718216397222,-0.7044475522314606,0.9158459236726038,0.7869866159117622,-1.28253714554911,-1.1171139244132602,-0.1185298090760036,0.1032706446985343,0.3750901680551486,1.6642919616633112,2.0
-0.0599176917046953,-0.244184931047898,-0.8762991828775788,-0.7189695103018052,-0.5873061347194768,-0.3746756040799219,-0.947686071149536,-1.2381377184399307,-0.1066102846526182,-0.1457464853185626,-0.6192327146074739,-0.3974495767915309,-1.1608214008463131,0.5365407123583275,-0.8693963086342542,-0.3188187427170983,-0.968202865903984,-1.4693940761161224,-0.2916421302171139,-0.2556778179896546,-1.020611884295429,-1.4950127249070266,0.0361448113500495,-1.3205224163327347,-0.8286203825169918,-0.8157992745560136,-1.1062286526158478,-1.2641561704782271,0.275373956068401,0.147417320572595,1.6882076247550142,-0.8762099184845433,-0.2831586073346979,-0.3962552697594987,-0.3128397233811566,-0.9989997182257672,-0.4408125577331288,-0.5183423211395866,-0.1410397266041436,0.3556804879860151,1.0
-0.2386680493301405,0.3426316019226654,-0.6212960483049494,1.0496898494303446,-0.0706234071180449,-0.7475588521881753,-0.1895871955084689,0.2030771551477528,-0.6780474579212235,-1.122610387803893,-0.2788821376960397,-0.5068162247501378,-0.2209475969610879,-0.8002712095801416,-0.2641239423947392,0.984774123341233,-0.2468650154133191,-1.233685373206768,-0.8871650264687316,-1.1828001974439752,-0.5302215405803925,-0.9727871411117652,-0.0877304590495362,-0.9792759209853434,-0.2453426252746973,-0.796088664657641,-1.2052251373672696,-1.309575148060195,-0.707203651526985,0.3509401820459117,2.825037203040612,-1.014158406790787,-0.7335319034835837,-0.8803398308852897,-0.7188822893346165,-1.1281217158164698,-0.6521850818245589,0.1951951782589711,-0.4451169306869906,-0.2106184337722032,1.0
1.66458903673953,4.808455001272577,1.0396476093967015,-0.5437549915163924,0.6923414611077106,9.652240295679364,4.578707167572892,4.8465796333186,0.6727205780702077,0.1423116499307228,4.4630790439163945,3.291404589476432,5.541724147191788,2.579408929118573,0.3005578471347934,1.3773811504690876,-0.0061922137966226,-0.9036599697971894,7.356181738580986,-0.5906286162052039,5.452595268130242,3.2926597463792024,4.3529874859010524,2.0805289106742606,2.652855497825493,0.3436090813685317,1.039900431491693,-0.848082075519851,6.173520658160221,5.261757349623188,-0.2602533349225,-1.024038099331735,3.15194211781094,3.627574913573104,-0.3579500106881181,-0.5268907509306704,-0.7932027898156395,-0.085130553379904,16.19123344169889,19.4897340311558,1.0
-0.1408529575808912,-0.8178614188471713,-1.3847425559902236,-1.2647534564185805,-0.2240522649229004,-0.5773392674613405,-1.3912834625112385,-1.354749962885943,-1.4284189608189863,-1.4650960619536877,-0.5786565760320834,-1.3327411199684258,-0.2180619379021808,-0.4974412355399265,0.2510565500858583,-0.6448079085239922,-1.568021432498271,-1.4275367808652752,-1.146163148886034,-0.1222836570766339,-0.7559816592323529,-0.6219002321138145,-0.0848298174475457,-0.2944665766919718,-0.1694894808879326,-1.1875177435836863,-1.2105304424853602,-1.0410563037233975,-1.1355491777637168,-0.9534648361114572,-0.4284755325234126,-1.3154541595061584,0.5308770976059507,0.9337936927710886,-1.1618684067460163,-1.2636693353385422,-1.3070396848032455,-0.6764042533607051,-0.9479774386573068,-0.3643485846910743,1.0
2.7952451399948464,5.931132883953033,-1.778150675929376,-1.1588422706904873,0.6038339980607406,0.7586884857681246,1.200060122774051,3.801692362543797,-0.0068325722196904,-0.5972536417618142,3.906790190913577,-0.0580708480599776,-1.7073016642528644,-1.0407771304416074,0.0053387805596205,1.8085874460647284,2.5173099606410663,5.747074056789067,-1.8383528591888667,-1.8525733088745715,0.9674760744358286,1.7069281767308482,0.1962702741245556,-0.836251522882272,0.2019694327073278,0.1415987211183424,0.11094452845985,8.543731826728026,-1.8824049938054808,-1.6605252684182636,-0.6868579000021358,-1.149210129251858,4.296209846056499,4.189419235466613,-0.974376545795181,-0.7981231180439927,-0.5479311590732907,0.0409359457432247,1.9028732514930449,2.929705925496662,2.0
0.8811062410494919,2.3650982053340077,-1.1424899255990455,-1.2605417823626563,0.5587884589521548,0.8313798074047161,0.145351696811415,0.5646604593094073,-1.1132026160755142,-1.0699972205984924,-1.4350339474500116,-1.3685107410518822,0.3489853182340061,0.0115623727029952,0.2067580094438925,0.2801483295431572,-0.1640242490719474,0.2143933478837021,0.3632183668569677,-0.4494700901457777,-0.310832825665114,-0.4370159243662748,1.2745223468427929,-1.4246187144134528,0.4319041811687287,0.5576361129388836,-0.0520135422789032,0.5143991888605384,-1.2878073615647885,-1.0689289344621464,0.0847965556888201,-0.7330695092702211,-0.9158328703590302,-0.8959589377962969,-0.8480901513202861,-1.4794186392576334,1.0175447739570282,-0.3320454165284947,-1.015182345297749,-0.9436786062413915,2.0
-0.7160878409566047,-1.5720557736898244,-1.6694444463459746,-1.2851506257268388,-0.4331938285318237,-0.3238374425355035,-0.2556582673219645,0.0820010550440133,-1.3953229304000592,-1.3213126142603429,-0.0032323986003626,-1.387951278534097,-0.0857562697252984,-0.4976362145844528,-0.562225003394726,-0.2892189653662087,0.1356776403584376,-1.129680562112436,-0.4125391217545764,-1.6684071193911625,-0.4749593177956077,-0.2487402770435736,-0.332293144949273,-0.8759952798764403,-0.6854845009584731,-1.5269468044490302,-1.061146323938204,-1.2717540517680468,-1.0494147669625604,-0.7201668034139233,-0.5115228303963653,-0.942245511926438,-1.0987729355540523,-1.1090764378875728,-0.5500726226790524,-1.1546953103339097,0.5479533087620694,-0.5353521645574881,-1.5124172479301454,-1.40417517370412,1.0
-0.5371310028751517,-0.1526913100549585,0.8049720812439309,0.7490167625864013,0.0056197389652723,0.3867224765806965,-0.5536156921845707,-1.086700425959548,-0.6724065676123221,-0.6813032093796232,-0.3532556409666876,-0.0936885770108237,2.2276123203426126,0.1338444608291844,-0.8787622950258118,-0.4314476009624157,3.637380372424452,3.951969869633548,-1.0563910439687878,-0.0463612721168686,-1.324275458630453,-1.014005816580124,-0.8297168463500229,-0.644945361372101,0.4883843236430412,1.5583472337578057,-1.374918445450592,-1.4903511638299745,-0.9157452554657456,-0.441659266913494,-0.6204613428988677,-1.499247828894427,3.4006274377053582,3.3664751394974357,-1.3558178772218912,-1.2270714211788278,-0.9153980796186968,-0.5375128442197576,-0.0195145896948214,0.4059150663809094,1.0
-0.6860379452185574,-0.4816976640316586,-0.7931170656701294,-0.6928687271200378,-0.581822227581057,-0.4446670482629544,-1.0064287493774722,-0.9546421469082906,-1.2414053920996195,-1.2036074187127277,-1.0103173653638544,-0.5798643831084487,3.1101439699404567,1.0117736032900648,-0.5041476582584026,0.2746165121190085,-0.7588393300050544,-1.3144849610999332,-0.3620300976813251,-1.0788698886648975,-1.294013801638238,-1.3929330574464944,-0.8694886675939788,-1.0616190901110285,-0.7149428500612736,0.0815959693610097,-1.084087136450293,-1.4560541386536388,-1.3724984204400157,-1.2884671626424495,-0.6364247053270429,-0.9100517941738456,0.4623256783256426,0.5945054435277464,-0.8766448188720544,-0.5895631712789426,-1.295284055505245,-1.0067924195466265,-1.1181379724333569,-0.5461954236846243,1.0
0.5000278947522547,0.5399095386424304,-1.0723480136852124,-1.4655128393923402,0.5471083110921153,0.3951447465021056,-0.4656327944500527,-1.0098386705326334,-0.0743254029589457,0.1796382875135771,-0.0816191422098575,-1.458012245953624,-0.4751427225796116,-1.2801118264606386,-1.5424561810259,-0.9823806521270142,-0.9867446193291562,-0.8943395045668057,0.280956873750724,-0.3661543648109617,-0.5155167155944209,-0.4164304950625084,0.5936162300543333,-1.431359734499143,-1.1559711030851845,-1.3420848895313635,-0.4971825973606618,-0.2539010585051646,-0.4571500235688908,-0.923106464989762,0.2246879039716245,-0.283539217598415,-0.2732390738652457,-0.2282938757097059,0.0929725578298876,-0.4875357950663583,-0.6346547673654497,-0.1529284832244095,-0.7966653642536907,-1.2026229563745017,2.0
-0.0540988343291353,-1.0368687380761978,0.782827721141361,1.205198986391844,-0.2235069681158186,-0.3810407961468294,2.3788277272650484,2.1004114363094333,0.7893098048292071,0.7514616352034089,-1.1217732940031444,-0.4396835260133525,-0.3438103349423214,-1.1830189583387551,-0.5266476818766899,-0.7012834434519575,3.2315101397380364,0.9836809170894636,-0.0014337042821059,0.0749832039497961,-0.2285394884129914,0.5802564415684524,-0.315024193179906,2.870287183335144,-1.056272321608469,-0.6772942382393419,-0.0576249618271078,0.3621085958333889,-0.2044692810299375,-0.3414363948635479,-0.0795727934643633,0.0343567400621425,3.1947474241111227,3.123748927482886,-0.1541903269032229,-0.4838309514105874,0.712624824599263,-0.0754354063853828,1.8924668538102816,1.9555300256990515,1.0
-0.3475415078007899,-0.7765531413496425,-0.308620438785959,0.1124830981261939,-0.3399054460057003,0.1051812630757127,-0.429176521632995,-0.6102123518489062,-1.0551048374673506,-1.0198356370412252,0.0761554035646767,0.4286691099121702,-0.2852250602906827,-0.5781979753052582,0.0069173990057636,-0.5245188953132693,-0.7516110868369923,-1.2044915361335389,0.4691287663498396,0.7670421561454912,-0.6123715991255532,-1.0681110064441006,0.0770345186880847,-0.7761760291133593,-0.5138934265183703,0.3792630958493923,-0.768862007836443,-1.1903007613264118,1.1356659162620169,0.7394872100339254,-0.4496273905057739,-0.2225409088897429,-1.1180789243390057,-0.9777011449931936,-0.9128317247880596,-1.204094903257931,-0.30712281248113,-0.6631135806015225,-1.2477936258937157,-0.7507728346817428,2.0
0.3258881244995151,0.9676019239884796,-0.9356062403770338,-1.4977284574640748,0.4907043126124413,1.777900894931257,-1.2385696097313486,-1.1809578000785863,-0.8719325930719601,0.2777659584792906,0.2318694892735142,1.5873923321447083,0.24611512736712,-0.2363436789060187,0.0978673251281483,3.248017369586824,11.215940320876008,14.330349269538791,-0.260379593174906,-0.9981467842753,-1.315918570081538,-1.4389799903567415,-0.8822796635619188,0.1211323252027072,-0.4369976974479348,-0.1637845774748485,-0.6448039330712909,-0.2747454993743154,0.376017625071988,-0.4431450485916808,-0.3670390799870615,-0.548447962379742,11.167592474591611,11.28685512655422,-0.4139988081743539,-0.7141248680226924,-0.6936377162394654,-1.076404744272234,1.1358201469687392,8.913574303981308,2.0
-1.5794634754052204,-1.6222369176228506,-0.3622472295918921,-0.7832992569074295,-1.10116096375762,5.443186312336721,-1.6414107335231265,-1.688959499040445,-1.140197062836554,-1.348178857287662,-1.5269845687816892,-1.5075762506058112,-1.639763767110086,-1.618356896494353,-1.5372249797607254,-1.5165010939544026,3.622047256527068,3.197876486147683,0.98575673117079,-0.7092518748067094,-1.5827957696249035,-1.5709379947332125,-1.3305101099813093,-1.0914273413837807,-1.330763075470381,-1.4937361417504889,0.0574779849159883,-1.3286245579213023,-1.2649981412885611,-1.3872722394907195,0.0202486220017181,-0.6005064711272987,-1.638997072994839,-1.6458891930900423,0.8576800547149004,-0.1033966627158067,1.516499665848718,0.7524075191970341,-1.6289968723430253,-1.6203533149286553,1.0
-0.2360349635251273,0.0177137993562781,-0.959652998499763,-0.6719362733893073,0.7213757746401246,0.2868344052885252,-0.3848777537896,0.1019952589247816,-0.979249971008438,-0.7972351288692305,-0.5851770881684981,-0.2697522085074393,0.7317187251641477,-0.2613044177982933,0.4072614723793024,-0.602341632556775,-1.4093977986413393,-1.5695283934916622,-0.6662225302855851,-1.349640036526745,0.4015602656196821,-0.7400131001608465,1.4472942929360677,0.3653592537880068,0.9175043481496984,-0.4282096497190055,-0.4739446310902222,-0.8793137164365845,1.3962872795380656,0.9757845024478676,-0.6942926275456376,-1.2513127386946608,-0.2306093310133339,-0.5986840369810853,-0.5917920781510575,-1.0357993012377524,-0.7900464463550998,0.0103988162715302,-0.932541845158252,-1.052518813224166,2.0
-1.7844392211352818,-1.6537101552144513,-1.433987735738121,-1.5842367440022669,-1.1045411407748658,-1.3460317029902296,-0.7519553733225512,-1.6019107591913084,-1.2035850738583729,-1.1173522806069645,-0.6498387212919972,-0.6770486428322253,1.883043994526063,-0.929889108164288,-1.0892511743857587,-0.8833449608874417,-1.4629602137600113,-1.4479923985543377,-1.399070793371483,-1.556261032284254,-1.719234982512832,-1.742647344058167,0.6094087510123636,0.3159846995508086,0.189841332942457,-0.6570316459635328,-0.3636051865130341,-0.3365849449659341,-0.8924371919499556,-0.3046399393326657,-0.4609996828118334,-1.6581566453616132,-1.25938340895777,-1.3741790259881512,1.1792253686194645,0.7204814147536398,0.1225172281040438,-0.8179942479167299,-1.189195362418487,-1.3223891889489907,2.0
0.2267889454801235,-0.386638472057637,-0.9452508716473424,-0.967394690623968,0.0350823276459455,-0.4357471569794615,-1.3803900955220476,-1.5688298371637743,-0.3028519086021566,-0.5694877162475471,-0.6891272377935205,0.0324597047365711,-0.0839750075554448,-1.063573461989979,0.1506366992534613,0.4302828230382074,-0.235692719658374,-1.1850701221924649,-1.6416505989862211,-0.941661751322732,0.0350034527686893,-1.4129386459750086,-0.3528225848046147,-1.1179069977846945,-0.4276964618577996,-0.6363112045213279,-0.9291776477944436,-0.7211050009449114,-0.4180376846152285,-0.8827162617167756,-0.4844540020645556,-0.6987443126639876,-0.1394507877131432,-0.2289195249159004,-1.070273365217867,-1.2817318247597669,-1.4153230586233427,-0.2284790504297835,-0.7519351640995691,-0.7638002766667453,2.0
-0.6061450004064333,-1.3368245863390271,0.4843145049468536,0.0961336311943865,-0.6681011375830175,-0.1588234237564405,-0.6427636504985843,0.4545284405954248,-1.2087978841575042,-1.525219495032765,-0.63210779053018,-0.6457186968421236,-0.5972962612314872,-1.1863634031858783,-0.1802105233806781,-0.8793735636334543,-0.9674534084400666,-1.247004715144403,-0.4535489707607318,-1.0648847435792788,1.1636527618490895,1.1036259663531889,0.2607129982817535,-0.5353120508444049,0.0621031425189242,-0.3114047673699285,-0.826763535741545,-1.2649954086868636,-1.0206603977221096,-1.1012385765852246,-0.3204609615218032,0.3106215424194181,-0.5867540104849676,-0.3225926180585365,-0.9462721375951264,-1.3006258389724648,-1.2502927579402718,-0.9612259720270422,-1.2941369298968102,-1.1504250718461102,2.0
2.329419883907794,1.0987087031141742,-1.357458644930084,-0.7419834568303512,0.1430318322336452,-0.4136528964489798,2.596007247754879,3.1785220529197167,0.3518132329972192,0.3087522279438084,1.1763567798926502,-0.1991362988798957,1.6027431408200306,0.1634658832613156,-0.3625076149466433,0.405965756274147,3.2229163337300024,2.9070735082944728,-0.8720750617700532,-0.1994739689933298,1.5693930814535977,3.0701229180254908,-0.4141589314827802,0.0783720530935352,0.4880988802205488,-0.4866730915732682,-0.0017845344601767,3.7966492565025,3.447199319618141,0.0171313902276661,-0.4091177476680445,-0.9996321394748008,0.2500569117121429,0.282176704103469,-0.9208118356357912,-1.135661502803402,-1.159770872079421,-0.9927646380376968,-0.5466948037129891,-0.4210682891372936,1.0
-1.7255535436563374,-1.5547985323347269,-0.8446237536600298,-1.356965271011659,-0.3205633513925696,-0.8855370108139478,-0.6238648495022598,-0.8959376552470983,-1.1345890648815793,-1.295389797590471,0.1980656455217682,-0.4577887690710529,0.0658687499361589,-0.5829694811345112,5.4574784432784895,6.236253470223584,0.7878253100488948,0.2113685791610851,0.5873988582676906,0.245207063579401,0.5822446155289285,-0.3002627258416219,-0.5907199507999636,-0.3026004201846137,0.1754345137533723,-0.7876512331702417,-1.312461278870887,-1.330622437664135,-1.2131208105324869,-1.1648347003832873,-0.3657678708395528,0.0301137611988147,2.499828445187162,2.7051500272070896,-1.0788145079239944,-1.4325041202775477,-0.8341263508650689,0.2668584172350612,2.2518018194940748,3.6904664988029614,2.0
0.8057701670343627,1.978811020211628,3.242166407921747,3.0380035182668355,0.675731337491928,1.3295035725132314,0.4290621592812584,0.8531644609323186,-0.986850840190134,-0.9303082761119824,-0.1770609377459049,-1.0079139928284044,-0.7693621727906601,-0.4107842845902998,1.3324313071014728,0.2319502202802392,0.7373079331917944,2.023991071684877,0.2217928891179279,-0.4824129710669909,-0.1775556522150072,-0.45502574540994,-0.1679652180156843,-1.1837792241627734,-0.5174210974820905,-0.514388528366752,-0.4636004659281445,0.4220417945806698,1.8096491289486412,0.0465482062127349,-0.3706426226093313,-1.1729798002801013,4.78381809109773,5.402490161648899,-1.0057493271611373,-1.1164939550541035,0.4612009726605359,0.567162349195276,-0.9068834552530104,0.2068657259710464,1.0
-0.6789786825499116,-0.1454710245922577,-0.8961096808592228,-0.2318846589485343,0.5737789455957039,-0.9606281889162708,-0.464597835526944,-0.3528666567579446,-1.6354699914194328,-1.7314763283337182,-0.4144311069630282,-0.9207501166058818,-0.5665523656544749,-0.4742576034192542,-0.2433046925014137,0.2844204316725327,-0.6400546313814317,-0.606790260514865,-1.2054520687351542,-0.9207441657695608,-0.2678210258506088,0.148426449849973,0.0702352173755715,-0.2781318957497762,-0.4034457136023013,-1.0120733949815042,-0.3543826077216265,1.6402681989570524,-0.0471446722584016,-0.4683230817061674,0.1757834825617079,-0.530613920889774,0.614959594860963,1.5750051649753978,-0.6558515578751614,-1.2467691956877551,0.8570690940175325,0.1991436791973733,-1.0828027220570713,-0.5059614908884336,2.0
-0.8702729309200867,-0.8093687484243262,-0.9451724667348268,-0.9779221795173244,-0.322536651712793,-0.2632880591958182,-0.365117714880284,-0.4113239853865797,1.0493606545575496,1.4700199267193144,-0.5383403628984378,-0.7866843949370592,-0.0102269687438223,-0.4348598951872389,1.0285459728651176,0.4960514651376884,-1.6547230143150895,-1.634221865701809,0.1947284385992698,-0.1290700086436027,-0.0338775960533399,0.355931371168551,0.2941598054534338,-0.5357410640927913,0.0085718460790502,0.0810540036900766,-1.0450298952114367,-1.4043431662818755,-0.3624007827053304,0.4034063190521673,1.368960387867042,-1.0367544130893562,-0.4494284016770171,-0.5619913585631839,-0.3958606272947333,-0.8461465552650766,-0.6467957349649196,-0.4976384742528874,0.5895392243174626,-0.1438162024514024,1.0
-0.4005829931064708,-0.9616439934480128,-1.2481103311730588,-1.17583494125306,0.2313257058998035,1.155521169030575,-0.5358519679981422,-0.9661274015840012,-0.2416367611540164,-0.0359145052187632,-0.8755027127929642,-0.5307758227229802,-0.3327490855274733,-0.3822706430562652,-0.6282928691516565,-0.2169984550941723,-1.3270714602279368,-0.6043540306722344,-1.0372034534290726,-0.9674689728388484,-0.9418901775169032,-0.873111533994587,-0.0038363336513711,-0.7245637559401845,1.3888221866032104,-0.3028966505973938,-0.6050256876709774,-0.9960972165326388,-1.114971652574977,-1.2194569897234888,-0.4258867542707927,-1.4204017790894916,-1.165058396889001,-1.181723299333424,-0.4366773641923571,-0.8297626472034936,-1.1223580941454687,-0.8606490769763084,-0.7955469123075973,-1.1919154160809344,2.0
-1.1674810703962128,-1.1952476237066103,-1.1019890883956862,-1.4433112930040988,0.833665186267782,-0.5095955828861682,-0.4202427923460865,-0.5907883940425451,-1.1444851560795488,-0.8004496741311842,-0.8106031118587955,-0.6610774606835252,-0.7872997594830449,-0.8197765993783528,1.847609768480684,3.4057782214672283,-1.0847560928657474,-0.9407168472804068,-1.0210743690872102,-0.109244775633079,-0.1539871372280248,0.0648911505184104,-0.6491285064089487,-1.21877167851845,-0.3303852887298841,-1.2807511571769756,0.0037186672471531,0.1503864751745647,-0.0877486737601493,-0.1729635589864369,-0.3129850663456515,-0.6643573796733717,0.4151004915995062,0.1151875588299926,-0.5861368763405435,-0.6925549566082108,-0.8601088502866396,-0.9624712150506624,-0.6279053709495925,-0.8300642092253834,1.0
3.217543844655053,9.805514099162774,-0.9944646103728751,-0.7507346519702471,-0.5095337154481578,-0.1755344147112407,-0.3528839063156237,0.8417005014033334,-0.7628641804996223,0.0899821326374423,-0.1151371929548203,-0.5558258990066407,1.6170106217155211,-0.136416123158253,-1.525493893340335,0.1435726645425603,5.180217396219376,5.12938766789204,-0.9068988963397712,0.98318033587912,-0.4887491837770659,-0.1060878354108814,-1.3304014204373102,-1.3740195649505815,-0.7061209682068528,-0.3259815850839507,1.1752023982096356,1.703866756759501,4.395110865722158,1.591280576618809,-0.3332218372432853,-0.3864478509275013,8.3447800440364,7.303812916142698,0.2535048333485719,-0.9018613730203962,3.519440629355902,3.018956296890213,9.65150477208022,9.8871726810729,1.0
10.051600622711105,6.495778525626921,-1.4880354077107925,-1.1070667140349943,1.907497215442005,-0.9181313184496078,-0.3601383916936473,-0.6585513396438705,-1.2713580901439243,-1.4966642977953408,2.153066356574408,1.6169493175035248,7.642321722307646,0.8465851807950808,4.8097935418375135,3.408384062211308,6.5477851158415685,5.162052879436436,3.111212342887264,-0.3801981197745911,-0.5011551510444274,-0.937536522922052,-0.5431419964655517,-1.751741045006761,-0.8398872289457286,0.2823492117046373,0.4937773937197467,6.97463973218866,-0.3003159715481374,-1.0284212912196309,0.240744573758219,-0.3834506965188744,2.091700326177877,4.705304979212821,-1.629035724654644,-1.344530820299637,-1.4219845009872898,-1.5204500153319858,-1.611860108871626,-0.1960769833045099,2.0
0.1114456168648523,0.1066151773039605,-1.2120390558677367,-0.0769625131864724,-0.1454291484749972,0.4283532341259941,-1.5810572111176444,-1.3301691788952288,0.2994764644947798,-0.9742761423734764,-0.2088812337900729,0.0227321345877027,-0.5755937815829189,-0.9025728101739592,1.1754582511752505,0.8431781366365931,-0.5175599379772589,-0.6527303433200236,-0.7439704826510787,-0.8617879256993928,-1.1786387221809167,-1.158376552740486,-0.6541771548539015,-1.4828296866290482,-0.061106194829859,-0.4299878550270257,-1.3083375308362033,-1.48246461079091,-0.9178015390029648,-0.8746845446385856,-0.1305210967237067,-0.5615508179664213,-0.4344859523599611,-0.5124924957909567,-0.2216240844449393,-1.079574335936022,-0.5675271449211099,-0.683694012907802,-0.4265094365959618,0.0807982846048771,2.0
-0.4250041721785376,-0.8554307346040662,-0.5891922807240237,-0.1743291523880645,0.1428060200174332,0.5593007020312717,-1.0297083148117725,-0.992887306534146,-1.1130460474964785,-1.2412486233392026,1.194643712139424,0.2235208545557276,-0.5182578500845967,-0.4251640332499398,-0.8322013814823044,-1.031350290085986,2.5027995573790878,1.113877140100339,0.2993797309915051,-0.2897996232626574,-1.3093810211524235,-1.226775791870738,-0.2305742860228345,-1.0869924681805392,-0.1354548920652396,-0.6448821034511347,0.7514291258617396,0.0415511858816151,0.3286534200759279,-0.3472168942147369,0.0898885311128525,0.1065356188303741,7.6901575081162274,7.470972257253365,0.7545286518305119,2.174203424549788,-0.8289565131900636,-0.9873057513325834,2.5544800099334166,3.2295866817976178,2.0
0.71646653600631,-0.3643898569716457,-0.753706073597975,-1.251211857006499,-1.2066535402299412,-0.6006968059067672,0.1695466433285828,0.0977052696503566,0.0842944761130746,1.2370399545435742,-0.4372775075431874,-0.5494150860666003,0.0325703824824619,-1.3188482869841736,-0.3328107140178851,-0.6633010597683047,0.3192765072227805,0.0568160685797156,-0.2968523990531984,-0.7893738014764127,0.3647019982996053,0.2254859314811446,0.4783403979751437,-1.1488355054822048,0.0449449141139739,-0.5964287966607213,0.4879082309439821,0.7990002407370671,0.346138043924395,-0.0419269118754015,1.1549897479830271,2.4050734072725515,-0.3433334513102388,-0.3451178145839111,2.21080926718839,1.308587404083923,3.3914827079853964,2.7484134321729217,1.442397899182719,0.0540887532770728,2.0
0.373752712876207,0.2766970862931748,-1.8940834872981007,-1.808339721981711,-0.0180016006288941,0.7697747888214659,-1.0685804534928145,-1.5883536955890936,0.2564136145282556,0.2928103690816961,-0.2495321162796444,0.0105948716718322,-0.4956845234763047,-1.287862298906331,2.496701003452382,1.3221363124148675,0.1682685495939457,0.2379423205567663,0.0620356322715185,-1.2177826453360572,-0.8125878367155637,-1.4150512498981875,-0.5685097191137172,-1.406213607673259,-0.9295394486537862,-1.584822552720964,0.0630147573685095,-0.260748038238662,1.817343916109844,-0.4239576166640635,-0.4898330531280193,-0.794992131073784,-0.7028087080020491,-0.5706595951093081,0.6157938569205093,0.6363079320145548,-0.8663012263670047,-0.8109020191905278,-0.3428111484874145,-0.5695449963595136,1.0
-1.2564318942362758,-0.6331208778554829,-0.9835149772195756,-0.9565543289667068,0.2048485763100505,-0.0830854062073953,-0.0904040534605958,-0.5063881174593465,-1.1342113077319236,-1.4426849088464548,0.4846454426531958,-0.0704525726980134,-0.1589788041450122,-0.6014499993530489,-0.2707118153407384,-0.5264769254053698,-1.257299925171857,-1.1781791697301065,-1.0212427736726375,-1.1459723016251735,0.0957842240725144,-0.7577874389339714,-0.5110751445488901,-0.978345863913494,0.0002270205170962,-0.7983070395557266,-0.2699773404288437,-0.8259331773163057,-1.160935440475675,-1.2406401192736398,-0.4306162251173324,-0.3016980224698664,-0.6900338308760019,-0.5571595945845229,-0.917299628324118,-0.5706157667204601,-0.7685073587260884,-1.0889611565956938,-1.1229045536285451,-0.5688502040881471,1.0
-0.2851382934317694,-0.2613977259461921,-0.9195319557824516,-0.9354948323809902,-0.1920097500269513,-0.1199921492110367,0.0140469433978727,-0.7844364190680793,-1.212377306715135,-0.9092290733196569,-0.5404492165395487,-1.2060592923443174,0.0435121776085751,-0.6201893767116355,-0.8477053831864767,-0.7182368386931066,-0.0412180685878302,-0.9388813115797828,-0.649840788681197,-0.7122944514614176,-0.3219248955946256,-0.570590178054549,-0.0296027553155591,-0.1803447686862944,-0.9199603505393256,-0.9609348848166736,-1.015256921043655,-1.1386950388230632,0.3540143803029063,0.24642099426906,-0.5028104729870542,-0.4165340635539842,-0.5771445035950715,-0.7143785107617431,-0.5515289331713973,-1.0933659728362497,-1.2676712552044829,-0.8582825467105613,-0.8046445283718651,-0.9712645906420851,2.0
-0.8088233588767539,-1.2422905688594668,-0.4845016545085165,-0.9055183974204724,-0.1879019325014321,0.8173340470583166,-0.0076901966428901,-1.1386146128578565,-1.039386928868105,-1.0454025350509413,-0.8246391110784477,-0.8089993299500642,-1.0739250205159665,-1.266453263090142,-1.2364277044863776,-1.1572406198370406,0.3956268836542111,0.2794469802161718,-1.1657829008569685,-1.1346692067280209,-0.813111991344448,-0.8908194842782424,-0.7904354918592471,-0.1066979887997607,-0.5738210633600418,-0.5362709921505546,-1.3957971288695374,-0.5090328855488635,-0.5513358807285642,-0.4470378017386873,0.2556834485919972,-1.4516423750790013,-0.9323780217574712,-0.9027641200221233,-1.3935128385402662,-1.1647993877449048,-1.135693177452449,-1.1356649039024695,-1.1466846864054634,-0.8788867642261509,2.0
0.3095264197300711,0.6019611293666975,2.440426001298293,4.646382544632249,-0.1134572259614716,-0.7212789536032478,-0.0251692091897903,-0.0253350633660991,0.2800029516371243,0.5789711158007163,0.2106807378548665,1.2181786312627845,-0.6069014104809631,-0.7835884245422466,-0.1727965450575084,-0.7340492885595098,0.1672561582338643,-0.4663098727770944,-1.1942809085588304,-1.4005869367881247,-0.6621282525225993,-0.1123693404850358,1.0586195330867474,-0.6880561197574049,-0.3828563970302818,-0.63169543846272,-0.9677568172872508,-1.095326013606349,-1.628778228324503,-1.4302817850931724,-0.1061844073207929,-0.746071689363208,-1.3523907152652606,-1.224148707718012,-1.0646984612257782,-1.305465245242646,-0.1286627302840246,-0.5499689762566695,-0.2732281625863688,-0.4818896552314675,2.0
-0.3863749962836378,0.4127734454343845,-0.9025169411877014,-0.7952769337414196,0.2209023197447392,-0.6013478439535827,-0.9039301055978708,-1.009297884017693,-1.150865291509502,-0.94373840611832,-0.5787006382406124,-0.6639272061962709,-0.2272291285298275,-0.328209418510839,-1.0622149979079285,-0.4128385956718565,-0.9630847841412472,-0.6851735430651127,0.0909470822804756,-0.178127119818817,-1.2709420860554104,-1.36115987601968,-0.3502840172376649,-1.426224915137266,-0.2453677582328732,-0.358816509945504,-1.403957220994509,-1.3034240319293624,-0.7686017654917889,-1.1222671507937123,0.1245640360109852,-0.6702221964566148,-0.6990151963021871,-0.7941919765356036,-0.8296052771240525,-1.0997234803162523,-0.5785521885477247,1.3295836283054845,-1.1115848172161968,-1.0296978247534958,1.0
-1.741590545247959,-1.751441572977985,-1.5247854759324144,-1.2137154480419643,-1.585699528693318,-1.4195658133667883,-1.7138930501910274,-1.6373379024715462,-1.2327161163511224,-1.0684398802260988,-1.4504221771894823,-1.6174368061236772,-1.6323223016655724,-1.670151259540751,-0.8962283730744147,0.2759670098679327,2.019904408221149,2.1986717478437177,-0.940510042015,0.3345626345765504,-1.3472397079250056,-1.5304810743124135,-0.8416047257322363,-1.434495623441014,-0.4190874673828233,-1.7079570206153911,-0.6076041308991509,-0.0733303942643206,-1.0537163037159465,-1.3131193004649464,1.641439336514245,0.3058111136829549,0.6793911920028819,1.003691164693875,-1.053688433326654,-0.5009750012431597,-0.2068939784231722,3.395880942459403,-0.2639330921130689,0.7064463740342211,2.0
-0.5647837185702973,-1.2734381189626889,-0.5055021832442637,-0.5163726931228236,-0.6209211335998961,-0.3447271155497518,1.196551031907182,-0.1914421496791192,0.9634671596602402,1.4046239019557332,-0.8635324342171029,-0.2494370692777137,-0.3670412703969643,-0.2522981748674611,-0.4309612957989119,-0.6785070930921835,-0.3746024739223461,-0.2907841318375008,-1.017176498029198,-0.8280710483087557,-0.2522693137428424,0.1190623242788748,-0.8564903979429972,-1.0757252630857796,-0.0204753351856572,-0.7647322291427674,-0.1493917996203633,-0.689800322758936,-0.5216086119056582,-1.0942095615135727,-0.4625643816015747,-0.7163695416260354,-1.112855754686512,-1.2204960168364924,-0.877757769577328,-1.0181011566567353,-0.7119463496826688,-0.6614307534889687,0.5336150459232867,0.129238322354479,1.0
1.5732049745433798,1.8411928799974648,2.412958210390851,4.228894141096026,13.861775915737155,16.87398106670283,6.275510591199392,5.211615413056265,1.913215595029664,7.6055482276962785,-0.305125608716005,0.2942498113183625,0.4087767187992646,0.5150693651369207,1.2611225675299274,0.8554639541327309,1.4564661720300087,1.013531164784979,9.956539865535785,4.648612129886459,3.899858116053249,4.207478559445809,7.584481123980327,-0.0789572360316488,-0.6146362032630774,-0.3089430579906307,1.264556919633466,0.3583339391904805,0.7837300429738949,0.9496546302577492,3.650147673750949,6.928391173261671,9.633472630701544,9.642983661692623,10.296709601911244,5.409297953950018,-0.8336884572032068,-0.805133585374807,-0.4059872148574377,-1.7112149651706254,1.0
1.062456278911366,0.0833844551715681,0.5975800698646361,-1.3047494457061677,-0.4731485771048369,1.7730671845986503,1.188074219028679,1.4128445916489998,-0.6726491350333244,-0.6185417159232207,-0.5413865142987473,4.036442809175584,1.7171307734090968,1.556324312014839,0.6634572575810056,0.2597652360640108,-0.5901875804504244,-0.4683558211784264,-0.6175614907017168,-0.4245244364293179,1.185378852544912,1.0208981672829376,-0.7353192320900703,-0.7725750859345482,0.7132363554446957,0.8755444166894115,-0.4090653132228961,-0.0131584791193013,1.2977766337994794,1.509969501014842,-0.0485349366441507,1.2196804150610685,-0.9270556591290732,-0.9121813210301042,-1.4202154755623695,-1.058746410350944,-0.902578086878278,-0.0505335243616777,-1.1671962931326678,-1.1681466041597173,2.0
-1.127075113793928,-0.9949614585686096,-1.3518240984991514,-1.2791857038481529,-0.7785871702961145,-0.2867787926532541,-0.3128488908937501,-0.0579692833463427,-1.0649020321679787,-1.060573037956105,0.0347302594633869,-0.7730173548371879,0.1622525590611805,0.7482284140722588,0.8298691245990097,-0.0297458165811086,0.733997497228664,-0.8622227829468794,-0.915771801682113,0.2412693066638711,-0.696310195173357,-0.4699140895010902,0.0998831686457539,-0.3340656568470193,-0.0169801136641702,-0.1676371394306031,-1.0637093861361415,-0.9062224933017716,-1.4769861780142388,-0.5094858864426777,-0.0183930969750538,0.6327695180632897,-0.6454717479660328,-0.5785683105217219,-0.9102049269686924,-1.0480503821003455,0.5481604267922635,-1.0959042842996638,-0.8477026746491663,-0.5818228069616649,2.0
0.3335978155642882,-0.6180275065382719,3.1633466750847905,-1.2000578689408747,-0.7169383943033223,-0.5466728074157521,-0.7749619450477132,-0.7559592812243507,0.1036851123317452,0.0110586744768728,-0.817469186368581,0.3375359389460293,-1.3393118292597337,-0.2064318448822688,-0.4123943575472601,1.9149099274675887,-0.0299461691330997,0.0250807862231412,-1.1535497010785785,1.222612061207229,-0.5474573987030324,0.1060818511363801,-0.935799474761609,0.3230457272003204,-0.8812918378685795,-1.0969679737082807,-0.3932948130754949,-0.2351717387122645,0.1539323845771369,1.0442955421272666,0.0814869356070127,-0.6767430997607629,1.81984784946356,3.045061788560675,-0.5421038518057073,-0.5397488464245237,1.160072619505403,1.7252035996760693,-0.5722099543035712,-0.4341433086970583,2.0
12.741352131911336,17.98922619291241,12.095762185928669,11.950608747503493,29.19652995998609,29.854025171708518,14.94579325552629,16.341396976141276,2.673432051214774,4.891111126457724,17.618551716614547,20.760457476071554,7.956874874171923,6.865287616095799,25.328693566608788,24.15675911500532,5.196615372832119,0.8978238135270225,1.8016123099192851,17.41786279180986,27.40679402436817,27.784501055026656,7.296761868351613,15.592989375405246,19.975903546247828,18.19780304387568,5.189785228309486,9.318737241567524,8.54563410425872,9.199654477251851,2.4293918512329284,10.58076553468828,2.1172190209923434,1.4914004300521937,1.119318635041254,-0.4611884519358864,7.092776266446212,14.986724831545729,-0.5949036187289387,1.193484845941093,1.0
4.802145110272485,3.365948705740875,-1.256391880831427,-1.427935091733664,0.0359570320831843,0.5951580509317744,-1.0711622129016032,-0.9649697806197484,-0.8250516336817757,-0.6792992771896573,-1.2274981612592226,-1.2427348549467436,-0.883402655199478,-0.8391672907314294,-0.6806465338352599,-1.1645799319749692,-0.7641352741002732,-1.1294470525090743,-1.15542620227141,-0.7017273457326372,-0.7864820489424802,-0.778993785740004,0.3213577363917879,-0.1496193562970447,-1.2269869474807893,-0.8587769151975078,-1.1876815541996886,-0.8048135987168354,-0.9567165414421548,-1.085343011500436,-0.8435869224323942,-1.1774404824456517,3.8829610356393394,4.1108627263749895,-1.4411883507442778,-1.5750371142530664,-1.232584298825471,-1.0677669306123885,1.6074707318882897,3.402773342877304,1.0
2.483368104897297,4.948771859655623,-1.7204083747314882,-1.618178058403016,1.004432458466824,0.7294101812109592,2.858934048562526,1.625427924790487,-0.5830999821972966,-0.3660251062879931,-0.557377411131609,0.7443756784392739,-0.9809991689676189,-0.5532273923870212,-0.0637184807448987,0.8713756639274073,8.66024739111059,7.760132056845698,-1.4226671509715174,-0.8504473451219106,0.8890141107316709,3.580248957179073,-1.1083282886120502,-0.0743745819830556,-0.0679989404228051,-0.3148337861853689,-1.049687232806756,-0.4768934273200154,1.0535279759506908,-0.0353424190339182,-0.1605812302648099,-1.4882276315670189,8.810522894714692,11.694734595946844,-1.3737912964594898,-1.4374781868107862,0.6592546682735687,-0.0240527835846044,0.073920142331636,3.918833330631225,2.0
0.500698631710335,1.9561192137036807,0.03097670022674,0.5674410682420352,0.0024668419710613,-0.6499051859963485,-0.6193591410962442,-0.474465178299893,-0.7970449975638818,-0.6491129668447146,1.322672908537755,-0.7111771779294616,0.4364465802794903,-0.6831739805085935,1.5392051364630426,2.2590378170272425,0.3751907743551461,0.827204360017153,2.2767171231020606,-0.9329905054785006,0.4434015901979022,0.8051005815821797,-0.9422818182612764,2.6477473540576,0.0350074485208828,-0.8206918020537555,-0.8433821059668398,-0.7585791709401084,-0.6122336376148763,-0.7146537987339352,0.0587761656308742,-0.9652284489385864,4.478757445964158,5.187449525393902,-1.1861359591804916,-1.2418203053857113,-0.1052705846455221,0.6165673864989563,0.9949107911344476,2.4665813513317465,1.0
-1.177934834962696,-0.5165293787547469,-0.9603834437943072,-0.7466478268671084,-0.1706971860934536,-0.3360224338521198,-0.1494087016371938,-0.5046155982790932,-0.4286602458799651,-0.3658583986718815,-0.2860358075331963,-1.1491773755695704,-1.016199359204437,-1.1158688193168445,-0.8507873223311799,-0.5438089067673686,-1.0388476918063356,-0.8373315898788243,-0.6675760447125012,-0.4804646190332717,-0.0055743470296496,-1.0263658394090398,0.8772163796147123,-0.536163715064653,-0.2249838734520941,-0.102618500158695,0.0139430597357281,-0.8736202624428122,-0.527240826115527,-0.9485514834411748,-0.7966925905241236,-1.1836930322827277,-0.4961640107491574,-0.2932754610254888,-0.2583668117676829,-0.2327105473014881,-1.6409082046122885,-1.5487180018850395,-0.7095147552501739,-1.1718396227607737,1.0
1.5383003778664437,-0.5021349024468194,0.1730064967352511,-0.0080063737977171,-0.032754883142068,-0.7150744783139134,-0.3603472580545404,-0.8413044081279177,-1.341730147720051,-1.296741500290495,-0.8865004584435723,-1.3593766260389308,1.421391808410892,-0.593368651418706,-0.0889765836546057,-0.2301392939280724,0.4469774243930953,-0.5765729432080429,-1.4522204697058732,-0.590404575275993,-0.3626680181584252,-1.3343965873683366,-0.2273239444193411,-0.0431447324424589,-0.2059719599665603,-0.6616112567738424,-1.3226777392788882,-1.255171666549543,-0.8212154047832758,-0.9954834481339824,0.4855709989314687,0.9959191190295652,-1.2924746357784362,-1.1799445252031369,-1.468178420591194,-1.6298656957341549,-1.049610565881952,-1.5244395743968604,-1.5020761059131589,-1.5569633934277851,1.0
-1.2097550337820837,-1.2301171386562488,-1.0669741809176398,-0.3883873449451966,0.3573774961999683,-0.1563537244194051,-0.3652248392067982,-1.1545116266052,-1.2540150995914068,-1.3001352614675998,-0.0391091583300746,-0.2439894874102175,-0.5184145017208035,-0.2251171895661876,-0.6068154655508069,-0.3516916231024045,0.6922832695823264,0.3517472246147393,-0.3540534552535184,-0.7265922178272692,-0.9709414780597548,-0.8532625695465841,0.0628011476332819,-0.98076114213203,-0.4172694968256611,-0.240943240070786,-1.090357359763552,-0.9854910175049524,-0.6539113481368468,-0.4442679819503121,-0.9098842033188131,-1.168586097187228,0.0610959637275589,-0.2720301637309399,-1.3431802501038406,-1.4669433883374392,-1.1872457736720423,-1.0742800072486511,-0.0696835386095227,5.942837016719501,1.0
-0.4706443861023022,2.345891176684612,2.242790441647601,5.178721320848204,1.2623035162054403,2.8224631650245726,0.6472589960868596,0.9783613433236936,0.3496992418462055,0.2428195241682988,-0.6096054397005242,0.0998387698991387,6.316460589377064,12.971424409999116,2.88329490947231,2.768144428344163,8.640263481143176,6.118815911867287,-1.416237170671473,0.1604447904511334,-1.0367547567736966,-0.8829520583413242,-0.7560891748121312,-1.1561405088147136,4.414828886339459,8.774774777404167,1.4145759431916227,0.907429130453968,16.20959015360113,14.155100027469697,-0.7574874433937824,-1.1040111031952209,9.098721379174895,9.293642929767383,1.6292142191638035,0.8462631237062412,2.4477985242317803,2.8545049657335437,7.52329601640217,8.628256502949215,2.0
3.2025423465912546,3.776174742284459,-1.4235547998368667,1.2092260456530095,-0.3517648306542238,0.9577547722005776,-1.3061072370161693,-1.3483353651820649,-0.9353072428683662,-1.2897326689858404,0.2055010439539719,-0.7713315375364131,1.9125636221230584,1.0267768908044106,1.1646459578758828,2.895773433976036,0.2995020181769465,-0.6145581421673194,1.1269808239985988,1.2520974460448349,7.737313027271165,-0.5353089062111556,-0.4269255814291504,1.6767974437497717,-0.857651805045891,-0.8034232467801692,-0.4878506358934458,-1.5630380142252804,-0.1572215272615982,-0.9105974603759316,-0.720851789438036,-1.0070825153986858,5.819702694500807,10.382884478216646,-1.464722887977334,-1.478163560998905,0.6407638749921931,1.2351764662700315,16.884029129106274,16.64801919472015,2.0
-0.5616497756874699,-0.5699843896002896,3.712315562158177,0.4978895068450031,-0.7293575580004394,-0.8386493286774614,-0.477566931896638,-0.6210028603470383,-1.4174200269549335,-1.230023328084058,-0.4627980479332727,0.5363949440759477,2.0713209994723183,1.741684897478069,0.6699852498418668,0.1688440740478136,-1.134307616764733,-1.3635306547712365,0.9047787717636772,0.1163174010228176,-0.1401960063758962,-0.2379837872212942,-0.1260680210471547,-1.2415316676838186,-0.2416287528748104,-0.0131913211162975,0.4325291117833387,1.5727291320654082,0.3789076391980051,0.1840417657526027,-0.0960187431041239,-0.9137167224581306,-1.0497964098877255,-1.0736423940677775,-1.1501231567487276,-1.0988124235354673,0.184219575403822,0.4966892448396676,-0.7918554774668154,-0.9610831028562368,1.0
2.610548043787388,-1.4841624696206008,7.022462224185556,5.243591230686109,3.765721058120733,10.098920560108676,-1.4913315299272922,-0.9672641488149027,5.333828794022576,7.214035591165199,2.665494065521328,1.6935222757530672,0.7055240151635656,0.7564339015723447,6.574675031589599,6.630871648769855,5.711770684507076,5.328080792110461,5.843859764721458,5.774873613296794,3.6939553939140737,0.0129636095023943,2.2937194270240653,1.1611688982520336,3.563710469203057,3.10651255233857,0.6337224267496704,3.457456624835652,2.5220210874514404,2.4656622078261377,-0.1901031564036865,2.0691590626039176,5.02229610229425,4.936131188365549,-0.199870807514146,-1.4105858156072757,8.123780064131125,7.559105311442547,4.780393526055943,4.777023386275548,1.0
6.407790297213143,4.2942490503726765,4.160032556790423,5.265723248770369,0.9277414399071232,-0.3928339319626603,-0.4932421305277845,2.256063935115457,0.0100102384161373,0.501654577399973,2.825066640833493,-0.4974016189733081,6.567966506469059,7.822832144850203,5.579357003860615,3.3231753611127104,20.327139570438103,8.009594806521823,6.785316282442247,6.833712058472976,3.989049206184593,3.701510890722188,0.0673752844770319,3.844709703934479,4.397895318352426,9.84301421856731,-0.9369797745637132,-0.1839043545346181,4.986834998613947,4.714063585688459,0.8441983587122128,0.3124138776095373,16.236063931546216,20.3185940558199,-1.233332443884242,-1.1296427308275587,11.819033728311132,8.376474677071624,-0.075556653283606,0.5613094875843574,2.0
-0.1194463555386895,-0.96476807299037,0.1708313327996915,-0.7438848084302694,-1.2523810192680165,0.2357363544623911,-0.0129590865633724,-0.7611352003299325,-1.1017753627948184,-0.8846033924617993,-0.1894259840334293,-0.417969613706147,-0.5198664782274265,-1.1550065035709636,1.240972861021846,-0.8918469264331081,1.116082512310392,1.0400973786511765,-0.9107068338795664,-0.4631104541018693,1.7761547169535827,-0.6681543229572164,0.1396133912672872,-0.4302752162001808,-0.3794252988696578,-0.3341759414735179,-0.7219734795451904,-0.5119997896378647,-0.8402304676517165,-1.2044943613822328,-0.2686349199754425,0.1142386960431145,-0.9020734030616216,-1.012515520582083,-0.6154989470253915,-0.9328147702191928,-1.293792238440533,-1.3957393546200796,-1.0095819653082878,-1.1244809046613096,2.0
-0.674995342079364,-0.91770063844868,0.3028486711420379,0.8335780136830215,0.7324946519940498,-0.2207702571532608,1.4180645968458556,1.1976320420174842,-0.5861358598806645,-0.7232670807406891,-1.4782086823106022,-0.9225255324219264,0.0650838893377003,-1.3542304383494324,-0.6156493979569184,-0.6239837070967025,-0.7224960504104092,-1.1799278905128283,1.0089195186599893,-0.1691620433206391,0.1924049251178621,0.1581663856566804,-0.549295735989384,-0.6631600908609592,-0.7476185857174524,-0.8409107065458006,-0.2627833942470845,-0.3597578698030199,-0.8759126833625945,-1.0019169352284936,-0.724657005382729,-0.5353807613423944,0.9822133232792843,0.744067147694409,0.0061550035230144,-0.0297772234219002,-1.133303753956484,-0.9882354398188578,-0.708276465592184,-0.6116352553688511,1.0
0.4056258783594497,-0.5840768381163604,1.5996476720861406,-0.3038903797524952,-0.1599130404159048,-0.8015956178543426,1.14195945004753,0.7786476165241591,0.0891180321791962,-0.0833177475412356,-0.9742270438806706,-0.7772492258943275,-0.4795289739106421,-1.161567480956602,1.2922829964813234,0.5821625139516238,1.050204525602731,1.0213908906545548,-0.6469759736459055,-0.6990028260601298,0.7982920840229379,2.797512223446176,-0.543114618539883,-0.17398848475626,-0.4236395620124558,-0.2027545239439416,-1.1242700844494322,-1.3522163680087391,-0.2625901320195138,-0.1417507231673127,-0.3010152327863498,-0.8903997498479734,-0.4228531194491371,-0.2549545920552809,-0.6652339629077533,-0.8075960596568876,-0.3274185405399201,-0.8428754775477638,-0.7922554459105537,-0.613230432568852,2.0
-0.5588522173575434,-0.0450090644607685,-1.366284996199716,0.2649035033034836,-0.1690999179350938,0.3411168528546744,-0.4895222949304187,-0.3744382741629457,-1.069774909561734,-0.9033882512304636,-0.7211546843312737,-0.1993222157264855,-1.0236055074909718,1.604935322489033,-0.1742074662829762,-0.2438374344543117,0.1231386579035334,1.4325776247953952,0.1568233092985402,-0.7454035508238932,-0.9602833784868868,-0.1932279320260135,-0.7378499691124243,-0.6692365300093868,-0.840510702814774,2.627887119941329,-1.4742075956269414,-1.5232755105647282,-0.0161045353850903,0.5638186938122725,-0.2395317325339978,-0.4801350415194254,0.4515753954771822,1.581543642848677,-1.315057202541781,-1.398387354211151,0.4306920595076242,1.2499616137803322,-1.1486246474518618,-0.8442789192994091,1.0
2.305075947021817,-0.0084260052000839,-1.6766417677039187,-1.5190968343232711,-0.3067488164790073,-0.0891665384019639,0.3099589764744679,0.9540903889215038,-0.2613528761168155,-0.2473204755459739,-0.0351273392594562,-0.5799965533606577,-1.1043221569334227,-1.1481522342654278,-0.4953407147718747,-1.1316012665945856,1.91191909880932,0.9659809111213112,-1.409275184384922,-1.182643238961466,-0.4071647498758444,-0.4413028495288564,-0.1572391731055766,-1.0393684209163567,-0.3435976905377194,0.1507166559682446,0.6683950479917695,0.5359380925482684,-0.9345450446374324,-0.6327053842269255,-0.224383557822521,-0.6369833796330693,6.246098517181732,7.737582791211803,-0.2850318226362014,-0.9554186518887152,-0.6695265499775287,-0.5378652851505263,1.9071382036160704,3.869123861080272,2.0
0.1503197349823355,0.2594575813931006,-0.9679158080221616,-0.8852844631146675,-0.362836562559258,-0.3777668553350892,-1.4488417082558984,-1.2655072274348689,-0.0211389510135999,-0.0689207763861841,-0.8258428216390721,-0.9102942950619012,1.3645141411744524,0.7898112831164918,-0.495004595829621,-0.2507673388671616,-0.0142566556578085,0.0794364637271236,0.6878442392472337,-0.3536078416879298,-0.7983197288867352,-0.9446647119790166,-0.7374715823688609,0.0191265262986148,0.0556366132511247,-0.2540660450433107,-1.076667941229157,-1.0897825191305883,-0.3931778641723653,-0.4673355229529576,0.1280421919576739,-0.4843805892523947,-0.6298918874274513,-0.5800687993526181,-0.7070247597527759,-0.9571787278190717,-1.508367174666286,-1.092717110789694,-1.2473343357159916,-1.1104653589790678,1.0
-0.4027236957080577,0.7401466958548668,-0.138670848137143,-0.9156619499961672,-0.3068287746072808,-0.7806337874350313,0.758403617030198,0.6256768974582849,-1.3959114889155295,-1.4972897273678072,0.2036630246148774,1.030048465188112,-1.0867382869081366,0.6287122331901656,-0.4001698139614738,-0.2818923269408411,-0.8153850208540345,-0.8589771980799474,-1.1467528747717792,-1.3805030682942592,-0.2775138485317181,-0.0792577603418402,-0.1089146286305822,-0.7586698386250914,-0.9945129881787436,-0.34031205318129,-1.483496290075651,-1.3115264421645467,-0.0493767027801776,-0.300109093252479,-0.0814998494466534,-0.0304627015226781,-1.4574738567850265,-1.190361199371357,-0.7812087672759769,-0.7609730951758626,-1.2523356516177273,-1.356219001143887,-1.3701993196880924,-1.0963708032167452,1.0
-1.296662603147816,-1.244353257897335,-1.021566451490251,-0.9990539988349124,-0.4121368224207531,-0.1119226083875641,-1.2035440220027975,-0.4474168793532138,-1.2890189480848488,-1.2975281137094157,-1.1542053646216526,-1.1898658592467777,-0.3427763122938803,-1.1064520186855895,0.6710863224368335,2.541677313779733,0.4002524942994587,0.1767191362063389,-1.3815799333729373,-1.0002059585025709,-0.640778605920187,-1.0183424591980212,-0.2249665755114236,0.2302688798265757,-0.9942888902922342,-0.6398732882798228,-1.0809094989128325,-0.9071278413861856,0.0704554119907556,0.368935659300408,1.4307264073168362,0.1419174058802981,-1.2653040424282875,-1.264575814626561,-1.535052968382169,-1.6070807693077835,3.001546633533911,1.6805864840561648,-0.8508848754205958,-1.0817944199833829,2.0
-0.8971649939380706,-0.7952998743805839,1.007940020080338,4.115986310668257,2.614525746458556,0.4856195845422846,-0.1123377911046716,0.9696646446120902,-1.027857682523659,-1.1042668919082448,2.0177052333968204,3.373875887012652,2.5471946134390766,8.504244160931504,-0.7657134537310242,-0.955766634167512,4.042724517538271,0.9808938731587084,0.3466673767009376,3.3541585695054077,-0.1824487566494945,-0.8068018532685715,0.7090084305270894,-0.680277122776324,0.7587663120263208,0.5904800713400262,1.3310548448378547,2.0237670865870534,4.2589260922016425,1.0027007863545077,0.0980100258690876,-0.030577281727937,-1.0280834941662624,-0.9206248475459368,-0.2932683961699522,0.4342480120539518,2.138715505339693,3.8007874032687896,-1.255865498012023,-1.3690572652120585,2.0
-1.04610126841936,-0.8773826678117986,-0.7748631796103829,13.377999156756664,-0.4793052937783946,-0.5301038280696213,-1.5110248064489151,-1.4518753900276398,-1.0391832192882349,-0.8179558657601946,-0.4073472538784859,-1.021290147181541,-1.192589131879788,-1.2955546764458603,4.041011506040723,2.550661947571537,2.947414481909276,2.3028413011531885,-1.436407773279226,2.157533527180849,-1.4094714593153208,-1.644481428687575,-0.7070235509936165,-0.9507268600728248,-0.0847943487259219,-1.32797556514101,-0.9442654234087828,0.1019892404240527,-1.3709364782209237,-1.3226000240066231,-0.7219904914839264,-0.961204329895561,-0.521116201484928,-0.4337539478702958,-0.8609592455905815,-0.6562003704586674,5.810526076707337,7.386408195874148,-1.1978044728559405,-0.7537662624939001,1.0
-0.3097326364182624,-0.3310447820120856,-0.8894530788066941,0.12399373133039,-0.0419897331020608,0.4767889881805605,-0.2467368866382933,-0.9730065691930108,-0.2356005544619464,-0.8454661269008383,-0.35739656886805,0.3341449627558845,-1.3036673004326993,-0.5616335173679903,-0.8742600153078808,-1.14445134057926,-1.0112626540967138,-0.6978074055329628,-0.5859385489685565,-0.2694314507375446,-1.2426847869058366,-1.174723713864055,-0.6773412969072647,-1.1623738493788554,-0.6701810947300668,-0.2440624860088678,1.2833070058962504,0.6499249663704862,-0.730340275854104,-0.3915099294850286,0.4396092665629894,-0.7166838139068301,-1.1180760771236302,-1.0295372154165825,-1.315488556830346,-1.4338726724018127,-0.9026836667833926,-0.8934696068592407,-0.5332090571169394,-0.4633851840452236,1.0
-1.2580154438520823,-1.845688829840019,-0.5132342647698698,-0.6382677708355908,-1.2224317737610886,-0.8921320244774025,-1.6684526367357002,-0.6812721010179721,-0.0501691602574525,-0.2174971452414018,-0.7450611590804903,0.9649314483818155,0.9291059889790136,0.1273573441589395,2.441147606847583,0.0902039362494244,1.9251498330040988,0.4691281550050492,0.6282097611215094,0.5835196638911571,0.3724000948872126,-0.8758903342232394,-0.5606436593527429,-1.6219411076626693,-0.3805549476972043,-0.1871485379655468,-0.8033968665222657,-0.9424417452073016,-0.7259110520553085,-0.2968240318787232,28.56900759886155,10.544627074877386,-0.2686083770139222,-0.3550168097864441,-0.3654639728762414,-0.3524106224675347,0.9326447998303968,1.2826822056443694,-0.0946794793218916,-0.0481175811244423,1.0
-1.107102661146048,-1.204039239311778,-1.066605358200183,-1.037320879656784,-0.2355632006484054,0.326566990540909,-1.457457017095125,-1.6142133011244737,-1.2703638278277405,-1.317408310929435,0.6357528349763606,-0.4326863596453507,-0.5102495618955949,-1.2849234939227805,-1.0746406259977157,-0.7075882452090934,-1.4071688731639058,-1.5300458145147124,-1.2205497868119373,-0.7740640884077878,-0.440647817758772,-1.5710566184404804,-0.1744028010451477,-0.8400436411455443,-0.3813494286995897,-0.6937866266914141,-0.9681112396927176,-1.3945851543863452,-0.8428285995416478,-0.7373253340142094,-1.0635217584638283,-1.7067565580654536,-0.835639849853909,-0.9553931801543564,-1.480751900097286,-1.4089992583190578,-0.8712309702909713,-0.6474822258456348,-0.411355031407012,0.0411704640492378,1.0
-0.8027572844121118,-0.9838522790635365,-0.8420492512544269,-0.704677467728922,0.5469304415363294,1.3140300970847232,-1.0633117519093207,-0.6977928531841253,-0.126311385594728,-0.4893588205017747,-0.685639618702917,-0.1249001351587391,-0.9022878090919236,-0.6348494146776105,0.0587102279255531,-1.1088356121349154,-0.9476925703374816,-1.0519271490027913,-0.6327942807195526,-0.7218655225432666,-0.6096755880639129,-0.7118496524111926,-0.4894512541146758,-0.867854749759501,-0.2245147441933284,-0.795509908261498,-1.2468828152286828,-1.2359271826774196,-1.1273541570772552,-1.1303209693558194,-0.2448950760285879,-1.286463920263965,-0.6814659684564499,-0.3411351698890557,-1.327339751721709,-1.5694767685327933,-1.229733690223722,-1.3471165121943065,-1.1758094015497706,-0.9761622688514242,2.0
-0.8494977786073652,-0.597487253924359,-0.5985854907121997,-0.4014239284726133,-0.3481596771373381,-0.6563504972882113,-0.1790519308787463,-0.5456338552199584,-0.7766776699982452,-1.0779916144322423,-0.7836479336446063,-0.3189851402179391,-0.4267419461507913,-0.4549189853699023,-0.1133902689972621,0.365578774399343,-1.046680042867228,-1.38191480303172,-0.4087630741456944,-0.7370568307610381,-1.1471929634508966,0.2799418980253025,-0.6033506663288772,-1.3084523137085275,0.4129263699072072,-0.5488409324063603,-0.8892278065940715,-0.928394993786509,-0.9732701005663804,-0.9274936297397032,-0.2744824110255619,0.2449417875031154,-0.887276309266233,-1.0437572073781478,-1.0380363208841004,-1.252257789469459,-0.4469952742645842,-0.7454032628896132,-0.6394262951814196,-0.2994849433855826,2.0
-0.8723179500814631,-0.8102514625139747,-0.9250239085053122,-0.5792893917162543,-0.0795228997167596,-0.2126705163944726,0.2664558916453994,-0.4311690925549367,-0.3151066930083823,-0.3556066155404469,-0.9914088698097728,-0.70203762398544,0.959323385361018,1.0703722216841722,-0.2239091114415341,-0.8471562001678166,-0.6295837505561366,0.0826827507018799,1.071043095966016,-0.8495539000243593,-0.9367707779567738,-0.661385872946548,-0.4426807122025509,-0.9778639131709848,-0.0196590079904019,0.6776235893081961,-0.5088210556154764,-0.2889318305969999,-1.2350297825611891,-0.4101417945840047,0.415044558429285,-0.1876572386061137,-0.9915980322022224,-0.9303620172280348,-0.5858238640517324,-0.6815177256482201,-0.1110609816375935,-0.3839728621155647,-0.2807748320132335,-0.4672929473283158,2.0
-1.901611169794627,-1.7660929014502478,-1.6737255882462272,-1.238237923306015,-0.8194863222190909,-1.1905182128875351,-1.872604095664923,-1.8867683477484984,-1.6782761519709817,-1.6442691537102463,-1.8494708803912767,-1.687719803261272,-1.9373945193029596,-1.8373640098413284,-0.0845399256235293,0.3740397816884697,-1.3575744743314886,-1.3458108523913697,-1.8053546545583508,-1.3751669243969686,-1.6610139328709714,-1.8019918741354828,-0.3759137390621876,-1.0375577577465156,-1.5464388007644498,-1.3197561851050157,-1.7655388162764138,-1.0983222045753438,-1.8748275152607037,-1.8675664986337053,-0.0761508586947545,-1.6163622451153317,-1.3388580442048572,-1.0453583917290468,-0.4670856206017726,0.1096277918559924,-0.7714164661951286,-0.5371829894699118,-0.6651122568134671,0.0216659746323917,1.0
-0.4761495082966958,-0.4955838280393569,6.422223614678604,10.000552756823044,-0.1207893307416001,-1.153540877036022,-0.438911523498346,0.059944244733824,3.852514515738784,2.239238972287229,-1.1140708019839642,9.476295089384294,-0.5835195831296405,-0.9095764444593016,0.7032331301739077,-0.4148335328874184,2.227101390647853,-1.015366212643315,-0.0213775985080082,0.746607239744971,-0.5243978615170075,-0.9828848628203564,1.0967043540933634,-0.8762772855523386,0.4502879598742018,-0.3926982073227498,0.4100138980928616,0.8885791504295781,-0.9475494266999244,-1.1408448063877823,-0.6997455454950745,-0.9571506637577714,3.8049618011578215,3.987351969064374,-0.317981675298606,-0.2273864829776051,3.443488708320721,0.8680758030786357,1.2279497001269757,2.52401636736104,1.0
2.7401379373127237,-0.8575721649852923,9.94601884657847,10.665259002697685,-0.6385376164287839,-0.381478524437528,1.1464235460504764,0.1142536458513761,-1.2132996279253598,-1.359543845694478,-0.918917478569322,-1.1381316825045558,-0.7478553376736201,-1.2963787645173108,1.2490320942698938,0.0901691390470933,2.13242909968424,4.887722077004316,7.085043722618828,-1.4649689010063611,-0.4476749821818577,-0.3035889479714813,-0.1543321774052395,-1.3632550165957615,-0.9075747082103698,-1.4209414329567236,-1.6991307576196035,-1.576491097593221,-1.1455731589653906,-1.2499146272516886,-0.7579520994821025,0.7020286733760495,-0.1730189595808586,0.6903790677623269,-1.7380551039292993,-1.6343964588990705,0.5384898292032063,-1.074573983746442,-1.4658927727993294,-1.2926636135641971,1.0
-1.0114625766138643,0.9612217172460412,1.0031579907095995,0.8279318061552283,-0.1517915854688136,-0.7845235884642419,3.215651221707258,3.498449511534,-0.870678458878118,-1.0522272138556923,1.111777806327618,0.5782575701604085,-0.4927105745647169,-1.018746603437351,-0.3853906695017444,-0.5397476395712029,-1.063463649243354,-0.8700560820867,-0.4027606716602085,-1.200768491832258,0.7908051098992948,2.729912895316364,-0.5523449900760244,-0.4222444815061799,0.2507941216689549,-0.4471612180367685,-0.9195250242000466,-0.8715337022199621,-0.0948766057826655,1.295189329301964,-0.1363813804956817,-1.0909187795859376,0.2453016245354242,0.3133110504040441,0.0730375324781893,0.8492820467090927,-0.0549361584006629,1.6312761662768305,-1.2113391277123051,-0.3737841842721474,2.0
-0.5856549846894907,-1.0123741719779216,0.0094040824499108,-0.4359181080695897,0.8980545131559374,-0.7507597208929191,0.1593456640271502,-0.7023586175610363,-0.8758952404973588,-0.9939416657253056,-0.6527486138541216,-0.3984848299039991,-0.5418546344789132,-1.0351301094786545,-1.2478097616553403,-0.9794650248388668,-0.635171659302217,-1.2423192690573752,0.0509681474219059,2.058708548653762,0.5491793440625976,-0.699146109323387,-0.6936874169594822,-0.6173472674856693,-0.1606164695163174,-1.1422816579023831,-1.3033787581629028,-1.283272276451267,-1.0630296670420742,-0.8485131020631882,-0.5908468273026775,-1.1466710624517784,-1.0349522882303397,-0.7576056387303183,-1.2660866611763808,-1.5140191165507708,-1.0668089842336503,-0.2020588579989417,-1.2396042929646771,-1.300596511520586,1.0
-0.2523163513133344,-0.8609624531266369,0.6108417134246595,-0.6171908443223408,-0.0858664657802683,-0.6758175061717475,-0.0255570810663039,-0.1941816908370666,-0.5041762300919008,-0.4589285974278696,-0.4147640845984415,-1.1521518248990552,0.8202539025813049,1.9256289613447173,-0.2047448276383807,-0.1124085643404355,-0.5053236785862945,-1.094650017398197,-1.3230978513305558,-0.9972905399615026,-0.2320926732673069,-0.907921747478075,-0.2603207497429745,-0.9382713112501072,0.0749849644165832,-0.955719037287536,-0.1585433342699107,-0.3768067359981293,-0.3048068178132266,-0.812753413820102,0.6123019829657208,-0.3856588248230723,-0.2549902779866131,-0.3448123435075105,-0.4049419123691438,-0.5355467068507389,-0.4069994454222208,-0.5835706940895049,0.7839772286260027,0.5062231824034065,1.0
-1.2997344029038675,-1.650975885787158,-1.0199528009521563,-1.087317940054269,-0.2480510983265471,-0.1377971333120675,-0.4149560748396421,-0.4498923465546474,-1.1916786161828643,-1.2369749051724712,-0.0060806271231248,-0.2167537505678098,-0.4782461904389334,-0.6673186514987153,-0.4643782810333468,-0.5349606749825768,-0.567593097369393,-0.3728438190555518,-0.1031095535444386,-0.5835874508493122,0.4891998387735174,0.1700442548743579,-0.5484785041622979,-1.0954346068221488,0.0959338785908534,-0.2037248994331415,-1.036990238134765,-1.1730884069606908,-0.3738173392951096,0.1166363261477267,-1.3575863831338428,-1.459752212099621,-1.2541239552200856,-1.2738615572052208,-1.1577539502592191,-1.193588162914673,0.5815546030911332,-0.4562932276043114,-1.4167647620706678,-1.458762952639401,1.0
1.3600818424327912,2.045883851488252,-0.5969565859855877,-1.3130378468337955,-0.3311842321839826,-0.0591563966942567,-0.8397968972957539,-0.6946730305146009,-1.0709800876279094,-1.182411202044851,0.0816629608603984,-0.3802665649555479,-0.4502205504766863,-0.1780558179549887,0.9321120025820466,2.0364084703404064,0.9414500463956794,0.2864626853507692,-0.7028711073883551,0.0546926091385788,0.3074227213561054,0.5947472557462667,-0.3305350781564011,-0.6961811736029597,0.2136563008648733,-0.731522703936407,-1.3701522277187637,-1.3589515396641283,-0.3994084139700002,-0.4822062499770894,0.4829015514937209,-0.7683849703844334,-0.703859303800122,0.0228271342540313,-1.3448932446926116,-1.3007236732045624,0.3313163368830181,-0.6012184518515009,-0.969710080135997,-0.5969710012049201,2.0
-0.1156417824840025,0.4389095342772906,-0.7176861948085089,-0.1379413859636766,-1.0283137583142716,0.2328838543499518,-0.1982901637746406,-0.0832879460742668,-0.7123215136531997,-0.8144703110489493,-0.4643165150569457,-0.2631510518619189,1.6207869593905515,2.0792733816765887,1.1964769986738537,0.2386878569333341,-0.1874022401742592,0.9021663294291398,2.5553464664357133,-0.9248199607105708,-0.4543855726356427,-1.3815759134996335,-0.1722615288070743,-1.4366899653762328,-0.7370770897547549,0.4079556866462868,-1.0873098163888686,-1.5837625999431093,-1.53674205090925,-1.6365183987731144,-0.4089435153551202,-1.0508724771552878,-1.04132231563881,-1.0484308928410309,-1.092617537406377,-1.2530701731575982,-0.5657542385561336,-0.4912897905520443,-0.7758350149790596,-0.7050679070374741,1.0
0.1976058280770032,-0.3994130139965985,-1.011776606226185,-0.7971881692389435,0.9108642065439828,-0.6094226152145437,-0.348146199956175,0.3766656373158965,-0.4143405190907181,-0.2274886851623159,-0.6791894987310232,-1.138039916697286,-0.7000993108951779,-0.8541265363634718,-0.9189105164344964,0.3029955048915438,-0.6637045537258164,-0.5140067904122216,-0.921244607668018,-0.4027869494210749,-0.2357287719218694,-0.5675787542684878,0.1993788453641229,-0.5050406643749237,-0.3607821146291838,-0.4891169281529328,-0.5173142097000962,-0.2983684583850916,-0.2139273311190908,-0.5386454972628187,0.0658698896572591,-0.0547584328937085,-0.2574435666346586,-0.1492279651543793,-0.3420909412265054,-0.1266446964697571,0.2153234630452827,0.9616978263950724,-0.2318491457247709,-0.4137424668633982,2.0
-0.2941451363598717,-0.5906789469073859,2.044505285193642,1.224005469860253,-1.276573390948811,-1.2117920760979848,-1.0636628985211625,-1.3555367649521155,0.5088849620872766,0.3213484453863144,-0.5877567034333508,-0.6238327906954844,-1.4560644786698835,-1.5057138385876858,0.4762959307963634,-0.2581786027230608,-0.3357615913776048,-0.5244699469782157,0.094944190690128,-1.0434101872467134,-0.9250225629367286,-1.3551397856043546,-0.3453822955149714,-1.1986949412096313,-0.3767124676528079,-1.2295812941569133,-0.4644109195709589,-0.0708671141767318,-1.4487574286185427,-1.4291545285696117,-0.6789571238762422,-0.7783065872971799,-0.8959548601510727,-0.9981962859768694,0.1219786441869055,0.2631495198863596,0.97573344200288,0.5881237823627288,-0.2185143355252323,-0.1905154813516993,1.0
0.6420762164685421,-1.6540296039285438,3.27919042759123,-1.5506950661035277,-1.6867577501299311,3.243747427687051,-1.4413176843132691,-1.4535768861694731,1.4096494915765536,2.1639975777892837,0.1861463877948468,-0.6818365580704282,0.6860035441932504,-0.8007171809564362,3.1525664766547745,0.1288960175587132,5.507296784162051,3.6440109513351615,1.4418954743261452,-0.2749820512739296,1.1284885034449106,-1.3283469292104315,1.2872706858391425,-1.4322437250849536,2.2034208724756814,2.0726577165069777,-0.410867941521301,0.7371861228380578,0.1019278958572513,1.8740970318433088,-0.2836533299127342,-1.0304490559625068,3.124174679206173,2.9816566934259754,-0.623423169643841,-1.2098863586826545,5.836181504505163,1.7902867089635768,1.8667561553711467,2.045376387901541,1.0
