0.0068626189992882,0.0031378524470297,0.0001040028992315,0.0003321102302542,0.0068093371478403,0.004557766232737,0.154002040167702,0.1346784382193713,0.0045877748422356,0.0040190333699552,0.064713851255828,0.090651525576288,0.0022567691147212,0.0009459784933588,0.0095390070546071,0.0034899419313663,0.0051230714635691,0.0021106212817328,2.2733200762813967e-05,0.0001716776743481,0.0637751383139071,0.1079741269770849,0.0031902357595385,0.0018058791106315,0.0026957369063284,0.001726923423126,0.0014628341439731,0.0008353810198738,0.0016612442876677,0.0009902365704934,0.0063129718089519,0.0030968905793354,0.0004077263751245,0.0014556053723444,0.001288480286527,0.0008522306500825,0.000785671381112,0.0036578261714891,0.0005378757508996,0.0004729757170226,1.0
0.0062305520940103,0.0027448991531593,4.582291272801223e-05,0.0001944111326687,0.0073541980800234,0.0044298973958767,0.15729059937292,0.1358466712061025,0.0036304273251935,0.0032068487735631,0.063363015804828,0.0911658786330004,0.0020008479310492,0.0008829735973985,0.0086960819191192,0.0033292185271813,0.0037464719411976,0.0016484706477476,1.8480448935376666e-05,9.82664030500964e-05,0.0649157718909652,0.1097892506373642,0.0032004938038548,0.0015365022774193,0.002465956883791,0.0015390686209609,0.0011509263635444,0.0008255381815954,0.0013141219959615,0.0008704490454064,0.0051883305894012,0.0023810880973973,0.0005149171122503,0.0015868085506277,0.0012427092920367,0.0008497641999022,0.0007005490239968,0.0027260438717191,0.0008058645014518,0.0005677152979087,1.0
0.0062790158003739,0.003649334109777,6.707186047788344e-05,0.0001483018979295,0.0066614961905647,0.0050340324490181,0.1580822693867329,0.1367878962654921,0.0046351735239289,0.0028937233290914,0.0630898529190393,0.090305358227498,0.002951832444633,0.0011284398387535,0.0093983056891216,0.0040141716490119,0.004358056972208,0.0019080482942714,2.595759827529476e-05,5.380203562069338e-05,0.063143406600732,0.1059662606723909,0.0042885988454652,0.0019740017285781,0.0036037781653811,0.0019952589375241,0.0017271447221562,0.0010002436020535,0.002218787542649,0.0011353476227242,0.0061975827811722,0.0028059088001503,0.0003708943927882,0.0007854659904398,0.0014713708626362,0.0009350366619691,0.0008678549573519,0.0027450243455559,0.0004345680794364,0.0004236796623538,1.0
0.0072648760674392,0.0034687474106099,5.982553035068738e-05,0.0001854335487498,0.0067764569892118,0.0049391391307449,0.15449920715972,0.1346442846866445,0.0048331008474261,0.0028366140652661,0.064173477181076,0.0918520254622248,0.002644395093696,0.001139010254237,0.0088309495721076,0.0035955550535184,0.0041214035085992,0.0019028870419216,2.494504082442566e-05,0.0001012499257663,0.0638189076311233,0.1077563351983756,0.0038928107013756,0.0018745725099304,0.0032682312841075,0.0022154806209486,0.0015023988811969,0.0010080982325599,0.0018609624705432,0.0011543017201346,0.0058806560389371,0.0027448467734939,0.0003662148828716,0.0007762093967695,0.001371578120878,0.000904653512774,0.0005978366450024,0.0030463322620354,0.0004418822644504,0.0002433999949648,1.0
0.00643156284134,0.0036710732089631,6.043517175768823e-05,0.0002019732646684,0.0068125801736875,0.0043401909280308,0.1549886578604739,0.1342468098968596,0.0038138067511627,0.003364866685989,0.0648043675749051,0.0931494841071278,0.0025898581259359,0.0010530850663251,0.0088373376570839,0.002650541166595,0.0043303341593121,0.0016888892159438,2.639402175305066e-05,9.900969518402974e-05,0.0637367093447771,0.1084186232409507,0.0038600875950093,0.0020411680816445,0.0037090950901145,0.0020515062186918,0.0011419547635737,0.0009526538183812,0.0015547666662091,0.0011401981324527,0.0060421458298062,0.0026022563210412,0.0003843472593322,0.000677848851107,0.0012743232205116,0.0008636198518592,0.0005182763690459,0.0018711605699995,0.0004373541475442,0.0002111720295836,1.0
0.0082916171208223,0.0035479344055017,3.312478572007548e-05,9.840838668924776e-05,0.0068403497750099,0.004091962293493,0.155701398387354,0.1351151872054617,0.0038990772540805,0.0035383721423199,0.0617410562517657,0.0922312019955041,0.0025018264436234,0.0012084246416887,0.0100439165045391,0.0032023737722052,0.0056664287613671,0.0022119750872653,1.8844693724391864e-05,5.628845159254536e-05,0.0635550977650399,0.1092732733482628,0.0028489974547812,0.0022885648077859,0.0033578478488721,0.0022475884300408,0.0012938868189366,0.0007648554530609,0.0015842084710997,0.0009419966150863,0.0057819036642264,0.0031309363794001,0.0005544618164882,0.0009835980018618,0.0012890091100615,0.0007660033874988,0.0005715894834555,0.0017501525540567,0.0008356406940687,0.0004223392401361,1.0
0.0091159756915598,0.0039655031217957,7.375835186593176e-05,0.0003709138684282,0.0075285903876761,0.0041400640018529,0.159102262608983,0.1357236449785443,0.0038371060332227,0.004732146370782,0.0635112223154161,0.0945806338048946,0.002274733902731,0.0009835984955037,0.0097837622347606,0.0037910367102524,0.0053598848244686,0.0020631754847976,2.723227458677389e-05,0.0001829476785115,0.0640844088164366,0.1097378015781997,0.0035731517434434,0.0020554509772995,0.0029559125016622,0.001829226204297,0.0017382880041133,0.0007847795647503,0.0020822923688458,0.0009718910876174,0.0061006673078128,0.0028521236819461,0.0005872001379983,0.0020033049410497,0.0016264201904304,0.000947026478302,0.0009820225415859,0.0045773281790245,0.0009975130980173,0.000561374789778,1.0
0.0088199222397781,0.0039219470263419,0.0001920583778231,0.0003710985301789,0.0086359667831007,0.0038029695094796,0.1580893276086629,0.1341068755555878,0.009961264571223,0.0040028628065327,0.0625718659501252,0.0920969736341928,0.0031441345077625,0.0013703845488172,0.009195134388036,0.0030192203006246,0.004712757053889,0.0020818515157418,2.4813801285381326e-05,0.0003191001982403,0.0653022442152867,0.1088866731408905,0.0041969249063026,0.0018280781604297,0.0039990692675902,0.0028245957266871,0.002102983789149,0.0031834504621016,0.0031051778851365,0.0014582173445232,0.0058320620814,0.0026201166527071,0.0022826872940035,0.0063434997460685,0.0023024774401827,0.0008692038593298,0.0009534987196552,0.0035225675786111,0.0059532133308179,0.0025028279550901,2.0
0.0070982843498964,0.0044569058603192,0.0001387720792639,0.0002782601188395,0.0079643019969767,0.0035805388903816,0.1581958867680195,0.1357737207965878,0.0051927685014783,0.0034742266100805,0.0633786113260673,0.092856711685347,0.0031748153503502,0.0010664317479995,0.0086702661443168,0.0033119126522257,0.0045096291775512,0.0017239463801262,2.2841649072153047e-05,9.860895074846192e-05,0.0642673329661524,0.1088572488550727,0.0037350194405421,0.0017230484767283,0.0041562293817005,0.002380352586824,0.0014337697489217,0.001984339995446,0.0019647558167281,0.0011517822972055,0.0056381991693841,0.0024046408715351,0.001345236873427,0.0046072063318088,0.0016155149528842,0.0009491792400068,0.0009481077142501,0.0024363482829416,0.0021976736575775,0.0009457457041068,2.0
0.0075881161755207,0.00428197109459,3.0032195814890093e-05,0.0001220506319665,0.0067332424506922,0.0045666173842705,0.1594193924689991,0.138000384778439,0.0043162039309448,0.0026098763813439,0.0627875719873302,0.0908911541519556,0.0029370587088293,0.0011841273690327,0.0076978161301356,0.0030226625375585,0.0044371201238701,0.001422490295918,1.6749791181703928e-05,5.499543076839946e-05,0.0643630562704522,0.1098062541152316,0.0038863827490467,0.0014287806362608,0.0039579838031102,0.002355055012385,0.0014549399316296,0.0011789515745011,0.0020454092637264,0.0013642855718678,0.0056903930314867,0.0024338045165039,0.0005841246228468,0.001327194216657,0.0012767630462453,0.0008579140469843,0.0004884164423207,0.0020905425031356,0.0008251784939897,0.0007488256126842,1.0
0.0076769696609494,0.004406105216867,3.6075729755357206e-05,0.0001025800272813,0.0066780073093328,0.0038417245108969,0.1571101893288985,0.1356367089039896,0.0032084011798316,0.0017665665528047,0.0618190875022588,0.0920857070278567,0.0026848594802262,0.001138795375495,0.0072340412794571,0.0033124141154105,0.0042875369595741,0.0019043507407431,1.7761885077290106e-05,5.094483097787792e-05,0.0636245270898117,0.1065151064004563,0.0035333463522213,0.0016064124360231,0.0040796789138194,0.0023371296055998,0.0015274149032414,0.0011116392419577,0.0021039974252052,0.0014410607749165,0.0055057083392176,0.0023178916747787,0.0004163923338952,0.0007481778111272,0.0015622182772805,0.0006929754622416,0.0005381745916793,0.001681999703982,0.0004753482485105,0.0002554760867278,1.0
0.0075662272203503,0.0045202556910244,3.257902450948101e-05,9.598233747675904e-05,0.0057221413606214,0.0045317157862083,0.1610572381211178,0.1380567130546413,0.0031424343988641,0.0018112861271883,0.0633673041514335,0.0929576426267133,0.0026084738412196,0.0011129500398936,0.0079256754967751,0.0033420296877184,0.0044624026030796,0.0020931749119824,1.5942742322570547e-05,3.164268096670086e-05,0.0624018982918865,0.1047314534716158,0.002864390363129,0.0016392330281548,0.0039581538117156,0.0023922237806505,0.0016220773077522,0.0010352115825645,0.0022680459935266,0.0012622108732625,0.0052535218696835,0.0023192291141968,0.0004298504862047,0.000776350940365,0.001613920931267,0.0008116853769757,0.0004568915793466,0.0013168819138344,0.0003877596903386,0.0002658387670348,1.0
0.0081921857790288,0.0044799277415629,7.098455443306257e-05,0.000239177373537,0.0071781651246169,0.0034554807113384,0.1600550546864425,0.1376987278779568,0.0050724067416715,0.0038126741896544,0.0621507365837585,0.0932185760333085,0.002990221801354,0.001195772401218,0.0080339688562189,0.003453328644448,0.004978198006595,0.0019034346839911,2.046972044327312e-05,0.0001456869115365,0.0626306653413699,0.1068498728996969,0.0040850571007744,0.0019545409887491,0.004163836161133,0.0025219237633066,0.0014764878348794,0.001603211180184,0.001957417660734,0.0016786283536304,0.0055088624675013,0.0023185560496213,0.0006744081872752,0.0021901809554927,0.0016365558947374,0.0007324249437255,0.0006827044975119,0.0025792339819986,0.0012979254983687,0.0008823932738557,1.0
0.0087312267491805,0.0046089410258391,4.997242527000073e-05,7.309167847746828e-05,0.0077039417313656,0.0049397854359111,0.1571970127627395,0.1358666575394669,0.0035071537805859,0.0028882303482628,0.0633119456253557,0.0934013393499832,0.0026136692514173,0.0012712526380497,0.0078081574761565,0.0031287435988931,0.0046260607497582,0.0019773995166328,1.9952092930197146e-05,6.487756646244151e-05,0.0618904577472415,0.1058494232325679,0.0030442228640859,0.001668394832102,0.0036477705312344,0.0023402249179614,0.001255217756389,0.0012632826096848,0.0017650292270442,0.0014848356776732,0.0053934254193888,0.0023438498057783,0.0005480774686488,0.0015052083184957,0.0015405564181783,0.0007087379826927,0.0006651393102417,0.0016676107062552,0.0007532714233839,0.0004462038375268,2.0
0.0080607234642121,0.0041785738403073,7.728908403212822e-05,0.0001849485081082,0.007312237357134,0.0042122212625217,0.1559976384882987,0.1340544556371638,0.0040265917689581,0.0033215926962927,0.0616548445945309,0.092314831541887,0.0028105290104555,0.001014101879889,0.0086437133183828,0.0030186209011745,0.0046630276705764,0.0019005695226722,2.6725118379193827e-05,0.0001784416343172,0.0626505986765327,0.1055421834715451,0.0034970748190612,0.0016215933300604,0.0040663090605804,0.002389312237134,0.0014667622004038,0.0012696879118877,0.0020272541527924,0.0017530306664483,0.005019857383728,0.0021541195027486,0.0004898256866792,0.0020540386743456,0.0016104066589742,0.0005632655909499,0.0005730164817233,0.0025955548173157,0.0005983047088255,0.000415874494334,1.0
0.0081215688672263,0.0039357251751047,0.0001910555358106,0.0005812926738754,0.0080670682679884,0.0047453767671619,0.1598238007083885,0.1372623277161719,0.0058449882148776,0.0056299815978585,0.0619210860127746,0.0914004985220204,0.0024266256796819,0.0009898379340954,0.0083653784818932,0.0033197142359112,0.0042056281774393,0.001938698425102,6.658515794861755e-05,0.0002857165393261,0.0631985276263086,0.1086439106844186,0.0035039798808796,0.0025673648367043,0.0033252700938433,0.0022042909975868,0.0018372551376737,0.0011673151440381,0.002476778878168,0.0020135343940115,0.0044759097968368,0.0020624142098375,0.0004455140359861,0.0008207908998138,0.0015997450020938,0.0006711777652033,0.002339907140968,0.0080016379265902,0.0006086426658268,0.0005184880647528,2.0
0.0086991095391122,0.003708017096064,4.165943153160741e-05,0.0001294526333783,0.0067121321928985,0.004125249543188,0.1554153890094088,0.1350270912457204,0.00368495829829,0.0021307117876133,0.0603423779472546,0.0896805674610721,0.0026549461386691,0.0011989835903424,0.0094607534629259,0.0027799713366618,0.0039462192677293,0.0018216794672758,2.1054193703840272e-05,0.0001042255945233,0.0632661711866162,0.10749786911975,0.0029045177403195,0.0020026706035175,0.0034385162335155,0.002343057606941,0.0015271821230691,0.0009175152970102,0.0020102718421249,0.0010644804780622,0.0044102327750405,0.0022799264176189,0.0003965149563457,0.0007929440508251,0.0013692287702298,0.0006650638989541,0.0006292071893817,0.0023295986591191,0.0003606895180792,0.0002672307613201,2.0
0.0083221530324281,0.0043690835788881,5.900141533079185e-05,0.0001322363969763,0.0073699536343618,0.0038896682630206,0.1561180997652249,0.1342399941602946,0.0037883768187331,0.0031868787540268,0.0592572771215569,0.08841327279433,0.0026641963242918,0.0012008745239806,0.0083273531568336,0.0033904975367808,0.0040594402295803,0.0017395343002574,2.202610549388371e-05,0.0001247204330641,0.0640642528258867,0.1065481340838959,0.0023542213434826,0.0019689708497703,0.00338097337274,0.0022734634959009,0.0016101140621265,0.0014372378026107,0.0019990582766215,0.0009663772416124,0.0045990282863201,0.0023470986188753,0.0009524574139144,0.0031559373613173,0.0014294548818821,0.0007961123811652,0.0005134204613735,0.0016817285202593,0.0010737758189111,0.0007677382488934,1.0
0.0084402620000546,0.0037229659140564,0.0001234714728183,0.0002869865366718,0.006838398819686,0.0043509435612225,0.1601312101303845,0.1381702498460903,0.0052842227648006,0.0026138176154117,0.060062047661463,0.089130688872013,0.0026820118297854,0.0011915498731369,0.0089727982990957,0.0028229826282732,0.0038135823157584,0.0014385872153002,2.722036661481732e-05,0.0002265203526926,0.063905617217805,0.1085188604046725,0.0027152071275372,0.0018624592410735,0.0033858391510567,0.0021908417274409,0.0014289300274142,0.0013097944859726,0.0017814567994498,0.0011076884635865,0.0047361253065477,0.0020463633254433,0.0015206056123261,0.004596577277197,0.0015132804347974,0.0007921944892867,0.0005925538050955,0.0026024816406163,0.0017247631873971,0.0009558270586751,1.0
0.008020128751793,0.003546596023851,3.150975523785198e-05,0.0001323740631575,0.0063033780983484,0.0046073801189242,0.1577528601944381,0.1363773587888456,0.0035670760882004,0.0023224506761861,0.0622133904763486,0.0909009805245751,0.0024476340490031,0.0011384896003047,0.0078259364098903,0.0033497726133757,0.0031075632367993,0.001335417395265,1.6848059474394314e-05,6.274896944008813e-05,0.0627675255549218,0.108033803187085,0.0026052573216324,0.0013681818954338,0.0032632175370151,0.0021747432798619,0.0016418326898008,0.0010373167787997,0.002238136174925,0.0012276526614834,0.0045227125977979,0.0019660603153589,0.0005516068020733,0.0013654807449626,0.0013859815871629,0.0008039659738447,0.0005607014198634,0.0022396120818904,0.0006319096948162,0.0003836506952755,2.0
0.0082342741315853,0.0034495521340858,0.0001205411327978,0.0003466489253818,0.0071448846108177,0.0042995938913206,0.1595683747051029,0.1366228203221259,0.0045370105734117,0.0036732646643943,0.0611856609674861,0.0901696089932423,0.0024139115363897,0.0010244659622092,0.0082113177200992,0.0035624679989437,0.0033397817567988,0.001435301309631,3.268185077366525e-05,0.0001421843002387,0.0631395257498625,0.1081491541601683,0.002707303604718,0.0017123657484811,0.0038038639125495,0.0023708362157858,0.0013136536759846,0.0012869664327669,0.0018534481102338,0.001513267306797,0.0044014457600654,0.0020175896369556,0.0009467528213768,0.0032989611485801,0.001591623698328,0.0006920578483683,0.0010478542621522,0.0038591557439361,0.0013983811543347,0.0009149979107811,1.0
0.0078500691693658,0.0037881828468681,5.533494097469469e-05,0.0001370598467695,0.0073758936409098,0.0037208917517975,0.1607251882188732,0.1371759806950181,0.0041955500203761,0.0037149073868547,0.0600595834327523,0.0903891490085025,0.0021161201771991,0.0009941729791224,0.0092634367339365,0.0038065653197318,0.0037621710333304,0.0013971394707804,2.520792039979509e-05,8.860696875030424e-05,0.0659947585341566,0.1093428122300645,0.0029706983007088,0.0017587137755393,0.0031367604194989,0.0020259584020688,0.0014385329889624,0.0010321347241431,0.0018516548996416,0.0011614383296144,0.0041880039929146,0.0022179609481023,0.0007877897335619,0.0021760386189554,0.0015388978257047,0.0006292937188748,0.0007688823780336,0.0024577435805779,0.0010611034781602,0.0006623280026636,1.0
0.0075865880634563,0.003752951072507,9.934294321078453e-05,0.0002379004679773,0.0073432887920831,0.0032298683209473,0.1592351315040051,0.1362095010588535,0.0039192727877418,0.0021413808183422,0.061702886975395,0.0919496869996396,0.0025547479999404,0.0010268287537862,0.0088818955169214,0.0035806738624502,0.0040204430581488,0.0016835508745811,3.424546461909659e-05,0.0001177362193911,0.0645172282363959,0.1078978121736429,0.0027814846436351,0.0015616631527603,0.0035341779987524,0.0022154301391357,0.0011035197592415,0.0008303989842373,0.0014595401986472,0.0011459131816826,0.0045688952859473,0.0021174421580766,0.0004036090461868,0.0008623121420043,0.0013982344956285,0.0006632907709211,0.0008164343976375,0.0023374117003728,0.0005688296822615,0.000335950183185,2.0
0.0087287024554768,0.004256574524268,7.734475644672932e-05,0.000286418037053,0.0073336026233318,0.0036291344944842,0.1634812996073974,0.1379456245950872,0.0034092037354508,0.0030449259400158,0.0608029214696574,0.092272183672963,0.0023119288187651,0.0009860773453634,0.0087854048418656,0.0030605793580327,0.0041156897112774,0.0015944396867467,1.8128941031350127e-05,0.0001292377295033,0.0633495145806723,0.1099480715639403,0.0026956119768423,0.0019416163622558,0.0029936098468544,0.0020629797149973,0.0014233269175367,0.0007892333120607,0.0018429913986281,0.0008457131179174,0.0042091301292119,0.0021007347930618,0.0004020930990439,0.0011234382156962,0.0013762563980179,0.0006407137748821,0.000533818627464,0.0023157973411328,0.0003649540313792,0.0003125959029962,1.0
0.0082000012849041,0.0039616741288065,5.390701585277328e-05,0.0002490200913903,0.0062181722162132,0.0037054600922249,0.1650707108857376,0.1388035086448142,0.0045369642588034,0.0030105556608248,0.0605225704850801,0.092575048122233,0.0025659196486245,0.0010624822557048,0.0099331402629226,0.0032733826204482,0.0043105103301199,0.0015385388291775,2.779544991102316e-05,0.0002096281829057,0.0640493042860667,0.110121933983967,0.0026009898967586,0.0018057768394555,0.0032088462028473,0.001980268835452,0.001276516755806,0.0007365234681117,0.0015764562891742,0.0008699840239204,0.0049870767866521,0.0021084649999216,0.000423633276171,0.0010351222594253,0.0012310080908261,0.0007790168521351,0.0008665223935018,0.0033315486802756,0.0006405084040896,0.0004001330363658,1.0
0.0074745466257015,0.0042068490542514,0.0001058932117916,0.0004905484735827,0.0078701405753805,0.0038324054098359,0.165980210910997,0.1388791818413869,0.0044230091769579,0.0033454722008201,0.0601904679551045,0.0947029727970526,0.002273096472056,0.0009791463885672,0.0093948969693757,0.0037564105666923,0.0040457745459567,0.0015609474635961,2.9417725113770877e-05,0.0002265485132222,0.064569000435997,0.1098447474625471,0.0033161390881503,0.0015563512581986,0.0029905123554392,0.0017881125598315,0.0013303604017558,0.00083907448166,0.0016307844919027,0.0010850433901675,0.0045700313408246,0.0019632573235218,0.0006236253430985,0.002011636060744,0.0015145140148298,0.0007212660137557,0.001022794325569,0.0041853523858745,0.0009140833811356,0.0005750594736946,2.0
0.0077287213856317,0.0040933292916198,8.012922872058524e-05,0.0003352890451752,0.0076949326953383,0.0039110199035897,0.1660512208161621,0.1389568873722098,0.0059258231672374,0.0038915725798718,0.0617460490700267,0.0945621263761052,0.001993703597774,0.0009346686729155,0.0097788623642025,0.0039892854620546,0.0040612364580835,0.0013929677722168,2.3028575358736427e-05,0.0001564913136855,0.0657268764689389,0.1101800999004115,0.00325996342456,0.0019376623031877,0.0029411085119997,0.001824116264169,0.0011325164482843,0.0009075410159154,0.0013188080237256,0.0012072641148376,0.0046924203285792,0.0024076210041373,0.0003782712759902,0.0008355429509414,0.0012783144129575,0.0006145058900225,0.0008367799672369,0.0033299202137084,0.0005360411449124,0.0002694636883828,1.0
0.0078468500832802,0.004190969289474,0.000111595179302,0.0002955560114994,0.0074818601884424,0.0056749890589797,0.1684751461580992,0.1405897164268572,0.0073770918625771,0.0038691999505396,0.0616124740836371,0.0944990362378501,0.0023937832352767,0.0008714847067139,0.0092575461381948,0.0036387869305864,0.004718513970051,0.0021198345537217,2.284872559614406e-05,0.0001355125107418,0.065839140672014,0.110305841528002,0.0028259435257739,0.0016225279522711,0.0032942380380174,0.0019764430492457,0.001301249163757,0.001164813398615,0.0014110847264244,0.0013572503885856,0.0057386850481132,0.0027741052890029,0.0012137229291147,0.0028304044967824,0.001347049476213,0.000614743582934,0.000826299995379,0.0034593468644691,0.0012254372534828,0.0005470693114664,1.0
0.0077073290003946,0.0072832028121964,0.0001922347152744,0.0007673251319298,0.0358286013682663,0.0284759912368176,0.1651161738860869,0.1369334481047679,0.0066374401108448,0.0072861395026058,0.0613770283086114,0.0950569558497242,0.0009162329040732,0.0005758345225271,0.0093714689821845,0.0051401384073024,0.0063324766416672,0.002218923141231,7.126048689279596e-05,0.0003422587303196,0.0650251164367392,0.1096995134241817,0.0040550404248268,0.0020638898215306,0.0015079575788102,0.0005230958019116,0.00111495555015,0.001148128875345,0.0009261030634942,0.0016832786538304,0.0071120668069585,0.0031735380283934,0.0004866954677178,0.0022640927233145,0.0014034780757168,0.0005128751636656,0.0027097991186703,0.0094528679837105,0.001484716363513,0.0005309644843369,1.0
0.0077275188434434,0.0039674474298794,0.000134479939044,0.0003610045825655,0.008073822904657,0.0054982992192159,0.1638171407288922,0.1374291471728375,0.0052229242830407,0.0034663942077289,0.0620118533185526,0.093142700264095,0.0018807028227517,0.0008123739295463,0.0093141375438713,0.0036787616611451,0.0051819200667303,0.00187744683712,3.1378776023359325e-05,0.0001864970777766,0.0649547481912878,0.1109190237720373,0.0043255715057804,0.0018058193597469,0.0022082491030754,0.0011211699728877,0.0016242335915736,0.0008680851423607,0.0015882228484668,0.0009380836676266,0.0059674911349717,0.0024787434987656,0.0006104880293098,0.0017583923817812,0.0016601734815328,0.0005778697079753,0.000772180510064,0.0031116899192117,0.0008199041718881,0.0003893674378292,2.0
0.0082532088380342,0.0035317603289339,4.4508625145404194e-05,0.0001683553459427,0.0081891820061545,0.0057848562801311,0.1619849727119567,0.1367226873790001,0.0047284496664681,0.0029037994857104,0.0612747352408189,0.0908698114340041,0.0020259087950733,0.0006311831772838,0.009487944142718,0.0031421078275505,0.004131119364609,0.0013793885502442,2.642678306703754e-05,8.818807127723284e-05,0.0645451881467649,0.1092444671548407,0.0031918005628558,0.0017338044887488,0.0022917147320513,0.0012332537645858,0.0016719215271809,0.0007218876599307,0.0017284383157974,0.0009163229664172,0.0055168464252364,0.0019135263925673,0.0009508544106464,0.0027011406677618,0.001835971918229,0.0005946037384358,0.0008676421587281,0.0030869759583054,0.0011842501099603,0.0007741589371654,1.0
0.0083520313792631,0.0029319919500962,6.070647347411948e-05,0.0002078055165521,0.0058602020497788,0.0040869812687943,0.1641714118051606,0.1386233456949276,0.0049926836615213,0.0026095435258436,0.0595886098977466,0.0906917582829097,0.0016771502975772,0.0006721917708548,0.0085027699784994,0.0029939980840198,0.0033253867977273,0.0015293616478325,2.0105766456663275e-05,0.0001119752125453,0.0665977714125601,0.112186996260936,0.0031325595146033,0.0019590191883658,0.0028967680139928,0.0014474455356414,0.0014404370306767,0.0006761530249243,0.0016446798094075,0.0007676668071338,0.0047209868361365,0.0018292823676471,0.0003369464286814,0.0008881072006342,0.0012021287665751,0.0006596112242768,0.0006796733936683,0.0024327820123586,0.0004487820969005,0.0003083075857783,1.0
0.0077362942147612,0.0031649150087429,0.0001835998464498,0.0008260104209132,0.0068942729731613,0.0056693217561509,0.1683888576133977,0.1423048897988633,0.0029690157216007,0.0093004045734941,0.0618707840020242,0.0927900032803746,0.001313917543333,0.0005626908745355,0.0083352097712713,0.0036558166801404,0.0033605574860125,0.0013853772992308,7.062769257298876e-05,0.0004570418026441,0.0670642482283422,0.1127829839758832,0.0030461489138961,0.0016910593549623,0.0022334330770293,0.0012319206962222,0.0015228791234083,0.0009842833405991,0.0015706133828761,0.0007575950691357,0.0042255261359181,0.001897405974086,0.0013943799941813,0.0012146795635323,0.0010540316778629,0.0006250921404071,0.0013332943367512,0.0043513074872524,0.0030882982890677,0.000743691725805,2.0
0.007528213424633,0.0035113520430767,0.000153092631139,0.0006773855474181,0.0062150303466021,0.0052490620189322,0.1711185829385541,0.1433956213640861,0.0113056928054592,0.0132659662820396,0.0667166175063766,0.1026431709101173,0.0005327834438764,0.0002470536836594,0.0074155294843986,0.0031057384808613,0.0025266242994442,0.0015582799244558,6.238054363050888e-05,0.0003725291042293,0.0687917489442611,0.1165153111092422,0.0025444799367022,0.0028161317456311,0.0005495854116079,0.0002334542739357,0.0010001222295349,0.0010501444987479,0.001462743024236,0.0030250947786197,0.0029744591259925,0.0011491136414318,0.0006688922521443,0.0029827548603605,0.0008255355554767,0.0004287690076025,0.0037167533613599,0.0131788426220805,0.0010785612556761,0.0006765377503531,1.0
0.0070307632377833,0.0030004251204787,9.17993712483737e-05,0.0001879281069884,0.0067513321437236,0.0039282249254263,0.1686945558388441,0.1422875033007052,0.0040915588497373,0.0027790029243442,0.0639598158243168,0.0952139660182599,0.0012649052019006,0.0005229324085353,0.0068131454330059,0.0028701051129892,0.0031708976865933,0.0013143892261667,2.62928626929121e-05,0.0001147133436886,0.0682685774073558,0.1145452450442955,0.0030420741391866,0.0015904242279215,0.0019554335564502,0.0010159980443329,0.0014069638097249,0.0010954893898748,0.0013386491183572,0.0007999094941224,0.0041763152510672,0.0017390654599105,0.0016669356070388,0.0031979939206652,0.0012944438269383,0.0006000002669164,0.0007346605392199,0.0025885705392171,0.002639928306286,0.0012905912237325,2.0
0.0068014186797951,0.0027119636455805,9.222665602491226e-05,0.0002785666485737,0.0072037982673397,0.0044927583273626,0.1722634422813626,0.1428234179631016,0.0100087451755124,0.0039285416606596,0.0611746835499414,0.0942470057108776,0.0013951273587814,0.0005402383619085,0.00707806975906,0.0033719549780151,0.0040938759732461,0.001730385271327,2.590198487754947e-05,0.0001441596021888,0.0667485950016555,0.1131282898753731,0.0035299056659084,0.0020899599237309,0.0021358866588714,0.0011377226203674,0.0015731144094185,0.0014455526815099,0.0013379118117578,0.0007568480578819,0.0050032293384221,0.0023786503316992,0.0011342954417938,0.0043900614572497,0.0011353271835817,0.0006177367934036,0.0009329274763467,0.0032378228093727,0.0020600808129002,0.0013187569288564,2.0
0.0066306851376619,0.0035144780945429,6.380650316318322e-05,0.0001909749450783,0.0063148010932027,0.0047145307699154,0.1689122121536911,0.141190985055894,0.0044477976666052,0.0026763357269513,0.0612128978829813,0.094170955109087,0.0010866878293126,0.0005379622146689,0.0075877695875873,0.0036757377081769,0.0050234975358345,0.0019345436520898,2.5359366100919693e-05,0.0001127809223285,0.0670981159392867,0.1118715261475736,0.0033069764625108,0.0018321985666997,0.0023333070940705,0.0013697493779149,0.0012565852422377,0.0007786487543221,0.0012348332365209,0.0006383054174116,0.0056915212719917,0.0030623195561099,0.000437111992979,0.0009651086016396,0.0010708340582186,0.0006379509067731,0.0006155044948358,0.0019089460783781,0.0004938405376354,0.0003591690829764,1.0
0.0065302690348441,0.0033376450999241,7.680522224516421e-05,0.0002331810817719,0.006188435296602,0.0046242103667638,0.1674102548446847,0.1374050371264414,0.0031981250352459,0.0025916061803995,0.060676009097426,0.0953693409962478,0.0014874372611828,0.0006005017208202,0.0067133424508057,0.0034284586123307,0.0048812608874893,0.001895466608334,2.216244951431633e-05,8.576053818764132e-05,0.0649168612810269,0.1104201361943351,0.0031530760563137,0.0018288851462571,0.0021905876614307,0.0011761141776442,0.0010755287569984,0.0007212093752706,0.0010414782910844,0.0006223268654228,0.0058100983265752,0.0030848308954246,0.0003683665002711,0.0011762886183271,0.001151453106404,0.0006470049460603,0.0006420269081193,0.0020270042617872,0.0003594801271183,0.0002590115145153,2.0
0.0072609269239504,0.0038657453697746,0.0001263579678803,0.0002363213781005,0.0075041684527945,0.004441144132591,0.167428427354018,0.1385598493250702,0.00919037864228,0.0046155690534486,0.0588998832725273,0.0924537605863889,0.0018730579156334,0.0006470845446883,0.0072607764792606,0.0033630933163057,0.0057365770260789,0.0019870548232221,2.5315602604859262e-05,0.0001426578131147,0.0650965326230281,0.1115832291823513,0.0040124312721916,0.002007077540594,0.0021789175588608,0.0011106868721988,0.0020944737065404,0.0029942836927827,0.001799548063752,0.0009637697819259,0.0070033459889553,0.0030760116617119,0.0016317611846308,0.0055514917500449,0.0014516394411016,0.0007143760906799,0.0010617301855706,0.003026462571125,0.0026557140445028,0.0010879002529912,2.0
0.0075952782315165,0.0042385751857428,0.0003466759151356,0.0005895404779863,0.0233121634506633,0.0204658160462964,0.1662851926440494,0.1380286056823413,0.0053789067127658,0.0029098055662477,0.060239015269536,0.0945034815977428,0.0019705355548435,0.0007281188843509,0.0074142976091399,0.0040045681467698,0.0061474291309032,0.0023471782161995,0.0001154366323909,0.0003207308805717,0.063460937182635,0.1083889594714199,0.0040580698610791,0.0021813878151376,0.0022954433691571,0.0013007089985774,0.0017656006694653,0.0013661951149982,0.0018117862999537,0.0013376512414722,0.0074355061894794,0.0036224541183772,0.001398700110441,0.0047897443290919,0.0015407995268663,0.0007882774904938,0.0008857967951829,0.0023589738731529,0.0013406270514699,0.0009131956141203,1.0
0.0089601898565615,0.003903094889345,0.0002677441294082,0.0006542171238152,0.0136263937601327,0.0127323913144239,0.1667121390353184,0.1412737004230549,0.0111827510358088,0.0104145879335898,0.0580637643788852,0.0903299284432559,0.0024015078364603,0.0009755544522,0.0080875744447053,0.0035770243325763,0.0068208697164598,0.0022805050165322,7.985637097328959e-05,0.000482611134585,0.0670834513530099,0.1163849772269614,0.0050289300914642,0.002586014846057,0.0029755413561928,0.0014705442400265,0.0056913081947608,0.0064992733549098,0.0026511674543641,0.0020424846090343,0.0083188990817854,0.0038393558982503,0.0025708076428363,0.0230103268728345,0.0019426007654694,0.0009275359889415,0.0011304709811266,0.002060947938893,0.0062346527532783,0.0034764520286338,1.0
0.0080521127889136,0.003458805533763,0.0002509004452916,0.0007732671150198,0.0225662331261653,0.0217489799291302,0.1692887801893689,0.1391556514538689,0.0139875208969358,0.0119565327564227,0.0604564480004003,0.0931010305181777,0.0017512074022982,0.0006265161217456,0.0080879361570261,0.0037500671560095,0.0063374649566596,0.0019486866155049,8.081117286301158e-05,0.0003814534478476,0.0675110265559055,0.1149517002715266,0.0050445339672511,0.0031087698740765,0.0020980395438979,0.0009214223757364,0.0021337295667835,0.0028263364817853,0.001895144466619,0.0021753655696666,0.0072140635321309,0.0030053456272617,0.0014481213678811,0.0036953804203115,0.0018230197978981,0.0007848875314596,0.0027669551706465,0.009421059266772,0.0016330882636342,0.0009030805585332,2.0
0.0067297317372975,0.0033174419497347,0.0001163839868442,0.0002636305965255,0.0089342591422778,0.0041472641038877,0.1684934741835897,0.1416681116642102,0.0142621814982802,0.0060192602296852,0.0583574107578529,0.0893403931237598,0.0013987590765684,0.0005566991545981,0.0076390380948243,0.0037887940943038,0.0043651560961404,0.0018448537332082,5.421791254268744e-05,0.0001631659082221,0.0674794012737515,0.1129369457349935,0.0027368137285062,0.0018160622772938,0.0016132186120672,0.0008444479339043,0.0020319412593674,0.0050695944234945,0.0012647100617703,0.0023197761573687,0.0049730352424588,0.0022311588482357,0.0009971017385734,0.0044116118787475,0.0011822661081598,0.0006767761883722,0.0006581498417126,0.002922171010008,0.0017896867866231,0.0005408723306774,2.0
0.00792302001836,0.0028169374981277,3.819591799871855e-05,0.000170156443854,0.0076918211041604,0.004294828463071,0.1699801468218215,0.143077827952554,0.0053101940709428,0.0023172287932347,0.0598587114485324,0.0909774254576842,0.0016464284628611,0.0006100766573544,0.0079033032613353,0.0043984042984955,0.004339029352218,0.0018125956382689,1.8069222160231705e-05,0.0001026224901507,0.068334148701048,0.1140373345593483,0.0034803962254167,0.0015220672797255,0.0016666610592475,0.0009708955880921,0.0014322134396446,0.0007419742989353,0.0013990807145455,0.0006283707306824,0.0053540896665823,0.0026505753648344,0.0006020611548931,0.0013249096112281,0.0016017775439693,0.0007381124160336,0.0005835669275688,0.0019729802766618,0.0007712070132654,0.0005199115880886,1.0
0.0064931019039961,0.0030133645283223,0.0001558702533523,0.0003815842487785,0.0064656990438799,0.0045364327548293,0.1699885336470553,0.1402395752728898,0.005660949841583,0.0042369994463306,0.0630951949099641,0.0947525487462018,0.0017137701115381,0.0007387495923294,0.0080790752344734,0.003229022830649,0.0040707400265666,0.0017768920238316,2.9002437830844264e-05,0.0001733557323534,0.0645894837784183,0.1102867420670315,0.003010915731733,0.0013125183658105,0.0022154352735906,0.0012491207219453,0.0012092374035131,0.0010941537700304,0.0012880534194549,0.0012547361341101,0.0057179325879411,0.0027263705445124,0.0007560184956348,0.0033637763933855,0.0014554782072476,0.0007487689294216,0.0010775528486634,0.0036332510547493,0.0010486367803072,0.0007009452182326,2.0
0.0065831250026545,0.0040293342982259,7.451861812026333e-05,0.0002335145881177,0.0072708311046985,0.0072957660652583,0.1714617883088612,0.1432058100861259,0.0059317058602191,0.0028597641575152,0.0604349749779817,0.0918583525241808,0.001963303645994,0.0007426474002077,0.0064166908461294,0.0029160826389256,0.0053957913322293,0.0021581234195492,2.8512218023183245e-05,0.0001511813552563,0.0648696966836009,0.1143912205941911,0.0038667054838667,0.0019179716436772,0.0029966349211395,0.001616714435049,0.0014183517113257,0.0010890392871307,0.0016248531537101,0.0012025609727703,0.0064298802936407,0.0028496973022523,0.0006312952355615,0.0020640832255601,0.0013012638196679,0.0005791417582263,0.0006272420358427,0.0026103045653221,0.0004729235384538,0.0003116342714543,1.0
0.0057182287086692,0.0040437972413928,0.000109678387708,0.0002201177487086,0.012510994518073,0.0135385110183549,0.1761851703561255,0.145902941712419,0.0069423976321317,0.0060637546820528,0.0596631333384543,0.0919086779748953,0.0021650457726736,0.0008420932326848,0.0055794345473255,0.0026344586002589,0.0056520276412846,0.0022269465522856,3.0385458215395756e-05,0.0001561605627187,0.0661646781219855,0.1164596920624325,0.0043376061322683,0.0018771284976696,0.0033692127703059,0.0017541369788968,0.0011859719344344,0.0013408876233691,0.0014513150200775,0.001437352371019,0.0071023924104751,0.0035640254337971,0.0006464785156492,0.0019367812511176,0.001245092025213,0.0007550432662181,0.0008122982240117,0.0026069024375296,0.001205163046029,0.0008832637143513,1.0
0.006983685872646,0.003429175696069,5.46022905754301e-05,0.000131456137974,0.0177405812945767,0.0197751865587371,0.1706280582167188,0.1420835681378613,0.005201809491973,0.0033936652484408,0.0609190476099953,0.0903225035980441,0.0017987009705873,0.0007331738565899,0.0062864714827759,0.0027728860992887,0.0055528414972015,0.0025112833810212,2.9269824195022243e-05,9.546624997076992e-05,0.0651439305388539,0.1130478633840449,0.0040298136983037,0.0020303121379872,0.0026297947820814,0.0013730498675799,0.0015686508585667,0.0012977044031465,0.0016916610806591,0.0012729446154662,0.0068770552299901,0.0032313551016617,0.0004833826851851,0.0013476627165156,0.0016305410263201,0.000535531077395,0.0004779706229669,0.0016473317985571,0.0005051912036363,0.0003106798312992,2.0
0.0066455825714519,0.0037477763939534,3.7858292007643023e-05,0.0001637686469458,0.0193207813484584,0.0208827792056585,0.1705255525754204,0.1411071621575621,0.0047756598604167,0.0032786559426578,0.0607184176228225,0.092230308887714,0.0021857675526814,0.0008644333798756,0.0061850933253381,0.0030112881403178,0.0057263016053345,0.0022877990284149,2.005120738667423e-05,0.0001017859500945,0.0676332082160317,0.1155456429030442,0.0046684001684277,0.0021622198582868,0.0029460384141568,0.0016246868168732,0.0016393642028703,0.0009119445639811,0.0018336060182242,0.0009212411649952,0.0071157305431734,0.0035641296043658,0.0003399987691819,0.0008566456083718,0.0014991514618312,0.0006848560945715,0.0004742432699443,0.0020492395546887,0.0004229574447421,0.0002023608123434,2.0
0.0071807158578548,0.0042356796326956,0.0002180389884503,0.0007344485611427,0.026211620980247,0.0237519799554512,0.1705502325268135,0.1415839874785631,0.0117951159740693,0.0111220051489919,0.059775073709444,0.0944032478215061,0.0024612132188322,0.0010077551047376,0.0072619620425237,0.0043046601135623,0.006422341206176,0.0020901358945368,4.000254974004044e-05,0.0003517689909388,0.0665899948827657,0.1145340042335234,0.0042325365396143,0.0020617048716255,0.0031139783533671,0.0016923213746959,0.0028899130486616,0.0016676048228958,0.0024072935858783,0.0015883357748722,0.0076442473195618,0.0039805740177855,0.003782041143706,0.0071563005514688,0.0013154949302375,0.0008074766182496,0.0012268122784001,0.0047754242708112,0.0045128218113209,0.0034135956746951,2.0
0.007312661760504,0.0042540213577268,8.999054411870627e-05,0.0003988535672639,0.0194547502120502,0.0205024048043188,0.1666704155440851,0.1402614086173576,0.0052297559049447,0.0051146870548463,0.0593532642552941,0.0929566265756702,0.0028402353425972,0.0008706172708125,0.0071122392635357,0.0036767465711778,0.0065811477310912,0.0025023187967285,3.442004493594094e-05,0.0002176696475737,0.0663129492279543,0.1109873774962619,0.0038620779836664,0.0018383812815969,0.0030208991904767,0.0017206904749713,0.0017580180714851,0.0012845433157813,0.0019718766779704,0.0012283647212395,0.009059074180654,0.0047999965621087,0.001621581721509,0.0038401463838812,0.0018932458018176,0.0008118131696763,0.0007726327712357,0.001875233301382,0.0017581720758784,0.0014780292082122,2.0
0.0063615403668642,0.0037708398930891,8.834067732852653e-05,0.0002278920267197,0.0064156699543896,0.0047798660618403,0.1713204417314535,0.1441560842072618,0.0055051086833128,0.0036940594104696,0.0574142905903309,0.0910673040008226,0.0030445224962568,0.0009573469557251,0.006685185730273,0.0035092617443021,0.0058624584633931,0.0020198667123054,2.2237284187735445e-05,8.748625052880325e-05,0.0680907112256685,0.1140293438836809,0.0033101709874832,0.0019298314671367,0.0032272840620332,0.0019849685977349,0.0012175131756856,0.0011504597057525,0.0016047351282904,0.0012238877596836,0.00850638262936,0.0046740715800281,0.0006112258395547,0.0027043941426181,0.0016356495808655,0.0007647195442928,0.0007167108163474,0.0021350522584656,0.0007224399002785,0.0006186094599515,2.0
0.006591588392674,0.0033373135234138,3.726979650496473e-05,0.0001806340566967,0.0081133090578111,0.0087556767676766,0.1664886855243804,0.1389986574015717,0.0056433001072338,0.0030690676332823,0.060501397237632,0.0930486027107747,0.0031205964052005,0.0011518771232173,0.007562356988495,0.0027665758185319,0.006832867848264,0.0026409835576115,2.753195748811697e-05,8.942140357083353e-05,0.0643139793226596,0.1091484293875015,0.0042375476416447,0.0019763786888847,0.0037782761174487,0.0021553388275387,0.0022644886541805,0.0012159370765869,0.0028934948688427,0.0015235227381961,0.0091087720706927,0.0041289581834722,0.0004270074263008,0.0013036982722756,0.0017897001756075,0.0007014370026178,0.0003777391045366,0.0015291726478443,0.0006497039671156,0.0004919084573471,1.0
0.0061677998304603,0.00318694493248,5.641043130339435e-05,0.0001557335530746,0.0179822981049442,0.0204600791582312,0.17443767453943,0.1437777814962698,0.006031555981255,0.0040191779706382,0.0600558047608205,0.0928901671008005,0.0039486276791885,0.0010758106462319,0.0063572608788087,0.002646978324799,0.0078736359375657,0.0032950505241772,2.3466240230218505e-05,9.238032653681882e-05,0.0670083790502964,0.1141829810356087,0.004618662909203,0.0025522965310068,0.0040823007434875,0.0022292391754903,0.0019923685847816,0.0009074579658038,0.0026369598706782,0.0010714040351546,0.0093285439301763,0.0043769766593525,0.0004108020884817,0.0011384352419712,0.0017064500418358,0.0006955402728218,0.0005749107063029,0.0018393375917143,0.0004947260619833,0.000343603425319,2.0
0.0066705440147071,0.0034984862350881,5.073808124970259e-05,0.0002056412815698,0.0326697270246376,0.0338113564359521,0.1736551396712835,0.1438892664330445,0.006502525193616,0.0045184163637899,0.0601770694116876,0.0924815231462473,0.0041044760703732,0.0013182713853927,0.0059680411163622,0.0032022774365987,0.00774254691772,0.0026229944418119,2.15388152117456e-05,0.0001172260220406,0.0660279882800986,0.1142348029458931,0.0058370795366145,0.0023603980542407,0.0040441909131865,0.0023429887668437,0.0022436376397591,0.0007382687503977,0.0030956080889207,0.0009263734546016,0.0094987560039837,0.0041683601487218,0.0005344224865425,0.0012260240469145,0.0021950671394964,0.0008152571231772,0.0005136103792144,0.0025398529891349,0.000516176781233,0.0002911298583149,2.0
0.0077418158477707,0.0034425755945324,0.0001042647263966,0.0001888363869799,0.0287571502453279,0.0317967232100758,0.172719350827436,0.1430674205008671,0.0082208685028953,0.0060410165176608,0.0599720503171466,0.092119554256523,0.003592987906207,0.0013067633963868,0.0074960308465528,0.0039193478928565,0.0077525736433207,0.0024225624068766,3.1747584785399554e-05,8.494260259030621e-05,0.0657916356144122,0.1126366970311303,0.0054098132865694,0.0023503831497244,0.0040054972368381,0.0022551896048046,0.0026224483130086,0.0009755370193629,0.0033391628955632,0.001000276332108,0.0087799985831062,0.0038526510527909,0.0009772341186337,0.0013304041936843,0.0021753262103767,0.0008365658491348,0.0006898871805026,0.0021927521373299,0.001063306684627,0.0010184733935421,1.0
0.0068166471420092,0.0037027356133737,3.5802650445069496e-05,0.0001473108972326,0.0357684612302594,0.0346499769309185,0.1721457493913113,0.1436010539056676,0.0076920601314462,0.0054802810765848,0.0610070438633052,0.0925763041731805,0.004034091039723,0.0014585026185065,0.007469298570674,0.0052569026251998,0.0071248926450818,0.0024626821183268,2.0957708669509383e-05,9.426837891549798e-05,0.0665747782897689,0.1142094899941564,0.0062989135999766,0.0023755283300183,0.0043466748594404,0.0024013811009101,0.0024433583780549,0.0007902789039936,0.0032841703208097,0.0010431864783156,0.0092040480404348,0.0038762043967737,0.0004992223543907,0.0006866028316551,0.0021494678705054,0.0009152570078088,0.0006526602974297,0.0021983864615262,0.0005608813630288,0.0002936680070531,1.0
0.0084417501571219,0.003782179357122,6.362936202660174e-05,0.0002118411998286,0.0443753679940574,0.0385612479990364,0.1752670041685257,0.1460301961006126,0.0077186150545129,0.0046218401915632,0.0610976522063403,0.0917669626479995,0.003428030737454,0.0010850388968235,0.0083003312115158,0.0045602885641233,0.0079303599606877,0.0029157864059204,2.842441672354372e-05,0.0001116633051416,0.067672768015788,0.114195492565414,0.0064573560580097,0.0021960832319807,0.0040036072971006,0.0022187394702132,0.0023024270504646,0.0008729013262015,0.0030893930209622,0.0009903076793971,0.0090124047679236,0.004012609165513,0.0005948514430684,0.0010018921810021,0.0024440898534675,0.0008841676570865,0.0005766836293733,0.0020185488088166,0.0006361804809704,0.0003360836745507,1.0
0.0087596558296375,0.0161962203055368,0.0002858228184464,0.0008922331823555,0.0448793660242897,0.0383148190494387,0.169257306040278,0.1401464682487571,0.1012409491928808,0.0780528267681447,0.0567390715411141,0.0883598435480233,0.0041024758643253,0.0017122742587535,0.0078680821825441,0.0136424111351289,0.0054310008707764,0.002202990427966,0.0001432399091143,0.0005938001333484,0.0644302723185657,0.1072030758856186,0.0051418716740782,0.0047581427894604,0.0044239484714525,0.0032286433444882,0.002789189053315,0.0015188658840367,0.0034781928292329,0.0024751382819238,0.0078739326961988,0.0047871454031121,0.0012073089254088,0.0054595246558505,0.0026493392817831,0.0015700330913061,0.0029947681210113,0.0101422185775522,0.0017792231660559,0.0011590813581047,1.0
0.0092340811852989,0.0159826476463042,0.0001746298966361,0.0003087910884443,0.0478820890116034,0.0382894169232077,0.1604670246297174,0.136667000455285,0.0184587354986201,0.0111538474417375,0.0557162144388238,0.0853262424849956,0.004488706240718,0.0017487005399771,0.0098365264537525,0.0140675626675294,0.0063527804648373,0.0022908129642125,0.000109147276661,0.0003861680735228,0.0636328991853901,0.1068609119695593,0.0056439998640458,0.0020796049850686,0.0056196834057896,0.0037671008951664,0.0024642632419156,0.0028295239916731,0.0038485897126477,0.0024143473786073,0.0088035134274183,0.0041303385974265,0.0009609673206656,0.0079769459887703,0.0021892920401843,0.0011106712629406,0.0021263848375487,0.0064195724772664,0.0024068282959475,0.0018984329565636,1.0
0.0091466942068868,0.0140477793727087,6.710555012619377e-05,8.44570285814168e-05,0.0455100927419129,0.0391250660882352,0.150212032880523,0.1312811775808511,0.0064155689923267,0.0046854644485056,0.0574402451057653,0.0859966637829492,0.0058822957555355,0.0021633034813809,0.0075412779722586,0.0142835631225973,0.0071398021849693,0.0024629696548235,3.7028442878110255e-05,7.467112141638255e-05,0.0634978557583544,0.1077864540188682,0.0061663439803809,0.002225737163208,0.0070488433063859,0.0036885000990773,0.0023276501687276,0.0008511393581566,0.0039403187525403,0.0014168002767945,0.009101564717442,0.0043467078470005,0.0010723617799643,0.0030132829975777,0.0026377176919743,0.0008824089106108,0.0004797748545958,0.0017706584685305,0.0006332958869403,0.0005153150749137,1.0
0.0102162630328313,0.0161377911366275,5.416457261086187e-05,0.0002376470338046,0.0485728841486221,0.0413950433380524,0.1589906117315201,0.1389522684335236,0.0074377061294055,0.0055915442541732,0.0581937192771731,0.0855876590983485,0.0051995089039009,0.0021207559227767,0.0077835054181294,0.0165334233030707,0.0079466111291142,0.0031138937637258,2.0783191023870703e-05,9.689452336159728e-05,0.0622853476718943,0.107924069368136,0.0064931309862296,0.0024642879020326,0.0062443125205151,0.0031783615366222,0.0023546313297581,0.0010104812165177,0.0038291378049285,0.0015892881602915,0.0091965483047175,0.0045259380535334,0.0006160951539826,0.0018924545105367,0.0022895041894167,0.0010838654067135,0.00050969193022,0.0020498619596536,0.0005792364082262,0.0004262893017716,2.0
0.0098598934422027,0.0165770449764827,8.943154128834038e-05,0.0001944369343764,0.0496613288001509,0.0408216673138646,0.1598343233479142,0.1368709358225187,0.0078200493649746,0.0055951561356278,0.0579923292354293,0.0872208667892973,0.005244332280594,0.0016502717286196,0.0071531468985068,0.0169746339566388,0.0079501421491742,0.0027279743504656,3.8312961117696e-05,0.0001321034938455,0.06467274527703,0.1096046918953791,0.0065524215804418,0.0020691396935236,0.006329194169001,0.0033428727792842,0.0022802481048071,0.0010092384979796,0.0036232574947834,0.0014029945575256,0.0094677848279294,0.004175640064235,0.0005023349071306,0.0010547856088752,0.0019269484841381,0.0010552220936206,0.0010009761773919,0.002943869807933,0.0006083387290657,0.0002826981360114,1.0
0.0097238403444818,0.016076898950861,0.0002278449680195,0.0007120090322561,0.0464599736020934,0.0400540975608621,0.1568160458220959,0.1339564364816056,0.0069023425653198,0.0082240974810096,0.0601357694415835,0.0898851884806896,0.0049920174045478,0.0016847800286022,0.0082825017557431,0.0158477986358279,0.0079640079244947,0.003405230242413,6.451559216195839e-05,0.0004792946588807,0.0638249297886406,0.1091425549208631,0.0061542762008037,0.0017972167096942,0.0061892844982512,0.0034599219373893,0.0022441151112253,0.0013970298652795,0.0031341456447921,0.001337208183029,0.0098096076459404,0.0042932876281114,0.0033463355679769,0.0093010268660294,0.0021676461427364,0.0009228397784412,0.0006711913257935,0.0031340406771225,0.0036757329362968,0.0028047822384352,1.0
0.0092201537201531,0.015494562690537,2.431184903996845e-05,0.0001115622274017,0.0487588365460467,0.0387096632301498,0.1622022481543257,0.1390907509204769,0.0075679487417919,0.0098048783281652,0.0602357042074044,0.0907650341001273,0.0041718123697632,0.0016006339756392,0.0082656905831137,0.0145596477986529,0.008170771434358,0.0031350976542518,2.1456693823954266e-05,5.053648228428946e-05,0.0632778192057886,0.1086335239389282,0.0061293746859696,0.0035881642992442,0.0059446376724751,0.0025712727413024,0.0021524626361579,0.0015832416236935,0.0031494772743653,0.0021987670843158,0.0105734402074801,0.0046212554135529,0.0004715800536968,0.0009986540021703,0.0016658212984753,0.0007375623208409,0.000395113760621,0.0011674779498317,0.0004354622248046,0.0003030454340124,1.0
0.0105506993222686,0.0156147145369405,5.307100668105475e-05,0.0001655422835409,0.0498501122654684,0.0406406280833644,0.1594111311694651,0.1355971952042934,0.0068595187673578,0.0086594745924115,0.0606078854527962,0.0896964783842773,0.0039506445890691,0.0016644333596026,0.0086926714800012,0.0149413702922454,0.0086576764652341,0.0033138617951201,3.3648288499907504e-05,3.7902041118164826e-05,0.0642798379360193,0.1102144673107133,0.0068407009426548,0.0034266350824233,0.0056156111137868,0.0028611462254834,0.0017546584830648,0.0014656956244225,0.0026907308050883,0.0020193928747782,0.0102656290820203,0.0052719752703767,0.0004605996523914,0.0011299647185443,0.0016768851259494,0.0006696115832665,0.0004183687501895,0.0011416007812682,0.0004722296620175,0.0003883546624561,2.0
0.0100271149827406,0.0160810810797188,6.327134050463329e-05,9.05636587564522e-05,0.0505224236651939,0.0410996440532268,0.1647868119551964,0.1384451740097495,0.0088486357087371,0.0100961765321554,0.057497383371212,0.0876401469694597,0.003738877207115,0.0016262926864521,0.0076166945006138,0.0151309635711073,0.0081814779263553,0.0034836137879221,4.532611950631476e-05,0.0002056129114601,0.0645975699966499,0.1116444858850932,0.0063333345590541,0.0035585115112759,0.0054182602076657,0.0028534047482131,0.0019382635188765,0.0013049703057815,0.0029848435489541,0.0016919534530065,0.0100692428052628,0.0055368950437831,0.0007964433194282,0.002205109369744,0.0016156805359068,0.0010006037215504,0.0005112788918528,0.001962174025812,0.0010220686027917,0.0004018084199244,1.0
0.0099938695365867,0.0158581104064361,5.083574619135419e-05,0.0001537279031296,0.0504285238818909,0.0411822930511233,0.1619040517646542,0.1367038573519004,0.0084217626623555,0.0098714101707506,0.059393426401861,0.0890326070615377,0.0041706172132381,0.00182057570544,0.0080647268406148,0.0155658423800334,0.0082608505898169,0.0031523892308952,2.8203895499185192e-05,0.0001483545934522,0.0649659756218441,0.1111397353642108,0.0058629402023791,0.0039990344025548,0.0049035143632057,0.0033069236686464,0.0018644633448241,0.0011630206525363,0.002876819080799,0.001693232494185,0.0089577428260401,0.0054442384592911,0.0006460189184806,0.0012150620701974,0.0019860797795471,0.0009391685974385,0.0003535605859576,0.0015506805972015,0.0007526102438798,0.0004726043360026,1.0
0.0096113007976621,0.0156014448672654,5.209234702465573e-05,0.0002047688070143,0.0493534288712747,0.0400138593560925,0.1629284962242245,0.1356377396484883,0.0095900982208182,0.0103541850206881,0.0616293470996522,0.0942746426004188,0.0041731877285163,0.0016563191214963,0.0081545199141871,0.0153451550630915,0.0080313958726604,0.0027385996335063,2.6193654590632907e-05,9.706435084382633e-05,0.0645681808057978,0.1103899701818063,0.0051629183111929,0.0033803958866573,0.0054434343065731,0.0030468127983453,0.0018148252115116,0.0008854445465749,0.0027713818005736,0.0012797866659795,0.0095580679199225,0.0053808784899825,0.0006357385676025,0.0018412311719039,0.0021747256988218,0.0008924301071447,0.0005134434935435,0.0020506403185731,0.0005336178243802,0.0004066165259071,2.0
0.0100069621356729,0.0172406224880998,0.0001560652232957,0.0003948475059521,0.0522418205514765,0.0421210626239544,0.1679414804855145,0.139152782749435,0.0112398045017886,0.0079662754230164,0.0589075961935113,0.0920309252642,0.0029385070470807,0.001254223911,0.0075542596875228,0.0171700028715477,0.0065098906620254,0.0030320995137269,3.753290762282182e-05,0.000253134660888,0.0667452584500557,0.1133666606009785,0.0054900249757915,0.0026588049202071,0.0036919004050572,0.0022555405599775,0.0028224939734341,0.0019673878488209,0.0026257135672282,0.0010475070749232,0.0076314129652937,0.0049406275766645,0.0037926582703595,0.0076800096531443,0.0019571352938984,0.0007559711210413,0.0007254396379312,0.0017055960398065,0.0051663338983994,0.0028583439882538,2.0
0.0099477703143192,0.0165324778418641,4.509690497644119e-05,0.0001595835838686,0.0525261951628214,0.0427715287450546,0.1663942037505297,0.139222585335434,0.0082906078322255,0.0044692073693366,0.0604798754773034,0.0915206485308356,0.0026850530267189,0.0010458500149894,0.0080229655643691,0.0170168434788429,0.0063986593237241,0.0024813562210651,2.5179701489547627e-05,7.042735194741859e-05,0.0667922251736439,0.1123395202431702,0.0058329565189583,0.0020397897831984,0.003239381286536,0.0018970410426643,0.0022422301043203,0.0006566422385259,0.002766303422688,0.0009071818673097,0.0074044982803526,0.0039695665796454,0.0006222600252266,0.001387171217769,0.0022215781083163,0.000688971756669,0.0005383766416577,0.0019177749609771,0.0005207539958247,0.0002978834645006,1.0
0.008811042576414,0.0180005230555008,5.098093192200757e-05,0.0001349780903231,0.0516464972218468,0.0432530047975905,0.1675275811402902,0.1404306108612844,0.0062273877182873,0.003556728006167,0.0595054786228385,0.0899068812255414,0.0024172892404148,0.0011344166813429,0.0085254409643482,0.0185595657757041,0.0060529333679858,0.0027872617475024,2.9828947572903528e-05,8.10155177783605e-05,0.0659812247251612,0.1103126988251784,0.005328340954371,0.0020422622509792,0.0030399298824435,0.002053817877278,0.0023824533058668,0.0008217821100613,0.0030134941824729,0.000956442436517,0.0069039402172719,0.0042523243880292,0.0006052329303458,0.0008444531726466,0.0024874719579252,0.0008248775381138,0.0004563347180012,0.0015617177959473,0.0005002831791304,0.0003166718648454,2.0
0.0092918713732938,0.0171962218232355,9.27798810450309e-05,0.0001169893859693,0.048092334709935,0.039675745912345,0.167286541241686,0.1388276407526613,0.0083226109311431,0.0051465165266591,0.0587012066874822,0.0911919536412239,0.0024302425712348,0.0010664029937589,0.0090059089374285,0.018357500917774,0.0055745336843824,0.0026023549095636,3.103445722382437e-05,6.330791548090779e-05,0.0666734810378747,0.1111729551436024,0.0055858179574384,0.0021990545166343,0.0030975332883354,0.002089680249593,0.0024553158649262,0.0013653343079901,0.00286359916603,0.000970046190971,0.0065414719088007,0.004964607422925,0.0011627138911529,0.0018064760029261,0.0020040402517801,0.0008274917825951,0.0003858864193472,0.0013013821288236,0.0014838276055771,0.0016346305958312,1.0
0.0107398605273602,0.0123305469925205,5.24684444239866e-05,0.0001709910514196,0.0523216032567613,0.0418298744663211,0.168830609411052,0.1406931070047367,0.0056450268700698,0.0034875846531136,0.0589512189914144,0.0913369559263009,0.0025286427200651,0.0012332510794769,0.0094353850359021,0.0110375911681924,0.005855384437985,0.0023995754138733,2.097626011654676e-05,8.982870792743702e-05,0.0687324231104072,0.1137362097455194,0.0053140764216692,0.002335707982806,0.0030155018778337,0.0022957129681914,0.0025103821066288,0.0010510866467556,0.0031058359317029,0.0011484337783314,0.0068773831415163,0.0048198772110247,0.0005374673328604,0.0009051982608445,0.0019560190695106,0.0007814295231634,0.0004974276354928,0.0019089821671154,0.0005418492669445,0.0004266982872034,1.0
0.0092873478109385,0.0099301290845428,6.504032253544167e-05,0.0001311684661071,0.0377476898134533,0.0332717016030508,0.1658654181237127,0.1389979102815036,0.0073209344310708,0.0042681385994378,0.0591747738022002,0.0911339070567041,0.0039098145532165,0.0015330448134042,0.0080674035586858,0.0102698512340783,0.0065864901133061,0.0027656161750362,1.932358497358058e-05,7.758793774811304e-05,0.0671850283402173,0.1119311025643585,0.0045518603926669,0.0019966678353683,0.0041246414747806,0.0026401063949673,0.0020251299501757,0.0013614500584932,0.0030763969240702,0.0019451711941652,0.0073642184707792,0.0044027744361804,0.001021346584259,0.0026666869576291,0.0018613759928416,0.0007881079249194,0.0006008728927477,0.0024063206283747,0.0005926795214341,0.0006056101077545,1.0
0.0088352426927505,0.0029989896988231,3.951158866139734e-05,8.293179420020454e-05,0.0329086308802202,0.0320396467784102,0.1657033729401399,0.1404021336000112,0.0054962150113197,0.002603402548013,0.0594804607590416,0.0910518868564648,0.0032560921132614,0.0013661658461044,0.0082060386128844,0.0037763814325523,0.0056517118803379,0.0026991518535853,1.9585091257839108e-05,7.466479374565395e-05,0.068072787633501,0.1117758750436462,0.0054210901593329,0.0023216758492939,0.0037423416788735,0.002733895723223,0.0023894865218887,0.0009769812785196,0.0034489804243014,0.0012446563663546,0.0061556667482766,0.0042957821583034,0.0005676632251721,0.0013822418715728,0.0018837846254119,0.0008638239208601,0.0005326087628607,0.0019070307028274,0.0004737276256759,0.0003123491474832,1.0
0.00745774034163,0.0025339251362635,3.860523846121392e-05,0.0001322201797988,0.0409158325893033,0.0331788219435218,0.1729676151112096,0.1455136078091594,0.0066483413317112,0.004117664904034,0.0600933592330691,0.0908203123952648,0.0029414886646448,0.0012806747293926,0.0083046719631176,0.0035053268045474,0.0058625850690645,0.0023724639408899,1.7915800343992598e-05,9.93438897923441e-05,0.0681254179002763,0.1152029155473304,0.0054788714981761,0.0021570009836022,0.0038242950479369,0.0025620147037661,0.0020735196569342,0.0009334291195269,0.0030140151624975,0.001240044176887,0.0064388754015958,0.0037523069378212,0.0005854939829468,0.0009398414153556,0.0020666456193671,0.0008731588459905,0.0004486497975079,0.0017798020853047,0.0005121762256677,0.0002227830651744,1.0
0.0081144947630673,0.0024349462974985,3.2424169198247643e-05,0.0001580169002999,0.048177967602672,0.0386210894415223,0.1650698377639556,0.1385167294053111,0.0060738291987272,0.0031733270396855,0.0610437580405,0.0941608509094286,0.0031164396806737,0.0015240616809135,0.0084553710235479,0.0038860777027167,0.0053651866546193,0.0026286257008814,2.1110713999449008e-05,0.0001091001286931,0.0662011049889427,0.1122332383322195,0.0053374716337138,0.0020181483671823,0.0035116348180887,0.0027165894848921,0.0021564316649495,0.0008437998297405,0.0030612424770602,0.0012217307816684,0.0059312715597347,0.003851901170284,0.0006385793364877,0.0012565858929351,0.0023106080169064,0.0008079605906428,0.0005335110492154,0.0020213020305305,0.0005201637519707,0.0002947359270696,1.0
0.0078331281377065,0.0027993959729804,4.282792805600816e-05,6.82905328370234e-05,0.0520682728328402,0.0424842695638724,0.1691862164766562,0.1422984145863199,0.0063689539516916,0.004102376925553,0.0609081301848351,0.0918715282888853,0.0033009373862512,0.0016257820846142,0.0079278968875413,0.0040143320534703,0.0053099102161357,0.0021490200162061,2.1942838612039787e-05,8.558760096106938e-05,0.065441172662674,0.1135159280002847,0.0059782230129486,0.0021321078091687,0.0040253211842788,0.0027593317495081,0.0023120328231679,0.0011649308947569,0.0032545861574206,0.0014484478491986,0.0061181266198362,0.0036019978475407,0.0006044527216702,0.0014071328399964,0.0020964235318897,0.0008513712131639,0.0004051132220706,0.0015327417075647,0.0008279262280116,0.0005590207756588,1.0
0.0076931078631576,0.0029096189509509,3.078897961678521e-05,0.0001759956514805,0.0516295052518706,0.0411896472994365,0.170301757366266,0.1413342138605598,0.0051957233726012,0.0038554521990567,0.0613854173812607,0.09336493246201,0.0035634580793931,0.0016937349418169,0.0087176644777187,0.0040037589768783,0.0045953856843085,0.0020648623700771,1.6699252289861424e-05,0.000125950151453,0.0681655336219058,0.1136052762567689,0.0052454414387076,0.0018279215534263,0.0035277945903988,0.0030307258747439,0.0020428492765007,0.0008164393057003,0.0029813799492034,0.0011207312040965,0.0055612641371014,0.0042576184139009,0.0004889296474527,0.0007697200923142,0.0020136929339762,0.0007673517879357,0.0004490239003396,0.0018621887198311,0.0005759464341962,0.0002541281246202,2.0
0.0083982737830849,0.0034149619288365,6.98028612344815e-05,0.0001282423016304,0.0227761035762944,0.0217701511923531,0.1710052170473595,0.1424767613297473,0.0060451172212167,0.0046607940040195,0.0610767648315881,0.0908965686722481,0.0028750694921981,0.0013889028783414,0.0083946852270069,0.0039876135257655,0.0049089190202359,0.0018152794673505,2.3309578316277235e-05,9.97583118924365e-05,0.0651154708388753,0.1112570923345148,0.0047926608252709,0.001655989395099,0.0032975132405733,0.0024357034279774,0.0021880872484985,0.0009862473523817,0.003050954474579,0.0012167864779541,0.0053533980470875,0.00319863680584,0.0006601409706419,0.0014056575708285,0.0022450458901811,0.0007321001959227,0.0007672639556808,0.0026480011509769,0.0008495192620953,0.0006110252867051,1.0
0.0083918177007853,0.0037176160249932,4.476781118515455e-05,0.0001496761646493,0.0181265283364121,0.0193718015852652,0.1693184440342404,0.1403622714499962,0.0046806313682782,0.0030466732466843,0.0601455063724777,0.0930599082855357,0.0034539189568825,0.0014229110341756,0.0083384769855982,0.0037781146246928,0.0047430309809383,0.0022425030080544,2.167407011037596e-05,0.0001010792224512,0.0696894881148236,0.1169257840998814,0.0043316449272395,0.0015178124990964,0.0042034619480487,0.0027259432160127,0.002131080318965,0.0009030008585058,0.0031448756593027,0.0013079344998905,0.0066014459739732,0.0035444826198329,0.0005797262489993,0.0010611674445331,0.0022607099884421,0.0007064829998705,0.0006825050446587,0.0025580417252713,0.000716455462294,0.0004546051190603,1.0
0.0089132840014222,0.003429094908909,7.506890073412991e-05,0.0002594540995588,0.0124757149263065,0.0110665843274039,0.1694960095145161,0.1387292940499501,0.0074646305922905,0.0039896115994636,0.0598729000679671,0.0924269601300828,0.0028778671655351,0.0014180776393543,0.0089904602545159,0.0036171745907296,0.0048867440377585,0.0016960608366802,2.7865511220024028e-05,0.0001578391991845,0.0675131851510956,0.1128555350724256,0.0052538735137328,0.002266570124445,0.0039811644767667,0.0025508308379162,0.0024298027175206,0.0010408440801099,0.003511416934641,0.0014807396924552,0.0057113956820258,0.0031998301037401,0.0005430120142523,0.0007415873423818,0.0023150541930228,0.0007406616542995,0.0009787383512325,0.0039270026992259,0.000651809123447,0.0002678628763468,1.0
0.0083814023050447,0.002952281162563,7.940584332896603e-05,0.0001657322334343,0.0159788757736913,0.0147784679715064,0.1712735806682571,0.1403523407151209,0.0064167933004151,0.0026804306348286,0.0573438493998511,0.0887909916055358,0.0031125731189452,0.0013315786054871,0.0079087403503227,0.0038725703748913,0.0047051341889808,0.0018568308198626,2.913947424741117e-05,0.0001486959737848,0.0670428648373086,0.1108406763713589,0.0050804219705256,0.0019398149291127,0.0038039245574991,0.0024949094296985,0.0022690891289648,0.0025991457483977,0.0032524084719906,0.0016190818062493,0.0053013267691968,0.0038730882901317,0.0007851045330772,0.003134710160799,0.0023107450643895,0.000829514581279,0.0005686253922273,0.0020199353787,0.0014303428148143,0.0004509270393578,1.0
0.0080416951515918,0.0026019442006176,0.0002026277855236,0.0002366362136849,0.0246572948818861,0.0180838823493513,0.1672570869789309,0.1390884099950998,0.013385778489245,0.0075618664571098,0.058227362965628,0.0899651653638193,0.0031402122385833,0.0014179560240573,0.0075806717492141,0.0038843847211382,0.0045929020298613,0.002147873472026,5.080964024724284e-05,0.0003818287063824,0.0702056526609423,0.1154532579653147,0.0054827175067469,0.0022624041871964,0.0037903898583384,0.0022349193942632,0.0024011852698506,0.0072269072904952,0.0033910934714879,0.0023825710974381,0.0060216569957925,0.0035284783803357,0.0026600238470613,0.0097294094790291,0.0022412398912831,0.0008583929362003,0.00067633715138,0.0018702314009985,0.005862166483576,0.0012131909933784,1.0
0.0078582341982704,0.002916416789585,5.9780966363199606e-05,0.0002825984420619,0.0137632081291045,0.014547276286226,0.1756508185284833,0.1459510987353598,0.0056550568990101,0.0032742669664663,0.0605167879560204,0.0946574003200228,0.0033370802565651,0.0013176966615179,0.0076195194639613,0.0042125927673221,0.005240593096316,0.0018893014579005,3.133853794720099e-05,0.0001159451724901,0.0708451513434282,0.1177808656617333,0.0057696496178786,0.002394652233685,0.0043183673952922,0.0023425775084065,0.0022554868569985,0.0014197619065029,0.0031983735398517,0.0010455030547017,0.0059155552877771,0.0033443878964411,0.0008631814517389,0.0022902611620526,0.0022340597110606,0.0006688361410382,0.0006721280662891,0.0029276666684245,0.0012886027145495,0.0005892270454283,1.0
0.0079616782127873,0.0034055119166665,7.241928580770433e-05,0.0002748213008764,0.0162432454548548,0.0169114371970719,0.1667078273412285,0.1393921522032518,0.0066807783968289,0.0069387606320453,0.059429392293052,0.091757163773629,0.0029747781559005,0.0015567726900822,0.0088654307678824,0.0037536811524903,0.0053022068612641,0.0022547985339308,4.004739135708668e-05,0.0002064950207592,0.0667002846418149,0.1138072400542833,0.0051561002777292,0.0020886300614773,0.0041488472198253,0.0025582392774181,0.002418123162296,0.0032718170118509,0.0032555037292959,0.0018670752807186,0.006047428060815,0.0032624115287409,0.0016689257928854,0.0061616350250624,0.0023431487817786,0.0009644595700329,0.001181206116552,0.0031647191098679,0.003139555057536,0.0009461458386118,1.0
0.0081196954189511,0.0034350469630989,0.0001128216607779,0.0004446118740381,0.0095563146890085,0.007653217349008,0.1725431004458313,0.1437960654829484,0.0061980935653185,0.0097052040544394,0.0574567522674963,0.0893634297381665,0.0024109185565914,0.0007623558405697,0.0088955417748066,0.0038261430173326,0.0045102170954781,0.0017978180055968,4.213099343921183e-05,0.0002449798573814,0.068008340543023,0.1154264353813089,0.0046777538265669,0.0016843746744659,0.0024786435309725,0.0017079571503689,0.0021015878819477,0.0017328770278274,0.0023181539694579,0.0009329102421107,0.0049136863294293,0.0023337130973575,0.0023932043067078,0.0041468965385945,0.0018065183118383,0.0006846207710187,0.0010890057416521,0.0041587442503,0.0037503151142093,0.0014017311496955,1.0
0.00839949421179,0.0037978971819355,0.0001318674262054,0.0005811663367094,0.0071066628015158,0.004497089003808,0.1653675098541894,0.1392579331401758,0.0086459026081381,0.0080772357057093,0.0584810558399395,0.0886671579552779,0.0015202860812532,0.0004491912857562,0.0089977929904852,0.0046275863533323,0.0045200241032865,0.0020050982582331,6.607232484370796e-05,0.0004731789765803,0.0656676822866068,0.1107437623318628,0.0041883367103379,0.0022074329321972,0.0023510391738584,0.0009189645573592,0.0017318523506609,0.0009001506352227,0.0018236335516388,0.0018013677719867,0.0052568278559791,0.0022962608330183,0.0005762164125412,0.0025728731035813,0.0016264794704831,0.0004907161727152,0.0024494776209318,0.0092913808929024,0.0008792169098339,0.0003778106031349,1.0
0.0083260101473304,0.0036512302519784,5.405691101640221e-05,0.0002219021408744,0.0112006400715154,0.0110947554752543,0.1647181397581251,0.1380976899192451,0.0045316085784127,0.0024591223113566,0.0584065649705455,0.0868057386810942,0.0018888984413709,0.0008034930163329,0.0092000810564057,0.004585772109919,0.0051662428513307,0.0019831421629698,2.3749431129396437e-05,0.0001546168008931,0.0650461916302647,0.1097378115357927,0.0049556176372576,0.0013483755757581,0.002385731152708,0.0013985030583656,0.0019028654823177,0.0007544658511804,0.0021411671565867,0.0008855701908254,0.0055666709869079,0.0027251620258615,0.0005105709711149,0.0007498773641182,0.0020877690545624,0.0006819477326492,0.0005762472149857,0.002243692294198,0.0005807161990573,0.0002255730144367,2.0
0.0078686930985326,0.0031670024159202,7.162945855579508e-05,0.0002918012312412,0.0310273233234891,0.0283660387688522,0.1687314640556116,0.1405771004561037,0.0069682420936113,0.0017570770604492,0.0595253419673,0.0919992492329616,0.0020415909902566,0.0008035606312921,0.0082707292527033,0.0033274037926183,0.0046739915550555,0.0017089765990081,3.287248147705661e-05,0.0001430432719332,0.0687024307350407,0.1142448358291532,0.0048188372042102,0.0016220058155517,0.0029167654010747,0.0015733509660465,0.002007756361378,0.0008710709252857,0.0023713621018212,0.0009724667881686,0.0059877198728546,0.0025507107550529,0.0005647012183066,0.0008336578409834,0.0019867987442771,0.0006207867330973,0.0006791154365107,0.0021712864074688,0.0006399796686632,0.0003187797532885,1.0
0.0080039196383378,0.0037218193128198,0.0001062696700558,0.0002478198707058,0.0235443232955238,0.0237426863619757,0.167626897041897,0.1378549210204111,0.0057543515233163,0.002790419701528,0.0575915263476046,0.0920401709163381,0.0024443352728449,0.0008735221187496,0.0074442878138224,0.0039139352784845,0.0042183556472985,0.0017869851691453,2.898480080830616e-05,0.0001265658772476,0.067395013802232,0.1135610604945528,0.0041465294927934,0.0016307888560235,0.0030293942608144,0.0014246013025183,0.0022218299498341,0.0010888357870247,0.0024144854734219,0.0011658864872452,0.0056944379088697,0.0026874743194321,0.0006478263844874,0.0028737331304387,0.0016697822202834,0.000717813061796,0.000577153001113,0.0026286443429356,0.0015412913844564,0.0007090641036835,2.0
