0.003150235211292665,0.003782305912347195,-0.00011797211276353957,-0.0008339330767899725,0.007534821760158931,0.004860638208677418,0.001585198046903671,0.0017799493348191033,-0.011870648583156496,-0.007119956403569287,-0.0029995493976656667,-0.012152220016163454,-0.00035809851537514143,-0.0011059072813742596,0.0002939851003377071,-0.0023530048643979253,-0.0030573865977673526,-0.007106554031764544,-0.0013995088152758367,-0.003578263029947277,-0.0018410763518025449,-0.00465539538781764,-8.000604964481351e-05,-0.0008343660366444142,-4.157093400607495e-06,-0.00019389910063150704,0.0002389154629007156,0.0003839328537087718,-0.00045398482679735486,-0.0011600815537816146,-1.3997278693105953e-05,2.114750402742848e-05,-0.0011373962279083636,-0.0036637831788868948,-3.7645614763540567e-05,-7.895819873511899e-05,-0.00015130180942806982,0.00026949736807139996,-0.0002150748512842223,-0.0002696080161244992
-0.0029570910789200808,-0.006266783422205367,0.0004603556618830861,0.0002938320412245754,-0.0021452632769187385,0.00021679897984068304,0.004648021748658082,0.005680783811597353,0.008225018495212632,0.00508413466191472,0.004533551518292106,0.010274494136756348,-3.3103675930938714e-05,0.00040067593959683216,-0.0011080608752898219,-0.0029314319750181434,0.0026974723522898555,0.004994311520560163,0.001220598270068977,0.0024492427153280693,0.0015908421233280829,0.002020223821808047,0.0001954239190762565,0.0007013711762696332,-4.100675802402007e-05,4.435961443784639e-05,4.77994777646351e-05,0.0003257520862561685,-0.00032744895785016305,-9.136584649529923e-05,1.5811706484387147e-05,-1.5951503344724418e-05,0.0010770602847700972,0.003464852215904465,5.444001813357826e-05,8.273732349399256e-05,-0.0002595468639927811,-0.0007348013614100073,0.000480367164142191,0.00048174508745981
0.0021719642912025414,0.007196667549604747,0.0021637597227534416,0.005368892818528086,0.0004975251650492503,-0.00011789575756111166,3.334255562703486e-05,-0.0011513376567736644,0.009576589646315659,0.004438139181693501,0.00022858480368574533,0.007250857935136106,0.00045750134619445003,0.0010699577109604549,0.0011311419495726245,0.00664311955935172,0.002137544109489062,0.005297647413141955,0.0009331479679394381,0.0031607524667365042,1.0615685326977174e-05,0.0022655805930052115,7.582543706290763e-05,0.0005459429992994748,5.1999150676051546e-05,0.00019074728964064828,0.0003723022578997129,0.0016094286836804833,0.0005860849134691684,0.0009951681753946424,-1.3077190932878312e-05,-4.694643973179996e-05,0.00023842785858689503,0.0007141768686155359,-2.7343893311391367e-05,-5.566449661528499e-05,0.0003085490848479163,0.00019369634818887659,-0.00030503703875181624,-0.00020588620357256033
-0.003911450791134176,-0.014562829106947957,-0.005157063802354077,-0.011792318396905352,-0.004085608627832552,-0.003828268508729367,-0.010128318593051177,-0.007705780993877177,-0.02588195305147119,-0.012578394564295879,-0.005863740382386479,-0.03080539361601747,-0.000919498470616352,-0.0026134530953456974,-0.00232156203653561,-0.014020952630489908,-0.007690525710412523,-0.01631001362981326,-0.003389370264686819,-0.009300155419583955,-0.0017831341119003811,-0.007914035170334243,-0.0005702449174770938,-0.00219493689354386,-8.957528120506368e-05,-0.0004930811690115678,-0.0016939994266114149,-0.006943049750289297,-0.0007122048646832952,-0.0017240835882365545,-9.09845348675105e-06,2.7661995475303336e-05,-0.002017457008061314,-0.005998311025596026,-4.974729910634918e-05,-9.669154923912299e-05,-0.0006436303873216155,-7.858740172630093e-05,0.00023275426297751745,1.0921091540654932e-05
0.004244630919883828,0.013965043386545813,0.0037550259879079516,0.007961909706092106,0.005090121760618207,0.004896618981544557,0.012972198460937938,0.010106990372418087,0.01862653231416209,0.009069664141899103,0.007174384149028585,0.036274576389394256,0.0007951918729718825,0.002384334176110932,0.0031807069415879454,0.015373745920762167,0.008137198373563258,0.016067607671816714,0.003584020410785287,0.008994030426527447,0.0025254264808956587,0.009114254017434794,0.000745497383864476,0.002502810898190773,8.688601893767082e-05,0.0005334961352622302,0.002040546388548768,0.008520218388747952,0.0004950378630020515,0.0015453015783829273,5.7993991569125675e-05,7.926623312097407e-05,0.0025017012838764534,0.007331673793329995,0.00011770982730996368,0.0002706020807595372,0.0008969411720671443,0.0004761338001471498,-9.877050741199079e-05,7.804572421893404e-05
-0.0006246692078694753,-0.000584972018593995,-0.00040400851037972294,-7.927259739318114e-05,-0.0004039904856181162,-0.0011777072862593494,-0.0011815082597591456,-0.0016467805437613086,0.0004670165986013263,0.00020155410831956816,-0.0019625784902943533,-0.005909078024414234,-0.00010267072370771694,-0.00028804086993322055,-0.0007012166653957003,-0.001612632116059028,-0.0014026772143734608,-0.001697769261233312,-0.0007404311609098018,-0.0012185162298323556,-0.00033741829448007187,-7.942987825890336e-05,-0.00015618880649000973,-0.00038504958297946385,-1.6859384816650332e-05,-7.646363887421337e-05,-0.0003048415428203926,-0.0011728369822600812,-3.5651460355777636e-05,-0.00017157769768314226,-1.4175334084892228e-05,3.545117086974097e-05,-0.00026908792232151706,-0.0006263355157903925,8.656646131861414e-06,5.136597877360867e-05,-7.491247322078014e-05,0.0001443041958237065,-3.067625449722989e-05,-1.6246588066631283e-05
-0.0005321054125456834,-0.003278193676806388,1.710977204937806e-05,-0.0010583878466197394,-0.0008424455556265402,0.00042638927612794007,-0.0014941136075952832,0.00013441683939843975,-0.0024822137637418645,-0.0009372652705414668,0.0012775523585738247,-0.0033906366268627555,6.207798631643181e-06,-0.00022874198502003697,-0.00020523637590961046,-0.003024683871809962,-0.0003003457002973317,-0.002031659957092366,4.0333815192943e-05,-0.0008218432308549546,0.000224147074987656,-0.0018509456455128683,3.7122833892675263e-05,-0.00011766225994504238,6.111612211229561e-06,-4.855207411762836e-05,-1.0537300088590207e-05,-0.0005338978323332773,-0.0003309905337040818,-0.0005388832045771853,1.3961454311923025e-05,-6.643359171075161e-05,-6.13547401750397e-05,-0.0008313237515380809,-7.638878488130697e-06,-0.00010100266522254574,-0.0001782960282219306,-0.0005294034601617079,-1.1166766976097178e-05,-6.656290127387707e-05
0.0005518094469285133,0.0018143532718404567,-0.00027458304290673406,0.00036818246498954296,0.0002249836124587965,-0.00028810590016798576,-0.0008845024919244476,-0.001229653545089608,0.00016476949482006756,-0.00020916151085240375,-0.001303095602939829,0.0005936532448631276,-3.986691783677468e-05,8.409867024564929e-05,0.00034645216951654096,0.0017657441591094943,0.00021978281358841524,0.0009922616762709135,-8.971621736316285e-06,0.00042474121280777934,-0.0007833683324908678,-0.00036204904548421907,-5.662345285793228e-05,-2.715122812405819e-05,-8.775276729380936e-06,3.4640784485024584e-06,-9.216684963731178e-05,-3.0581126420025724e-05,0.00030650119054465903,0.00044990023970086716,-1.5245819900867926e-05,1.0200864541937486e-05,-0.00016126689311954373,3.4940145357492814e-05,-2.913422075629821e-05,-2.109304387952316e-05,5.128671877850049e-05,0.00028627500439882837,2.4427113481074355e-05,4.26876805932564e-05
4.0895225424980515e-05,-0.0030567664659358717,0.0004995108963450149,-0.0014410849574164777,0.0018185424104068821,0.0020575190619689598,0.005787800741132818,0.005092105388465255,-0.0008371077959235252,-0.0002122144743173693,0.002694432457277704,0.0008147225384947584,3.492535510230697e-05,-0.00012719663916634864,-0.0003245382831941688,-0.0023119902044946416,0.0003792788070115415,-0.00019497182660258965,0.0001548402497090179,-0.000689943602272796,0.0006556067613878193,0.00021938451391135004,0.00010164997712759122,8.188225478793221e-05,2.030670768338596e-05,1.1361724341372932e-05,-0.0001435632916946095,-0.0008326512351223177,-0.0003671121166814876,-0.0005931386011349524,-6.398530569608243e-06,-7.194116327064887e-05,-0.00028606534814425475,-0.0011402704264704114,-2.427501189420535e-06,-5.061517521876258e-05,-0.0001953800908852539,-0.0006830575487035413,-4.916145778236555e-05,-8.243857923842548e-05
-0.0012152724892057819,0.004367253384506112,0.00028683641286503876,0.0034563129510944016,-0.002313094614470333,-0.0027254917968158655,-0.006460904880218648,-0.006665238792084286,0.0007384820514414862,4.088854565930681e-05,-0.0029234296060723906,0.0013824463668482578,5.458925466989952e-06,0.00023562175951220718,-1.1543668421870509e-05,0.0028122398072010415,-0.000680459954675965,0.0001668803615134706,-0.0001005371318434084,0.0010925713583545,7.259603062702826e-05,0.0016342270228713726,-3.4011240169698104e-05,0.00013879573491659228,-1.748427829371504e-05,2.363961641144425e-05,0.00032029355768128915,0.0014934096715778851,-8.008048368380761e-05,6.662162026081542e-05,3.8126103563602214e-05,0.0001509031501637271,0.0006911657031356588,0.002160559921621998,6.588805169125648e-05,0.00020489017171222056,0.0002797046704327283,0.0009014341924806629,-1.4300092850220947e-05,4.6980108765001306e-05
0.0015410986690652332,-0.0003865995560833753,-0.0004302982888075353,-0.001746498364450912,2.2826235601339204e-05,0.0003218668012920549,0.00014895343671228762,0.002329434325935973,6.710882884311448e-05,0.0004917922023887357,0.0009358143053214239,-0.00011473104236604101,1.1864545770152963e-05,-4.0911662722670865e-05,-0.0004559461667194082,-3.9597434050340965e-05,-6.841748756983663e-05,-0.0004934823223804304,1.2332412939530234e-05,2.2256577898443968e-05,-0.0008493765729190786,-0.0023131845499025183,-9.173274887334793e-05,-0.0003177991706322599,-5.837425822894677e-06,-2.3892052960565872e-05,-3.4569775022970484e-05,-0.0005485556078973992,0.0004463131400871045,0.00046146369795527627,-9.25628601281881e-05,-0.00018527481008658977,-0.0004312275404167655,-0.0013744542374440217,-0.00014770744090417297,-0.000353872080246874,-2.8297464885867256e-05,-0.0003165515342226599,9.421130427192632e-05,6.669055898106913e-05
-0.0005084194187274484,-0.003116048517563708,-0.0002772408923240756,-0.0016611850459714958,0.0019100485235247675,0.001618119285888227,0.0038378654098179554,0.0019076563543648341,0.0004580653480022108,-0.00016558654241509028,0.0011792923904730096,-0.0027577911298782244,-7.292310407257221e-07,-9.658739911707266e-05,0.0007645195555417793,-0.0033547296713099745,0.0007560494311903119,0.0006459178887213167,-1.454172216500798e-05,-0.0013490068472633183,0.0003989973189870993,0.00022134890975249877,6.062544937136166e-05,0.00012676288224464482,1.908988074838601e-05,-1.8272222844756478e-06,-9.131447750309482e-05,-9.684436335753399e-05,-0.00019830814570975195,-0.00021259416266350363,6.116981602460273e-05,9.852684336203598e-05,-5.3314639295960054e-05,6.856614884226868e-05,8.990003265659495e-05,0.00019692484196573762,-0.0002308087559855915,-0.00042419906311474064,5.6337068612635524e-05,2.0651458738293594e-05
-0.0010155035441216148,-0.0025738387369430844,0.0003006011016939187,0.000670332077166015,-0.0026489353244311337,-0.0016634674272418427,-0.0033237799109060357,-0.0028225115904517988,0.0004189317946407885,0.0002840246493759821,-0.001837011018106914,-0.00296166293907294,-0.00010654578473546745,-7.949071712976386e-05,-0.0004411203409752801,-0.0010607192693998229,-0.0009908652123149977,-0.0016362068732364914,-0.00031850648034540964,2.922512188438372e-05,0.00019786410920129047,-0.0002525105077134098,-2.323854310484043e-05,-8.876663689984738e-05,-1.773465354999777e-05,-3.9923027747617786e-05,-0.00023380708844612758,-0.0005760791678751745,-0.00011271790412169964,-0.00013463159331627121,3.2920506041928653e-05,3.2310360853893764e-05,-0.00013286916953031798,-0.0002740329371717331,4.474529603815662e-05,0.00011566123067580326,-1.9967283256674205e-06,0.0002705328702675425,-6.259333220305567e-05,-5.9614866482747425e-05
0.0010313912627552791,0.005076936958174898,0.00014903699141887556,-0.00040257871409517774,0.002271604026734465,0.0017596507228660012,0.004054829048862637,0.0037554097821635747,-0.002274863248688253,-0.0004238491755792307,0.0023397987410149947,0.0065864570861608514,0.00011398929287932046,3.772261662137398e-05,0.0007441890395946728,0.003787844647924417,0.0008689048673457472,0.000562332731213263,0.000532310887484858,0.000511449760769588,0.0007398905143818881,0.0020538655170370306,0.00012405669419816872,0.0001818987274869732,2.383035367350895e-05,4.668947328405886e-05,0.00026108838589824693,0.00030060560331884173,0.0001825568370831953,0.00014252905768740224,-1.3828128835606102e-05,-5.2777607709708876e-05,0.00037349998950505,0.00022360380946735738,7.110250785543458e-06,-6.494781861967805e-05,0.00022461302990994897,-0.00013150187700169608,-0.00016031355586958315,-0.00012594847039275545
-0.00048356633497239596,-0.0024637806337340033,-0.0003934505328077737,0.0008334307168126746,-0.000273953316157692,-0.0007939300774047132,-0.0026893842143756426,-0.0027814368878314117,0.0015815975467699448,-0.00024108863173599905,-0.0019517350131915275,-0.002980688830195,-4.389545971716435e-05,4.238274697335931e-05,-0.0012307110495816795,-0.0024130125810427182,-0.0006298008337909144,0.0006700964681902032,-0.00030091081454155263,7.5946056436998e-05,-0.0015496140016417511,-0.001993951986913784,-0.000157537081613423,-0.00012466274098451956,-2.05838096194247e-05,-6.342347826069103e-06,-3.115336530407192e-05,0.0002854751920639344,-0.0002590047930452398,-0.00026604374030731544,-4.370493332195286e-05,7.989560202796133e-06,-0.0002573827535782511,1.2258093738251362e-05,-8.012608303821446e-05,-8.12189143080869e-05,-0.00022177915896915584,-1.093413266696133e-05,0.00017865985139027147,0.00015601347197763716
0.0005434680357874263,0.0005123968423464106,0.0005258492837060543,-0.00014203949518801725,0.0002944076058733573,0.0006893907326775001,0.0010227802078132705,0.0012378116090396912,-0.0012859672410354336,-0.00023174380136564,0.0013606749637941186,8.918390519100594e-05,1.834969519275089e-05,-5.936787500314536e-05,0.0004906507721521753,0.0001441959464262042,0.0002725144692076406,-0.0006044513856047675,9.046983323350755e-05,-0.0003456012621107343,0.000692351789107079,0.0005534682528695785,4.327841679016332e-05,-2.5529991799621623e-05,1.348406988085744e-05,-1.010476110862703e-05,-0.00023403165922960978,-0.0009751655656798382,0.00016862581807123274,0.0001408437698612103,1.43479150550629e-05,-4.4579734566845266e-05,-7.830985988476578e-05,-0.00043307492237864415,-1.9013918687132247e-06,-5.626148516327947e-05,-3.4145934089645076e-05,-0.0001962959648507214,-3.860191915453652e-05,-4.958082999727808e-05
-8.735607567853817e-05,0.0005987255399631498,-0.0003925329831180253,-0.00010281213550131812,-0.0006010574028754806,-0.0005848332858212674,-0.0006652793441835,-0.00032643394979084433,0.001801487575763553,0.0008641722067164434,-0.0006748347284864134,0.0011628096843613136,-1.1094366152524205e-05,6.681488437145727e-05,0.00032668103491185715,0.0018156955256526828,0.00012444967810769025,0.000984843731146243,8.035493781212608e-05,0.0005621923957759231,7.113546882452863e-05,5.28396658247475e-05,2.3438447169181846e-05,0.00010599860583684885,-8.898707862839242e-06,1.2740817924535649e-05,0.0003279822848998125,0.0012667800841056752,-6.827830251359981e-05,8.705710635184928e-06,-2.4177370262786467e-06,5.5403180726052645e-05,0.00017830088131549467,0.0006659912124683563,2.80798181071396e-05,0.00010283018850466368,9.864642026743036e-05,0.00016212724009191223,-5.992472761590842e-07,1.996611480499079e-05
-0.0018644390688265765,-0.0025462409413429784,-0.0010397325924945055,-0.0018171700838369245,-0.000497838762252517,-0.0010115672764262492,-2.2580905187685635e-05,-0.0010107906483403182,-0.0030223349342699277,-0.0013705714836005473,-0.0006642346262233361,-0.0035441330740372803,-5.957635818561122e-05,-0.00017258262042350593,-0.0006231533205855621,-0.0025668585903655446,-0.0010968262035202878,-0.002518826530754176,-0.0005585343513033055,-0.0012765067429377924,0.0005344207409074767,0.0012085763451451202,-2.704695749979673e-05,-0.00017053298560717382,-5.936383181721974e-06,-4.7681686940645426e-05,-0.0003864552018454885,-0.0016373672723873792,-0.00026546588364419817,-0.0005165162563338846,4.241445149859953e-05,4.237354143027752e-05,8.488346112502925e-06,-0.00040181197273397363,7.03899887775433e-05,0.00010391541201461818,0.00015346364745179157,0.0005554569471412939,3.7894178678547793e-06,-1.5762004630647112e-05
0.0018511530026342423,0.002889288285122626,0.0012739235751424403,0.002521138625005196,0.00015560840340837358,0.0006925275644027967,-0.0006402800952143269,-7.669894653593404e-05,0.001820091613458408,0.0007398640807839843,0.0002372640682648562,0.002743337798996651,8.125876649698998e-05,0.00020931031990133425,-8.474983985796648e-05,0.000496465623010148,0.0006738616258580037,0.0014142801712023194,0.0003188003462638723,0.0007689404313024394,-0.001049015120275738,-0.0018605700118892992,-9.176834602406963e-05,-7.295531697867316e-05,1.4653917968249447e-05,5.257981659504497e-05,0.00028519170509458527,0.0012822853984380623,0.0007636760104507575,0.0011652364963868323,-8.142493773471125e-05,-0.0001491669992236254,-0.0003220578727270696,-0.0005278000982381461,-0.00017175603731518617,-0.0003352280595968052,-0.00029567380083605674,-0.0008198116748809857,4.032104155535199e-05,5.131777642614625e-05
-0.0008647602627155523,-0.002028044935494898,-0.00037630408201819046,-0.0005472676800129802,-0.00031600760972561287,-0.0005788307906380973,-0.0003370110773010486,-0.00030114389755556034,-0.0005207844902153132,-0.0003033216888444347,-0.000415868373620818,-0.001979992308791021,-6.805026947416644e-05,-0.0001146307635472877,2.3232984124503844e-05,6.257109380358784e-05,-0.0002044519589658232,-0.0002458265966068514,-9.886847443610335e-05,1.4876361877274919e-05,0.0002462466547143741,0.000299464376674417,6.993936481446523e-05,0.00011639330210974412,-9.833386148887384e-06,-1.5790533870014917e-05,-4.781625603110089e-05,-0.00013719473899963583,-0.0004490051456141175,-0.0006029237293891137,5.4185270223199655e-05,0.00010582624972300177,0.0002792385942895538,0.0007190210538072232,0.00011683204019178558,0.00025067120659338693,0.00022675951274813048,0.0006634106186077648,-8.346044901002691e-06,-6.5027523528005145e-06
0.0012013502093738602,0.0014877693873460833,-6.875295419352734e-05,-0.0006436688280917599,0.0011820855523622196,0.0018742242860530236,0.001672131500210431,0.00140932295879828,0.0010997962961498454,0.0006270045251181593,0.0010891276611257063,0.003742847434564959,7.40372322731438e-05,5.707661848056989e-05,0.0005362670553922371,0.0006691804255918767,0.0006723437740653413,0.0006960089629622128,0.0002501135785257826,-0.00019720183453755718,-0.0003613171165108207,1.3397394216765836e-05,1.1374995992156014e-07,1.702206093594296e-05,-4.270755122566062e-06,-1.2892710906963647e-05,-0.00014425027313859845,-0.000765702595243185,4.572664504893704e-05,-8.579294866346988e-05,-5.0546571885756457e-05,-0.00010322871935316541,-0.0003220451698520904,-0.0009249227842389842,-0.00012250827562935957,-0.00029327178894036606,-0.0004555822252656917,-0.0013249942649148905,-7.71290627346518e-05,-0.00010184952322493318
0.00030579320897239815,0.00203951811238823,0.0003955829010692676,0.00038793923349612664,0.0005425351695559641,-0.00027069589836099675,0.000728485667350694,7.98882675371534e-05,-0.0008904164390830558,-0.00018479797341012534,0.00048051461190482664,-0.0009987474786399136,8.752891729332231e-05,0.00014630808440865858,3.056744196485384e-05,-0.0016721755252584068,-0.00012196976584547419,-0.0008242054045595191,0.00012228373617253577,-2.3355049466645392e-05,0.0005899328957773566,0.000914473117199014,-1.8027638326055027e-05,-8.095970660212707e-05,2.4006069376264787e-05,2.1142238822259012e-05,-3.269677357828216e-05,-0.0001823862405380878,0.0003115046131894426,0.0005108814060669846,2.630297002162135e-05,1.1544680855042694e-05,-4.523547113974537e-05,-0.0005703216610747799,5.279805976303673e-05,9.016925288291785e-05,0.0003437500280958719,0.0007642891002797354,-0.00010466799469339972,-6.9472787697815e-05
-0.000115625988314221,1.761621236615358e-05,0.0002178344408023401,0.0006265703093078172,3.926853580593398e-06,2.0947961637121198e-05,0.000646270154603013,0.0005066861745559233,0.0022084089802338986,0.0009110512375095062,4.351733195793423e-05,0.0016045178025097479,3.154029307538262e-06,6.942051130792955e-05,-3.27482135683813e-05,0.0013910589433625603,0.00028309470747802653,0.0012030390481263527,3.0918723066123385e-05,0.00044291139318025744,7.016137629478535e-05,0.0004395947035900797,3.199108624349361e-05,0.00013292035429167114,-4.884555859482932e-06,1.6409349334164574e-05,0.0001683322383678665,0.0007446099259514502,-8.199051362601931e-05,-7.418587264821486e-05,4.851369642663031e-06,4.024973550423329e-05,0.000296690052781309,0.0011173474983190252,1.8278257406755907e-05,6.166563388816043e-05,-1.089464008456165e-05,-5.334818636448012e-05,0.0001088487511594982,0.00010036313689103461
-0.0016458551358373584,-0.005361143228054983,-0.0013154023362074063,-0.0033087640435888917,-0.001986468812286328,-0.0010494805970959347,-0.0051972842508334,-0.0031570135993536502,-0.008512922617158034,-0.004061980248349302,-0.0016784468005916573,-0.008733853493571565,-0.00024140067529951342,-0.0007064340685930165,-0.0003683782814039705,-0.0040174623348889936,-0.001667581950719052,-0.004436376629083103,-0.0006922066230029956,-0.0022797531532549684,-0.0009452481112791755,-0.0037234780371979016,-0.00012553466932285193,-0.0005118770514963674,-2.3349536003650088e-05,-0.00013388417296214574,-0.0005047546732474138,-0.0021954458960679168,-0.00032113381429962884,-0.0007076643904943281,-4.6407923266938215e-05,-0.00011379947543540425,-0.001086177988267281,-0.003213000956367947,-0.00011147057431140829,-0.00025290115960115145,-0.0003289744520946022,-0.0003810115906991075,-0.00013789193980369413,-0.00016952084640060161
0.0011812314196287996,0.0024643116951692783,0.0005008427247210179,0.0015805084339571727,0.0012557436414399655,0.0007039250403456527,0.002525936199713555,0.0015405357025416175,0.003855665856755328,0.0017413863175133348,0.00045021274525981753,0.0041394168764429225,0.00010177746705546925,0.0003492257432883914,0.0004170099129714688,0.0020622925017319826,0.0008803280065292878,0.002231778042680568,0.00036361398323598356,0.0011938135665078209,0.00040921253349492873,0.0017631504604661056,6.788865697913144e-05,0.0002925697695380824,9.179575503755853e-06,7.083573783104517e-05,0.00020527386628832724,0.000983015977909607,7.883339520903338e-05,0.0002544627307735208,2.4307135962338592e-05,4.418479106843991e-05,0.00047445451829828273,0.0013333229010738118,3.893253348676789e-05,0.00010218460215743082,0.00017297064892327698,0.0002529259166260974,1.3745053095947547e-05,3.948916754512138e-05
-0.0013826392418815714,-0.0003187115451899172,-0.00020331645784404942,-0.0005382942616691659,-0.001050142806122113,-0.00036470136831666036,-0.00120859998175114,-0.00033514351513751396,0.0005365773266700838,0.0003674054348306615,0.0004477072219224558,0.00036738076060315907,1.442184127666469e-05,2.7994897288452137e-05,-0.0005072458641157088,2.7287684149575938e-05,0.0004015145388346634,0.0004554434215291131,9.05730203939628e-05,0.0003019702091238105,-0.0004987804204939853,-0.0013751607014643311,2.23613844733978e-05,3.7476238405411086e-05,-7.174891497451832e-06,-2.2770187316238055e-05,4.2484119934574894e-05,-1.748108216358815e-05,-0.0001053651516268438,-0.00022745343446909722,-1.9965057263361648e-05,-4.146997651626819e-05,-0.00012695382359390376,-0.00028181937576669553,-1.625465389504873e-05,-6.976974541161228e-05,-0.00018468706094900743,-0.00038282752843054647,1.2913498683607097e-05,-4.989259023850854e-06
0.0008961617218739541,-0.0010741172668293753,0.00027035759914777684,0.0004320289396012574,0.0009515556211674022,0.0004582991044075629,0.00022059175735887612,-0.00017312294424408646,-0.0014111492529614359,-0.0005184770003492875,-0.00045925990190238795,-0.006260251367516712,-0.0001466474697006252,-0.0004533084384516236,-5.002278142289781e-05,-0.0021158357420210066,-0.0014570994346397334,-0.002402829119653546,-0.0005997776627723924,-0.0017230435651618427,0.0005293756047105954,0.000306769956366125,-0.00010075279215830769,-0.0004269063697947238,-1.3129482194898125e-05,-8.807021961133644e-05,-0.00032022103874381126,-0.001408401240173338,-0.0002887580186761051,-0.0004471313124279066,1.2849429942045123e-05,5.944994862968528e-05,-0.0002648628740208097,-0.0005857168093226905,2.9434771694332855e-05,7.752644059901779e-05,-4.440501397184334e-05,0.00016791083797445324,3.4111493748357466e-05,3.4154376660239543e-05
-0.0010767391771973579,0.0017494136167535204,-4.7849363444914615e-05,0.00012280923200385657,-0.0013260961198588341,-0.0007261657475278841,-0.0007615434414702509,-0.00038288891411494857,0.002699088124841945,0.0008557732236928114,0.0004908187476630756,0.009588234210334428,0.00034099750180927816,0.0008755033889628987,-0.00012705225908462862,0.0033967199197085184,0.0020141447678065066,0.0037587162252151656,0.000983163003633976,0.002930077526793961,-0.0009174178682326175,-0.00028928779625877983,0.00010031429268225956,0.0006087991432595567,4.022331503065484e-05,0.000187350340830221,0.0004555685623499234,0.0019008330496712246,0.0005983908458055667,0.0009408687406373814,-4.413583681371872e-05,-0.00014046979740573476,0.0004551245083538804,0.0008226450984081541,-7.57277041128161e-05,-0.00019590208974010315,0.00019146957656052135,-0.0003420368952461095,-9.93613355644862e-05,-8.251061495018728e-05
0.0013540473882714549,-0.002758573906940815,-0.002451739241908099,-0.004762416760451545,0.0018319360260258327,0.001913526504243369,0.001520345410041901,0.002473736424276133,-0.012953595153449285,-0.005323678833298342,0.0007667557785928276,-0.009794699610660184,-0.0007044491764478614,-0.0016728434027182834,-0.0004647592639771795,-0.004912315717336069,-0.002541827544877517,-0.006606588043675264,-0.0012005189896126228,-0.004129698918062684,0.0004964023209571345,-0.0017410278470230901,-1.8150418660010974e-05,-0.000809648001049004,-5.298375034204146e-05,-0.0002509514281566121,-0.00028681442180201225,-0.0012182972202534534,-0.00020934118797357988,-0.0004726309818162417,7.724710145754964e-05,0.00014107724318371923,-0.0008395553927416099,-0.001817028629514055,4.4676016366584246e-05,0.00010766907760252638,-0.001567363674833337,-0.0010107185639359945,0.0002541685639345927,0.00017094556341972717
-0.0017140585939126696,0.0018031029293309896,0.0031811883382823498,0.005057069534310953,-0.0037351643892742643,-0.004025736736946802,-0.0022899294854629953,-0.0039648872436227394,0.016828402998857815,0.007279602047382186,-0.0018264956524128128,0.01090899375926302,0.0007412797192714159,0.0018768726864583523,0.0016158303457817812,0.007233939438394936,0.002093349729168974,0.006883520725698154,0.001085227610072096,0.004060846640265312,0.0006048850666366915,0.0045341629640991785,-3.141862496947925e-05,0.0008633332840166252,8.182183197391814e-06,0.000193498766920265,-0.0001431728215798865,0.00023346581130291342,-0.0004005474045962229,-0.00040447608490695773,-7.796224523692821e-05,-7.143358273016906e-05,0.000734394901670363,0.0019397303607713592,8.782593512556941e-07,6.641400408350288e-05,0.0029235955290014227,0.002587070759730684,-0.00027320221815849794,-0.0002114765703866526
0.0007787867889220664,0.002971835015842201,-0.0011648581848993575,-0.0007650976216151028,0.003223465949083141,0.002022541641923142,0.004543620942142001,0.00359586703769643,-0.0031211026961129474,-0.0010796520410808347,0.000873710403209774,-0.0005945847597748741,-8.404095475782102e-05,-0.00024437404693936505,-0.00035587348383309234,-0.0012900812321956015,0.00014583246298027587,-0.0005051239779077798,-0.0003040438302855177,-0.0004999232388391659,0.0014822417468564938,0.0023099856082434227,0.00019636449155873816,0.00018809933556205783,6.960086106570826e-05,0.0001163424254971151,0.0008178194276691047,0.0025683122015458704,0.0005416408286810461,0.0009316688524542991,7.50023907804664e-05,0.00015660591668680658,0.0007387308679796091,0.001710759464594078,0.00017653999271493873,0.0003823387940755365,-0.000588417830081107,0.00015867998460346062,1.51810283509897e-07,7.877928868987708e-05
0.0003856319239272997,-0.004387490594621506,-0.00030859887091895424,-0.0015046044197291179,-0.0011048940041623228,-7.812637162678995e-05,-0.003964710463458827,-0.0023619496148891733,-0.005672719426660764,-0.003045607340140634,-0.0005467441704663852,-0.006188497536024951,-0.00026597235073721364,-0.0007479420354004525,0.00010321535000392837,-0.001493542510242671,-0.0010851508204868872,-0.002375088255781787,-0.00027753530796758696,-0.001615871447575032,-0.0020851817970131054,-0.005346391793682287,-0.00020422196717091444,-0.0006099856442297938,-6.907819458762244e-05,-0.00021126351817304486,-0.0007489404710835257,-0.0027133930991081767,-0.0002266712404425962,-0.0006059865443834242,-2.7600636524708023e-05,-7.540977856165007e-05,-0.0010237704991460106,-0.0024650896204428015,-0.00018706307940899845,-0.0004210451839186718,-0.0007042020242238103,-0.0012363064123567919,4.491569986089092e-05,-3.66629391428434e-05
-0.0011114569984997714,5.8714843076419394e-05,0.0008700767437230971,0.0015687370898712287,-0.0017306279073187132,-0.0009960407624859966,-0.0016341129822729462,-0.0007540064068284063,0.0027299665452141793,0.001740328526054373,-0.0003318346997104921,0.0010702931577262387,0.0001195526500393679,0.00038673895553758463,-0.0008230513137841589,-0.0007998532406662921,2.0181655580096293e-06,-0.00025454494249767956,0.0001106039297249005,0.0006210902815812333,0.00031215239622492836,0.001097823415057635,-3.0183673077665633e-05,-5.6363047853933004e-05,5.944004810086026e-06,3.439374368792013e-05,-5.5588197835277745e-05,-0.00025536715341312237,8.900342841715816e-05,0.000173103982637967,-4.667205847730207e-05,-0.00013324227069829066,-9.110738679403373e-05,-0.0005530666699199472,-3.215025952153569e-05,-0.00010938249371735382,0.000305057592437346,7.80349360563848e-05,-2.22330138720054e-05,-1.5968848424102444e-05
0.0005918846402900597,0.002256318167321463,-0.0009120177433318645,-0.0014661556004770544,0.0016895916636996042,0.0007620004879843126,0.003262422532872498,0.001750320201895408,-0.0006885959574623964,-0.0006138912761076947,0.0007924472131444277,0.003958033314686869,2.0990394785599747e-05,1.983063306805071e-05,0.0008255623651024681,0.002038346103332804,0.00033030584871316743,0.0010710069288352372,5.978931410471971e-05,-1.8204681749056474e-05,0.0006571945440687847,0.001650437148451654,0.00010337964394553672,0.000392253623058611,1.8526435380750988e-05,5.706149619705752e-05,0.00038383473217932634,0.0015229788566568792,-0.00010043846996388759,-7.00494218550722e-05,4.2765856941355456e-05,0.0001446462434630649,0.000497972281943333,0.0016887666853644167,0.00011744267459194714,0.0003134918580791071,0.0001285498162846862,0.000450235487011586,4.704772190543392e-05,6.296876513418131e-05
-0.0004038390684026797,-0.0017827593100842023,0.0004522925204362357,0.000824519724396104,-0.001044114004232893,-0.0006035450280595235,-0.002083142091557923,-0.00177157867256773,0.0010674898398654804,0.0002661320377901966,-0.0006127761604352169,-0.004030194274219721,-1.670447224756923e-05,-6.439022307780739e-05,5.184296275355899e-06,-0.0019444512352613957,-9.622017120766424e-05,-9.897628587706822e-05,-4.0697984114563265e-05,-5.878831199468557e-06,-0.0008628765758502329,-0.0023344393522711387,-7.78024305288259e-05,-0.00023152871153036885,-1.2570009191904196e-05,-5.10836419034953e-05,-0.00037831933970215704,-0.0013313668405410743,2.919925951457779e-05,-2.931079905872551e-05,-2.0173632725168783e-05,-4.50134434323458e-05,-0.0003586328485894114,-0.0010389506737766231,-7.060928107112266e-05,-0.00018331490703012702,-0.0002767079536618191,-0.0003591101832721796,-2.853007273570767e-05,-5.062227828000052e-05
-0.00015386795274385136,0.001434823608101284,0.00013681635661583747,0.0005672593958552552,0.0008860582766612681,0.0005229936966570295,0.0002781115850837204,0.0006647357410873955,-0.000560148320551876,-0.00014825231837576895,0.00011422787969449734,0.0016863321332839891,8.104136640677435e-06,-7.85077690917814e-06,-0.0010128559451145574,0.0004571491762005393,-3.16513163504145e-05,-0.0002724178788770443,3.941514900162695e-05,6.580297519030922e-05,-0.0001523630997756498,0.0005614906827838429,1.72060767940173e-05,5.768765421998053e-07,1.1082497462025045e-06,3.698589479066732e-06,0.00018280100157087428,0.00030581072012462687,-7.699178788268295e-05,-0.00015738954978039644,9.550123502176041e-07,-3.492386971073652e-05,0.00015474749745004825,0.00010500649055873501,-7.967666852018597e-06,-3.2813711015250724e-05,7.812831877122187e-05,-7.08760287719237e-05,-6.833991077299948e-06,-2.911821431903127e-06
0.000758849135566401,-0.002678540429686468,-0.0003289877187503115,-0.001735552428946076,-0.0006189204214386608,0.0005026476260735882,0.0010268236721593812,0.0011667688646270317,-0.00016299688560094278,0.0003627783691061556,0.0010728669513336152,-0.0003709443211658659,1.343824417314028e-05,1.7630791585329202e-05,0.00114847084741219,-0.000875420613701686,0.00039030682274016916,-0.0002516400750803216,0.00010014052708582025,-0.00037181476969187874,0.000873715521561015,0.000661849674746512,6.647073672901158e-05,0.00010719448898746278,1.2815955371030522e-05,2.2573283808695067e-05,0.0001230690332624054,0.0007369336937232778,0.00014617397273497822,0.00032492742406837734,2.4236002168061178e-05,3.7528055251511224e-06,0.00011938125922141697,0.0005489351931881629,5.204806521826293e-05,9.009557539849087e-05,-8.877452515672576e-05,-0.0002232336940789521,1.8523011603062073e-05,1.8204548629138526e-05
-0.00040750865617768,0.003783757538310556,0.00021331240167805343,0.0015660207479251131,0.0003929648225009697,-0.0011031726864164362,-0.0016628646752822479,-0.002051882494921542,-0.0007199648717057802,-0.0007909370868106586,-0.0016315406225714125,0.0006632713420589858,-4.185157996142839e-05,-2.4856244884107757e-05,-0.000821947763414129,0.002127938205698304,-0.0005570240614949612,0.0005597037934118837,-0.00012783035292122607,0.0006467891654548517,-0.0009697287713119613,-0.0010004041236560655,-9.671708451915322e-05,-0.00013093852948575666,-1.570077248450403e-05,-8.902577329273305e-06,-0.0001424131372075134,-0.0006723377962723883,-9.642123637864828e-05,-0.00019613719163917483,-3.404757248935584e-05,2.97589243903815e-05,-8.901863869165059e-05,-0.000307746432095683,-4.872268790755678e-05,-3.6492688162415983e-05,0.00022985448292138063,0.0006352322296939974,-1.0203749969037497e-05,1.2756963459090077e-05
-7.562871149302059e-05,-0.0028762705094565674,-0.00028378575134628694,-0.001405148490277864,-0.00010242449145323936,0.0006747739765106078,0.001543989515628872,0.001421799546891413,0.000691184361938967,0.0004439989340775208,0.0007229113295654846,-0.0010002054373627295,3.197711563848012e-05,2.600614749984013e-05,0.0010291013227678193,-0.0014156158833855859,0.0003588309618103197,-0.0005711730439163665,-7.239046817863479e-06,-0.0009344437032973939,0.0009099761737177911,0.001295989671918958,9.675122439550728e-05,0.00014857109772176347,1.68034642177324e-05,-1.331366565802513e-06,0.0001516423281174469,0.0006624703864571895,2.6888037791985982e-05,6.697417444714138e-05,4.7690275323982253e-05,5.0549865679865696e-05,0.00013481005253588937,0.0005376573818360117,9.073156394941594e-05,0.00014928546270327002,-4.358484892465195e-05,-0.0001331070357889228,-7.225894820126089e-06,-3.0493112196756888e-05
0.0008420105544819407,0.0029074259698313397,0.0009225887039527381,0.002743531790155565,0.0015884240976965216,0.0009380741989434613,0.0034833116183820853,0.0026950694567808202,0.004532715164329955,0.00220975704911641,0.002355484341370584,0.0066430737114912975,0.00010898696988248848,0.0003725789802355179,-0.0005330988660710901,0.0025879932726471594,0.0010239874411480455,0.0029342105287270917,0.00037041666408497563,0.0022292622347368967,0.0011033689724785458,0.0031935377116259307,6.224373851632532e-05,0.0003321525804274163,-2.9261161420729824e-07,8.429427398621488e-05,0.00022197940103256124,0.0012323296512560082,9.077759666974e-05,0.00027511039829574384,1.4885895954730266e-05,-4.026228152174063e-06,0.00034765870424798635,0.0008984719076522974,-9.229032552493e-06,1.159974673913609e-05,2.5076994047686736e-05,-5.539464012655534e-05,2.1082868913176202e-05,6.110425616082887e-05
-0.0004627945910635271,-0.0009908838449203573,-0.0005481156473797245,-0.001248578103777179,-0.0017689576924243293,-0.0009223411021907716,-0.005461534242018449,-0.0035862288010381905,-0.004497771952352397,-0.0018944631768022496,-0.0027917003461091806,-0.006397151895917437,-0.00010626168628215218,-0.0003953838993973342,-8.776961113763759e-05,-0.0024086620516760543,-0.0007051652333839297,-0.002261850880214889,-0.0001236298272276552,-0.001315104658386205,-0.002034727922696286,-0.0053495301094931514,-9.711958686139327e-05,-0.00041595982315497613,-5.069899207058353e-06,-7.882055750741828e-05,-0.00016547866824680302,-0.0012326804193508142,-3.724979834629324e-05,-0.000196903059493771,-6.427209458676702e-05,-9.79997062779432e-05,-0.00036180214846272317,-0.0012182971705595404,-0.00010975797213101235,-0.0002609113223676841,-0.0001560943018062736,-0.000288023667864971,1.7082310124132368e-05,2.015391899294969e-06
-0.0008083759926138443,-0.0013123604703279515,-0.0006859534465886789,-0.0015275879010780728,-0.0009715058208564863,-0.0007563996487757958,-0.0013490918151480367,-0.0013845472007794415,-0.004169419782372995,-0.002039925420510768,-0.0008537291414020055,-0.003111278502769881,-0.0001117221193209418,-0.00029866141943372525,6.026059552810749e-05,-0.0016177111773267251,-0.0011707019683710005,-0.002628186811754001,-0.0004916779943839388,-0.0015127746002628342,-0.00021208015282325564,-0.0005596768184649897,-0.00010953580288680264,-0.0003374213677105622,-1.2203894591686934e-05,-6.8273436772547e-05,-0.00039243568143980194,-0.0016541811002600863,-1.9892864264893436e-05,-0.00018403545990468203,-5.255500044695746e-06,9.735745907177764e-07,-0.0004799614304818178,-0.001424037815875634,1.0460382875161847e-06,-2.286853153786502e-05,-8.947739541061549e-05,-9.015862461272558e-05,-1.6260794379018067e-05,-6.89829375652515e-05
0.001057448374400358,0.0016115056595150264,0.0015211955337066222,0.002414199308667087,0.0010872916036479912,0.0008535630918545913,0.0038186411474157105,0.0031685669984654204,0.009299436339460142,0.0040894769368820085,0.0026962142317420203,0.007206716275579663,0.00028207043082995845,0.0007198291175950852,0.0005788740276244156,0.004122619851623333,0.00210055537955859,0.00512090754159821,0.0009270209862789216,0.002765817331028838,0.0011668959137314885,0.0030931607116225232,0.00022192750485736413,0.0007696979877690921,2.3448863152618695e-05,0.0001452758251956358,0.0007287306950423914,0.003310151783526996,5.999015323417013e-05,0.00039669160642885105,2.2448669161033085e-05,4.513707199636121e-05,0.0009794967635514114,0.003172326092306134,6.078906258107517e-05,0.00016403785190252304,0.0003024866784919781,0.0003297600027279118,4.394449338635336e-05,0.00012618256633310264
0.0002541153070470281,-0.0018352135765519995,-0.001347483589427074,-0.002517978402035882,0.0005065296462614287,0.0005204109636652915,-0.00228314741803684,-0.0017048892828104719,-0.010131894257293123,-0.004310220533203212,-0.0020870302534505033,-0.0074164872592152676,-0.0003051279821897751,-0.0007931911297761617,-0.0007360947777553626,-0.00489671323292125,-0.0018240270930475354,-0.004935687425160811,-0.0009132113546746268,-0.002936681675136181,-0.0010633845367134973,-0.003368164917950093,-0.00016641679577462332,-0.0007609697606728917,-2.2623473687602235e-05,-0.00015266197450730133,-0.0006706801976409571,-0.0031707108432082174,-0.0002658703464825726,-0.0006919647716188182,1.5199954057628162e-05,-3.636673582547592e-05,-0.0008992770717427308,-0.003176889157204815,-3.9679934905946276e-05,-0.00012358581778126648,-0.0003765039288212718,-0.00040735106204653514,-4.1552132543079754e-05,-0.00011156908498907565
-0.001195052897793063,-0.0007217341075689373,-0.0004848016695962101,-0.0002750348227307467,-0.0005930943199387277,-0.0009160419623984048,9.649473517978824e-05,-0.001088383701782465,0.0004361264219205147,-0.00045971273795162475,-0.0003181015671619846,0.0006551809817524939,-1.925120791298734e-06,1.4497601626020907e-05,-0.0005494545924499236,-5.878483788668126e-05,-0.0005708430601472282,-0.0001567345028508105,-0.00014789132741756117,-8.010098921581588e-05,-0.0004156866601730478,0.0008961091698642331,-8.682228082553416e-05,-3.526694872897526e-06,-4.705968803034753e-06,3.7053000002512104e-06,-0.0001454516198219357,-0.00017264363655811765,4.246975514207831e-05,6.262655181273069e-05,-5.2027141542892494e-05,1.5886798985737773e-05,-0.00022595953572212497,-4.367525172934971e-05,-3.6626092080707484e-05,-2.8183523577863212e-05,-2.4845355383201565e-06,9.426633580491254e-05,2.7200118671550136e-05,3.280603513297048e-05
0.0001777379477838146,0.002799936524665703,0.0032420222419684863,0.006282389899402441,-0.0004971246475197684,-3.898924166982171e-05,-0.0013022865740674719,0.0006933617448261674,0.011511672536419767,0.00595014417959239,0.0005402503976792149,0.0053997810613915275,0.0002796412095197249,0.000908228301842173,0.00033434032240498175,0.0034200575890600306,0.002614211453195234,0.0057435781909466665,0.0013588920417771711,0.004210546415513174,-0.00011063290511986076,-0.0012003959940156785,0.00015395198252911424,0.0005935613895119131,1.502984031337799e-05,0.00012668393687635223,0.00039979444814658617,0.0013686469553023774,0.00030286990280684674,0.0006514735197829975,-1.9571966830271038e-05,-0.00014195088704478933,0.0005503274552050244,0.0012621516849506366,-6.13827170169383e-05,-0.00017401524576692804,0.00021320536556549682,-1.4556853159767586e-05,-0.0001683253728787176,-0.0001379991329542353
-7.427294497988184e-05,-0.0022972105310203658,-0.0031526920225011393,-0.006159462429396558,-0.0009475095466288789,-0.0004676031864665588,-0.000957504933234711,-0.0006423061264324981,-0.00981682073704825,-0.0044404260684993225,-0.0002567179639040727,-0.0056150470457056794,-0.0002153379898865293,-0.0007762771515760076,7.139448675114692e-05,-0.0024517618466225097,-0.0018965536992820182,-0.0049323242729595335,-0.0010803559586809815,-0.0035430347146838633,0.00042865714555197,-0.00013662369751707868,-7.072118725384697e-05,-0.0005112837487064991,-1.0626568438908663e-05,-0.00011526810443450486,-0.0003822163745132916,-0.0013940312411988057,-0.00014951674071672218,-0.0004282393557629863,5.823162914460129e-05,9.174826959250025e-05,-0.0002537995548061567,-0.0010376246387023894,7.027173462822108e-05,0.00013815285617389909,-0.00019307496734397454,-0.00020011751782827273,0.00013639645557329155,9.741819544863168e-05
0.00018490652141666774,0.0006996996473018497,0.0016151573569277693,0.002399315346292463,0.0012920501684491586,0.0009237680868452319,0.0014572775662089145,-0.00016233054401563427,0.003934991607967092,0.0016636828391717626,-0.0006380515589704595,0.0037392092131710705,0.00010753668013426376,0.00042108754948439874,-0.00022426620499189679,0.0012395814553407148,0.0008372309110861259,0.002300148336928367,0.0005159874233041626,0.0017129562875283538,-0.0004330664960610884,0.0012649033712392819,2.812016262678558e-05,0.0002661332309493678,6.848801373264969e-07,7.869746811184755e-05,0.00043000930420029237,0.0015162898407214819,-0.00012194190157543789,2.54814320204588e-06,-3.930701470230055e-05,-2.3244451196746262e-05,0.0001104505298641045,0.000777990330678657,-1.1681265737362247e-05,1.018995642846919e-05,6.840025858450056e-05,9.468613684659786e-06,-4.155247155885208e-05,-8.022410702860418e-06
0.001211168429928026,0.0038314647970328496,9.283005292289694e-05,0.0015042580971379618,0.0030381117407442767,0.0008572467656784119,0.004695640297658017,0.003458211469286473,0.0012615920448274033,0.00045782606403954704,0.001893623434753975,0.0015606217264879708,-3.0631867273777715e-05,-5.30029546366495e-05,0.0004398455689280083,0.0017390499499211406,0.00039268666806641583,0.0013410011515662984,4.308547334709723e-06,0.00029809634061126,0.0013565004005993216,0.0018399542768385742,8.347773290253654e-05,0.00021745264248482546,2.0470055556925087e-05,3.113080850408275e-05,0.000315816266026142,0.0011854396168105418,0.00014373790605632064,0.0003213091082358208,6.189178945215047e-05,0.00015588553902726795,0.0006363626169116352,0.00170456837201161,0.00010419545644863983,0.00025149605955770244,0.00045381030036238635,0.0012521148015402675,1.1588744177903015e-06,3.4634721542207467e-05
-0.0011168282633428111,-0.004133355772537527,-0.0006612036725130834,-0.0011810715780605533,-0.00396597091766371,-0.0015886475608923908,-0.005147018702963805,-0.0026921472270646962,-0.0012103878104806458,-0.0007659184152654112,-0.0007838382246292414,-0.0037914949841605533,-2.2148391912091435e-05,-0.00013247147567580728,-0.00045164242710283664,-0.0027729443072079755,-0.0008668945700993877,-0.002392900456239621,-0.0001638352727271177,-0.0008098470494990142,-0.0008500596438544232,-0.002806458959050672,-0.00011006466076324908,-0.0003508659169740893,-1.6332980099695127e-05,-8.846155424326785e-05,-0.0006969845487647683,-0.002417139376669388,6.361038595737847e-06,-0.00020892321889942817,-8.41732090420205e-05,-0.00021706822132619964,-0.0007989413696500734,-0.002353848654144644,-0.0001541637537223263,-0.00038822800267268484,-0.0005009529170329698,-0.0011459517414763411,-6.85025256829863e-05,-0.00013300384293394479
0.0004847970495708841,0.002131558687671044,0.0006647907170850842,0.0002816258496134975,0.0009761092561358804,0.0006199307926673983,-0.00026541677721736716,-0.00016544580200948087,-0.0014291285392981309,-0.0004015949711485864,6.326391655754802e-05,0.001598388673101484,4.6222691848631904e-05,7.880793555256046e-05,-5.504146452739089e-05,0.0016029673467374244,0.0001428788504119405,0.0005698294302127143,0.00010764146662591886,0.0002899899502382976,-0.00042766165602521,-0.00036664857886466363,-3.981766642274496e-05,-5.384373448988667e-05,2.289730261258072e-06,3.239890933274324e-05,5.7053532634211765e-05,-7.70849276554017e-05,6.064591740795464e-05,4.8403412592816436e-05,7.3588257200038285e-06,2.145577300894823e-06,-8.402827450702373e-06,-0.0002865989799103526,-5.208224139323272e-06,-1.8192802726714613e-05,-5.9485096317867155e-06,-0.00024621449869097596,2.604930703726409e-05,2.274329699715224e-05
0.00038051469779367927,-0.0016160818542595868,-0.00028225848990652574,-0.0007892624108492961,0.0011959937265704564,0.0007374715712880093,0.0046890145666569245,0.0030095516660853332,0.004402185714825159,0.002556020242280191,0.0009742883566415138,0.0012242680620389223,2.7075512946115383e-05,0.0001559947274887648,0.0010263737381704387,-0.0006502272863748585,0.001264484603452516,0.0017163079680817901,0.0002215564910910877,0.0004118744999370922,0.0016049799722776222,0.0032371278878818234,0.000288203761582869,0.0006039999448749701,1.9620130795522056e-05,7.086306164484272e-05,0.000838472057354327,0.003339493087882086,5.576381683729651e-05,0.00043337245432234516,9.840829329145147e-05,0.0002001897863977207,0.001075556603289989,0.0034299397158973634,0.00018630365025795178,0.0004257441988206917,0.0005582278834994705,0.0011526010710224068,9.154706675042265e-05,0.00018670355753990357
-0.001575898068618944,-0.00015184003032262043,-0.001278849117458535,-0.0006236237277301895,-0.0010362252650422288,-0.00127586840607333,-0.003003873764457052,-0.0027482323114069967,-0.0023722773114637345,-0.0017628127308214696,-0.002605245851852746,-0.0029574821472372324,-0.00016178123979089485,-0.00033405578137074766,-0.000735173213000723,1.9268247230708354e-05,-0.001276377548212149,-0.001666824881498724,-0.000618599036366131,-0.0008151205205789374,-0.0010580888947765198,-0.001723822077420939,-0.0002228687723085667,-0.00043772692359601823,-3.43185265944071e-05,-0.00011568002636690442,-0.0007426213344587318,-0.002539801164041393,-0.00032151727056207595,-0.0007372425602055095,-5.012814363847987e-05,-3.053876372287999e-05,-0.0008395046344196202,-0.002202571442230966,-5.5655547802175544e-05,-7.095066732755933e-05,-0.0003559537878959559,-0.0002237727908706151,-0.0001339602836995138,-0.00020334124208914875
0.0013826330315490057,0.001761569951145195,0.0016695148065567406,0.0018590195348076543,0.0003360792888944106,0.0006004900493801783,-4.956974497267003e-05,0.0008886060184563274,-5.117942338378289e-05,1.4211740075523869e-05,0.0019244017646588164,0.003770671236043699,0.0001438599076795584,0.0003012700019291,-0.0001540267447249587,0.0016845608345231874,0.0003807481415630078,0.0008073487091441443,0.0004399349526783944,0.0010221923651168457,0.0004886493696094422,0.0005336417933667489,3.764782394510559e-05,0.00010359612897209384,1.9511870841149907e-05,9.207956381693301e-05,0.00020154845262881834,0.0004011939721611624,0.000220846683240193,0.00038604923261841104,-2.9707909836033386e-05,-0.00012505519912340247,0.0001894442602864138,0.00024377310979646546,-7.230151654361975e-05,-0.0002069747415572305,-8.23967048113715e-06,-0.00038242027822182244,8.770537163830669e-05,0.00010976898066757088
-0.00040768802094574093,-0.002328672269593985,-0.0005669764924971681,-0.0010565340630269448,-0.0006319998692286697,-0.00044878637393591994,0.0008554364176921849,7.574181744413872e-05,0.00017864438998270758,0.00021100128790531292,-0.00048688122133308244,-0.0034313776915551385,-4.900202902671621e-05,-0.0001708460742783522,0.0006334492788999327,-0.0026232765322242286,-0.00024218212714426053,-0.0008095612153632507,-0.00019150427010401668,-0.0009031378666210802,0.00034607083179342534,0.00033808529892312514,2.931934379712967e-05,-1.4191419832018475e-05,-3.04391495705928e-06,-4.168670079587151e-05,9.076432468842906e-05,0.0006023028102568737,-2.966177385789208e-05,6.912909531020063e-06,3.98316960307677e-05,0.00010643563196748044,5.962597524123489e-05,0.00030632585178334777,7.579205640081404e-05,0.00016970931424748528,0.00012236750236892946,0.0003181707619748406,2.4646872104502293e-05,1.1442020920523302e-05
-0.0010508417942537338,0.001051588027734924,-0.0007504643277297196,-0.0005356436812784175,-0.000361848482977913,5.0837718231826425e-05,-0.0022742554059904034,-0.0011123277073362687,-0.0015080856022983838,-0.0007030028074948244,-0.0003660898122398982,0.0017204540814291407,-4.479513564251934e-06,4.70066987219364e-05,-0.0012000014118364415,-0.00018955142029356405,0.0003188460626404257,-0.0002546117912393213,0.0001318877371282344,0.00011667668041489852,-0.0016353715188490111,-0.002574146829034718,-5.963225049787487e-05,-8.645902200828542e-05,-1.3628652356058137e-05,-5.360290719795354e-05,-0.0005089088129343394,-0.002131493111719919,-0.00037944451794637036,-0.000746386728215331,-3.796599543831443e-05,-0.00011974524653642794,-0.0003948642589203725,-0.0013191841618192949,-0.0001084505709822484,-0.00023837490735216724,-0.00036741837532479983,-0.0007319492382848448,-5.084311938662017e-05,-6.356622754874601e-05
0.0005847705526330555,-0.0005121966167769108,0.00038169750721325167,0.0003906384192836419,0.0006216730673882373,0.0004926776139505411,0.0008114345175821058,0.0005242358827327369,0.000639412704594486,0.00017713452465674512,0.0005753750173327924,0.0002110177231776354,2.9409568611122724e-05,9.02685348235421e-06,0.00020045340156006332,0.0006828139190004873,-6.994120882466152e-05,0.0003654936507697982,1.0862019021854043e-06,7.901931216835877e-05,0.00027086224339427725,0.0005880109778265902,-4.535567447037993e-06,-7.033749669476219e-06,8.529870945052543e-06,3.4779881542564735e-05,9.293945825287564e-05,0.0003522149499670992,0.00018379707096241225,0.0003097310433620866,-1.405215136983905e-05,-1.9624847663142532e-05,-8.5014671041819e-05,-0.00013558670128718364,-1.3992955358748333e-05,-3.1855405670296874e-05,-3.099970715918112e-05,-5.626416987521525e-05,-1.2711730227670497e-05,-1.0956829850323924e-05
0.0004513582844590167,0.0009283714622681281,0.0004277360412605066,4.101395921680161e-05,-0.0008138481726920516,-0.0007097448758094703,-0.00014673859281058156,-0.0005165684922908911,-0.0010546107351267191,-0.0005699736883408725,-0.0003655233934509961,0.0007052536607344705,-3.267151225805894e-05,-1.4798351425868852e-05,0.00011803456476795293,0.0002397616613312819,-0.00013837052815233723,-0.00017092891102378916,-2.4938538443154054e-05,-0.00019261369367301034,0.0001494828638928348,0.0009145995389790149,1.3152993486920005e-05,6.772398142238278e-05,-7.733326251729983e-06,-1.1798731071695912e-05,1.1258120554528904e-05,0.0002607644226645526,-0.00011389988431508272,-0.0001924294020971891,2.1385020992833976e-05,6.995179440498185e-05,0.00013231111691277365,0.00044293722712490847,5.7435543695660686e-05,0.00014948512211395933,0.00022890118009828275,0.0003719878519352556,-1.1500929727541912e-05,-1.844721574351354e-05
0.001187632249756566,0.006172048123215424,-0.00039923646854032543,0.0004170561651423389,0.0026611975892190933,0.001196705489837869,0.0024615723771964264,0.001643559136563877,0.0007670216199616675,0.0005580468407557912,-0.0007029121976956177,0.0020207518670923305,-5.137005374803553e-05,1.1733600671750633e-05,0.00027412838013856966,0.0017469031766137611,0.0007498354138055351,0.0010099148660583715,0.00023941102059023286,0.0009735462870394531,-0.00036187293150377815,-0.0004211492677061787,0.00013008943239082522,0.0003299747328844812,-5.5016128080620315e-06,2.7089967999333885e-05,0.0005670376307076693,0.0016477606910615492,-0.00020835824263026366,-0.00021220289125183233,2.1047402697857885e-05,5.167440424165153e-05,0.0003020026701646893,0.0007160006758549983,5.7674748177600295e-05,0.00014542805778898217,0.0003499523120402776,0.0005479381170159359,3.5610673905858166e-05,9.168588057142998e-05
-0.0026214724684867764,-0.006462886104252264,-0.0008083796814402804,-0.0008958907129296076,-0.0018718598635459399,-0.0011825279558834475,-0.0032428778546357484,-0.0016043861344868329,-0.0020303495782043666,-0.00046776162805967325,0.0004300134941118724,-0.005899212859803203,1.090065695551389e-05,-0.00015562830740943278,-0.0007125421541452834,-0.003984147892223041,-0.0014792795244307029,-0.0030507887461395846,-0.0005819624535597058,-0.0014110841069244037,0.0009675940067937522,-0.000576330612177858,-0.00015094751260600383,-0.0005694619471220242,-1.4400202065747631e-06,-9.175933828693183e-05,-0.0008340706573215963,-0.0029898200591194648,0.00020480803409755348,0.00012648518041314817,-6.8258638909059765e-06,-7.698197140726931e-05,-0.00034491055781282905,-0.00159240692670483,-2.8413194739765607e-05,-0.00012108501352189779,-0.00043510489741861724,-0.00030463823884308087,-0.00013444546663296644,-0.0002091340918991079
0.002948727096954536,0.004714614146165916,0.000967206474255402,0.0004333665622233819,0.0008811188271030495,0.0013107976706635913,0.0033732624534749973,0.0014819777355839546,0.0032171221578712324,0.0008430272571330491,-0.00017004780093294756,0.00794233816699292,1.3369935129537724e-05,0.00021308106457902586,0.0013966740479965708,0.005929537611047263,0.001826207283129033,0.0038060232941324597,0.0006537373944376627,0.001513151162561793,-0.0013248653970466414,0.0010769068550484343,0.00010085115296451684,0.0005556552941066124,7.590974443631088e-06,0.00011684002964962085,0.0008114465103514741,0.003060980257539064,-0.00011840178272790359,1.2627348471535759e-05,-2.2827603845683095e-05,3.699164315170805e-05,0.00030354852107510196,0.0018309133246468465,-2.9286620278933404e-05,-5.218675588938728e-06,0.00022194788024569275,-0.00024317882949077173,0.00016432694200806553,0.00022385252731064645
-0.0018748962489075144,-0.0010257237159029685,8.62538403066622e-05,0.00048649181909364477,-0.0007003304189630576,-0.0010916482969902407,-0.0027367613683806327,-0.0016097057686450715,-0.0012332505177318983,-0.0005348936923419339,-0.00046090758307756137,-0.0042030801617636195,-8.5314666399291e-06,-7.718994098682102e-05,-0.0011136525815685246,-0.003093825761584053,-0.0006422747197789178,-0.0013870123553000415,-0.00013366462181854717,-0.0005581578967516562,-0.00015955061648581615,-0.0019565501156695664,-4.436614265896317e-05,-0.00023607717555128129,-1.976007710905391e-06,-4.8010851571453276e-05,-0.0002479285660917419,-0.001034253999719158,6.497211579201328e-05,4.871438811442206e-05,3.062334312573508e-06,-3.9923960267940966e-05,-0.00020078075550975817,-0.0008945625422461811,-2.751623178721377e-05,-9.046547322063619e-05,-7.712891591125145e-05,1.4753966410863987e-06,6.369496178344152e-06,4.724067367524546e-07
0.0017713268428102493,-0.0012490515105449784,-0.000748762820915843,-0.0002804217184643162,0.0016892882652757347,0.0011446107851240917,0.003962361000100818,0.002290201410584683,0.0016001960905559734,0.000720563633349328,0.0015452343899044756,0.00272620004197961,2.8706670132566357e-05,8.821974172656083e-05,0.001300521511709189,0.0007014545485596234,0.00094876418508643,0.0019249726639054305,7.410924572285095e-05,0.000729645703794806,0.001120921265879191,0.003265648898373827,0.00011977298575715218,0.00039800729323821916,1.3478619486948201e-05,7.020991399019095e-05,0.000282791559627486,0.0016205898877198468,0.00015518422492707097,0.0004200096480576207,5.888901102916906e-05,0.0001667871854474498,0.0006695107161183092,0.002392573271628379,0.00011970121805975628,0.0003297616975982706,0.0003379361227952019,0.0009138118485779133,2.385155282180515e-05,9.118676742402089e-05
0.0005267722322453301,0.0033911194275206445,0.00134268065112152,0.0015324757772799634,0.00017340234933173047,0.0004330368794507147,0.00047151453574296233,0.0006272932353926854,0.002569564544077377,0.0010366166450745352,-0.00020277680439310895,0.005649262052388939,0.00011660350248158434,0.00040899889498448457,-0.0006811528802489281,0.003739380831405391,0.0006061227557822045,0.0024669004043461674,0.0006367896591479171,0.0017162324283943851,-0.000407344223522281,-0.00022350692021709607,-2.2889065543797922e-05,0.00014389046736069014,4.818003207655167e-07,6.564420316647426e-05,5.28747784663029e-05,1.053320858173454e-05,7.329940649180974e-05,9.971938992669748e-05,-7.64244845270719e-05,-0.0001418187221835623,-0.00016006947417293663,-0.0005097658645656825,-0.00012129845242870385,-0.0002703183028439215,-0.0001420871640682556,-0.0007482546761636636,-4.392864975576931e-05,-5.50799027840806e-05
-0.0013781223473331502,-0.006689025149915252,-0.0019456734917594667,-0.003784133572707907,-0.002264969844040835,-0.0011716440840064985,-0.005587180846861243,-0.0035653057863300327,-0.00801988893249272,-0.0035665479988159243,-0.0016729900747319481,-0.013430360665992116,-0.0002838243898463252,-0.0010066180739810424,-8.019709912835408e-05,-0.005648674659013708,-0.0025506498419473897,-0.006302433734711582,-0.0013107910347061682,-0.003927894980685312,-0.0005712119096482926,-0.00298812049580148,-0.00015508569138012897,-0.0008043217689147819,-2.4912834330927952e-05,-0.00019407151633106,-0.0004894863238773561,-0.002096832410040329,-0.0003842829541099998,-0.0008385029018993774,3.1908576922304485e-05,2.5369996322183684e-05,-0.0007018906050170235,-0.0021480700455274873,3.491359363834172e-05,6.352372752138776e-05,-0.0001588688456229837,0.00011755534984852238,-8.587078861173474e-06,-8.925262698458486e-05
0.0015635594374800524,0.007029466833940257,0.0012507411199022408,0.004238086013038254,0.0020948930783771086,0.0011117393884828143,0.006435060595812091,0.004020940077161109,0.007820935994684303,0.0037866607159046974,0.0023859379673830117,0.01326327676903302,0.00023066804685285827,0.000895197900275775,0.0012378926702048619,0.005036594009066705,0.0028618732778467886,0.005642976338038651,0.0010278674615443626,0.003559156744167981,0.0007588751625945519,0.003986311476282177,0.00019822483217698505,0.0008722318020927629,3.447989535115512e-05,0.00019982217839383188,0.0007451771457690162,0.0032803489496443113,0.0005088170459622073,0.0011434556363380472,3.468853414528235e-05,0.0001241528172639589,0.0011730581331946036,0.003517841876526881,7.420409597847209e-05,0.00016555446694146647,0.00022838496877893242,0.0004056240699328281,4.5076184450234546e-05,0.00013472426774770364
-0.0010402942845400436,-0.0010376570546456057,-0.0003014510441795178,-0.00279024095870243,2.3611476532667162e-05,-0.0003626583364376815,-0.0005829809699145425,-0.0005751815591746127,-0.00263844119125788,-0.0010479227687406095,0.0003829476963153619,-0.004639328404589749,-5.543279608133765e-06,-0.00020666100769509447,-0.0007247837410218124,-0.003607136086906215,-0.0016073751665625746,-0.003696695383395024,-0.0003893516688861521,-0.0018540104112609427,0.0007244863868589355,-0.0007321859553865382,-9.312871531159058e-05,-0.00047944137356562894,-1.3665014151051889e-05,-0.0001247394028972408,-0.0006508636620295719,-0.002993171763755878,-0.0002805382395814182,-0.000738696836221445,-2.942364823681845e-05,-0.00011659284485860552,-0.0006364953608348726,-0.0024332223903811654,-4.762294593944218e-05,-0.00016988677531355048,-9.701226985520208e-05,-0.0003109078491658815,-7.354691197658598e-05,-0.00013052605583220613
-0.00010220635363498205,-0.001805009239461718,0.0001016238593111245,0.003396247938689737,7.477918390397845e-06,0.0006095539713573137,-0.0015212634930240189,-0.0003071756446173604,0.002697163039669235,0.0008735610344524552,-0.002480519502865512,0.0018758821694849397,-3.344960055224744e-05,0.0001066390300666106,0.0006818170615387769,0.004889459174216805,0.0018255058271553506,0.004870817866412506,0.00035283646530293467,0.001943818716009956,-0.0010977582117087622,-0.0012240926813016813,0.0001468894574615034,0.0005094409795091933,-5.770805944179879e-06,8.171387839214608e-05,0.0004327988455546812,0.002015969864060003,-0.0002802025340349472,-0.0002452634583810115,4.274234306305519e-05,9.323383015035772e-05,0.000311539552066793,0.0017296963912171125,5.476220285773244e-05,0.0001983042856459593,-0.00011132617204211353,-7.268085822532807e-05,4.1849834772632135e-05,9.057074764903693e-05
0.0006623645254991334,-0.00015503224142642173,-0.0005159835039044355,-0.003473555420740427,-0.00043547876043469107,-0.0001887691097214565,-0.0009898672623247819,-0.0014175987727097763,-0.0030940013113815055,-0.0017126730475173094,0.000280091749923758,-0.003844216949399374,-7.99209267624587e-05,-0.00036255312266054236,-0.0005386527801707498,-0.002678726571148298,-0.0015655223425053045,-0.0033808535594245276,-0.0005114349476040156,-0.0020472820158398465,-0.0007668238084657002,-0.0006647947883902788,-0.0001735401459452962,-0.00046992054556131344,-8.352331144213052e-06,-7.225677188615266e-05,-0.0002186265310679331,-0.0009108988453032406,0.00023699901311979111,0.00025231928581980075,-4.8002101053986074e-05,-5.127583085085397e-05,-0.0005071784953292007,-0.001590453662695205,-7.237093654448515e-05,-0.00017371246788760926,-9.316404392774175e-05,-0.0003211355498010018,4.3839161409598433e-05,4.257519652443372e-06
0.0006019467365701581,0.0019066286971146725,0.001359536304714788,0.002532994979753309,0.000582542285425826,-0.000359481109597996,0.003051141348853787,0.0031263230827680713,0.0019612339756288804,0.0014546852291629911,0.0029994629576940925,0.005172240841120066,0.00011880719802849058,0.00027682651208598075,-0.00035590763975544326,0.000441598218523926,6.401544779117498e-05,0.0008072297796351496,0.00035534460768089666,0.0012826952102958605,0.002327695432911821,0.003289964642816258,0.00010055960443933051,0.0002461507677881033,3.0046529485813033e-05,8.970135198361446e-05,0.0004271385165105638,0.001342423833848854,0.0001522226286488167,0.00035696910743219536,1.4786416550381062e-05,5.2170865446207995e-05,0.0008309942358647723,0.0018894486801491956,4.3683519858353944e-05,0.00011174835682323834,0.0004507488450212253,0.0007831819613776708,-8.622970158263873e-06,2.188435162955578e-05
-0.001563492085148593,-0.0015621538744763582,-0.0004979081006223295,0.00018535030471902395,-0.0003418573648392397,0.0005649131297232772,-0.0032937004692167988,-0.0027650066909428194,-0.0012804372738220975,-0.000805447077395899,-0.0038679889424436103,-0.003724973720869648,-6.549380802814178e-05,4.732522490293094e-05,0.0008392699581029371,-3.698180393467286e-05,0.0013639350900902325,0.0009520443646799132,0.0002160373846575264,9.061319866510078e-05,-0.0022189813989937457,-0.0037307624363171325,2.9900646576626748e-05,9.003925805125946e-05,-1.4883912944629308e-05,-3.232975905181541e-05,-0.00023204311230899197,-0.0005445623665617228,-0.0001650133823768439,-0.0002664411655150151,4.711256693862833e-06,-7.377786308659718e-05,-0.0006852732251042977,-0.0011340334296675312,-1.5424599021723832e-05,-6.0133640848273274e-05,-0.0001947306737352908,-0.00021530673480648228,-2.53406626591869e-05,-2.7069883483240404e-05
0.0004964554256630308,-0.0003584634149825635,-0.0012743016661494685,-0.002067811857547088,-0.00026626491814138936,-0.0005555588780248865,0.00033660860981184307,-0.0006104376387076364,0.0002925523542001095,-8.403954299256335e-05,9.058275115922906e-05,-0.0012968653948483703,-4.3057955184489824e-05,-0.00019519339864697063,0.0003532021148122052,0.0005768435995924884,-0.0005390519364424795,-0.0003245168482726835,-0.0004654079387753669,-0.000723713764666271,0.00032097228152825214,0.0010234803131960483,-6.068350183263227e-05,-0.0001534042989733543,-5.80772215701219e-06,-2.818624992267971e-05,-0.00027614041736695845,-0.0006259196600067685,0.0001434197426731874,0.00022841473413277584,2.6728774078615743e-05,7.832138067720086e-05,-5.547731060226279e-05,-0.00029197746241625526,3.2293076467894724e-05,9.57312747103459e-05,-0.0002671493289166694,-0.00025085137009288886,-2.8134403661999634e-05,-3.073295636759877e-05
-1.8674826638635277e-05,9.427429221502731e-05,0.0009083365324562498,0.0011734277849245575,-0.0003563265487046528,-0.00028088189040851935,-0.0005341716919294792,0.00015677867589119254,-0.0006294666428431923,-0.00014542019862023379,0.00043768361075215704,0.0011655432173492194,2.570887287664597e-05,9.091558210179871e-05,-0.0007949329433205233,-0.0005364438613851846,-0.0003185453425771313,-0.0005167351175846303,0.00018603379927872,0.0004281290030848071,-0.00017918072257058093,-0.0005608081916431826,7.523202391358116e-07,-6.07419820188101e-06,-5.360367934194711e-06,5.3714587754548925e-06,0.00019998091062518395,0.0002572045791334621,-0.0001683683984810321,-0.00028446486736231555,-2.9764758089501413e-05,-6.0191370416909846e-05,0.00017432525890546932,0.00027450465641119375,-4.329577966340469e-05,-0.00010622550402507182,0.00018360885815785812,0.0001392182649679463,3.279073030193679e-05,3.489248873190027e-05
0.0005533397327251268,0.00013013043380900554,-0.0002841100681917023,-0.0011368742721498697,0.0016575451734395477,0.0012606960362356626,0.0033348016719645128,0.001930289316004065,0.0027009715876692513,0.0012609335647087406,0.0009670100846510945,0.0015283944430328866,2.5678317262061105e-05,4.069566756457448e-06,0.0012055522835377952,0.0006789825009358634,0.0005634869918490278,0.001001289993687948,-8.845364284479195e-05,-0.000454328642999789,0.0013138287095260056,0.003021100166125568,8.295939243638965e-05,0.00025111542066749736,2.180895404472361e-05,5.6380969123511244e-05,0.0002047321326403237,0.0012403112387763511,0.00019705673575163226,0.0004155389637765331,5.705434378823657e-05,0.00012006242179817079,0.0001848733623019335,0.0006989651453532377,0.00011714921769685434,0.0002720525023403581,3.265223275410869e-05,0.00011637365969041561,7.702080355877673e-06,1.5491533666087776e-05
-0.00011145765769251597,0.0002092156459020283,-0.0003631007107085077,-7.632636508622362e-06,-0.0011307470274945475,-0.0005398197467768567,-0.0009823347193280766,-0.00015558128114796972,-0.0008443027840641052,-0.00020076153182476317,-5.9933241945003756e-05,-0.0004046364882154571,-2.103462128837315e-05,-5.0420708635580244e-05,-0.0003186600332047133,0.00013251241617068355,-3.377534796977638e-05,-0.00027836207005202884,-1.627041237100937e-05,0.00014886102298372706,-0.0002520396798026504,-0.001311731633244728,-4.402244889109815e-05,-0.00020540664096768438,-3.1650890952118636e-06,-4.727263324654845e-05,-0.00036046216072365545,-0.0012948002426015105,0.000124177908707766,4.003408910217406e-05,-3.2531078467880736e-05,-5.61697044890822e-05,-0.00022574491924987316,-0.0006216415183537379,-6.705130318624284e-05,-0.000144925295437739,-0.00011368047150593974,-0.0002780429974013777,-3.638785708221391e-05,-5.754544412909596e-05
-0.0010477081820312623,-0.0006424794328682158,-0.000755941374803119,-0.00039982712058781274,-0.0003587857346020114,-0.0007540669627257854,-0.003379630620567983,-0.003269520784801286,-0.003328210854604276,-0.002151422450299682,-0.0018305271664005886,-0.003642519694461849,-7.383495363210557e-05,-0.0001339615741538508,-0.0007322370892269483,-0.0011886070628400814,-0.0006117189355161845,-0.0008790639535748977,-0.00013617848460142307,-0.0004123389119773922,-0.0014354291387286985,-0.0019447689289216756,-4.699802524665747e-05,-8.796817206276492e-05,-2.5316425689209956e-05,-3.6889922568055254e-05,4.7741526057124384e-05,-0.0002685634098303505,-0.00046750063738185875,-0.000637583395762246,6.449765917095424e-06,-1.0410385299982378e-05,-6.19974468427299e-05,-0.00016052355395025116,-4.5652719615147466e-06,-3.311759356237837e-05,-0.0001488752437310287,3.258930656332259e-05,4.5885618033827015e-05,6.906238696442636e-05
0.0004397959127636809,-0.0005965629487955579,0.0006811458003794522,0.0003459414816533582,-0.00013033583924844952,0.00023409227862740962,0.0009728570690131879,0.0009124322536694296,0.0009251418162997576,0.0006041904122851818,0.0007473730705539451,0.0013033981228681652,4.3689003285578835e-05,7.887845757646051e-05,0.00010373418384563076,-0.00030259735867630593,0.0002120048634399821,0.000207698178949368,0.00010897306440456655,0.00017075587625180153,8.406276233213925e-05,0.00017595090940895355,-2.69853154439118e-05,3.596172170533072e-06,1.032914869980553e-05,2.545564260131184e-05,-5.335906929166149e-05,6.130879647198899e-05,0.000270980684017724,0.0004011319035693029,-1.3856304609784825e-05,-3.5125318005706654e-05,-0.00011438291468827863,-0.0002568333198248712,-3.1315452080977784e-05,-6.33870263857707e-05,5.714085648543439e-05,2.0824465251942414e-06,7.526162034007428e-06,3.291018995618543e-06
0.0005843958195683213,0.0037034425044311257,-0.00034821605417865786,0.0005338337200985113,0.0022937868469411695,0.0009125130850324662,0.0034299081634685947,0.0030928114255306524,0.0040582094573753886,0.0022840346699410934,0.00021832722183757827,0.0031977645303310253,3.398317639067262e-05,0.00020293447925074767,0.0006917796726443176,0.0034691718022820386,0.0005361682886320301,0.002027011418424314,4.897179260589656e-05,0.0009427661833216102,0.00233028097448398,0.004412535697845867,0.00023976172037085052,0.0005093528771093365,1.6639100746219385e-05,8.300032366054604e-05,0.0008847616487728456,0.0029878879953965944,-0.00014810603366473732,-3.6707706144761425e-05,7.663714057472401e-05,0.000207286980673375,0.0011698201399895,0.0029480437867684716,0.00023272482654337174,0.0005358651961064273,0.00042655776234456285,0.0006948703702244804,-3.416765553241466e-05,2.21702004124374e-06
-0.0023805752555082567,-0.005344048513458865,-0.001404095329004912,-0.0027055849296893884,-0.003705776516506064,-0.0023367122757188955,-0.007396187215157519,-0.0061422594564762845,-0.008894615808755574,-0.004592211561263663,-0.002133501712567142,-0.010987616583207682,-0.0002282834701800703,-0.0007368896863299067,-0.0011617874170200793,-0.005524890804137682,-0.0026105439681264543,-0.006344005592024649,-0.0010401376262481564,-0.0032015576265192825,-0.002603193914348369,-0.0065321256063804916,-0.0004000823093918808,-0.0011610871240931248,-5.155413383866267e-05,-0.0002493624382856733,-0.0014924870957253164,-0.0056572248312452035,-0.0003337590460562861,-0.000905767831014809,-9.429941633587935e-05,-0.00025708806542466703,-0.001985880890487335,-0.005540266959990318,-0.0002849573957355489,-0.0006707639012781452,-0.0007115810339650313,-0.0009776029226391575,8.6080445371867e-06,-9.9220069687341e-05
0.0026842157112730693,0.002157675910293092,0.0016203797120624773,0.0020499114867584423,0.0025326238310965027,0.0021996700622581543,0.005907784714286487,0.0043737286888762186,0.006006541856575691,0.0030553706277297228,0.0030703190512490447,0.00939335452226985,0.00024470517589732043,0.0005968266080425814,0.0012738477927232885,0.0038042847293426716,0.002841224865745592,0.005540485501746314,0.0013549191310239929,0.0028395176621553962,0.0012476094883413752,0.0037240912326569047,0.00035278702256854715,0.0010516148143780522,5.124157867163239e-05,0.00022124122920918611,0.0011332329198451784,0.0044905356035859385,0.0004225528779860127,0.0010004473635527888,8.222872634450906e-05,0.00015296696309584668,0.0016608614901556563,0.004818362532205116,0.00018900950442097623,0.0004028366372808722,0.0004954658367466295,0.0006691912500990656,5.7782401425817635e-06,0.00010902097912873733
-0.0016023716479445023,0.0010384605587833995,-0.0006036794543622622,-9.927068644905093e-05,-0.0006227038866429752,-0.0007279845323196868,-0.0011890886825800093,-0.00101355420916961,0.001527484102340116,0.0003038059685162926,-0.001560221287099787,-0.0008205632067557995,-3.232658301786965e-05,1.659867818533856e-05,-0.0006433000929009105,-0.001009531002516974,-0.0006520104749993048,-0.0002572620646386069,-0.0003689278718172771,-0.00022841113928422354,-0.0005840634264651543,-0.0006158921663868304,-0.0001455221423887799,-0.00020895717697245341,-1.947723842801868e-05,-3.514381629485886e-05,-0.00036171656722750785,-0.001265331817631425,-6.248321942001722e-05,-0.00020700695099225394,-5.230331376831963e-05,-1.6249013970547158e-05,-0.00040957583161362087,-0.0011187063178458828,-7.057247318332168e-05,-0.00013503096454812126,-0.0003450001048508339,-0.0006489341072112613,-1.2131774636240365e-05,-4.538825227925316e-05
0.0014007210610503756,0.0011881248258490654,0.0009381064144712919,0.000567108974045353,0.0011754063346551377,0.001068932912033338,0.0015693128621610405,0.0019288290175895578,-0.0018933432165719405,-0.00048199833235438655,0.0009127465243539076,0.001199968300129589,1.1539614866198688e-05,-1.4140981220838817e-05,-2.1056993730533963e-05,0.0011680629476505608,0.00010084567882023936,-0.0006605280022018666,9.054037829550566e-05,-0.00016531097278733132,0.00049763331801229,0.0005481470880472636,4.766078344425425e-05,-0.00011583832386210727,7.886743865884966e-06,-1.6749588141106057e-05,6.887460344781542e-05,-0.00026071618904308303,-0.00011267982539964987,-0.000250615020660767,1.245434862368477e-05,-5.9904933447606124e-05,-0.0001867529696013588,-0.0009353428972253848,-2.8268553843483758e-05,-7.696748952060279e-05,0.00020306246316233298,0.00011895040162546252,1.6617542525761885e-05,1.131838364697645e-05
-0.0005311328588891179,-0.0030536580975617463,-0.0005700915697220369,-0.0006814663376117708,-0.0018931829557959038,-0.0011857408779852516,-0.0029456647033276303,-0.0026763829620569386,-4.168050850553808e-05,1.0064392288061475e-06,-0.00032925169358408326,-0.0019356758103389858,-7.393558458529601e-06,-2.0301869791700674e-05,0.0002951284222301247,-0.0013439335633241014,0.000187836964799187,0.00023986237143805818,0.00010850341210303884,0.00020568725940881878,-0.00020245295167877744,-0.0008587538214693189,3.0368241974518108e-05,0.00014986257705968244,-1.429128356834966e-06,1.706832885929176e-05,0.00013050685791416672,0.0009045597683882879,0.00015492091799164558,0.0004026658631810031,1.3506514228525364e-05,3.17841765395587e-05,0.0003186232771103592,0.001246262333849215,5.6021949165556785e-05,0.0001200832506078696,7.04899008381945e-05,0.0003608295528065691,-8.53929007756896e-06,1.840033186014542e-05
0.0009056641817933311,0.0025606781529098526,-0.00023014300231947215,-1.3986685306992192e-05,0.00294124082654247,0.001844631807256484,0.005595229192711444,0.003909491676284461,0.0020412441259641868,0.0009505425001865603,0.0016030574268984204,0.005182457908952042,7.088925736539285e-05,0.00020309635946706527,0.0001697427492119013,0.001708497933509115,0.0005646715694149774,0.0015117667927003876,8.69729001944737e-05,0.0002608602808875697,0.0007168684222120802,0.0031389638955026593,0.00011501599457003884,0.00039020663334023506,2.5107847433663876e-05,9.086701735584819e-05,0.00038582376936358937,0.0015957884725348644,8.588640259923633e-06,9.943871407770279e-05,4.158141966491346e-05,0.00011891081053350046,0.0005374436106474739,0.0016900841881918624,0.00011613204788376842,0.0002903542867403025,7.700238688294668e-05,0.0002458490252941954,2.458506381217938e-05,5.0674689801900946e-05
-0.0006242785888135354,0.0005885022193899604,0.0005543132931908772,0.0006555739874324186,-0.0011561007712606235,-0.0010890862814053142,-0.0039286884559591555,-0.002630099681086727,-0.0013262321585303925,-0.0008444018496009977,-0.0018616493786517308,-0.004388514744886419,-8.930865737861631e-05,-0.00024435038093640807,-0.0004901437544679062,-0.00047143384963903637,-0.0009949269856819154,-0.0016155957269909556,-0.0002941452092064218,-0.0004725047348183528,-0.001023008132274894,-0.003145885660734574,-0.00017932655856066392,-0.0005460938373168935,-3.7197848295961e-05,-0.00012218601107505205,-0.0005212977679092137,-0.0024811507380709465,-0.00020802148890424838,-0.0005670053894763199,-6.875447818149685e-05,-0.0001435850099804942,-0.000781910349871957,-0.002636358277324995,-0.00018071161840078846,-0.00041416704400774705,-0.00021626664549667364,-0.0005789373875788958,-1.107629468040542e-05,-5.524198218810925e-05
-0.000672022090139896,-0.0014302312689261384,-0.0007148760159895716,-0.0008223661517529913,-0.001764718183824226,-0.0008841925258425987,-0.0007633742809794314,-0.0010109187292019078,-0.0004050520697190936,-1.3181220773566154e-05,-3.304860371089396e-05,0.0036475449325915938,5.852913405230617e-05,0.00023840104568892317,0.0007725650424951522,0.00044680919516216366,0.0011498830700504283,0.0014059955762034215,0.0004932061540098382,0.0006982720186991724,0.0003234254850897572,0.0013769392468164694,9.936621342467748e-05,0.00041090571353649284,2.214867078401203e-05,9.237551620289897e-05,0.00026528112509848016,0.0015746777472575829,0.0003056941396722493,0.0007250641718342614,2.8805360204709474e-05,6.130138885516164e-05,0.00039728062996071274,0.0015954938835047636,6.106286169770635e-05,0.00014660579861810612,0.00011426215934988863,0.00023928268693622926,7.603171624166872e-07,3.8825606041059407e-05
0.0016041450322099872,0.0005382235949528612,0.0014670567310959618,0.0006563902855113759,0.003513588464104697,0.0023763785491923086,0.006041474699793858,0.005019403059120948,0.0017557709812131516,0.000740917080837337,0.00231722503310246,-0.002147928661360935,2.875591793209135e-05,-0.000191487202844968,-0.00048602546787590264,0.000349051068578231,-0.0007258952132286514,-0.0007516194448026009,-0.0004572930881261746,-0.0008084072373236626,0.0008267037839907773,0.0015269418703877896,3.439934097278396e-05,-0.00014117752493828165,1.5482304720220602e-05,-2.1886497512791483e-05,6.354495702783339e-05,0.00010269016627262733,-0.000170298287452905,-0.0004896867408303113,2.445245254853149e-05,6.169801191038897e-05,0.00021046907956834708,0.0005800185943471444,9.597349966424184e-05,0.0002111968798659243,7.434398021916585e-05,1.9352468292446664e-05,3.3008759849283096e-05,6.93986286379157e-06
-0.000292767117879072,0.0019304776185992685,-0.000735114648128988,0.0009178127245386197,-0.0010481578182834057,-0.0010334894008211671,-0.004549555028010307,-0.003548358945809697,-0.0013846422001352057,-0.0006868676971068594,-0.0022327130582478114,0.0006630665538208169,-2.9743451515141684e-05,0.00014479102090478917,-0.0005404416958281718,0.0004908423513487192,-0.0002928423594786044,0.00016194227001769512,4.956492422420591e-06,0.0007170869941959332,-0.0003736795960473091,-0.0011243929406472403,-7.591988290247036e-05,-5.1277722034299615e-05,-2.489964131777419e-05,2.226776506190162e-06,-7.184244357709717e-05,-0.0005449095363483381,-4.691171347543502e-05,2.905775433662228e-05,-2.567519409244279e-05,-6.220435187354989e-05,-0.0003096700593873988,-0.001176567567802975,-0.00010504556114699808,-0.00021615092324280466,-8.675298938176171e-05,5.6985526558937365e-06,-2.9388172146852244e-05,-1.91701027672087e-05
-0.0002730624100130027,-0.001639156666561201,0.00045794944121118096,-0.00035597472235529077,-0.00018941340360078778,-0.00033492444471378306,0.0011391555582119842,0.0005611897184796532,0.0015034375947032773,0.0006329050164144958,0.0003738465232743712,-0.0017150604246588107,-4.626925681109998e-05,-9.959189406511773e-05,0.000660836315044832,-0.0008920812066027631,0.00028530431435528253,0.0001532669914094916,4.140008662691134e-05,-0.0003080900497717889,-0.0003544072918643364,-0.0003317527921463391,1.98751811538464e-05,7.856084694180679e-06,3.95815835657218e-06,-2.128445074742617e-05,-3.566390095803739e-05,0.00015789111119374877,6.132821874391502e-05,0.00012982528122768114,1.6934498891393418e-05,4.405531321104358e-05,9.059094506193763e-05,0.0005978175454720337,5.659753783796993e-05,0.00012501426660310725,0.00023278903982364315,0.0005136901050153025,2.23140391272429e-05,4.444627864580487e-05
0.00033020649688488,-0.00033109483345898047,-0.00039366013038151455,-0.0006402821993245374,0.00010354185625324767,0.00027307052541054654,0.00028837103065846936,0.0004096294717522151,-0.001046679080814098,-0.0005740123116548682,-9.118418662837031e-05,0.00017891223029980512,9.223987733202974e-06,-3.237319010713132e-05,-0.0005439592751084442,-0.00031379286306533157,-0.0004871011516742793,-0.0004282235617217104,-0.00019487823734547555,-0.000324906473931684,0.00032512283428138286,0.0002543369851960478,-3.1432635094030486e-05,-4.293837540834016e-05,-5.505257905026385e-06,-9.086337320034487e-06,-1.7527490037636883e-05,-0.00015943564653676538,-9.341502975572398e-05,-0.0002229890119374705,-1.3326841618789226e-05,-1.8089248376790792e-06,-0.00014289429425689556,-0.0004035729609703984,-2.3971453784951396e-05,-3.309294920731609e-05,-0.0002495676305365296,-0.0004905031296909415,-1.596064876730034e-05,-4.569149501412593e-05
0.0006473419898406292,0.0006482194416305174,0.0003492115664617393,0.0005389193078550402,0.0005238138821584587,0.001198630394501096,0.0010953864557550572,0.0014045667977741088,-0.0008023755787596183,-0.0002792827513923899,0.001982257822985218,0.002139985366687674,5.074466970592035e-05,-1.77200277284163e-05,0.0008205068400817988,0.0009401842219624221,0.0005097029977429895,-0.00038582995908466197,0.00030472105306336114,0.00010583463311827599,5.0626503592813e-05,0.00020942080065594433,4.024589118776582e-05,-2.0610349444042808e-05,1.268413993980946e-05,5.879511977441221e-06,-8.047556245686452e-05,-0.0004052114702020752,7.311744322946663e-06,-7.872305821731865e-05,-2.332082922548838e-06,-7.225977704937462e-05,-2.762903830931252e-05,-0.0004466858798506105,-3.4158899787789254e-05,-0.00014394632095398913,7.087532996529265e-05,-9.66934195213236e-05,-1.240387903758686e-05,-3.5971889628142825e-05
-0.0004587742956604743,-0.00032893328000468155,-0.0006000273894949754,-0.0010578397504200133,-0.0001870958913991704,-0.0005439589912821109,-0.0022532790093971414,-0.0008624243844518611,-0.0009223032095681282,0.00032772014900521305,-0.0007555101246445191,-0.0030249235829870147,-2.7711099579437445e-05,-7.711496670325676e-05,-0.0006723642120973349,-0.0006352014540202368,-9.30798202077469e-05,-0.0006317031267254105,-5.687761887700083e-05,-0.00019039183549884842,0.0003751650816889595,-0.00020463659433288248,6.935737252287663e-05,-7.308564107638142e-06,1.821230198114032e-05,3.024589505704176e-05,0.0003182776575850979,0.000843519145555322,0.00021908691501189946,0.0004087498283063049,8.29542054387855e-06,-3.4387411337832325e-06,0.0002962368339666399,0.0006537860528205165,8.937257179528537e-05,0.00017537046366223387,-3.247778015566471e-05,-6.0999788645625655e-05,1.0975119000384065e-05,3.0462190500846954e-05
-0.0016068764100127045,0.0029486859219765727,0.0008929679185207815,0.0017413567780753378,0.0005381087984655448,-0.0005258456199444131,0.0024391681290219787,-0.00020442540660526597,0.004936305149321751,0.0018461947512608953,-0.000383054682365272,0.0013632187303644185,9.044983096805907e-06,0.0002850385225030696,-5.097682714327415e-05,-0.0023569156892043696,0.00020137581402753318,0.0010627203339617134,-1.0226752688451267e-05,0.00047463229323004133,-0.001558543116699297,-0.0019086095346159447,-0.00015085182774158819,-5.356304305310054e-05,-3.371718415816017e-05,-8.653255738094311e-05,-0.0006746438819491932,-0.0024060144439501476,-0.0002806702729011484,-0.0005159695388118163,-2.7717156639311157e-05,-2.9102285599537706e-05,-0.0005263002080872144,-0.0016555085310735191,-0.00010586593865130717,-0.00024037576888316748,-0.00021809965049042663,-0.00026294723683481844,-7.59694661839575e-05,-0.00010046288821770677
