-0.0070928553618222,-0.0066017676436798,-0.0175816641918181,-0.0070573834063302,-0.000998424782537,-0.0004524652999326,-0.0114133782219901,-0.0100256159768009,-0.0130937018349613,-0.0080455578361316,-0.0093773935118349,-0.0127687376349868,-0.0003539629012732,-0.0006572906678689,-0.0069151819318979,-0.0080504220391953,-0.0024872230108048,-0.0029777711619396,-0.0012243595998053,-0.0009684614070492,-0.0130149974174875,-0.0178965945176447,-0.0002949112481992,-0.0005885289397398,-2.984516065918381e-05,-9.964580321124833e-05,-0.0003222953353446,-0.0016844143012728,-0.0040255535985002,-0.0081663158792791,-0.0001211125156806,-0.0003050172702512,-0.003984381395567,-0.0160073674430618,-0.0005851815429864,-0.0010344182061998,-0.0059050981691952,-0.0132762625385071,-0.0029439327856673,-0.004788795735116,1
-0.0011844117573955,-0.0010207712368943,-0.0028382942139342,-0.0041495077969065,-9.542000597834768e-05,-0.0002660238890134,-0.0040056203129803,-0.0031930772167721,-0.0042516493290441,-0.0038086834534736,-0.0060090953192634,-0.0082639067481585,-6.562584711652249e-05,-0.0002098237750009,-0.0013557763753845,-0.0005569571356729,-0.0002387967681548,0.0001502283960598,-0.0003548299245514,-0.0001528384634948,-0.0026774443799737,-0.001808691327509,-9.03113504207116e-05,-9.064045557225764e-05,-7.103717265494506e-06,-2.907599964152996e-05,-0.0001129405707577,-0.0004894435605149,-0.0009290700132461,-0.0003711591725878,-5.44690226530404e-05,-0.0001179738383814,-0.0018776959065606,-0.0073692444191721,-0.0002105782788184,-0.0009005863012201,-0.0020762496397772,-0.0011761985307635,-0.0017134961747573,-0.0024064212915495,1
-0.0018250019132354,-0.0018512998210454,-0.0049876357635312,-0.0062728557015537,-0.0004241051036405,-0.0002892578872509,-0.0019695786385219,-0.0018541091587276,-0.0101981346989488,-0.0076216570054397,-0.0019684931267578,-0.0017098068392289,-0.0001452508630795,-0.0002059967335562,-0.0027569346996509,-0.0028493102366009,-0.0009399999625789,-0.0009019513738663,-0.0004281875298959,-0.0002903782266216,-0.0031072381496936,-0.0039418983049182,-0.0001717490335327,-0.0001144572477186,-1.87893810494861e-05,-4.864033593625292e-05,-0.0002671150023041,-0.0008959730496349,-0.001867675443401,-0.0031471032703002,-0.0001928304957487,-0.0003873391593361,-0.0008241217784771,-0.0034657014257933,-0.0007833359409791,-0.0016648121101848,-0.0038234936063007,-0.005229861837552,-0.0007216278926316,-0.0011527068419513,0
-0.0011344061409215,-0.0012839779195795,-0.0013488997064132,-0.000999492500166,-0.0002393650236678,-0.0001586043315696,-0.0011132165190188,-5.130066201426897e-05,-0.0052431223280759,-0.0038619077916712,-0.0013156626680178,-0.002076716029061,-4.599944754753461e-05,-0.0001613912680491,-0.0012291150516769,-0.0017251283327117,-0.0006891859942577,-0.0010618989090478,-0.0002206139154189,-0.0005016224868914,-0.0004962453564254,-0.0025070742050064,-4.714265757018968e-05,-0.0002773192022091,-1.3338033626336758e-05,-4.492227698336466e-05,-6.541879489953395e-05,-0.0003991276124504,-0.0006805203843655,-0.0015700299925926,-3.1875439062302075e-05,-0.0001068202148367,-0.0009388876832914,-0.0038197913529328,-0.0003353530084756,-0.0004264247488025,-0.0016320285720176,-0.0036661319997622,-0.0013489140908711,-0.001937640071264,1
-0.0006909974821309,-0.0009083990716384,-0.0018117943741867,-0.0009601915683635,-0.0004229936138929,-0.0002820467190604,-0.0010697893674002,-0.000998008762539,-0.004849080229303,-0.0026633090910256,-0.000914992889717,-0.0023294583338381,-0.000110327819975,-0.0002251362886233,-0.0007570132792091,-0.0017650520429718,-9.051117245610663e-05,-0.0004255953440629,-4.527390911713786e-05,-0.0003116894313837,-0.0010661665128893,-0.0019397575393137,-3.3980059015935e-05,-0.0001536369404236,-8.395867249430112e-06,-3.774881976969325e-05,-0.0001447948508394,-0.0006701339247392,-0.0010577448696177,-0.002254861420502,-9.868069509475154e-05,-0.0001679420536482,-0.0002652118982532,-0.0016723168186941,-0.0002719725253402,-0.0006960889125211,-0.000611094614916,-0.0009296780733526,-7.490514051094817e-05,-0.0001202117176314,1
-0.0004189610507313,-0.0007316957031099,-0.0045543456954889,-0.0057858264990124,-0.0003592351403119,-0.0001483766509013,-0.0014473252838523,-0.0011182759991933,-0.0046686205707056,-0.0024471354655263,-0.0020539956366026,-0.0036628353078984,-0.0002324491427727,-0.000467151865196,-0.0046442443115107,-0.005727047001704,-0.0025398719395141,-0.0032366824196598,-0.000983209212085,-0.0011887927061342,-0.003083327979952,-0.0025094059834308,-0.0001748021060135,-0.0002482924499171,-2.5756235680667133e-05,-7.687207774955574e-05,-9.770668570039276e-05,-0.0007498917580783,-0.0047245549821335,-0.0076975243248897,-6.091172894142268e-05,-0.0003340385789355,-0.0037495853745429,-0.0158837486707807,-0.0002633186009111,-0.0007583517424064,-0.0084071179491973,-0.0145136116805364,-0.0026310355631543,-0.0043784772311653,0
-0.0014438998195988,-0.0015325776699986,-0.0018991095116928,-0.0027559404782942,-0.0008050288878923,-0.0001843586118949,-0.0039936582639335,-0.002440292405019,-0.0143173102860522,-0.009268418499368,-0.0015060747139435,-0.0017746398757765,-0.0001468926735137,-0.0001956288216249,-0.0020182168475537,-0.0031926889191629,-0.0023174196132003,-0.0027227350580915,-0.0003457500869764,-0.0005497937577282,-0.0054538278144665,-0.010647304433414,-0.0002285796418314,-0.0003234624916411,-1.9095407363389504e-05,-5.342398018333376e-05,-0.000451452163295,-0.0016026271886718,-0.002340662196588,-0.004539221434155,-0.0003229358671633,-0.0008052331815104,-0.0011053828850915,-0.0052647377798296,-0.0010534237503414,-0.0024820365059676,-0.0042344994353504,-0.0066942196622136,-0.0003866323510156,-0.000643403841283,0
-0.0032159178342332,-0.0042416343805763,-0.0058956433759895,-0.007325822340587,-0.0007875796310105,-0.000377911920764,-0.0030623904725969,-0.0022959092917752,-0.0041682080781285,-0.0030477722994968,-0.0012871434963193,-0.0031147276264446,-0.0004785699529658,-0.0009015673546438,-0.0042308974285215,-0.005629470603872,-0.0010745737209979,-0.0009164304390881,-0.000277083681156,-0.0005378486427397,-0.0024415621062037,-0.0054073314382391,-1.0885775500189811e-05,-0.000371741654371,-4.648515374286918e-06,-4.552942976745176e-05,2.63989915406829e-05,-0.0001109295296724,-0.0013926737717943,-0.0021747271345774,-8.3101253494877e-05,-0.000205981510646,-0.0018324045316717,-0.0073704703901676,-0.0001277377487403,-5.300384594946512e-05,-0.0031017037647678,-0.006315210141471,-0.0022916967923817,-0.0031760914603229,1
-0.0005443350723308,-0.0010755245204639,-0.0009085907781719,-0.0034095890841202,-0.0001694479105575,-0.0001972401398403,-0.00161199894561,-0.0015591458506305,-0.0030232211249174,-0.0017974912572606,-0.0014656321739265,-0.0004394188838424,-0.0001756686848476,-0.0002139947146583,-0.0025286003251876,-0.0021959477440331,-0.0005262664450355,-0.0003601966445615,-0.0008248089792085,-0.0007570630360154,-0.0039119179903923,-0.0050458197040592,-0.0002229140345202,-0.0003494408093971,-2.9984665639347823e-05,-1.894342757914861e-05,-0.0001504521715816,-0.000368465575132,-0.0021154391199137,-0.0049057623089844,-0.0001622843843867,-0.0002754264632267,-0.0010964861454225,-0.0043325665987691,-0.0004343070815753,-0.0008882194640213,-0.0032307706644945,-0.007099862098639,-0.0014200551262035,-0.0022321686624055,0
-0.0008914559682296,-0.0013297750779234,-0.0004944491231984,-0.0016525612897315,-0.0003260750593213,-0.0001403832767608,-0.0014638986791248,-0.0014779795447254,-0.0097772285882746,-0.0074002910324903,-0.0037401684383752,-0.0036559309145318,-9.080106985401748e-06,3.7366546436713393e-06,-0.000803276520618,-0.0019866166507893,-0.0009878497087943,-0.0011187625322734,2.241068672419504e-05,-0.0006028410670854,-0.0021505207498443,-0.0025121884417868,-0.00012168656164,-8.91911176349499e-05,-1.0086544725881777e-05,-2.1333139533119617e-05,-0.0001974208393893,-0.0005969412494124,4.158970610300866e-05,0.0007005321767798,-0.0001221257794238,-0.0002480909786977,6.027841127447995e-06,-0.0002787103479334,-0.0006280930025065,-0.0016206866437441,-0.0015143893234097,-0.0035145472168292,0.0003934814533186,0.0004860977555934,0
-0.0007461617770092,-0.0007395619846223,-0.0022526228167699,-0.0028503894053059,-1.4464484266984627e-05,-6.0501289350920674e-05,-0.0009620302342209,-0.0001293917467627,-0.0097667352520259,-0.0073826757890264,-0.0038216873539387,-0.0035713631599292,-4.209985807322753e-05,-5.5011836466029626e-05,-0.0019753851853802,-0.0027873473778843,-0.0005807415417839,-0.0005205530649266,-0.0002633753241616,-9.455849311445642e-05,-0.0009967938412176,-0.0014418479434749,-5.664711508131877e-05,-4.9232696768316965e-05,-7.553273513555374e-07,-1.2484060480054956e-05,-0.0001845309427499,-0.0004773216016445,-0.0005599654561774,1.6269547009307143e-05,-8.063754910775602e-05,-0.0002484711653344,-0.0010472737332604,-0.0047213184653645,-0.000599894033822,-0.0015659015033395,-0.0023062134069608,-0.0029509115235874,-0.0012378577344336,-0.0015669801860882,1
-0.0010446581678874,-0.0017009272854309,-0.0035271492113524,-0.0056648732596962,-0.0006348204866301,-0.0003789171890845,-0.0019361997297901,-0.0012160524230324,-0.0028467103667143,-0.0018549523266942,-0.0005520777505302,-0.0010326791506672,-0.0002157885132332,-0.0003518246357999,-0.0017371069511322,-0.0021948630297641,-0.0007917975476495,-0.001194466354169,-0.0008372560953052,-0.0010162449120528,-0.0012634965953332,-0.003328983354169,-0.0001657031798448,-0.0002152841743266,-1.7500502199345804e-05,-5.0680985536276966e-05,-0.0001276859294923,-0.0004931497625807,-0.0032533832195363,-0.0075606751441628,-9.725908057978996e-05,-0.0002453220542275,-0.0007579165612156,-0.0031993898036224,-0.0002321456566123,-0.0003605923486469,-0.0056816340794634,-0.0119099819817115,-0.000706524329663,-0.0012211971338043,0
-0.0008605227997452,-0.0011956262618145,-0.0040194374931701,-0.0045168208467192,-0.0010317763007768,-0.0005735086391846,-0.0048878126478003,-0.0032364805794494,-0.0172355682704438,-0.0110313567221948,-0.0027824906135854,-0.0027059774992947,-0.000615569737563,-0.0010490923788912,-0.0010160851146926,-0.0024670270873933,8.022651934312566e-05,-0.000560396965775,-0.0003465485673784,-0.0003536973050973,-0.0033121418358439,-0.005773478616857,-0.0001971408494923,-0.0002564017708889,-3.670821829981077e-05,-6.267069293918953e-05,-0.0004133937864724,-0.0006600267619472,-0.0088239091225984,-0.0160785498491774,-0.0001321681887891,-0.0002265720528667,-0.0008152359324114,-0.0036551844257043,-0.0007640319307753,-0.0014513824629295,-0.001580107610166,-0.0045375796948662,-0.0011740163805447,-0.002559994187202,0
-0.0011119294955829,-0.0019147015506359,-0.0035566877193633,-0.0030534212452848,-0.0006644429867395,-0.0004033646937414,-0.0037538663027587,-0.0024886621442021,-0.017114539884699,-0.0110013569553335,-0.0038807092508511,-0.0037846752647471,-0.0007099300864039,-0.0011400179794651,-0.0033731707611616,-0.003445356031984,-0.0022584379503289,-0.0024074097046168,-0.0005614457151802,-0.0007160766324037,-0.0100415112290693,-0.0105764187168769,-0.0001574408848829,-0.0001472788246084,-2.891872298948277e-05,-6.718435445283718e-05,-0.0003872174401446,-0.0005941838971195,-0.0089463240190408,-0.0157894250362659,-9.46154685173134e-05,-0.000198899871254,-0.0008877072198267,-0.003934445073595,-0.0007653624153109,-0.0015068373971343,-0.0018018301061342,-0.003019861643487,-0.000649589795633,-0.0013562566969906,1
-9.938268980035802e-05,0.000432194058302,0.0004796939632863,0.0023040244412253,-0.0001670974385428,-0.0001298734798288,-0.0019703375261953,-0.0006314537032574,-0.0046685569197575,-0.0036362031134864,-0.002213611684911,-0.0040642693466308,-7.304996873001806e-06,5.017414873351771e-06,-0.001063542310145,-0.0005053579121151,-0.0005083567893254,-0.0003646453657933,3.653477039654232e-05,-8.13504408270814e-05,-0.0016208262034886,-0.0017149816945733,-0.0001803462302409,-0.000120132924103,-1.560543400626201e-05,-3.2620232125326545e-05,-0.000134715672661,-0.000555216184865,-0.0009633249156343,-0.0016770609851086,-9.756052816654986e-05,-0.0002207254107556,-0.0005499884365066,-0.0021823241944841,-0.0004165248968282,-0.0007330247380563,-8.123022520725228e-05,0.0016147905554756,-0.0009853781024176,-0.0011364094254621,1
-0.0017711133723994,-0.001874185497753,-0.0075550075094361,-0.0105599983650391,-0.0006722338776198,-0.0002715192097712,-0.0034511476515593,-0.0016308167257717,-0.0046642832022354,-0.0036651322776074,-0.0016766381916286,-0.0028383581495082,-0.0001947145047038,-0.0003507516311252,-0.0014106129154773,-0.0023958122801367,-0.0013400124623457,-0.0018897276266848,-0.0007850605540648,-0.0006750086932888,-0.0018112185395726,-0.0042220085654946,3.05542064167819e-06,1.048860523555086e-05,-1.7685581396727834e-05,-4.176547889450012e-05,-0.0001211158935388,-0.0005697992069509,-0.0036813210923558,-0.0076385066705286,-2.452402739173196e-05,-0.0001012419866519,-0.00400532228956,-0.0170575587008947,-0.0004221784187417,-0.0007498979727143,-0.0071334655126225,-0.0141606027862453,-0.0022340664013313,-0.0042336880909697,1
-0.0018316369077617,-0.0027060349625501,-0.0076062873951312,-0.0147749472010505,-0.0007128249709263,-0.0003457524805655,-0.0013693433591408,-0.0018716934137101,-0.0035776259938692,-0.0018077857859715,-0.0013026293864702,-0.0019705634417868,-0.0001894465468297,-0.0004652631983038,-0.0009901823588831,-0.0021058914959079,-0.0010905788279933,-0.0007797276850494,-0.0007339934398033,-0.0007956698687978,-0.0021521814312957,-0.0044065795245387,-8.520504179343805e-05,-0.0004551245408375,-1.70357234016214e-05,-5.716302250168427e-05,-6.113147092783607e-05,-0.000336883514836,-0.0040299000680491,-0.0080139988715143,-0.0001213840874109,-0.0001981033359494,-0.0018999755750455,-0.0076253749257205,-0.000179387398048,-0.0001731747304228,-0.0079118626603946,-0.0154065286829056,-0.0017625846874149,-0.002889765148091,1
-0.0019105382620642,-0.0026342829262,-0.0025171880004285,-0.0034345949218985,-0.0001236289311551,-0.0001631722564986,-0.0011700950869438,-0.0009107008648589,-0.0094939311491617,-0.0061746936944602,-0.0020332798595299,-0.0027053216530027,-0.000121383796717,-0.000146799529306,-0.0020516975732398,-0.0025191203722515,-0.0010039805842824,-0.0006415191977665,1.1869725991141393e-05,-0.0001779803181278,-0.0024028388007099,-0.00396782247288,-0.0001672025718499,-0.0002748429460772,-4.079828125175588e-06,-2.103101797612289e-05,-0.0002484319083567,-0.0010813876946086,-0.0001825601238197,-2.061630109167592e-05,-0.0001585170403278,-0.0003078328363093,0.0003579864246197,0.0015125834365488,-0.0004443216793793,-0.0011621376990129,-0.0021145591383661,-0.0020635767276913,0.0008803260957478,0.0012698410732325,0
-0.0018375976512953,-0.0027224825607766,-0.0028883851013249,-0.003203919926928,-0.0006409870884335,-0.0002029161826192,-0.0030281847140971,-0.0008781447148094,-0.0091814536822611,-0.0053789072545984,-0.0014528260915585,-0.0033692408044873,-7.904867996148042e-05,-0.000321099300012,-0.0041232365478351,-0.0066778394153618,-0.0019149652024494,-0.0021855980315053,-0.0007040113852753,-0.0003349287225977,-0.0026053735086838,-0.0062734951074563,-0.0001893145020924,-0.0005919988885694,-1.6486742671533745e-05,-4.491578275188492e-05,-0.0003278347658606,-0.0009643039069206,-0.0034760218133758,-0.0075246487288337,-9.44444635468574e-05,-0.0002553321499298,-0.0066082649621458,-0.0272133441691605,-0.000642151814456,-0.0018350081274527,-0.0046708175953451,-0.0104840628424575,-0.0051358673814378,-0.0084585539454042,1
-0.000904799785431,-0.0013453333027213,-0.0058414529932402,-0.0090118607644502,-0.0002939492771529,-0.0001436190403842,-0.0011682519610388,-0.0014568971414097,-0.0022357370266652,-0.0028299287778321,-0.0014277740889985,-0.0010721348524805,-9.067430590040892e-05,-9.093253530865724e-05,-0.0004946074480864,-0.001783101505357,-0.0012309201313606,-0.0006828413399053,-0.0005395874465027,-0.0009809338176963,-0.0038603904580263,-0.0032949795996784,-0.0002589317062421,-0.0002466716069772,-2.1519468558152044e-05,-3.296610125691449e-05,-4.020175204712985e-05,5.409346387984541e-05,-0.0012553841339505,-0.0031349469231454,-0.0001401909758357,-0.0003113759774153,-0.0036620140063296,-0.0153570177263501,-0.0002631009896658,-8.406175366383937e-05,-0.0023119554257677,-0.0051849049516787,-0.0024099580100201,-0.0047087719139179,1
-0.001932206431206,-0.0025905454270432,-0.0055311529476755,-0.0087899878804234,-0.0004635584516142,-0.0001649350077424,-0.000877849173496,-0.0005677053217648,-0.0101723622926144,-0.0081792672422024,-0.0013311332101686,-0.0027041898774102,-0.0001820751689543,-0.0003549021928343,-0.002078278405533,-0.0033186807583189,-0.0007619956071631,-0.0009200349595887,-0.0002489180262774,-0.0008775117917601,-0.0008334432872893,-0.0006555797843432,-2.249058023964343e-06,-7.039483093608833e-05,-1.418587273440492e-05,-5.211833749493906e-05,-0.0002301790167045,-0.000650777419734,-0.000443462464621,-0.0009848493151766,-8.873481230889798e-05,-9.407168948593998e-05,-0.0001001092023835,0.0004698792176009,-0.0007719386147549,-0.0014147540480995,-0.0015722660824334,-0.0037559579120417,8.549497366080291e-05,0.0001219556630212,0
-0.0039612378382199,-0.0038558408487326,-0.0069918793799507,-0.008525668467673,-0.0006937681049584,-0.0005074623200826,-0.0073844822877964,-0.008115490153736,-0.0318332757246989,-0.023336000345238,-0.0043616485111544,-0.003573776718435,-0.0003394286944499,-0.0004553009162343,-0.0065505449264985,-0.0066772157908686,-0.0026707895295911,-0.0029420352515665,-0.0008160281269278,-0.0010312816524787,-0.0117915831803065,-0.0143284730881529,-0.000321782535773,-0.000492086942001,-3.771407642996909e-05,-6.719103587690216e-05,-0.0002976004451006,-0.0012651415848463,-0.0041942867215656,-0.0093609743484501,-0.0001796791426176,-0.0003892604976771,-0.0036686827778238,-0.0156480160333028,-0.0007754236623193,-0.0016761589309434,-0.0078122491318438,-0.0167824680455152,-0.0025285729495455,-0.0038313431030156,1
4.534684838545104e-05,-0.0001742114414791,-0.0016259528360313,-0.0011141767107783,-0.0002200517165969,-0.0001915082745311,-0.0011555520967359,-0.0006160269164825,-0.0063477010457428,-0.0050349143821828,-0.0021434193693795,-0.0026609516872405,-4.441907130319829e-05,-0.0001566651026663,0.0002761780336997,0.0003905664843701,-0.0007703127940746,-0.0007415508295288,-0.0002601000026454,-0.000156823099363,-0.0009258968542714,-0.0018803683647648,-7.754874425169128e-05,-9.387725539781292e-05,-1.655243916702729e-05,-2.6904248946990604e-05,-3.8608045561293616e-05,-2.969621189552076e-05,-0.0014947174279233,-0.0028779176644729,-4.155353146182136e-05,-0.0001491474836671,-0.0004245326793468,-0.0019913939112828,-0.0002643211454656,-0.0003978061085694,-0.0013502057405155,-0.0021871547397025,-0.0007965493654004,-0.0012393292385908,1
-0.0029706063880349,-0.0029447674127724,-0.0053026186838478,-0.0079719180607589,-0.0007316764621952,-0.0004461764208732,-0.0027267808413771,-0.0022434815228415,-0.0072598323708946,-0.0057621376198913,-0.0042250189001878,-0.0050041273563752,-0.0002211251335159,-0.0003530942011495,-0.0033783258196725,-0.004188993487517,-0.0023954732613787,-0.0023414582962991,-0.0011379332173023,-0.0004607537961477,-0.005845922579833,-0.0075879095276135,-0.0002631408331418,-0.000271108961782,-2.4329013609245502e-05,-2.0156568023290145e-05,-0.0002476182723566,-0.0011616858266966,-0.0029642443186628,-0.0032911189897153,-0.0001896144319733,-0.0004799434787957,-0.0035283420315969,-0.0149260130926517,-0.0004594858936067,-0.0009894543471105,-0.0059974352707444,-0.0079990897998213,-0.0015519400282848,-0.0031075030134071,1
-0.0028094592540697,-0.0035338312059802,-0.0057733768389849,-0.0059713655066655,-0.0004885743414677,-0.0001405863324565,-0.0036600471701003,-0.003860799904976,-0.0107072225402267,-0.0055595392793185,-0.0055108659889617,-0.0069425607519629,-0.0004240985244663,-0.0007484645082901,-0.0062722347152041,-0.0083359382367863,-0.0017766878486931,-0.0035624749036187,-0.0011396434267985,-0.0005751963633766,-0.0090766527996479,-0.0147536888677511,-0.0001736096366491,-0.0007321016941755,-2.7531188412614654e-05,-5.961634113311629e-05,-0.000359268158453,-0.0011303956266893,-0.0032564222054288,-0.006448870248679,-7.487517812720499e-05,-0.0002205983486331,-0.0019231018244509,-0.0092947166157579,-0.0004445583593721,-0.0013347060819962,-0.006920184327273,-0.0179865871342653,-0.0019643481371398,-0.003755558788735,1
-0.0005195986015895,-0.0004113599814108,-0.0008002092764984,-0.0011177530665456,-0.0007006455564827,-0.0002852801751288,-0.0012654613287991,-0.0006819880073328,-0.0001314077423784,-0.0009005759524869,-0.0019513010074142,-0.0033483116442335,-0.0001722691006568,-0.0003758396509872,-0.0004258586135236,-0.0018319568039204,-0.0011512131273675,-0.0015973444998493,-0.0005274355602652,-0.0003410047680552,-0.0007325978681523,-0.0026273174337698,-0.0001076185520928,-0.0002483239490956,-1.929387460626245e-05,-2.9253902699287176e-05,-0.0001473146253321,-0.0007239652572929,-0.0028504050790068,-0.0052521876981989,-0.0001507177409215,-0.0004199195298689,-0.0010881895729633,-0.0047089377218502,-0.0002866694333753,-0.0009390865041166,-0.0014126237289398,-0.001569888102836,-0.0009818451309137,-0.0016520552869687,1
-0.0022010539043597,-0.0022741541518371,-0.0056101846196281,-0.0068292190983911,-0.0005754137026093,-0.0002905053335666,-0.0029334987067224,-0.0040695169363164,-0.0252269825858497,-0.0182220782099468,-0.0034698609729018,-0.0030111649221057,-0.0003553777274708,-0.0006237255472283,-0.009499266585889,-0.0073875944404169,-0.000565030171216,-0.0008334981977551,-0.0005064809809433,-0.0006928057761315,-0.0096290433771219,-0.0107445872145689,-8.55817942347269e-05,-0.0001767653820856,-1.3561376806670726e-05,-4.346153767827765e-05,-0.0002225992120067,-0.0006543666096329,-0.0023781962665783,-0.0054974505018953,-0.0001584241622226,-0.0005068594292355,-0.0022474036097001,-0.0097019348270096,-0.0006635823670384,-0.0020721673072537,-0.0043874905413632,-0.0041802455333978,-0.0014942509135644,-0.0027218563620318,1
-0.0015879296445214,-0.0017206276180062,-0.0027578286060693,-0.006211753197071,-0.0002656833208311,-0.0001101871232411,-0.001779859958853,-0.0017451915334407,-0.0089700907168212,-0.0059799620926973,-0.0021219720383784,-0.0003169748730678,-7.546198957201537e-05,-0.0001071921885612,-0.0028713062653035,-0.0029197250297655,-0.0007509654532465,-0.0010512793523485,-0.0002384208717613,-0.0003222677580287,-0.003600459531998,-0.0047928856255503,-0.0001698695089491,-0.0004225249507278,-1.5208527643168232e-05,-1.924777580094084e-05,-0.0002937743999351,-0.000918677341009,-0.0018877643602634,-0.0031106631939341,-9.567706859467414e-05,-0.0003122601763304,-0.0012034984119979,-0.0050182526438129,-0.0005605527981162,-0.0014688397639943,-0.0025458350661931,-0.0076113649959579,-0.0012946381896925,-0.00191505874851,1
-0.0002061491236288,-0.0007700594232425,-0.000275572165119,0.001035647298651,-0.0003742866613137,-0.000133190680284,-0.0012505641794778,-0.0010069602812446,-0.0060888349896196,-0.0041117831017407,-0.0017237177159063,-0.0024015772009169,-7.530487649070306e-05,-0.0002138823342877,-0.0007356574102758,-0.0018544506321784,-0.0007012104643087,-0.000853789619979,-0.0003008997950361,-0.0006452683456842,-0.0012435998305879,-0.0032953513356554,-7.080593766237362e-05,-0.0002613480847276,-1.4757046972687007e-05,-4.828900555966416e-05,-0.0001360181170988,-0.0005725295325121,-0.0023069602808433,-0.0046545126043103,-6.239139475560554e-05,-0.0002670808331414,-0.0011703459211731,-0.0048031613625738,-0.0004539109046103,-0.0013332580694996,-0.0023784412306805,-0.0039363696623328,-0.0012293977292499,-0.0019259042737762,1
-0.0011733507924861,-0.0011501117650184,-0.006948707647207,-0.0135614258459873,-0.0006591918071712,-0.000246685843733,-0.0028438935029443,-0.0018652310851027,-0.0109282350828608,-0.0082540874412669,-0.002495682003851,-0.0032323910209034,-9.863871847886912e-05,-0.0002118022553582,-0.0018775357831688,-0.0025629997817231,-0.002458696378445,-0.0025351718756854,-0.0011541742606194,-0.0009884630488418,-0.0035913174813935,-0.0052252744404177,-0.0001443412906549,-0.0002465866416232,-1.4596196969897272e-05,-1.7615839519903888e-05,-0.000218696103033,-0.0009971174665842,-0.0027770015143996,-0.0036253558964677,-9.105313398545848e-05,-0.0004027158088248,-0.0027387396476948,-0.0114580688100139,-0.0006681900312785,-0.0017124041392534,-0.0036444933663622,-0.0067709911760573,-0.0020216471292417,-0.0033669372107965,1
-0.0019368705150941,-0.002195418000406,-0.0037617364932685,-0.0030391968681658,-0.001244369440832,-0.0005023517138066,-0.0034017638506263,-0.0024244537876444,-0.0103294104975161,-0.0079049566593701,-0.0018025737671219,-0.0023070792409498,-0.0001510054090299,-0.0002192219276208,-0.0069004472542788,-0.0097875153071704,-0.0023893126326569,-0.0034156449679577,-0.000413686688414,-0.0005221124314396,-0.0055670408745076,-0.007437421503198,-0.000304170579257,-0.0005376023028827,-2.41650746027554e-05,-3.6094388064484014e-05,-0.000233895992985,-0.0007510537082252,-0.0024985882657037,-0.00545749138536,-9.48307056236752e-05,-0.0002932390970248,-0.0024077062038831,-0.0101460013882035,-0.0009387728708488,-0.0022727083383973,-0.0043383098932075,-0.0117265437463288,-0.0025271954751495,-0.0041857277689025,1
-0.0019937356764584,-0.0022477705038253,-0.0046692612914535,-0.0063545627308821,-0.000224221267515,-0.0001042097265,-0.0010514282665398,-0.0015174884024265,-0.0069788710012463,-0.0038411424086471,-0.0019417857514308,-0.0028593263719947,-7.084204282910301e-05,-0.0001072677792067,-0.0030661738515865,-0.0034556909540729,-0.0020324928596098,-0.0023611341996485,-0.000632281599451,-0.0007674048611619,-0.0048381056720401,-0.005625932687332,-0.0002868207778383,-0.0002711707440379,-2.49334936592112e-05,-3.8459390364555566e-05,-0.0003038738299766,-0.0012566423773284,-0.0030396084393123,-0.0047161184179081,-5.7413856689805305e-05,-0.0001458541502462,-0.0020082826523101,-0.0091138484976591,-0.0005693920930113,-0.0011217511663567,-0.0060628519653331,-0.0105283226410235,-0.0008516906184422,-0.0018925951226192,1
-0.0006101827922696,-0.0006849906845126,-0.0025966936627723,-0.0038728124792701,-0.0004018942488456,-0.0002064716818621,-0.0013826943933726,-0.0009931218614542,-0.0039766559061083,-0.0028381675511734,-0.0014995425485242,-0.0024364277379976,-7.787581514448186e-05,-0.0001286890775084,-0.0010904903488038,-0.0012444841920086,-0.0010915909016143,-0.0010766938380309,-0.0006231797713563,-0.0009152762867237,-0.0004449833549448,-0.0013719489769191,-1.0393311363288397e-05,-7.781982113291154e-05,-7.413261644252546e-06,-4.447679531749763e-05,-0.0001325061214012,-0.0006322292479079,-0.0018015206633384,-0.0041424570895106,-6.378578835304985e-05,-0.0002053683434072,-0.0009270619922704,-0.0041450572651807,-0.0003859144609845,-0.0008505121817119,-0.0053178746706081,-0.0095492528447508,-0.0003548208274231,-0.0007440261532076,1
-0.0008004450142196,-0.0009100039778555,-0.0012261558628702,-0.0021639862228819,-0.0002048264373898,-0.0002444041064836,0.0001529181314213,-0.0001446996836185,-0.0028431351522486,-0.0021649584182946,-0.001120584324626,-0.0009202014412628,-9.47538857611934e-05,-0.0001097783696566,-0.0014425836816966,-0.0016529628060816,-0.0007826974524132,-0.0011373259402003,-0.0002944542348726,-0.0003748817055231,-0.0005529463453693,0.000619970284682,-5.85941282982466e-05,-3.5458959375431e-05,-1.4066067046561806e-05,-5.284976906314806e-06,-8.698647060018794e-05,-0.0003550539170731,-0.0012784195260077,-0.0024158131364197,-8.957826208429257e-05,-0.000206610819968,-0.0007145209205135,-0.0037746543573791,-0.0003442133932865,-0.0006571293934995,-0.0017760474255662,-0.0022838767609615,-0.0004291968649466,-0.0005508449343172,1
-0.000347285084032,-0.000247278290375,-0.000622580435268,-0.0006930407890205,-0.0001538210593249,-7.269579236707757e-05,-0.0020927303917624,-0.0018128495320745,-0.0045783704301257,-0.0032984457017053,-0.0025525083478415,-0.0010962998135707,-7.029208608213979e-05,-1.772167282291361e-05,-0.0022136144077835,-0.001863924226544,-0.0005023583322009,-0.0007439182809292,-0.0005134362423193,0.0001089234398712,-0.0038602877462359,-0.0068487762644717,-0.0001686283635906,-0.0002779729952499,-2.619018257227461e-05,-2.0945314546524468e-05,-6.727838533111835e-05,-0.0002518577064407,-0.0014001631584574,-0.0036226575125522,-8.63645819143942e-05,-0.0001462948508627,-0.0004886149793275,-0.0020414635290133,-8.839893368134864e-05,-9.318574933058814e-05,-0.0024151928809134,-0.0029125836434534,-0.0004583761895214,-0.0007677826815621,1
-0.000810377676662,-0.00099578833682,-0.0028026368737853,-0.0048990700997637,-0.0002380321960771,-0.0001502991470083,-0.0023713591487795,-0.0019714907522433,-0.0046811861257509,-0.003236830436966,-0.0018007592094128,-0.0037696284752102,-0.0001303785659663,-0.0002232428359209,-0.0038479764157103,-0.005361796762828,-0.0008494628208562,-0.001397762228956,-0.0002365298513368,-0.0003170335966094,-0.0047569061394073,-0.00689883831358,-9.622585668095828e-05,-0.0002327805836304,-1.7594825134644487e-05,-5.235002456247238e-05,-0.0001313178391972,-0.000497459548238,-0.0023663242749786,-0.0048421136677262,-5.055954016343462e-05,-0.0001249031794828,-0.0007354469073321,-0.0027541746808877,-8.187928900265699e-05,-9.604649578234132e-05,-0.0020868537846909,-0.0051345405484337,-0.0008921751396879,-0.0015368272351983,1
-0.0019632552927176,-0.0021508741225616,-0.0028921043006,-0.0052559323415058,-0.0005221902815,-0.0001569934116686,-0.0007842788272903,-0.0002666330482486,-0.005581339340732,-0.0038139206336146,-0.001606980403565,-0.0015115684616524,-4.681947785016306e-05,-0.0001080270680179,-0.002090582510633,-0.0032145715406881,-0.0029000670280967,-0.0035316589192265,-0.0006214335088555,-0.000518092866087,-0.0016739989583651,-0.0016262834851255,-0.0001540729950549,-0.000135306866281,-1.01127524824026e-05,-1.479465676747178e-05,-0.0002397966440746,-0.0010389023261938,-0.0007439465030665,-0.0008665882974091,-0.0001260773081902,-0.0003476658868985,-0.0021842445189621,-0.0097757056321643,-0.0005637816940302,-0.0009866507015485,-0.0045665867421947,-0.0075787536224232,-0.0011250993705142,-0.0024177793637404,1
-0.0023247842192153,-0.0026152927390193,-0.0054659371428516,-0.0079688063380842,-0.0005528994724041,-0.0001432087366397,-0.0021980468332009,-0.0015280922404561,-0.0081830062903026,-0.0057901846193066,-0.0036578640424534,-0.0047908263579285,-0.0001094235370672,-0.0002058470017326,-0.0019278213000855,-0.0033744739507525,-0.0027976861765442,-0.0033634781203892,-0.0005237056828244,-0.0004814169724412,-0.0025931528817197,-0.0036600307425817,-3.761138624054599e-05,-0.0001785287748678,-1.248935624359682e-05,-2.9363423742459764e-05,-0.0002232946636948,-0.0009824694550442,-0.0024878701742976,-0.0046761536347275,-0.0001080316470688,-0.0001837522249913,-0.00194964372183,-0.0087115049429435,-0.0005119514538388,-0.0011942889613247,-0.0039280413441474,-0.0063898355724376,-0.0009264145536659,-0.002023824012265,1
-0.0013368503924852,-0.0013992301133062,-0.0033700403189029,-0.0036792400298641,-0.0004759743411147,-0.0002319673973679,-0.0021813306285686,-0.0021313086691301,-0.0046579926577242,-0.0019547297058629,-0.0017949845071707,-0.0018347398692719,-0.0001125501785616,-0.0002084147062628,-0.0018520948288931,-0.0027086296778615,-0.0011162777858173,-0.0016377027354412,-0.0002542021854424,-0.0005494015260692,-0.0029703096699809,-0.0052010835767204,-0.0002086939343263,-0.000311141700167,-2.904413482081389e-05,-2.5400208456690885e-05,-0.0001255199933866,-0.0005858940213218,-0.0031455102320679,-0.0071762732290208,-0.0001070155051102,-0.0001861862363002,-0.0004571273828003,-0.0019655514249249,-0.0004354774140717,-0.0011559700259595,-0.0035293369128644,-0.0058829651137776,-0.000759508929822,-0.0014311411930897,1
-0.001174439572506,-0.0010866520929926,-0.0034174792295761,-0.0032596357360376,-0.0004150456710496,-0.000263492809574,-0.001721838867906,-0.0023844272092971,-0.0059820610893627,-0.0023119098582727,-0.006052450319652,-0.0027673071996684,-0.0003789755305408,-0.0004643605067867,-0.0024389839655295,-0.0016392697474439,-0.0014542514059327,-0.0015071021855106,-0.0004316965947354,-0.0003142878980462,-0.0039966349333342,-0.0023178237850846,-8.77213786472667e-05,-0.0002502920580019,-2.3764298993827447e-05,-1.4671495074445924e-06,-1.4876143221816173e-05,-0.0003551761455118,-0.0019861483742703,-0.0021816143976811,-2.5339754809382185e-05,-2.9965430642948505e-05,-0.0040306234489489,-0.0169361028689078,-0.0002111447302112,-0.0008528037573131,-0.0021591060139765,-0.0028764408916196,-0.0026086537210805,-0.0045106312382486,1
-0.0016683995536156,-0.001552383326461,-0.002011182495459,-0.0012949811312118,-0.0005728816158098,-0.0001986678320528,-0.0028345862589612,-0.0023529265014511,-0.0079787389317984,-0.004020622101003,-0.0036365229130327,-0.0040794651227567,-0.0003113129697153,-0.000305537756568,-0.0037648971405577,-0.0037818507372496,-0.0005816339749467,-0.0006442898014533,-0.0003168719247318,-0.0003129100371065,-0.0056465293294796,-0.0070754676456265,-0.0001316997334168,-0.0002310521380365,-2.4701751038336336e-05,-5.854587114626248e-05,-0.0003033899685601,-0.0008338382443631,-0.0028595428228863,-0.0066118942625499,-0.0001662962997852,-0.0003397871584157,6.856415025789441e-05,-0.000106160923937,-0.0007971641883472,-0.0018542081841281,-0.0047081567949709,-0.0068890006010095,2.583193761530548e-05,0.0004217783982367,0
-0.0042265822959842,-0.0042848761369495,-0.011186249907533,-0.0114799936451369,-0.0003795103292767,-0.0004358151393504,-0.0031666248292098,-0.0017016724764251,-0.0153371593443194,-0.0102445230354594,-0.0070657763462499,-0.0077117596271834,-4.896424962583373e-05,-0.0002732813003491,-0.003797252808499,-0.0048818086890682,-0.0034787106959,-0.0034137213315851,-0.0007960303015583,-0.0007089899140457,-0.0030524977074381,-0.0057636607575886,-4.940224652885358e-05,-0.0003345419252207,-9.186391026074196e-06,-7.157701506811892e-05,-0.0002318890401443,-0.0009254604484101,-0.0010328253290709,-0.002322526229393,-9.55431066895348e-05,-0.0002417040557488,-0.0021648754307105,-0.0095635378835725,-0.0008928488638811,-0.0019645490595806,-0.0030969048942642,-0.0073880477693033,-0.0023323650028658,-0.0034106252804298,1
-0.0004506262846371,-0.0006302026068207,-0.0085475622445656,-0.01986504794169,-0.0001271448114161,-0.0001344984668343,-0.000107185509477,-0.0006747967774469,-0.0038793626939934,-0.0028689414413264,-0.0015604384772353,-0.0012234884796313,-0.0001482219612987,-0.0003007274407079,-0.0018089798905651,-0.0021150882973773,-0.0002157622997903,-0.0001075638242903,-0.0012936334507944,-0.0007090948640593,-0.0019257015343886,-0.0022660923625488,-0.0002696860734636,-0.0003602637273359,-1.539890704725347e-05,-2.0519452642751027e-05,-0.0001715948504276,-0.0006352239688758,-0.0021528128276838,-0.0065300687644498,-0.0001193508966621,-0.0003516236263024,-0.0016794546321379,-0.0068639408567455,-0.0003885017548649,-0.0012908752453008,-0.0096030918991553,-0.0155818225639139,-0.0019941622228513,-0.0033795509350184,1
-0.0004173006708922,-0.0004339177379662,-0.0026206969723017,-0.0016605041481107,-0.0002152750888223,-0.0001179448703611,-0.0028825832720824,-0.0013515802770226,-0.0124681933362696,-0.0083925914508837,-0.0034235201200363,-0.0051110042216686,-9.01493699940901e-05,-0.0001812431907408,-0.0005147508839738,-0.0018381279123562,-0.000764287053571,-0.0006995786469896,-0.0001544702888623,-0.000310320555277,-0.0025561429263054,-0.0049705538699167,-8.38178123651832e-05,-7.669732014079212e-05,-8.743960042608444e-06,-4.048899144396498e-05,-0.000185059442455,-0.0006348500628299,-0.0014609940987988,-0.0025940382766693,-0.0001181343423903,-0.0004089334438119,-0.0001360372856792,-0.0004798888773334,-0.000565260456328,-0.0016401344831426,-0.0023050563651265,-0.0024087829207374,-0.0003289335442471,-0.0001790931351272,0
-0.0010114673546665,-0.0011120501962765,-0.0017176853215159,-0.002930713175472,-0.0002403649428138,-0.0002250935367588,-0.0004658631349027,-0.0005613925417695,-0.0036062056953076,-0.0024016458998906,-0.0008868358064058,-0.0005638002141455,-0.0001138911539182,-0.0002302229464291,-0.0011444207284742,-0.0006982153528753,-8.22200515958731e-05,-0.0003627047798015,-0.0005900805644538,-0.000281023082282,-0.0006055992674975,-0.0015833896075678,-0.0001446375403104,-0.000197851217958,-1.85791204612444e-05,-1.126714429351182e-05,-3.397077126714523e-05,-0.0001160070788265,-0.0016391733136021,-0.0039516075954883,-0.0001076335262737,-0.0001178568053089,-0.0005199728044437,-0.0022318930992713,-0.0001199670427922,-0.000610015457508,-0.001815134778417,-0.007343994018776,-0.0009365857157783,-0.0015550395400827,0
-0.0033300813678265,-0.0039967130048853,-0.0084434777104369,-0.0106456652293084,-0.0004055094962152,-0.000307387362734,-0.0022589823550916,-0.0021931748860341,-0.0160925281213349,-0.011650100700862,-0.0058306987241059,-0.0083300507517413,-8.38067083751425e-05,-0.000199455106015,-0.0054600028230798,-0.0074577067326399,-0.0031086032959565,-0.0033134717760282,-0.0003433927307485,-0.0006850991746027,-0.0033202251405133,-0.0037777690702671,-0.0002122433358341,-0.000155719745967,-1.2532221967074691e-05,-2.7496620539368543e-05,-0.0002598382984292,-0.0007386691965178,-0.0012909364954059,-0.0021069325165823,-0.000163473316238,-0.0004103206153104,-0.0016490053095081,-0.0071196009770793,-0.0008679053027586,-0.0023190336032553,-0.0050294483860766,-0.0061757321541798,-0.001775470169388,-0.0024924390049974,0
-0.0009751117779445,-0.0008926012695128,-0.0045454276647695,-0.0027283323584723,-0.0003987295575897,-0.0003161164712918,-0.0027358835569529,-0.0019314521950374,-0.0131498933224593,-0.0088175550180475,-0.0026706075258645,-0.0028080948867463,-0.0002321914185221,-0.0003767184553878,-0.0017873865443885,-0.0016092312112713,-0.000414934521714,-0.0005504827810048,-0.0007394708638813,-0.0005782673848994,-0.0032554427866365,-0.0072212646143214,-0.0002410342398049,-0.0001387039743592,-1.786035689354232e-05,-3.707430728132043e-05,-0.0002372909194822,-0.0005300801761182,-0.0019434366744005,-0.0047231043120963,-0.0001264145441947,-0.0003521808628137,-0.0005329922451474,-0.0024702643716297,-0.0007670725365822,-0.0018657594778984,-0.003689688851798,-0.0041077849971824,-0.0005892436235588,-0.0007837699040473,1
-0.0018096371360153,-0.0023962690989735,-0.0041301868202754,-0.0042377471406705,-0.0006363237324389,-0.0002979361219459,-0.0044344399300308,-0.0029878853320506,-0.0149232525867473,-0.0096007981914943,-0.0021473288385218,-0.0044954925092406,-0.0003440791183176,-0.0007258127519095,-0.0020332981323617,-0.0036468368481536,-0.0024716047784316,-0.0031261802921299,-0.0005523152703294,-0.0010921957354359,-0.0055279903533987,-0.0095678808846478,-0.000126461996628,-0.0002040822078357,-1.6947203038403587e-05,-4.135411364541584e-05,-0.0001406528260567,-0.0003957975620024,-0.004310322432446,-0.0083916936623807,-8.082654473517232e-05,-0.0005577546065325,-0.003126112111006,-0.0140325189916262,-0.0004284829247645,-0.0018550322945278,-0.0023474256644467,-0.0084010241306146,-0.0014189161770988,-0.0028108898845006,1
-0.0028037987331052,-0.0024443951070131,-0.0052078832575986,-0.0074900769939114,-0.0007213363782535,-0.0005890890956131,-0.0024523671878944,-0.0021196108638098,-0.0077633466064276,-0.0057254307285167,-0.0033125395914821,-0.0037789376615119,-0.0003735106893894,-0.0006744836051302,-0.0039161099019271,-0.0042093254001565,-0.0010784909569755,-0.0011913901283116,-0.0006457948069577,-0.0007929854294891,-0.0029501966422887,-0.0039404194497006,-0.000269850826073,-0.0002101043913385,-2.395313536313171e-05,-6.837943041818344e-05,-0.0003177805837073,-0.0010052058309129,-0.0022861564325523,-0.0047150267729299,-0.0001144082382145,-0.0002286367374691,-0.0007912755056519,-0.0031247769558751,-0.0009769856059316,-0.0023862874375401,-0.0076067556343682,-0.0119953402414449,-0.0010756253992376,-0.0015664927574803,0
-0.003553007965255,-0.0027604663452611,-0.0041231803633676,-0.0042349664820727,-0.0013837834862824,-0.0009880439170222,-0.0014671256486015,-0.0025751805347396,-0.0030146614220296,-0.0019099635231933,-0.0024900589242198,-0.0054528880223919,-0.0004641515017786,-0.0007871402939657,-0.0087428490096369,-0.0105112079641741,-0.0026367562936527,-0.0034571245142835,-0.001319443382847,-0.0012776049361221,-0.0078075008202616,-0.0111285512463799,-0.0002065295002994,-0.0004377943773468,-3.0044346912828863e-05,-6.874670181337117e-05,-0.0001402079246329,-0.0003565819270407,-0.0020467387307633,-0.0049915169723755,-0.0003712113982785,-0.0012099956464634,-0.0097892052910933,-0.0429197339339601,-0.0001301275030613,-0.0015470459264727,-0.0108767096285617,-0.0182387002148141,-0.0023219725579176,-0.0024033247835296,1
-0.0029466652320141,-0.0039778472044999,-0.0069551273084417,-0.0063410918398184,-0.0005626669631994,-0.0003900029618442,-0.0049510213279907,-0.0038864473309976,-0.0172294187144318,-0.0134705550196031,-0.0031837747675538,-0.0053081617448953,-0.0002620563233734,-0.0004905329279173,-0.0039924156663385,-0.0050366551180099,-0.0020142927989836,-0.0037035238122604,-0.001080964042029,-0.0012301528514201,-0.006853326993163,-0.0102274200554225,-0.0003792303031178,-0.0005189826550802,-3.098829372950718e-05,-4.644877770835423e-05,-0.0003980528590798,-0.000755446819935,-0.0066468220187424,-0.0120071185873992,-0.0001524636335391,-0.0007155985318007,-0.0040096752967521,-0.0179646532509113,-0.0008726327928176,-0.0021947505625586,-0.0032680420815416,-0.0112219169463214,-0.0030040054829277,-0.0052894345802246,1
-0.0026213004192791,-0.0034182267642973,-0.0088915411887383,-0.0144509479173101,-0.0004747075635256,-0.0003677547219432,-0.0024903254891045,-0.0020623411166592,-0.0116744325139136,-0.0089968843679273,-0.0033175814632664,-0.0052926445451704,-0.0003123178401071,-0.0004208550387622,-0.0033616265545933,-0.002801120550144,-0.0010963905000519,-0.0011659697261362,-0.0005182171470133,-0.0004121567690214,-0.0056451052820266,-0.006333994866837,-0.0001980303332479,-0.0004822275386823,-1.625148634243518e-05,-3.090529307481851e-05,-0.0003154195520078,-0.0008990838472848,-0.002267379984002,-0.0038512925822426,-9.40685009276687e-05,-0.0001435907076945,-0.001835905251535,-0.0077460715645221,-0.0011000086490276,-0.0030791472269183,-0.0057350264965691,-0.006730710533803,-0.001805803861227,-0.0030505811972611,0
-0.0013958816299241,-0.0015631204146661,-0.007990692952303,-0.0069169746967794,-0.0007076458612819,-0.0002027846934083,-0.002821328578292,-0.0014662579753845,-0.0126259610564974,-0.0081821316646215,-0.004922252799956,-0.006710259073441,-0.0001926777645445,-0.0004605275249501,-0.0043809539051285,-0.0066406208174037,-0.0012398561364792,-0.0015089576247626,-0.0012197887134685,-0.000267002844589,-0.0040647235378188,-0.0108603570612118,-0.0003398334775855,-0.0005598237949071,-2.751846446126404e-05,-4.0122978585691775e-05,-0.0003425115971247,-0.0009953818008321,-0.0028775484755598,-0.0066537086335304,-0.0001161655308205,-0.0002658890603228,-0.0015536252728757,-0.0073328786138617,-0.0011616756500865,-0.0032748166098767,-0.003403442773648,-0.0087572934854145,-0.0018627933062426,-0.0021640282259842,1
-0.0046162725632099,-0.0016923518695438,-0.0297335260013694,-0.0441284747391892,-0.0010301718939506,-0.0010015113613088,-0.0033282884547429,-0.0039275684100464,-0.0273478256580968,-0.0214030164012664,-0.0050961245686753,-0.0054849821693683,-0.0004486208710759,-0.0008594449439572,-0.0308716020395297,-0.0315828146689886,-0.0018319350900463,-0.0020329942459162,-0.0002795165492162,-0.0009291589851369,-0.0261810806793136,-0.0304865902666738,-0.0001980208759605,-0.000259133497781,-1.8271704606723945e-05,-4.378506319875964e-05,-0.000626621813431,-0.0020249019528855,-0.0024840669032305,-0.0054226722489967,-0.0001020835181306,-0.0003487423394848,-0.0025259790939226,-0.0096265578576762,-0.0008167135362867,-0.0017623169555716,-0.0052727424916134,-0.0147754017923085,-0.0027195990501432,-0.0054176021466932,1
-0.0023580029102724,-0.0042265064926492,-0.0146379639514502,-0.0199883797065354,-0.0006167769930739,-0.0003009066352025,-0.0023132135723728,-0.0020142991219855,-0.0185797049047888,-0.0125910588787232,-0.0022151549069651,-0.0052608173369747,-0.0006113751140279,-0.0011866778775373,-0.0024319977474742,-0.0048664520674633,-0.0009284970796453,-0.0011613814543821,-0.0009289453221194,-0.0008738858874544,-0.0043829629875751,-0.0059816109239682,-0.0001172018835668,-0.0002856738136368,-2.6110794297026185e-05,-5.786598807892029e-05,-0.0004300729206948,-0.0014529690556308,-0.0038315530886753,-0.0075952134746297,-0.0001357724705456,-0.0002383206817631,-0.0024269144041803,-0.0112151405275317,-0.0011561278083569,-0.0029776448166827,-0.0074312601838662,-0.0122725595789374,-0.0022520525048265,-0.0040413827164385,0
-0.0031606659708546,-0.0030717165162945,-0.0047026401683086,-0.0038884125075793,-0.000495129606106,-0.0005157656721181,-0.00393457698421,-0.0031488168083607,-0.0107737823261162,-0.006847891756624,-0.0052859881666857,-0.0050990991327218,-0.0001098078041386,-0.0001587717278326,-0.0031923114524049,-0.00259005200259,-0.0024456505672259,-0.0022166487342782,-0.0005466833791708,-0.0006064300984488,-0.0046046899367789,-0.0063831914682471,-0.0001762156690621,-0.0003420236156519,-2.3511921694724275e-05,-5.790224152999621e-05,-0.0001558233165084,-0.0009040988561021,-0.0054051125686601,-0.0088744490924763,-0.0001192405717484,-0.0002458139776707,-0.0028408265039195,-0.0122133434203838,-0.0004545706572713,-0.0013853847833757,-0.0047782188832787,-0.006465401373548,-0.0014023966601506,-0.0030388939959104,1
-0.0021290709232588,-0.0021985834318209,-0.0032007707457702,-0.0050635825937558,-0.0005433785101168,-0.0001987146961205,-0.0015892193565997,-0.0019342797374476,-0.0107610485443768,-0.0074663035095272,-0.0028598851348933,-0.0048297917436816,-0.0001445485239211,-0.0001733890337489,-0.0066411716043244,-0.0075351059022201,-0.002494881613327,-0.0036375089299878,-0.0007847583572536,-0.0006821313517704,-0.0076447834739018,-0.0093907026464128,-0.0002052996093389,-0.0004002717181822,-9.449019954676695e-06,-3.4709810541477194e-05,-0.0002447089828909,-0.0007710680253809,-0.0009925507290512,-0.0008046855265552,-7.634305145829768e-05,-0.0002808828885014,-0.0011557275257201,-0.0055254221838128,-0.0004941980439638,-0.0013966501146707,-0.0065734606430883,-0.0124167953753689,-0.0022370022388738,-0.0029218955209952,1
-0.0009383963718078,-0.0009850949032767,-0.0022731022930562,-0.0043637914451135,-0.0003658463424396,-0.0001634583265073,-0.0018918263878326,-0.0010735551835409,-0.0047957941455226,-0.0033131121928536,-0.002131031687182,-0.002459051135746,-9.597276986467702e-05,-0.00029161711674,-0.0016441489303786,-0.0024134419138979,-0.000898546745722,-0.0014582954042605,-0.0004074719795663,-0.0008604086749093,-0.0022240438180477,-0.0065500962024806,-0.0001238865675108,-0.0003171767844339,-1.636124975126797e-05,-5.905594276927624e-05,-0.0002360112921389,-0.0009335999473071,-0.0019306655063776,-0.0043004599625975,-0.0001852844292064,-0.0003541337448075,-0.0005529115522199,-0.0026506924099971,-0.0007149125291186,-0.001935112804871,-0.0033134166542333,-0.0065052283625884,-0.0010273825813804,-0.001441158889475,1
-0.0002727231022851,-0.0005310526268354,-0.0009811320298458,-0.0019542202931025,-0.0003695584432202,-9.488771709933784e-05,-0.001109793202031,-0.0004313777584204,-0.0031015753190621,-0.0024293662632378,-0.0005034006026007,-0.0006665823123657,-4.218958519360293e-05,-0.0001411939858806,-0.0008026475837091,-0.0005992342026854,0.0004437600157674,0.0003848041381887,-7.468665164520382e-05,-0.0002126695159876,-0.0004131793778292,-0.0014221627969713,-5.2450782267130095e-05,-1.7706745452379603e-05,-5.4367261523110965e-06,-1.6669569877290186e-05,-0.0001092381807816,-0.0002952446181806,-0.0012790363503874,-0.0029434124240489,2.969335469701271e-05,0.0001059905411917,-0.0005956740162589,-0.0021920826559859,-0.0002015907045376,-0.0004809340829427,-0.0016278449862444,-0.0037482130312269,-0.0007042943160806,-0.000910485735253,1
-0.0011780073102854,-0.0011008609601346,-0.0019879989052121,-0.0031664856191382,-0.0004596244036818,-0.0002867381338168,-0.0018242836941675,-0.0017333103217756,-0.0096650587955176,-0.0075801642265423,-0.0017914638999073,-0.0015911255173177,-0.0001900445122275,-0.0002596036217,-0.0012604478824654,-0.0016415764712305,-0.0012369902157191,-0.0010284591357419,-0.0004050954503805,-0.0003633848208271,-0.0042043239441212,-0.0050975049417856,-0.0001833903311735,-8.983306482143025e-05,-1.0454779219468826e-05,-2.46991992265109e-05,-0.0002874624933309,-0.0008245614300039,-0.0031394207325294,-0.0055826637174537,-0.0001914076804082,-0.0004405293101712,-0.0005987204922828,-0.002887062501209,-0.0009035026563682,-0.0024208779448689,-0.0044470602806519,-0.0049548451596317,5.088244727827741e-05,-0.0003097768051171,0
-0.0004339885320918,-0.0006288945278764,-0.0011933277106433,-0.0019626585646476,-0.0002326317172633,-7.410416896751974e-05,-0.0016662069839659,-0.001471965442363,-0.0152671893493355,-0.0079783061524156,-0.0059399504157905,-0.0048951174354997,-9.054274818419812e-05,-0.0001804864939382,-0.0049465965758393,-0.0053972228413216,-0.0046110594477945,-0.0049626588420577,-0.00018332021441,-0.0004046128275241,-0.0044908261829567,-0.0047372352173482,-0.0001297762228561,-0.000482930880105,-1.6010190388074278e-05,-2.765915143236576e-05,-0.0002851443536458,-0.0019191228891252,-0.0016336073804275,-0.0035014947481669,-0.0001241146638783,-0.000383833749465,-0.0065648998949469,-0.0285581914169238,-0.0006760641503231,-0.0020766715918954,-0.0013164311498219,-0.0030597997969755,-0.0057527757656464,-0.0104252043195287,1
-0.0046193156847158,-0.0073222525465049,-0.019346691780132,-0.0362964660219282,-0.0016853390427662,-0.0013655241231268,-0.0042724259808833,-0.002469461133042,-0.0020179186309343,-0.000977231185009,-0.0041915186339655,-0.0017810297290592,-0.000449636052625,-0.001160406878771,-0.0066553121553927,-0.0062804877338744,-0.0021702545645062,-0.0022927285335936,-0.0024392620500519,-0.0026621375412285,-0.0150546777803005,-0.0152021447607449,-0.0003233241659734,-0.0002906481424416,-3.520299692088674e-05,-5.5327750528324535e-05,-0.0003267778866861,-0.0007828972695875,-0.0083977684251827,-0.0194416753786965,-0.0001872289833772,-0.0003155837918943,-0.0027443168407624,-0.0119107365461394,-0.0010819409156636,-0.0027188629908959,-0.0201760492397655,-0.0393185889123288,-0.0022738822698649,-0.0049554202218828,0
-0.0012535479358,-0.0029467471937074,0.0014806371829901,-0.0134091830882114,-0.0011461184018468,-0.0004794615167605,-0.0049578009303976,-0.0036963142233874,-0.0176191515367087,-0.007798766854631,8.49239641795019e-05,-0.0027641706748258,-0.0003194215256064,-0.0009062936696982,-0.0031948254711944,-0.0043455548713867,-0.0004900106366173,-0.0011666473211614,-0.0010438194344738,-0.0008623601569374,-0.0030257570120192,-0.0099660782831927,-0.0002457652590316,-0.000591058143785,-4.984247810013134e-05,-9.82274411505222e-05,-0.000303213136869,-0.0006779250041779,-0.0063491588077691,-0.0159991204264831,-0.0001600436782839,-0.0005113767218978,-0.0006175309102561,-0.0034290190727479,-0.0007956259065041,-0.0025891738947257,-0.0057324794279127,-0.0197856084677998,-0.0012366792907924,-0.0019396360462537,1
-0.0057973626989111,7.995906203546178e-05,-0.0324781289719093,-0.0183017487295967,-0.0003080557238341,-0.0001726192345009,-0.0051778982139355,-0.0033045259708304,-0.0726856034083604,-0.061354799962956,-0.0216427755226961,-0.0155518846143726,-0.0005737508448405,-0.0009344903849541,-0.0353110061965432,-0.0294022069164443,-0.0184152463335569,-0.0156698874499332,-0.0001910680397009,-0.0004738354679086,-0.0398466186793674,-0.0327254357383118,-0.0001391106748577,-0.00053015536286,-5.1283390222311526e-05,-0.0001162327750444,-0.0009292381493465,-0.0048786142855113,-0.0083872561293863,-0.0148401365152399,-0.0001414438239386,-0.0007657198293141,-0.0194776024302512,-0.0814250788942779,-0.0007392274168079,-0.00174366785631,-0.0011726750901099,0.0028412627744055,-0.0142664118349211,-0.0263650861815139,1
-0.0052541451274926,-0.006885317180563,-0.0185496100083217,-0.0345514200868732,-0.0014491468412478,-0.0019553064517597,-0.0040687815938392,-0.0049990589927439,-0.0473943628671037,-0.0377875138449708,-0.0109289870196505,-0.0047039075341673,-0.0006019387543484,-0.0010410344731644,-0.0088142329047689,-0.0091265728755399,-0.0074462649510818,-0.0054607595338781,-0.001946505128597,-0.0019759713636001,-0.0177276853837829,-0.0086893982056007,-0.0003593838838352,-5.593794642504658e-05,-5.028326954042563e-05,-5.64817841251065e-05,-0.0003221062689002,-0.0015042755972955,-0.006595511383598,-0.0159797767925273,-0.0001291496933115,-0.0001638230327089,-0.0071999670956356,-0.0323692994260529,-0.0009653415305029,-0.0010037082582297,-0.0191470300338488,-0.0364729034245945,-0.005356268383007,-0.0098416426048942,0
-0.0020672507882513,-0.0034475074064328,-0.0018751948711636,-0.0094287911878443,-0.0008650703921545,-0.000326967936932,-0.0014610808985925,-0.0010441136433797,-0.0116107601221547,-0.0066781844967441,-0.0008797912304283,-0.0021872082600926,-0.0001603018687789,-0.0004637246410741,-0.0041517852831605,-0.0048372249736491,-0.0006178423623927,-0.001166032717946,-0.0010946163113479,-0.0013925399279975,-0.0006980355632132,-0.0052023360809613,-0.0002397572656025,-0.000424477143754,-1.7089573249849057e-05,-7.155773102200712e-05,-0.0001804985689958,-0.0007136849611141,-0.0023989910185395,-0.0090298753939767,-0.0001350413771717,-0.0002499719674068,-0.0008759100375709,-0.0036778503560106,-0.0006266554302497,-0.0016210628607378,-0.0100128687831648,-0.0219031091674916,-0.0014030696734194,-0.0020818313599343,1
-0.0014144639943686,-0.0016495917608716,-0.0027034629986142,-0.0026041231311974,-0.00019804613866,-0.0002458243101223,-0.0057867642796815,-0.0050045461444118,-0.0264502636197748,-0.0165157379371497,-0.0043259549672946,-0.0070343876595291,-0.0003246697426267,-0.0004211931234455,-0.0008422520984917,-0.0012949497324168,-0.0012990097595481,-0.0021413372227991,-0.0002618474141574,-0.0002938353595566,-0.0056451142587944,-0.0069408688543553,-7.522055512021053e-05,-0.0003115441563097,-2.268333719894536e-05,-4.607383399461631e-05,-0.0003038137779173,-0.0010570967715382,-0.0037742608683338,-0.0058125512296664,-2.9597394649010592e-05,-0.0001546489694044,-0.0013412187042214,-0.0053209488247827,-0.0004425513556823,-0.001981710097924,-0.0031668856922286,-0.0021910535974845,-0.0017810409062408,-0.0022403451765327,1
-0.001990101716464,-0.0021586764055188,-0.0037707930422839,-0.0050930144754667,-0.000500373530615,-0.0003701376779046,-0.0026341495842,-0.0022728753071022,-0.0060113435039113,-0.0046933559043334,-0.0006519856185856,-0.0012857661497855,-0.0001189082609766,-0.0001977016782029,-0.0054320621977556,-0.0063062242643258,-0.0026144243586299,-0.0032777374873076,-0.0010040654310045,-0.0010749887654768,-0.0057681056978766,-0.0093895090228535,-0.0001776806896718,-0.0004436237140624,-1.1397848561448345e-05,-3.797726671520121e-05,-0.0002095474223824,-0.0006795454679264,-0.0025772420620482,-0.005296600438086,-5.802136338891051e-05,-0.0001437914971787,-0.0016577026314086,-0.0070241165955623,-0.0006025924714398,-0.0018858003712841,-0.0062005366945549,-0.01519569118282,-0.0013071702892262,-0.0022758068259457,0
-0.0003044432082924,-0.0001911847725883,0.0004461292849467,0.0020432618580065,-0.0002060639197466,1.1875959969022645e-05,-0.0025252356608717,-0.0014314559547251,-0.0040006258852899,-0.0016981381749485,-0.001562248998917,-0.0016578136157966,-3.593369202506315e-05,-8.310389433782993e-05,-0.0006207683950039,-0.0008828661440045,-0.0007309135414543,-0.0010785787256316,-0.0006187783471156,-0.0010475493172155,-0.0021724323330851,-0.004233648313899,-0.0001154814829816,-0.0002474094304903,-1.914182107446377e-05,-2.774738879759425e-05,-0.0002151491300717,-0.0006399910634344,-0.0010705607749747,-0.0026940484772255,-9.343850175473884e-05,-0.000193774425517,-0.0005652702636993,-0.0019986026121921,-0.0002988231182904,-0.0008929082938461,-0.0007604391425865,-0.0028297202135562,-0.0008020513042399,-0.0011584487956605,1
-0.0019489657783041,-0.0027928981424516,-0.0094434898131998,-0.0174879342226737,-0.0006298252888195,-0.000132563776949,-0.0048338230128486,-0.0034418325647376,-0.0092445002565922,-0.0069447396139937,-0.0027791487635381,-0.0042884089737896,-0.0002890237178293,-0.0006461735284069,-0.0023807834278042,-0.0047051997682501,-0.0015422297463357,-0.0020516597779493,-0.00096012232397,-0.0009131611545297,-0.0045599338211722,-0.0088457372475524,-0.0001288375351878,-0.0003264256821285,-1.3365460090563551e-05,-8.033668195899497e-05,-0.0003714889009335,-0.0012065350354477,-0.005521478019922,-0.0125481650469763,-9.46665989760246e-05,-0.0002024470804664,-0.0003725589251776,-0.0025168228392948,-0.0008283348570855,-0.0017991479356704,-0.0124265704504736,-0.0198785622427047,-0.0003419541026837,-0.0006665955709704,0
-0.0008579893019039,-0.0010981915452411,-0.0043192908979418,-0.0100452040932465,-0.0001693440886774,-0.0002596432987722,-0.0031027532801219,-0.0030436614972961,-0.0092011311446262,-0.0068701064930439,-0.0020151170509404,-0.0023865821358318,-0.0005755304080623,-0.0007336667337504,-0.0042442430228114,-0.0044312517595487,-0.0012445773256481,-0.001428693322942,-0.0004841834910591,-0.0004321277057145,-0.0067164087489615,-0.008349487554282,-0.0001759071888022,-0.0003227444987689,-3.9718393877277366e-05,-3.783049069973845e-05,-0.000333063399119,-0.0011062546657152,-0.005515690486818,-0.0114250663072599,-7.726658562766849e-05,-0.0001519203673003,-0.0011604111170946,-0.0053810602328585,-0.0007219793532836,-0.0020951675526492,-0.0053949352713972,-0.0100603529739069,-0.0014303521873754,-0.0019222009981378,1
-0.0013426656639069,-0.0021893870367911,-0.0017158127672898,-0.0030166110231125,-0.0007528336492292,-0.0002527795938181,-0.0045087084000873,-0.0042193911371996,-0.0055042273338556,-0.0040028600063601,-0.0022490496060786,-0.003747096508357,-0.0003919823797274,-0.0007552917484593,-0.0028946904673865,-0.0042740478350157,-0.0004912039536393,-0.0006299393551657,-0.0002223595884773,-0.000620537451891,-0.0064988982000267,-0.0106482446682779,-0.0001760292866646,-0.0004000429463748,-3.63183906024891e-05,-6.167465658741477e-05,-0.0001060293418061,-0.0004155033970961,-0.0066257371159868,-0.0145197921901226,-5.249816407738718e-05,-0.0001036543177194,-0.0006442421218003,-0.0028058376959073,-0.0005001031342921,-0.0014621107666504,-0.0037579737185562,-0.0104450537497747,-0.0008120677134028,-0.0013492485276237,0
-0.0018745113513911,-0.0018045755085455,-0.0053158739100626,-0.0080736555444027,-0.0001253786463028,-6.730918820661437e-05,-0.003478177790554,-0.0038872226326437,-0.0192927881924654,-0.0146874079250779,-0.001322285683776,-0.0018150538703785,-8.29273726740135e-05,-0.0001073135692975,-0.0047827311873221,-0.0059595312518192,-0.0027276478642139,-0.0036204118662909,-0.0012636234827447,-0.0012338912109932,-0.0056681811700103,-0.0064016423161851,-0.0001517876974306,-0.0002186140111614,-6.014748246916966e-06,9.346239131042093e-06,-0.0004647076576839,-0.0012446002770672,-0.0023135245056869,-0.0052149734082489,-0.0001768919900641,-0.0004036225355556,-0.0021267111722151,-0.0099074432158776,-0.001247487741255,-0.0030960977246462,-0.0067943474113524,-0.0074673526931888,-0.0012995098015752,-0.0021445495833647,1
-0.0028571938313482,-0.0030609929309721,-0.0052470810777332,-0.0056917881993156,-0.0005459317072619,-0.000569435736493,-0.0049453759859171,-0.0050440348882826,-0.0198801845392337,-0.0149162358798773,-0.0049687993435786,-0.0035831817778505,-0.0005254939970624,-0.0007697753371384,-0.0054519283053618,-0.0051190742414938,-0.0018809057214564,-0.0015196908851409,-0.0005038419724194,-0.0001939130252634,-0.0098974435879089,-0.0144997514393978,-0.0003228825288237,-0.0003393490483643,-5.343343774181733e-05,-8.639488743750515e-05,-0.0005600781621589,-0.0019112532342162,-0.0086293172819277,-0.0161316199796506,-0.0002104882097602,-0.0003503743051579,-0.0014630068430813,-0.0066611727515189,-0.0012539540686967,-0.0032956938048646,-0.0103707714996491,-0.017288204316382,-0.001422107882398,-0.0020414617332225,0
-0.0015772844947724,-0.0017622825806869,-0.0049903914200425,-0.005015048595333,-0.0006509928272725,-0.0001981195853734,-0.0042181206309977,-0.0036567173847464,-0.0236320494833254,-0.0160327510003376,-0.0030859974527814,-0.0043519499376169,-0.0003317288640707,-0.0007053822459604,-0.0073527251841942,-0.0085897192821717,-0.0018645509376168,-0.0022293736733936,-0.0009544241963223,-0.0007152443779929,-0.0059095102782537,-0.007692355292375,-0.0002059759434546,-0.0003050449024208,-2.1126254440657868e-05,-7.090329552785815e-05,-0.000267085758862,-0.0008161792531041,-0.0044159529773041,-0.0100657339530623,-0.000136721541235,-0.0002671022320322,-0.0023361042667585,-0.0100365479175531,-0.0005915217965535,-0.0020681559363898,-0.0059159355228013,-0.010627532997451,-0.0017397181523285,-0.0030473248887754,1
-0.0004243060363165,-0.0007130080412489,-0.002396267876467,-0.0016006846292991,-0.0002988308247937,-0.0002950098153899,-0.0012006754055929,-0.0006860793288541,-0.0047303747816036,-0.002586044797857,-0.0021087905404855,-0.0019987803898615,-4.244146052315564e-05,-0.0002214416903214,-0.0004468266109793,-0.0008483399834528,-0.0004003689310075,-0.0007245077940822,-0.0001586817218748,-0.0002758873872567,-0.0020617138323013,-0.0024726272127938,-0.0001440238681503,-8.729797115158611e-05,-1.6003673114885095e-05,-5.392600800689076e-05,-0.0001420172897808,-0.0004197030170217,-0.0009182665602684,-0.0024914008179144,-3.844677896588912e-05,-2.2550951439946986e-05,-3.7761099645492046e-05,-0.0001690033789619,-0.0003514344096574,-0.0012244659070063,-0.0009000544204121,-0.0015141734099328,-0.0001631591651702,-0.0004224523438406,1
-0.0011781920608878,-0.0010248768715785,-0.0045389455933881,-0.0050679570833771,-0.0004016047679338,-0.0003207729983891,-0.0028442057391092,-0.0014342464703199,-0.0109423598597585,-0.0074509859520423,-0.0028668530279517,-0.0040819904561544,-9.846910859932224e-05,-0.0002511087677026,-0.0035266384403672,-0.0043498666057928,-0.0010210591709002,-0.0014493522799068,-0.0004095814875082,-0.0005332785811791,-0.0034318664262939,-0.0062202221773088,-3.434103591227169e-05,-0.0001770739465382,-1.6945041873351433e-05,-3.131703557653521e-05,-0.0003037727652356,-0.0009411407383709,-0.0014075122419813,-0.0019824234112736,-0.0002032690055649,-0.0001685885443228,-0.0011007970914654,-0.0043186055111863,-0.0007204766277931,-0.0023128539881796,-0.0013658140995032,-0.0047482060921781,-0.0018251937034463,-0.0022400698556673,1
-0.0010420952560674,-0.0014671848513515,-0.0020178151571504,-0.002834263877887,-0.0002461362689273,-0.0001102834865701,-0.0014904620583499,-0.0018533245698246,-0.005483239781234,-0.0041281748035095,-0.0020041342112605,-0.0002558651367202,-0.0001775900541264,-0.0001396901448419,-0.0013094183227578,-0.002426159966357,-0.0001868372946075,-0.0006894258156835,-0.0004723019254907,-0.0003555850515749,-0.0037669020431172,-0.0043469673940101,-0.0001492278517801,-0.0001721630471954,-3.1954726103422e-05,-5.0375730132831005e-06,-0.0002295108374119,-0.0008836474245474,-0.0024205272190829,-0.0051830752800738,-0.0001197919859936,-0.0003302106269615,-0.0007974083176661,-0.0032607814779293,-0.0005401111799485,-0.0015637781585349,-0.0023533363083862,-0.0054211479542211,-0.0014028877455397,-0.0020512473055372,1
-0.0006671718371468,-0.0010574919717582,-0.0020558366294129,-0.0038160153572695,-0.000478992118037,-0.0001433008619631,-0.0027586795525458,-0.0019160129075932,-0.0091920958955802,-0.0058236182734045,-0.0013952958776292,-0.0024431727799625,-5.388754090682594e-05,-0.0002457702958234,-0.0010894256562008,-0.0025594670563677,-0.0005951850409966,-0.0007691905124764,-0.00021785488436,-0.0005183361600371,-0.0033888776574408,-0.0069422647341685,-0.0002029834434763,-0.0003426699369688,-8.893402418186562e-06,-5.103278305301946e-05,-0.0003135571121451,-0.0012168267572924,-0.001267365250062,-0.0038451441127548,-0.0001249450371564,-0.0002612901206854,-3.9881945504832976e-05,-0.0006810978669635,-0.0007284248376091,-0.0021496818331109,-0.0021889934575355,-0.0044869568460618,-0.0003523592306043,-0.0004085204193264,1
-0.0004082811507622,-0.0002358133585218,-0.0013985571470675,-0.001166167989311,-0.0002401829432244,-0.0001492476270122,-0.0013795178956171,-0.0003611185982656,-0.0062291492035883,-0.0043583105605346,-0.0013504148250936,-0.001362742270277,-5.889518249986251e-05,-0.0001308627420036,-0.0017522215388716,-0.0014728194207549,-0.0007453644148436,-0.000647855714333,-0.0004323086735646,-0.0002659698940313,-0.0012321245421841,-0.0033308256646791,-0.0001360268876981,-0.0002186124592564,-9.658190751223232e-06,-1.7167482886292523e-05,-0.0002657302402903,-0.0009296108341646,-0.0016192551320529,-0.0019333539477266,-8.283736443609649e-05,-0.0001273506940252,-0.0007019433720774,-0.0029189208860129,-0.0007767116730849,-0.0018882257824548,-0.0040288872460074,-0.0059545127420708,-0.0006980399660991,-0.0010126132296515,1
-0.0013940557471595,-0.0020406365205208,-0.002055098858159,-0.0032231321606859,-0.0006522748878254,-0.0002818571558761,-0.0050260907116751,-0.0041280694838372,-0.0109125454589699,-0.0071285800235029,-0.0022647216669789,-0.0016576466151088,-0.0002442299860775,-0.0005742780091288,-0.0021014368562094,-0.0027886854698063,-0.0004450855909676,-0.0006322811700435,-0.0005769238790421,-0.0005108120540424,-0.0056606117931241,-0.0099178656987657,-0.0001591330460284,-0.0002661393990897,-2.226152273052934e-05,-6.538496490942905e-05,-0.0002407789528261,-0.0007386673223624,-0.0045187450483417,-0.0113848518727147,-9.412937047186656e-05,-0.0002389855100009,-0.0006446571622322,-0.0026011089751473,-0.0003994134307465,-0.0009385280649649,-0.0028520345340032,-0.0059341853748633,-0.0010392675962693,-0.0014566949483534,1
-0.0017834029864397,-0.0021169667214515,-0.0033446627592519,-0.0034539153239026,-0.0007129414971361,-0.0003199455284275,-0.0057167126522737,-0.0040681014749498,-0.0131425978952127,-0.0094026030202065,-0.0031891130202437,-0.0039494358975068,-0.0004018518865677,-0.000873218161276,-0.0045639664003191,-0.0062509484287269,-0.0040139733314124,-0.0049399381615353,-0.0005005349256501,-0.001228792586246,-0.0088948727298185,-0.0135850544091094,-0.0001566631747864,-0.0003127567864815,-3.896627168388864e-05,-9.303729327818824e-05,-0.0003209245789262,-0.0009984332822348,-0.0055671019489283,-0.0116394510371348,-9.931133444747148e-05,-0.0003153634984923,-0.002013150221719,-0.0092544133100893,-0.0005896515405719,-0.0011860619439303,-0.006691253139263,-0.0132081480643246,-0.0005717380640699,-0.0007805321862492,1
-0.0002563326029566,0.0002946719417633,0.0002701845630328,0.0012466956930384,5.959492404558838e-05,-0.000137536335088,0.0001674993485018,0.0003048965885104,0.0004421916346975,7.172257931995749e-05,-0.0025829647058314,-0.0014783420812021,-5.882443377059183e-05,4.569362383791724e-05,-0.0011698289393329,-0.000340784229198,-0.0011323450338759,-0.000829906978831,-0.0004970240453362,8.789126609510858e-05,0.0005403544226892,0.0007323750327287,-1.3143063294102904e-05,4.366456690168362e-05,-1.0671724433165043e-05,2.438586105229206e-05,-0.0001449572071323,-0.0005659623957894,-0.0005047999510298,0.0012249285143888,-8.785427144111888e-05,-0.0002030033192631,-0.0008497315431754,-0.0040918741878462,-0.0003547217014697,-0.000804554922419,-0.0045094388640065,-0.0040148600545877,-6.778320663526123e-05,-0.0003671102361043,1
-0.0014177268815456,-0.0008890298673393,-0.0025413906704768,-0.0033257671510868,-0.0003614885980059,-0.0003088437166571,-0.0002285835065331,-0.0014211425442092,-0.0119295908086168,-0.0101018581237874,-0.0030180052276976,-0.0010328408639351,-3.5867325310615326e-05,-5.507791756092217e-05,-0.0030952988081026,-0.0027635335901488,-0.0020016510072126,-0.001394384090857,-0.0006489475097834,-0.0004981900874594,-0.0034940655028379,-0.0027707373926572,-0.000150722441536,-0.0002501215268162,-1.4206349406182792e-05,-2.787755992090053e-05,-0.000356687406284,-0.0009901818878304,-0.0034655747063726,-0.0071202983039256,-0.0001242772291707,-0.000221567097497,-0.0014630600070988,-0.0068601509533242,-0.0009424321601607,-0.0022998853429016,-0.0067837832582425,-0.0076201043077009,-0.0014054018802441,-0.0019728841609282,1
-0.000940808219175,-0.0015421335515343,-0.0015138571309924,-0.0033994352210334,-0.0004181406123283,-9.832389651998816e-05,-0.0034136774054994,-0.0023278088534519,-0.0034501253629516,-0.0023556106757362,-0.0022237738952043,-0.0022070758627035,-0.0002076171075101,-0.0004460109402093,-0.0008639978111379,-0.0019307173855595,-0.0001125658299098,-0.000253766896884,-0.0004726560431637,-0.0004845733775953,-0.0035216097705418,-0.0080821936768026,-0.0001310466171211,-0.0002697896975475,-2.090433398635971e-05,-2.379980331619513e-05,3.339945125595702e-05,3.111284145121509e-05,-0.002610791656424,-0.0071552962005269,-3.443436774638816e-05,-0.0001492530781123,-0.0003921819583733,-0.0017156879711782,8.211029726329396e-05,0.0001982115180643,-0.0023834849053741,-0.0054582465120451,-0.0007532000435505,-0.0011237166427072,1
-0.001296925314705,-0.0009609223635805,-0.0020150065436767,-0.0019767923538916,-0.0004767942263757,-0.0001811900785648,-0.001601302523326,-0.0008475880441506,-0.0121241782446709,-0.0084510773484509,-0.0022175707898937,-0.0022266366825853,-0.0002060611374831,-0.0004401551855126,-0.0016128137498684,-0.0018003648689211,-0.0007625732243188,-0.0012149904776683,-0.0004473706486675,-0.0003595615271141,-0.0016882332317013,-0.0035683248650045,-7.699931666800548e-05,-0.0001412803331496,-1.558706385880593e-05,-5.03251095821486e-05,-0.0002793614188991,-0.0008123888401929,-0.0028542924625566,-0.0052389578116359,-0.0001665914847284,-0.0003900367313836,-0.0011450935152275,-0.0051050452138268,-0.000884536112867,-0.0024666474986883,-0.0032168055320737,-0.0058263326891981,-0.0016485312362047,-0.0023299122555324,1
-0.0008069985224669,-0.0010961900891002,-0.0006769845149637,-0.0024566192794796,-0.0002028197128308,-0.0001304219799699,-0.0005194907755617,-0.0006618724015433,-0.0063618564061829,-0.0040162294481035,-0.0019823011834731,-0.003061793882392,-0.0001456279818605,-0.0002114193180557,-0.0011939828285909,-0.0016925095418179,-7.201538379410348e-05,5.466811014070152e-06,-0.0002646805552571,-0.0005012023771854,-0.0012910771969792,-0.0003731447077386,-0.0001543097284975,-6.0497146943344754e-05,-1.1732638357869696e-05,-1.825903869245533e-05,-0.0001626758978061,-0.0004645260207283,-0.0004373526923421,-0.0014975004942538,-9.577331222906996e-05,-0.000124044849169,-0.0002816270297085,-0.0008765603819146,-0.0005149647862791,-0.0016125717073377,-0.0018657374395653,-0.0012105878986461,-0.0004841336196546,-0.0006859467042772,1
-0.0023250109553408,-0.0019789876944367,-0.0060341852304708,-0.0073797110374939,-8.094594182425235e-05,-0.0001522241213475,-0.0020575926161216,-0.0009157302566797,-0.0110399610442706,-0.0071757690566899,-0.0029775275567842,-0.0042481755381509,-6.42089635056812e-05,-0.0001357359123865,-0.0028116065850974,-0.0026345127665809,-0.0016296870358374,-0.0020439104284712,-0.0003629936816666,-0.0005256405790451,-0.0010870769139736,-0.0026718613795748,4.5002460605640455e-06,-0.0001169043269189,-4.935454715925668e-06,-3.735846105106007e-05,-0.0002528252644324,-0.0009822740330433,-0.0031860479757108,-0.0065174823825412,-9.268322818205252e-05,-0.0001663025606507,-0.0018078057672697,-0.0080570434189474,-0.0010093544314656,-0.0029423864796204,-0.0023955636828313,-0.0043128706404328,-0.0019213423576648,-0.002765177849294,1
-0.0023728687165927,-0.0031879902429416,-0.00588190339601,-0.00911744152622,-0.0004096114466623,-0.0001882536294111,-0.0032806374859341,-0.0025511709784509,-0.0120777894701027,-0.0082537538248094,-0.0026172080831817,-0.0004820035540557,-0.0002112627923448,-0.0003030964244271,-0.0059334552789222,-0.0073752102797873,-0.0013277136339327,-0.0018306044858765,-0.0011353622625601,-0.0003496043724757,-0.0097779889054779,-0.0152885133926762,-0.0003735565964109,-0.0003890879227027,-3.201045495382997e-05,-1.7726841866505875e-05,-0.0004558713062198,-0.0010130836651717,-0.0032751888894885,-0.0071029971783999,-0.0001926418545102,-0.0003549482765435,-0.0013887269603251,-0.0054635439109055,-0.0012260805201136,-0.0034557319373332,-0.0109621481426928,-0.0196942047007863,-0.0018312178041133,-0.0027582555962094,0
-0.0012657135214359,-0.0020322928785862,-0.0016287827778331,-0.0079491251680726,-0.0006267438468384,-0.0001321377162573,-0.0018618271809761,-0.0013454019856513,-0.0067519001816663,-0.005705098995758,-0.0003336150965137,-0.0019519767743713,3.078692842429934e-05,-0.0001632508574903,-0.001764731219074,-0.0029070263136785,-0.00082916258178,-0.0010040619077101,-0.0001615612473315,-0.0008279638327793,-0.002367947371195,-0.0053163029662214,-3.649998936508407e-06,-0.0002185473980627,-8.52732727336146e-06,-3.362749986338936e-05,-0.0001265529822285,-0.0004211302352737,-0.000656852101619,-0.0042069086710407,-0.0001291945288622,-0.0002185316203638,-0.0007964230528562,-0.0031752106710879,-0.0006582562049674,-0.0018938549136121,-0.0031149094043737,-0.009799096772647,-0.0012999773473679,-0.0016979341901036,1
-0.0012518930519926,-0.0022588042582648,0.0007211847787914,0.0001365172974719,-0.0008918161215227,-0.0004354884307397,-0.004362001428731,-0.0025055717938264,-0.0128411371669842,-0.0067462900631561,-0.0035290068795219,-0.0063966015031637,-0.0002392147641945,-0.0006321860922225,0.0003324866871052,-0.0013329718752834,0.0005151655624494,0.0002751926631249,0.0003415328761479,-7.028830537343824e-05,-9.763871426111868e-05,-0.0052682731831968,-0.0001397429345668,-0.0004209066135503,-3.678064849803624e-05,-9.654964072279229e-05,-0.000240725836994,-0.0004578750768537,-0.0030273704190109,-0.0082428267659809,9.068166412812125e-06,6.99700827554836e-06,-0.000796480374715,-0.0031952250352038,-0.0003819871102535,-0.0014259815936941,0.0014257337197961,-0.0032494748440495,-0.0013036397058556,-0.001710840883926,1
-0.0008629746047092,-0.0005818642074457,-0.0019517469640837,0.0081686008635807,-0.0004274837971411,-0.0004646861873117,-0.0041921460274117,-0.0026519465354229,-0.0203560439558739,-0.0113143182207078,-0.0052336304109551,-0.0059517960706597,-0.0003781259896514,-0.0006031128068173,-0.0002291133907294,-4.0928945390178765e-05,-0.0012488503300147,-0.0009026811776971,-0.0002010940659959,3.107965973594268e-06,-0.001963316631087,-0.0032709696188327,-0.0002054299642823,-0.0003933479645399,-5.8678463137692805e-05,-9.188794366403336e-05,-0.0004472449808617,-0.001280143319177,-0.0055910767039491,-0.0108992992862968,-1.3285347159170249e-05,-6.426326122332101e-05,0.0007969862089851,0.0037529266849078,-0.0011571924967165,-0.0040792984403909,-0.0116645495177609,-0.0074604174289888,0.0004655302071395,0.0018945608537828,0
-0.0151631715218973,-0.0066054401421426,-0.0496979573249974,-0.0481913121592631,-0.0017188199769272,-0.0017455336063369,-0.0102125855206173,-0.0070493734689869,-0.0897680421327713,-0.0725084228993697,-0.0085584364959657,-0.004584865675252,-0.0005772381911788,-0.0016031196693854,-0.0444999711254422,-0.0408982527712514,-0.01809186543485,-0.0159635018098944,-0.0027100530152836,-0.0037156521474225,-0.0472027059304445,-0.0453530571579147,-0.0006262629249084,-0.0004861115846659,-8.032998832768168e-05,-1.298526393860421e-05,-0.0014925560598652,-0.0067918530549768,-0.0083084528011138,-0.0034425665372045,-0.0001685577703382,-0.0005870382059991,-0.01816693011869,-0.0764797547268382,-0.0022835890960058,-0.0047571793413271,-0.0127657667802295,-0.0324017058124127,-0.0129229617153371,-0.0254765746467021,0
