0.00311976607283,0.0040808413825705,0.0063989047614963,0.0082583565830978,0.0002346173695053,9.351881815729344e-05,0.0032787111925759,0.0028322945115266,0.0004165164387334,0.0001590351306245,0.004706628943954,0.0054918968942037,0.0007748533715503,0.0015923624542242,0.0013000150971795,0.0028919652757883,0.000306900292612,0.0006539561214677,0.0004395863263467,0.0007494694071241,0.0026967233995927,0.0044580711770081,5.829980091460474e-05,0.000139399649486,5.033617682400971e-05,0.0001084136358658,8.381831093025229e-05,0.0002127247220933,0.0002058564009065,0.0010884104245901,1.1266326884214763e-05,1.6762413974347142e-05,0.001416153108603,0.0069844622688001,5.1076135238049726e-05,0.0001899009448455,0.0001793216056903,0.000522923223885,0.0006177226944996,0.0006413944851454,2.0
0.0044424637887347,0.0055592273822431,0.0088867232706498,0.010439359201517,0.0002221491329783,0.0001328321854894,0.0027187472386414,0.003343670588793,0.0008747273314962,0.0001665202265003,0.0062030885768877,0.0056865570038023,0.0014191441679587,0.0020282979182626,0.001094897165622,0.002089450626921,0.0001807375184002,0.0005099506013628,0.00026492163493,0.0003565486613766,0.0039224049981716,0.0070452983358133,0.0001009144422563,0.0003087236177184,0.0001278732284349,0.0002723485587242,2.843873488406101e-05,0.0001283102787957,0.0006328499154658,0.0016253870871592,8.657737243707338e-06,1.3564767555683657e-05,0.0061688753653394,0.0401679357759193,0.0001439985444799,0.0005173080546462,0.0007447880491447,0.0023345670078758,0.0013326530343731,0.0031442330971738,1.0
0.0010415580907836,0.0040565849431512,0.0130798060760492,0.0159148788970671,0.0003370099576688,5.163800415312263e-05,0.0061643522613148,0.0058316326847174,0.0008842659251936,8.020671585446774e-05,0.0078355262823224,0.006629572129092,0.0037149652108521,0.0048789365002284,0.0012511083516098,0.0034267691405211,0.0003879092366856,0.0010564406354359,0.0005499807056011,0.0008354575034475,0.0033724930777568,0.0064375757585603,0.0001842037881788,0.0004520190127808,0.0001507074669012,0.0003638188439666,0.0001210779070855,0.0002999055692177,0.0006509534979901,0.0012523704655949,1.11413671918116e-05,2.35842243126032e-05,0.0084246691818509,0.047323582505833,0.0002497448856821,0.0009812543791806,0.0004229382186526,0.0010592247509689,0.0024255531053621,0.0032155337626681,1.0
0.0026131861526971,0.0031188528894881,0.0138284732050128,0.0141021018923442,0.0005383618185302,0.0001912642178454,0.0070128424314783,0.0074118904895532,0.0007706085735547,0.0001790437341448,0.0100231741122385,0.0106722281236883,0.0019743424948156,0.0042379707508148,0.0011342480991385,0.0021885131533111,0.0003418645450547,0.0003855896378148,0.0005964131271544,0.0005958083418085,0.0059551617303628,0.0096931500735431,0.0004402440297749,0.0007772426672869,0.0005146650905048,0.0009200266954884,0.0003209549413018,0.0007960835775629,0.0016559586077648,0.0021484505762974,8.206517641684424e-06,1.746568479234878e-05,0.0607323347594878,0.2844735804870242,0.0006205443132732,0.0023229682472146,0.001801499837106,0.009099565484563,0.0037414334743813,0.006055558919525,2.0
0.0026119463740252,0.0023634442861479,0.0092729309998262,0.0136124616227567,0.0004384846525949,0.0001375581965877,0.0020549470385854,0.0021527321733126,0.0009836816612815,0.0002136279048902,0.0082967027320765,0.0116090091015881,0.0035287609273661,0.0060928114988713,0.0010052610084228,0.0029752571020626,0.0003206417760787,0.0004290404464232,0.0003931304769776,0.0009365116497782,0.0111925052596003,0.0169164317399932,0.0003786152119161,0.000747343148272,0.0001873130508904,0.0003968445185766,0.0001225594577327,0.0002501408466257,0.0050001335154712,0.0074503059763095,1.395970487468756e-05,2.7725624392154394e-05,0.0472177080493564,0.2304739525566974,0.0006422801165312,0.0025998783442336,0.0016383099962242,0.0091011254692723,0.0016423201978529,0.0045436832149886,1.0
0.002595428696412,0.0028630053318713,0.0052940438573727,0.0045893009567297,0.0001667163899112,6.469089871586928e-05,0.0053468244216831,0.0052809345402912,0.000447515834409,0.0001393600631876,0.0165938820338124,0.0206390291265663,0.0020422183730428,0.0036896339850678,0.0010664592911323,0.002119093884456,0.0004778112850188,0.0010831268473186,0.0002882514911466,0.0002850778615416,0.0062856425462758,0.0102939591938759,0.0002954442401927,0.0004401927474638,0.0001854490671681,0.0003488260558949,0.0001451386343237,0.0003656251856255,0.0010785625499837,0.0021254366449269,1.3929502149156732e-05,3.386433980934952e-05,0.001032946085677,0.0097373539908542,0.0001721894733685,0.0007217641150087,-4.12702347112079e-06,0.0003315684668191,0.0021350508428073,0.002070336870643,1.0
0.0082298979073071,0.0114604137788072,0.0125089427194956,0.0140528753860728,0.0006609859147507,0.0002264434131315,0.00381889215057,0.0038235139647553,0.0008230939981119,0.0002125018504539,0.0171558870363763,0.0174247750090581,0.0054462780170225,0.0070015187598486,0.0013091494286047,0.0025840301467447,0.0005915311939008,0.0012616900275479,0.0004077162166383,0.0009737539896501,0.0097662180896505,0.0147884514571693,0.0001321923707295,0.000279651534758,0.0001282848382954,0.0002460743926151,8.885794058562887e-05,0.0005355861718893,0.0033420926870377,0.0059985757180737,1.090140562972452e-05,1.6171721770942528e-05,0.0196975991544786,0.1614672992882931,0.0005191740329383,0.0021271858631566,0.0020273097208872,0.0104960558887608,0.0028282439656926,0.0042027583865736,1.0
0.0124452312829329,0.0104520142605815,0.0265084990351717,0.0270995333646174,0.0007497604889936,0.0003249875385618,0.0098345340342882,0.0090809569910302,0.0018466329604749,0.0006490000887631,0.0298910726402153,0.0287775573381089,0.0018698821125754,0.0062971245963144,0.002435988430612,0.0060770336614787,0.001036824230342,0.0015659463026963,0.0009452584131749,0.0016993330937333,0.0163660259075987,0.0287743303578356,0.000685849239986,0.0010514929996116,0.0003438818991313,0.0003761008370568,9.877430081959082e-05,0.0004752918642319,0.0065170660748625,0.0088951155869715,1.4813050448383798e-05,2.540555731016162e-05,0.0148336593843,0.1051989922892193,0.0006677354170151,0.0027205642395509,0.0018262229759052,0.0086670128860688,0.0032620164682168,0.0058627849183728,2.0
0.0023965676988669,0.0037178842213932,0.022791689170242,0.0249219857736545,0.0004276486459845,0.0001543704847085,0.0036013725294026,0.0027937392486348,0.0003125133884392,7.915779339793108e-05,0.0146983716792345,0.0152415205283597,0.0018030530080523,0.0032443659595714,0.0014431535529085,0.0018253899541495,0.0002078961704741,0.0006519479285231,0.000758458178764,0.0016068709725169,0.0068725934496687,0.013444493305523,0.0002659145694487,0.0004284275365934,0.0001667476410213,0.0004897154647027,5.9237380187184525e-05,0.0001259779867279,0.002444976337282,0.0048397560962464,1.731261378847221e-05,3.3212946737552984e-05,0.0153297262463577,0.1051351503622633,0.000765008521277,0.0031064462302618,0.0015953454881341,0.0075572908042553,0.0034003229726351,0.0054773400316885,1.0
0.0028554433631946,0.0029983108085085,0.0100065025424017,0.0123574357542751,0.0003621088937473,0.0001242828426587,0.0014699496595426,0.001692688445359,0.0010505055028105,0.0001692716570422,0.003725498625632,0.007417740243524,0.0006436758324997,0.002395548951834,0.0020681029150412,0.0038818718633591,0.0002387315433367,0.0002764000811311,0.000276568192077,0.0002692745131822,0.0051515777013474,0.0114569155084549,0.0003072289233847,0.0005482500193708,7.715563719496936e-05,0.0002003342105056,8.159263461883429e-05,0.0002125894604732,0.0032182349415303,0.0047937738046932,1.1793803920602638e-05,1.9749992676010853e-05,0.0157836546684624,0.0645081912989975,0.0003551327379869,0.0013981581391516,0.0005019752169984,0.0029114422365549,0.0012687445495453,0.0021056165557355,1.0
0.0046865369735054,0.007215597560526,0.0123280193455685,0.0152725549561061,0.00067795998044,0.0002276455588259,0.0034240545309359,0.0034194515343696,0.0013139391928066,0.0002477948422608,0.0128402948541355,0.015832874048676,0.0038115850583418,0.006147754545383,0.0020201644976755,0.0036257516983666,0.0002472096673625,0.0004286459775106,0.0005467191890288,0.0008748281092209,0.0130859743703467,0.0274767840160865,0.0004846088593141,0.0010161006066888,0.0005469424208477,0.0011303919548761,0.0001425330142698,0.000672752200732,0.002301207039443,0.0049371420080059,2.4768196495945644e-05,6.989987417430364e-05,0.017104366636096,0.1022379885864396,0.0007438391628596,0.0029467568822738,0.0012889414851918,0.0074217517042399,0.0025765660215863,0.0043542134918594,1.0
0.0109628156300339,0.0110591941079828,0.0242781724645745,0.0275060192862787,0.0008386556824807,0.0003490165842197,0.0084749412881185,0.0086665669014941,0.0008241514923526,0.0001689934018172,0.0223122429128253,0.0225850425113922,0.0013568584068685,0.0034952502258213,0.0028295490574884,0.0057838650577058,0.0005205013732013,0.0010539929799955,0.0009416373338298,0.0017904729715847,0.0060488582917118,0.0104377353114529,0.0003233706510033,0.0007169689382423,0.0003117454319928,0.0005956992162083,-3.864457288287274e-05,-9.824932820135075e-05,0.0013069320966136,0.0024549514393496,1.126014939134552e-05,3.398476023044024e-05,0.0012797465831455,0.0150840122481636,0.0006131523005466,0.0024035126843783,0.0018064754678578,0.0089556000596179,0.0017799464146735,0.0049140905200769,1.0
0.0017441573482421,0.0039872429522409,0.019363788890218,0.0237962422326715,0.0005885548162272,0.0001683473460213,0.0030669706359828,0.0039869157992985,0.001802906405024,0.0006591525160492,0.0195557107596072,0.0259586580999519,0.0053069853105509,0.0071771566876223,0.001805813632544,0.0068427555537378,0.0006675530037351,-2.633139240513359e-06,0.0001123829097702,0.0008006074748878,0.010157897659909,0.0164988273762812,0.0011745957980787,0.0009597128521934,9.695471377865896e-05,0.0001589787317309,0.0008386129220269,0.0029793217421082,0.0070528953482561,0.0086867580316766,3.552202567198856e-05,3.76377984033646e-05,0.0386666558896543,0.2279608067600738,0.0005164885545452,0.0021365347881744,0.0004951649422398,0.0037117324895207,0.0025889108268269,0.0034460253675505,1.0
0.0320663544677697,0.040404382607805,0.0413426852340141,0.0471234912734892,0.0021588201601456,0.0006894473023659,0.0117382418957188,0.0084341164031671,0.0080328746134831,0.0021159893191329,0.02273019202432,0.0153177575192369,0.0257838023563986,0.0420567163346634,0.0080019228499567,0.0137417269102469,0.0027524973873649,0.0082303421426564,0.0018996586866465,0.0026389368043252,0.1302293689513891,0.2560814762339996,0.0019635221517605,0.0013439583027487,0.0019020475864169,0.0054315165288737,0.0023249051940704,0.0090955007668036,0.0257930710022469,0.0314176124222928,9.216919437248031e-05,0.000734897925192,0.1234027857372585,0.9447830536472348,0.0076592533863793,0.0224271928482665,0.0250516369211639,0.0934338974687342,0.0207433182080933,0.0468344542444542,2.0
0.0110122966726413,0.013435621179274,0.011704679564313,0.0158930877407243,0.0003220921696665,0.0001838422581683,0.0053378494928811,0.0025694025760551,0.001453900782849,0.0004712248270602,0.0229026295867748,0.0319927040100691,0.0113754657947863,0.014447223962146,0.0032698622001586,0.0080085602787962,0.0005006713108619,0.0013834585966538,0.0013197230143722,0.0022517800676621,0.0555582847375496,0.08758135905618,0.000791761079879,0.0016741956086432,0.0006770434695122,0.0015894322132227,0.0003518852419811,0.0011177475077563,0.0127376702891302,0.0171249523738949,2.508853308347951e-05,0.0001276322212354,0.0687495317418909,0.3647148277973958,0.0008847306778113,0.003647795954363,0.0035629517130926,0.0153954823333424,0.0062689140212617,0.0134205270945438,2.0
0.0168163787716273,0.0155013169747074,0.0191220058059682,0.0238908430852607,0.0007078753213297,0.0003384041649993,0.0064492032648497,0.008278647329292,0.0020449267078191,0.0004626388201125,0.0214445984503343,0.0034795061778348,0.0017278647184479,0.0037101270022237,0.0005282766609182,0.0023452503904152,0.0005609628573227,0.0011363285207099,0.0012205178621871,0.0016266437280361,0.0013287736397201,0.0104810936359484,0.0001996816017668,0.0003111058176515,9.194597244520969e-05,-0.0001579191760375,0.000210506661613,0.000560497043092,0.0025987954095951,0.0033793806264315,2.554310841078371e-05,4.208795496561541e-05,0.0210237555197813,0.3572781630602714,0.0002592212038499,0.0009769428104247,0.0003190164446211,0.0013807101515238,0.0029123353671074,0.0047965446281816,1.0
0.0171359091320797,0.016439205585628,0.0059618978914042,0.0073839485447086,0.0003274588759527,0.0002419712927918,0.0067454743161738,0.0084135965015798,0.0004576000874915,0.0001517583504466,0.0241098204248511,0.0190708293408082,0.0025740489008104,0.0040586625708976,0.004953980936998,0.006158076145614,0.000540102998268,0.0010767797990504,0.0008937805644986,0.0010667794875022,0.0154796140975659,0.0246003404570017,0.0004283031244988,0.0008017266663083,0.0003412515680962,0.0006794467596295,0.0001008966477768,0.0003809014263016,0.0029739366835601,0.0040685449165856,1.54984871462282e-05,2.93007359589036e-05,0.0169046397206885,0.2076466462863298,0.0003801272158637,0.0013165281345628,0.0021595846462077,0.0093892072581505,0.0016508914232885,0.0047719115258786,2.0
0.0075158889827095,0.0092672611924135,0.0122693249411631,0.0212251896332229,0.0004264472223046,0.0002109234361595,0.004092514383037,0.0024476958281749,0.0013692646954116,0.0004862135116118,0.0202749724167802,0.0160638970066766,0.0083346960924176,0.0137953735240784,0.0051278064475022,0.0078890759479535,0.0005859231093178,0.0013860137841473,0.0007472767476378,0.0010729214600331,0.0293717781028959,0.0482040069694637,0.0005034160574626,0.0008234358505024,0.0001539032938034,0.0003509913816172,0.0001378678918334,0.0003967283920279,0.0089666549200493,0.0134954235244102,1.1160300755449243e-05,0.0001049629642422,0.0554429647000716,0.5153084294735255,0.0007384793176658,0.0029870946549454,0.0055792864746385,0.0218540408751652,0.0047383892676884,0.0127516772740606,1.0
0.0068459132365701,0.0067881464327391,0.0145115451598509,0.0198243719810824,0.0004793862797162,0.0001765899931329,0.0028647398885716,0.0020306888234077,0.0014049972671595,0.000367382356571,0.0233559036372245,0.0195156085618376,0.0033639639359629,0.004844876841861,0.0028636382273205,0.0057337229257438,0.0004245383474465,0.0009295894659441,0.0005866763356412,0.0007335026252441,0.0327725102417309,0.0415145620220778,0.0004728551595966,0.0008378926246761,0.0002499627676424,0.0005024332074347,7.4130335908272e-05,0.0002488493077716,0.0045662398569399,0.005793260990859,9.453923351510298e-06,5.9685085501452905e-05,0.0932916370251334,0.5217822973978629,0.0005659069115565,0.0019767079841058,0.0034734987348629,0.0127286518623476,0.0029616653549249,0.0061534357831788,1.0
0.0093543235669776,0.0107673897444259,0.0106760349144057,0.0156959259248348,0.00039533608465,0.0001346551385422,0.0035453290868161,0.001835425245217,0.0012058531809594,0.0003676729614662,0.0157909742426109,0.0178451454512897,0.006207636954703,0.0082635760775211,0.0026835271233268,0.006008628315115,0.0004247448735435,0.0010834356050527,0.0006364277963581,0.000901474883505,0.0329612905856179,0.0488030769250736,0.0003899872925916,0.0005567711486362,0.0001993494726166,0.0004325842081333,7.609436888565022e-05,0.0004234976858644,0.0051828941324745,0.0072773345581063,1.0016412870494954e-05,5.088673462786238e-05,0.1373563778916676,0.4799829828256699,0.0003685196251404,0.001353763149871,0.0028722942793137,0.0111306034265433,0.0023692145340031,0.0068741153200113,2.0
0.0069455129625184,0.0067188254620531,0.0127519129015144,0.0165795310607761,0.000249927429678,0.0001199646651709,0.0022280549955225,0.0021214854741064,0.0010141226416878,0.000191984690065,0.015788878629236,0.0094118799082569,0.0047941929177483,0.008714863237277,0.0020387060882685,0.0035460529260489,0.0003478215251343,0.0005552728777734,0.0005389751705057,0.0011088295052259,0.0195521171910634,0.0293250949917895,0.0003164664641353,0.0004945451076763,0.0002390868821202,0.0005227587394768,5.16407929983224e-05,0.0001701336861867,0.0035559980175468,0.0064644240539189,1.2636816545233735e-05,4.744933545974134e-05,0.0533303485875081,0.4554240179414246,0.0004321324425228,0.0016053014840623,0.0016464574801211,0.0060814858611759,0.0022409322498395,0.0049393273388267,1.0
0.0120458806277138,0.0154855962898103,0.0214266857713011,0.0262058811319431,0.0007107876485366,0.0001792736751101,0.0098378435543192,0.0043161474256496,0.0021599947775224,0.0005762977514055,0.0271595897634362,0.0196055055685057,0.0078065539974172,0.0144956392658592,0.0048721280437678,0.0107274427204068,0.0005698408086086,0.0020757922212714,0.0009403668350104,0.0012917546271588,0.0477879517801536,0.0755316999365407,0.0007742025473898,0.0011490426625838,0.000248167497431,0.0006381505561519,9.173205035392177e-05,0.0002882695011109,0.0083544490839806,0.0139890621748853,1.9235198170056057e-05,9.05355007222208e-05,0.0537181834667543,0.5912882723179094,0.0009155962428867,0.0032699939188019,0.006720097478017,0.0265383957728131,0.0053210451901686,0.0134816061539368,2.0
0.0055057982650616,0.0056692048599719,0.0140070211409645,0.0207359375404231,0.0003371901283321,0.0001103625054563,0.00242372092585,0.0015339545544507,0.0010831153509028,0.0002271741794007,0.0112283293203926,0.0080805543443903,0.005034830535053,0.0076916729109281,0.0029920960997707,0.0078082883581126,0.0001863574394591,0.0004993315359794,0.0005423851862936,0.000946768879507,0.0214245214404248,0.0342245757010095,0.0001732897733793,0.0004077526656893,0.0002188659794375,0.0005286050572004,8.50835299146537e-05,0.0002423094766426,0.0074324207036774,0.0102235082146714,1.1153786996907236e-05,5.4603236805757504e-05,0.037602043179849,0.3776142808492614,0.0004141445322485,0.0014308275845422,0.0016537996689845,0.005554631099873,0.0023692065206195,0.0036388662887791,1.0
0.0087690148399843,0.0094997983482273,0.0033980593174805,0.0031370191314886,0.0002534868494185,0.0001201496792487,0.0015472543285135,0.001603581823615,0.0004866950021323,7.486055987695071e-05,0.016948181515066,0.0161737817917219,0.001929328716844,0.0016950774410102,0.0037793140197156,0.0067801195836545,0.0003689495705019,0.0007458613077821,0.0004618394102523,0.0006666692861223,0.0174770610610288,0.027698334385417,0.0005325174225519,0.0009496234451479,0.0002418250295655,0.0005696409540209,8.421896268018696e-05,0.0004581681101843,0.0043556399999258,0.0065818011739153,5.38483291199714e-06,1.3320074146771508e-05,0.0229881627946556,0.3714736816711868,9.451023553092511e-05,0.0003616755017879,0.0004644146404091,0.0024029463397662,0.0020182395705576,0.002316074126786,1.0
0.0126624222886958,0.0138222705804197,0.0229104743263313,0.0303085526153173,0.0007762092033627,0.0002696738376964,0.0034914835890799,0.0035330602777354,0.0017969144335826,0.0003908217802512,0.0190194999964545,0.0242448463708555,0.0102918938363737,0.0162566305073454,0.0036524024235463,0.0074981166631797,0.0005315423498837,0.0014350644257255,0.0011453299080452,0.0018509285397226,0.0542605425686655,0.0848845575893631,0.0002400564880316,0.0005059131067037,0.0004576684241246,0.0010340021125115,0.0001099501722094,0.0004300757228015,0.0094808790153238,0.0147128666514442,1.3643759995148202e-05,7.07771658906095e-05,0.0242078159248857,0.3126298347120605,0.0009535182117137,0.0033634338964687,0.0042516544627582,0.0159547507418431,0.0031547030198076,0.0101039459072513,2.0
0.0138353876816285,0.0103693246520987,0.0199054602797155,0.0212413190228652,0.0005837742899578,0.0001940090572798,0.0048123659407159,0.0079178855042868,0.001346486630264,0.0002625211760068,0.0116958477895577,0.0121410663151748,0.0064059315830297,0.0097706760525544,0.0052164121881279,0.0083518293157097,0.0003425579210564,0.0007742792238625,0.0006691843231586,0.0009801683591124,0.0153916175686431,0.0292032082543415,0.0003274355875086,0.0005892331390903,0.0001913957971168,0.0005016327946634,7.057382995302856e-05,0.0002038141960802,0.0044546774582211,0.0064183232678202,1.1872453489294664e-05,3.491526232181799e-05,0.0225082565888895,0.2161437309751979,0.0004455453087875,0.0016790225998336,0.0024978313466904,0.0091145479728185,0.0027729105411342,0.0061895812277232,1.0
0.0091817303288488,0.010852196296867,0.0213492098325055,0.0239043573066903,0.0006150120441377,0.0001613213606108,0.0032954232989931,0.0015792326484633,0.0011023512905212,0.0001928478877372,0.0224295605395399,0.0340698725541557,0.0062859643579673,0.0090751792969429,0.0037539691259891,0.0078918026793316,0.0002967426783227,0.0006695678255147,0.0007041895283614,0.0012674289592361,0.0188511199982389,0.0342589575873746,0.0003583537930803,0.0005996755233296,0.0001834526814493,0.0003988969543144,3.281091289819035e-05,0.0001639398142482,0.0011323285243457,0.0032024398746883,1.2522201433462812e-05,3.359110219774416e-05,0.0475655685146581,0.4414688387124154,0.0004265800963551,0.0013476391861143,0.0014887868944285,0.0039513003430911,0.001343572924765,0.0028664403849699,2.0
0.0122092128555697,0.0107265826542004,0.0259567658267294,0.0341395431024592,0.000625716990796,0.0004278764887189,0.0074914460006059,0.0062258116171727,0.0020113454871532,0.0005877131769325,0.0296971814659148,0.018412332651278,0.0146940458677917,0.0219401975090409,0.0041302469797498,0.0098022245072505,0.0004343622954708,0.0010327348576755,0.0009854220288264,0.0012487599617262,0.0553995900328531,0.0812779535599662,0.0004577889488673,0.0008337735263293,0.000528904090227,0.001098610463108,0.0001636546099588,0.0005657352758109,0.0075841615207975,0.0105645622019454,1.430723807861377e-05,8.737682288385699e-05,0.0658259815805809,0.4700188046434125,0.0012277781896239,0.0045982112347446,0.0059615570638296,0.0239557792851558,0.0040851318118714,0.0135748898749867,1.0
0.0084940695329536,0.0123231400511079,0.0063573057711615,0.0077534627578953,0.0002883890836319,9.22341467221378e-05,0.0026528006904815,0.0020176105618469,0.000707942683162,0.0001655862508306,0.0096624031832481,0.0159929317681834,0.0013812004355317,0.0045842288349013,0.0053600955753022,0.0110228163711916,0.0006803341628532,0.0012969693578262,0.0008235278219323,0.0014522197104996,0.0092987587413144,0.0172345797118289,0.0003400641325651,0.000621570682954,0.0001350085077203,0.0003871270850644,4.403480716899609e-05,0.0002651487792236,0.0026683605813763,0.0046688742029965,9.41392731230421e-06,1.08935811321795e-05,0.0444059652364981,0.378444799139353,0.0002073413324862,0.0006975702858324,0.0019692081727401,0.0055806775879835,0.0009794427949494,0.0026096957211201,1.0
0.0093553848454533,0.0138676486786147,0.0311217750714792,0.0321987632726976,0.000546628900601,0.0002835196804031,0.0061838748316825,0.0054059711602588,0.0026326878730997,0.0006085936265007,0.018949231610697,0.0209084464289453,0.0092877967547035,0.0158161727489495,0.0051989438199837,0.0112323385875667,0.0006882500407671,0.0013816180335148,0.0014028546386586,0.0015456421128572,0.0364213074847357,0.0681301124714988,0.000302422240283,0.0005497776261737,0.000318187316769,0.0006045903157685,7.450294865917687e-05,0.0003827333408676,0.006337101898926,0.0111927295913245,1.1873304509744056e-05,8.281633250701385e-05,0.0205472007101709,0.2810444439011375,0.0008538390560286,0.0032061014837825,0.003761201095215,0.0141265839117323,0.0038824238270324,0.0090591502159978,1.0
0.0117638347473208,0.0139469825511886,0.025972802728621,0.0262857389904454,0.0005553757369988,0.0003096747949279,0.0068051547392661,0.0058382334796785,0.0026296444395939,0.0006602250829461,0.0224037353861093,0.0039049370180216,0.0061812120841646,0.0041361873684622,0.0054235155113902,0.0080387734826489,0.0005401131587824,0.0008840036698847,0.0013795417531596,0.0014920443489848,0.0035981700574686,0.0025906648032703,0.0005933977126081,0.0010892373198469,0.0003899236146725,0.0001665110439417,8.279953302960662e-05,0.0001861127814842,0.0012196917169358,0.0004763206578699,6.465588571052593e-06,1.3988797256422226e-05,0.0224034010542232,0.1782077353720879,0.0003551454558113,0.0010895881700397,0.0006515034087527,0.0027950000799054,0.0015734050393048,0.002728455304166,1.0
0.0072495787866714,0.0103896740708868,0.0207057180415236,0.022008902359937,0.0002743775762478,0.0001050434499598,0.0021617948629112,0.0018108908514127,0.000578262356368,5.898680227377631e-05,0.0128980749401324,0.0194758708386702,0.0041769512994379,0.0069762433019087,0.0042611832184172,0.0093077579743153,0.0006234766264241,0.0013794224871934,0.0011835406062304,0.0020924216912173,0.013351344315496,0.0178362186633761,0.0003434158726913,0.0007736723596646,0.000180582660947,0.0005101667980716,6.5864194088309e-05,0.0002680298990656,0.0045868970545861,0.0064324829060689,1.175013072766691e-05,4.2095046874411866e-05,0.0108096238031335,0.0706535748143518,0.0004837756055244,0.0016712853162342,0.0040907832875538,0.0147275692137561,0.002747981450364,0.0069848699908768,2.0
0.0058601537188891,0.0041804231730318,0.0207920712553591,0.0221942493900975,0.0002951716292035,4.499276162870493e-05,0.0020149976644358,0.0010177710298158,0.0001749148324727,0.0001262538362557,0.0007560357772103,0.0105170862097095,0.0044168722965379,0.0074515412621868,0.0025785618878069,0.0077499263516394,0.0002532220949027,0.0010658273932796,0.0003213600259084,0.0009393541657239,0.014349721475956,0.0272574870013238,0.0001260301891105,0.0003349159183733,0.0002104905503037,0.0005332581122179,9.020698106213824e-05,0.00032685372415,0.0023259985673806,0.003874457714957,9.12931096312579e-06,2.273908005578021e-05,0.0072995563668814,0.023980202383408,0.0002153586784272,0.0007073313866424,0.0022719637198462,0.0068031083420553,0.0014337959316731,0.0043712577663197,1.0
0.0078641393668939,0.0100201573400719,0.023597450208849,0.0267214636876112,0.000441697100114,0.0001944032317021,0.0042750747209725,0.0040812512056082,0.0010438010558873,0.0002238206837847,0.017568656025941,0.0174416421701114,0.0040673747289223,0.0068347973443908,0.0043794184860035,0.0054985458678199,0.000750636919916,0.0010708602717479,0.0008714439873573,0.001326158010882,0.0160982685947128,0.0196416896871412,0.0002953516421095,0.0005571435429926,0.0002381146738447,0.0003732424135801,0.000112483593937,0.000396157292974,0.0031603783675038,0.0041787066687026,1.1907911188043628e-05,3.7908059413367554e-05,0.0170599209504938,0.0675989178229183,0.0002365329556395,0.0008728045919006,0.0096457837471723,0.0378161690571303,0.00353761160043,0.0103088012974514,1.0
0.0068471377400035,0.0079769094430878,0.0158854666897749,0.0177640753037697,0.0003589817351312,0.0001591222300909,0.001603396223546,0.0020452871688859,0.0010191651080176,0.0001940519241694,0.0052818765181795,0.0090570631486761,0.005996230146178,0.0100289062330836,0.0049224236346528,0.0088052099027353,0.0007108111664129,0.0017482235646394,0.0006122369747488,0.0009468686327902,0.0101157339104287,0.0190627438315682,0.000318225257566,0.0006696644412555,0.0003365927119932,0.0007523401745262,8.656901372945894e-05,0.0002289152868662,0.0026701490555787,0.0042807249889676,1.8609342991420623e-05,2.558375729006144e-05,0.0142187403452843,0.0572187346061176,0.0001831650354265,0.0005222442391282,0.0035931728956626,0.011792454845641,0.0027214486207775,0.0057570372301192,2.0
0.0085631354920808,0.0102049532509963,0.0142055146924019,0.016675851268145,0.0003846595671528,0.0001174415700217,0.003502439213272,0.0026944207088262,0.0007886084121292,0.0001835215437003,0.0112563599022888,0.0173366439684049,0.0020522550636673,0.0030451574762753,0.0051769551867411,0.0096791209369934,0.0006878552204857,0.0018771270531735,0.0005157046087222,0.0009778368603959,0.0124839949594603,0.0190955368530097,0.0002733729182216,0.0005986177114879,0.0002897909142518,0.0006405439249757,4.519934029465406e-05,0.0001912174815711,0.0015383759001947,0.0026846023049588,6.4175176480163685e-06,2.537372261765412e-05,0.0039134541049877,0.0208808828686913,0.0001018026174451,0.0003514244552142,0.0006148874976989,0.0025485712772434,0.0014698192211703,0.0030735060863225,2.0
0.0119330810715708,0.0125190251351166,0.015777762371927,0.0158710602106524,0.0004437335234637,0.0001714672860535,0.0020252081699375,0.0021824225591126,0.0007974204084655,0.0002051464320667,0.0053261747519766,0.0044252058409437,0.002313874655737,0.003081963947114,0.0044737904964019,0.005182564574795,0.0006556269072656,0.0013698315162555,0.0007722875796854,0.0008400066330095,0.0037731843174999,0.0118989260351704,0.0002976113451513,0.0005957386066602,0.0003545074122642,0.0007824725823579,0.0001272905429181,0.0002809854394272,0.0013825462508027,0.0015607348733898,1.2103001363952927e-05,1.0881177062841956e-05,0.0346277974004142,0.142790286084862,-3.924156702761356e-05,-0.0001283462377319,0.002695473023764,0.008585550678744,0.0019201724895415,0.0042991041224257,2.0
0.0726084541396989,0.0970430016294428,0.0388206378498162,0.0831192852804445,0.003738966482824,0.0013243121553964,0.0383590845219491,0.0244185933013555,0.0021819033047012,0.000645162847607,0.0613629663526819,0.0704777971000998,0.0284169008631262,0.0466326742487507,0.013414421941141,0.0215241308880031,0.0035805861248174,0.0094761157560447,0.0025901713041232,0.0067808625713825,0.065315582757576,0.151775726232769,0.0011162320455843,0.0014401874112896,0.001408537019442,0.0043640369342648,0.0003046665139603,0.0012641798139319,0.0136264353443927,0.0163828076294742,5.845099327821246e-05,0.001018289532571,0.1343952568052233,0.9395482181672964,0.0075938883414485,0.0210369860178624,0.0243061592783154,0.1361596903632647,0.0040805732721475,0.0134368177897959,2.0
0.0095723618762883,0.0089325176909762,0.0127740139065406,0.0145680492821253,0.0002800018694152,0.0001545870474881,-0.0002211041921192,0.0006816132967318,0.0017925764294395,0.0004966428733964,0.004726982598245,0.0163197609957428,0.0008994361971939,0.005496431589697,0.0091294237891084,0.0173096874644801,0.0015753250417594,0.0021387822066173,0.0011542395754406,0.0008718053373832,0.0108087468541901,0.0205918842461385,0.0002558188871188,7.080854832603875e-05,-3.453351401267314e-05,-7.192424401385698e-05,9.693821284653404e-05,0.0003184165273636,0.001412271529893,0.0029129396861772,1.1112392754136235e-05,1.4937967050835312e-05,0.0438289561028144,0.1457589445146217,8.136945252686238e-05,0.0002510552223075,-0.0002011373635312,-0.0021935838313975,0.001423631219621,0.0016890795089149,2.0
0.007910945222494,0.00720372481723,0.0065336845225567,0.0035598978154753,0.0002603085779011,0.0001072921646888,0.0017461809392421,0.0020228888680211,0.0010597843659767,0.0003210176434544,0.007837650344241,0.0077808947647022,0.0035120498138268,0.0046986209879554,0.0083329738652035,0.0173660204723296,0.0002994375598409,0.0015253422342199,0.0005100990778532,0.0003378189732968,0.0364701130119605,0.0482145123470314,0.0001368717193352,0.0002698254428103,0.0002910187567845,0.0005852180164331,6.653178254866566e-05,0.0004602168088383,0.0034857694815247,0.006293273906207,8.703210145573489e-06,4.013896898353469e-05,0.0315045725395361,0.1426576049144509,0.0003866976306911,0.0014110289855528,0.0011589769469587,0.0082046610427738,0.0017485531322328,0.0032432066723603,1.0
0.008981720099711,0.0094430796963798,0.0109541459472637,0.0106202047401535,0.000305701504623,0.0001381301790281,0.0022662562901316,0.0020301370766414,0.0005245237114658,0.0001367134636,0.0072947584126977,0.0169356553632764,0.0039981417955056,0.0086720217482442,0.0067790711212474,0.0166777874213706,0.0004959244678705,0.0016475907075564,0.000619139298358,0.0009458399651652,0.0081807953616273,0.0228412184639186,0.0002803546426154,0.0007716567344043,0.000441331985852,0.0010693974270306,4.675416065441853e-05,0.0001608154553754,0.0012115430624807,0.0036957487473938,1.1979967501946546e-05,2.5299784881749745e-05,0.0041810121119169,0.1092710201888349,0.000158612088418,0.0005144463017449,0.0003386320712413,0.0027819953265392,0.0018795735689607,0.0032296900379974,1.0
0.0040176551201965,0.0065984991563425,0.0099027518785016,0.0116617206531028,0.000140487387281,5.61737482713201e-05,0.0010227333052102,0.0015130250708671,0.0005100626251729,0.0001362910825334,0.0043036685866388,0.0048806317031817,0.0009386501053693,0.0016750604878176,0.001892691506457,0.0038009168706895,0.000409761106523,0.0006366878023856,0.0006813071346339,0.0008339774653961,0.0079410887654228,0.0129030210230371,0.0001407688663614,0.0003368286482057,0.0002082661570276,0.000474245892839,5.372541204223127e-05,8.653517021786729e-05,0.0015455223717614,0.0027550556634904,1.2283067547040622e-05,2.1441775271952345e-05,0.0019689845907656,0.110378313746513,5.568339602290121e-05,0.0002029320746488,0.0006973303955175,0.0034226287672583,0.0001339943450789,0.0012181091810647,2.0
0.0024228946622059,0.0040705822398804,0.0088253615650927,0.0094731254931345,0.0003579219196432,0.0001190762415309,0.0017266364190464,0.001328046155546,0.0006077353354205,0.0001662612876682,0.0037223418825122,0.0052078547655433,0.0026943852195089,0.004082041321915,0.0069718605430142,0.0128896184512717,0.0003872125288903,0.0007182420793223,0.0001323310148306,0.0001672826966188,0.0088520375633694,0.0130459381892961,0.0001448426087689,0.0004118184667508,0.0001786117337602,0.00034363394182,6.466081414525837e-05,0.0001415817568084,0.0012018759001121,0.0019878043987029,9.619938647674197e-06,1.803439626022917e-05,0.0033815973047751,0.0443430705694176,7.090391607149483e-05,0.0002664746321815,0.0001865238100862,0.0006353178386904,0.0008687499464849,0.001335036653317,1.0
0.0066007211966196,0.0088778704894427,0.0107236398753428,0.0124387108884887,0.0002334160024605,0.0001116036292973,0.0026440348575968,0.0021524162679448,0.0005550712778367,0.0001585062094318,0.0071241046961526,0.0057229609832069,0.001114752954678,0.0011072843828531,0.0053564812551885,0.0119361478748394,0.0005048029516136,0.0011557495035328,0.0007962627771199,0.0013005896550894,0.0175144349263309,0.0268804545388228,0.0002967229072635,0.0005957713221056,0.0003676225840629,0.0008037322574486,6.504230478470453e-05,0.0001259299662809,0.0034061491543462,0.0052030081359228,1.0231692582119477e-05,4.233327266912072e-05,0.0069665682012251,0.1915790550971553,0.0002318473128192,0.0008117240195324,0.0005539642579628,0.0023438906333769,0.0006352724510351,0.0014319400692436,1.0
0.006746794645896,0.0082827336729874,0.0084176427771683,0.0081679470505348,0.0001905486018125,7.172874748347066e-05,0.0038096200970009,0.0030168061486447,0.0003602658220961,0.000102690593762,0.0078437226962776,0.0072552519626241,0.0010388236084116,0.0014043988730984,0.0061450540498786,0.0113673945288282,0.0005576197197274,0.0012226297212519,0.0008374974877419,0.0013464466170228,0.0146117813143496,0.0212369981901288,0.0002403376447874,0.0005730826730274,0.0002970270478112,0.0006876610139232,8.284624129999622e-05,0.0001488369453176,0.0017687999188364,0.0031315354720427,7.389698197149033e-06,8.638454776109194e-06,0.0065154217348364,0.1357802416740446,0.0001318548994559,0.0005231135993199,1.5419676682934809e-06,4.978867631180096e-05,0.0009007030372386,0.0013068880343731,1.0
0.0007679196625025,0.0027519472835638,0.0121238061666185,0.0137895249031687,0.0002119289238361,4.18868071958002e-05,0.0005989753462341,0.0001739480344855,0.0003794472955907,9.724382828788e-05,0.0139907501642519,0.0215220810531214,0.0049525023151905,0.0091599043384523,0.0066424373508279,0.0122737224366354,4.291324172060325e-05,0.0004105072399007,0.0005038009160311,0.0007263615424566,0.022480123739836,0.034359312938165,0.000360436563532,0.0007507454636724,0.0004567373156002,0.0009774997124638,6.655758556146774e-05,0.0003314780957025,0.0036925468744431,0.0062404252808956,8.277791921443012e-06,3.927457835976019e-05,0.0016342014703592,0.0208472957894234,0.0003960209819464,0.001425283726998,0.0009042400841256,0.0057076859449993,0.0010558216776711,0.0042701773832667,1.0
0.0068797497046313,0.0066476120926008,0.0123780741356741,0.0144270100658373,0.0002428218590598,0.0001028069275117,0.002010241446745,0.0019200032576816,0.0009169542652567,0.000199156611067,0.0108550304708688,0.0132617235919494,0.0035604951882186,0.0051489099596397,0.0046436367921333,0.007302503418375,0.0009491477328568,0.0018804609989446,0.0007921254293129,0.0009591212716621,0.0066591364889374,0.0104523666023769,0.0001760678586287,0.0003806335784771,0.0001931554756281,0.0003283572505542,7.536802396476785e-05,0.0002419123907616,0.0004956101529115,0.0006345704010892,1.540878975991082e-05,1.4678410363732494e-05,0.0031769582300737,0.0657746755449201,0.0001103121992173,0.0003740058899064,0.0002963944161816,0.0011739664157339,0.0011797324801941,0.0014875360265806,1.0
0.0029771969422188,0.003762090354394,0.009069419286942,0.0107097737418879,0.0002958629057653,8.380311347738549e-05,0.0020598504036707,0.001098662024254,0.0009789249247985,0.0001609206189524,0.0114985319882765,0.0151282618211442,0.0042675141653548,0.0069262291819274,0.0038542953247599,0.0058994186122756,0.0004868771669753,0.0010635650543519,0.0004523998843651,0.0006173311265402,0.0067748611248327,0.0105724322011168,5.797478882140912e-05,0.0001510244169148,6.296364881510466e-05,0.0001866681293802,4.551234291209512e-05,0.0001567289072554,0.0011397466397083,0.0018921973323879,1.0420839609363415e-05,1.6585270099487204e-05,0.0032613827947773,0.06675104641682,6.494577222494805e-05,0.0002409245078471,0.0001335795847491,0.000566207119269,0.0007296941913521,0.0006282130447534,2.0
0.0065858037679469,0.0057673940303804,0.0065823407699057,0.0052733636585475,0.0003699259452749,0.0002375552876213,0.0022963023774863,0.003048458564712,0.0012284748854659,0.0003557248832183,0.0085370900712985,0.0120105021679205,0.0016209558785729,0.0039606755804923,0.0023374338058223,0.0068463014574557,0.0001885504305522,0.0002217495133273,0.0003219576054703,0.0003638091052129,0.0063124964432171,0.0163813656410847,0.0001082757933543,0.0001703139781695,0.0002072475580079,0.0002434452788591,4.631395216428187e-05,0.0001651884963634,0.0016694065931018,0.0033557232176855,7.941363225122254e-06,7.484113724802575e-06,0.0019257298632098,0.0119287167290324,8.832669786063371e-05,0.0002884676175953,0.000259383642071,0.0006586960662692,0.0007822283323762,0.0010272879754704,1.0
0.0045208887170159,0.0077597051324364,0.010326684243085,0.0118652413050087,0.0002245838653585,0.0001021652671754,0.0021169262738923,0.0013627840300168,0.0009798148934936,0.0001835378654249,0.0072991296284963,0.0139536045182919,0.0015859354762552,0.0029671190647375,0.0043993465833433,0.0121147560354247,0.000362829558351,0.0008911487295165,0.000655253552909,0.0007369714480828,0.0084032814964997,0.0117617102049003,0.0001631284037782,0.0002798992862036,0.0002638972516623,0.0003578009443235,4.550729099150577e-05,0.0001571278992976,0.0018077894943135,0.002200511263539,1.0774741326856847e-05,2.3230762347457164e-05,0.0010864352417439,0.0232904671616442,5.821200046873636e-05,0.0002065706058029,0.0002609924427097,0.0008639777125152,0.0003708036861469,0.0005072177797079,2.0
0.0031636845167991,0.0075598993661567,0.0091002207009763,0.0116931616023595,0.0001670155708529,6.970532820179769e-05,0.0011853046446419,0.0013230424175153,0.0012505042564554,0.0002990122367931,0.0026467082172776,0.0148120829266306,0.0018725704795358,0.0056899367370146,0.0083431457093354,0.0182980442511718,0.0007132422173707,0.0015230839846549,0.0007397471384367,0.0009944338542774,0.0043608670501931,0.0142168672168229,0.0001721363316215,0.0003181110888597,0.0001400200440583,0.000405854717836,1.543056349911587e-05,7.510443472624505e-05,0.0004477269531082,0.0018608678713222,1.0786481421974335e-05,1.788367858254102e-05,0.0080570891733039,0.074775438949238,2.4965158210366427e-05,7.044244344247655e-05,9.970038933026876e-05,0.0003029340607311,0.0008913863060305,0.0009337135096256,2.0
0.0066907480694727,0.0059842679997474,0.0082039802757128,0.0068574154651092,0.0003822075360887,0.0002215981444996,0.0005540862563867,0.0011358557593489,0.0018576005857069,0.0005207506627171,0.0048170145372033,-0.0033644445616146,0.0023290684233751,0.0012901685197692,0.007104536057579,0.012171695271575,0.0006774821432067,0.0015966714158978,7.064084364839915e-05,0.0002419925499705,0.0044001027276709,0.0048065691696657,1.509593255121294e-05,7.426314531768133e-05,8.231818543613637e-05,-0.0001002011881324,0.0001015621010247,0.0001763540129016,0.0013997943422267,0.0003716226694414,1.1393508884662917e-05,1.3794271865457256e-05,0.0036358419442808,0.0578602543986899,0.0001381971320672,0.0005395226301461,0.0001558129007944,0.0003650693472791,0.0013457644208791,0.0019143324071041,2.0
0.0032974514600228,0.0058303336932864,0.022819818657559,0.0227728660327178,9.102005949174076e-05,0.0001058156199289,0.0067873310992751,0.006794018478649,0.0001598031494315,-1.960519868901756e-06,0.0189010734737638,0.0295697592658027,0.0041266349531862,0.0081257424021575,0.003290502766701,0.0082643230954546,0.0009983390688337,0.002374726660574,0.0014307585179333,0.0017833124917373,0.0084704023350559,0.0182513109082377,0.000396775468433,0.00082006723885,0.0006526558428112,0.001356068657899,0.0001273023885242,0.0003193230129942,0.0009073658676072,0.0021443839971106,1.503563448574932e-05,3.640314731984407e-05,0.0023350735105147,0.0314488854593706,9.431423542404234e-05,0.0002935134851991,0.000402518237145,0.0022701309209363,0.0002670097693039,0.0009048116539094,1.0
0.0047258707123542,0.0071585977768607,0.0060619028464352,0.0044027274382841,0.0004044922834997,0.0002312858953872,0.0025631345586928,0.0013457659833874,0.0006158379565526,0.0001208390435602,0.0052002173425178,0.0099008869600734,0.0053827192826865,0.0087691987276191,0.0102343345174729,0.019464283986771,0.0004455137588262,0.0016335261635399,0.0004937756212697,0.000681783783951,0.0264675424679664,0.0482641382979245,0.0003444256652302,0.0011451387837168,0.0006759004083395,0.0016278902679811,3.591489508565084e-05,0.000149880327039,0.0020734455494888,0.0054006908465182,1.118163052754645e-05,2.243596557325616e-05,0.0078662875792944,0.1168308985842275,0.0001615778316448,0.0006140384332892,0.0004684411112772,0.003395419694436,0.0008363158135761,0.0026533953718646,2.0
0.0079687657380102,0.0066518937046795,0.0241237975764892,0.0233082861738133,0.0005425615258493,0.000246273647748,0.001751422971233,0.0020780941139985,0.0010368099695938,0.0002663703775622,0.0047401195502811,0.0028474634895638,0.0073889158453856,0.0099221652722722,0.0155247397067029,0.0247156602631947,0.0004583512672426,0.0008366293484921,0.0012394925946942,0.0012309163871016,0.0497304020535074,0.0664462207905456,0.0001678197430357,0.0004381561088355,0.0006420916798133,0.0012270782281535,0.0001377248405882,0.000561143341817,0.0046186472581886,0.0074762447497662,9.018606070985905e-06,3.2349309648148754e-05,0.0104138641995567,0.1518686532753629,0.0003415402671615,0.0013598169321834,0.0005565114948516,0.0034948906981218,0.0016698659155436,0.0048432594947939,2.0
0.0104838916006698,0.0101186477381717,0.0341596411513886,0.0330296134911576,0.0005713976720254,0.0003051813205731,0.011268321094239,0.0086635565664006,0.0006767240619393,0.0002118747929982,0.0290518151984604,0.0459688593007762,0.0105855804050375,0.0214397668426086,0.0093861991163737,0.0143110180720513,0.000692322923475,0.0014831216558892,0.0033340634254526,0.0055171174156948,0.0496492126808883,0.1003691368122907,0.0013094637319795,0.0033491167404178,0.0022627944072145,0.0049590114300023,0.0001458814773696,0.0013647291766445,0.0036929757403194,0.0132185467727262,3.21465270221175e-05,0.0001457672477595,0.0129711204196707,0.1827245263667357,0.0003134676142134,0.0011181836139199,0.0014951683133146,0.0075351216271346,0.0022513070716858,0.0048716844670447,1.0
0.002847831467779,0.0034544743883444,0.0164744106757658,0.0146825378746209,0.0003392771003646,0.0001520435205739,0.0036176046371021,0.001331061495742,0.0007115979949399,0.0001844970800173,0.0192945982763941,0.0291548389519087,0.0124106778457041,0.0208626569027139,0.0108405616895689,0.0188070461871596,0.0006575627241969,0.0013998575791341,0.0009216340639518,0.001716798919705,0.0730796264754867,0.1218376152105293,0.0008213890032382,0.002141500894128,0.0015334569910591,0.0033416283826692,0.0001247245427943,0.0008684883321956,0.0062382504251011,0.0148008632226336,1.4861736894346e-05,7.026586733842362e-05,0.0069105506395447,0.0838616880489107,0.0005019319896674,0.001945536278253,0.0009939139402489,0.007947234376425,0.0018353977346457,0.0068056997052396,1.0
0.0032961161163842,0.0031108589925319,0.0078279581078128,0.0079165286504545,0.0001299162270422,8.595290461694095e-05,0.0016444667710636,0.0015390677221343,0.0003012231491595,6.562887781645585e-05,0.0050601516619802,0.0034550760536612,0.0014775800199707,0.0012209537106343,0.0028613471086991,0.004256249273252,0.0004680215440035,0.0007459203962938,0.0002249812938916,0.0004039541594729,0.0029560142055174,0.0018924915511607,-1.0870598301621407e-05,-4.053947577284801e-05,-1.0084453564471444e-05,-2.632318250952731e-05,5.31354698569367e-05,3.223542670242787e-05,0.0001254264224789,0.0002032618654437,1.0892005334617156e-05,6.062651076302527e-06,0.0019638248939726,0.027283458400733,4.701421067811299e-05,0.0001640145490233,0.0001737964123526,0.000861532018122,0.0010675785253108,0.0013093481048817,1.0
0.0057533397384263,0.0084456964698538,0.0241221896745235,0.0239447021257654,0.000476149151685,8.226542487733325e-05,0.0027737668976598,0.0020105772886489,0.0003446270725805,9.321771255238134e-05,0.0117601290968834,0.0177562130088387,0.0081254079632554,0.01392389883269,0.0076575936218,0.0166015320730983,0.0005878809186845,0.0013562575868004,0.0012159138365867,0.0016460709543193,0.0288478127559859,0.055776961989869,0.0005054139277256,0.0012647235832539,0.0011378490927703,0.0024452928863197,8.924732291160679e-05,0.000501427696562,0.0032263471050283,0.0062804041460481,1.176098864789252e-05,2.855905160261804e-05,0.0044672790220108,0.0350761900481702,0.0002733703495928,0.000983762376481,0.0004633155318415,0.0018420740009589,0.0024063724507696,0.004374952989511,1.0
0.0071628757606435,0.007125777515117,0.0104851501861042,0.0103321278423642,0.0002910144168038,0.0001482650642476,0.0034807222389136,0.0020577591312398,0.0012502058246547,0.0003458927218798,0.0091035691758752,0.0080477136398769,0.0018236355594776,0.0027452459826331,0.0065355628624474,0.0095041255031276,0.0004931829951922,0.0009818580996639,0.0008759122458027,0.0012481067355173,0.0159345597982469,0.018263453839447,0.0004654044932128,0.0009471229783871,0.0004855778473622,0.0010055668768793,4.667481968320138e-05,0.0002359772251877,0.0029998616043672,0.0040521490275912,1.864013934655749e-05,3.970543418918859e-05,0.0048608126992306,0.0447241677449486,0.0001971916014513,0.0007069595289797,0.0003191456317548,0.0021182222840638,0.0013061631649232,0.0019404066507199,1.0
0.0065923346476455,0.0107981520422506,0.0092894605914231,0.0087306703383779,0.0002153968569549,6.307373953397134e-05,0.0017712841366602,0.0020339601702316,0.0004724447967126,9.044646264427202e-05,0.0022347759802623,0.0002803549375637,8.346864535389178e-06,-0.0012933301699582,0.0059062941891482,0.0091628098986216,0.0004501659467717,0.0008508757158495,0.0001621118479805,-2.453075181696881e-05,-0.0053240876325598,-0.0122773291604495,-0.0001107898833699,-0.0003254987307781,-0.000151060892456,-0.0004325231146902,3.103565341298411e-05,6.142742303194104e-06,-0.0005983147112828,-0.0018740501375961,5.44130114001783e-06,-4.191564327582086e-06,0.0284677166988318,0.2731576465804189,-2.3745835518585147e-06,4.383105225749891e-06,-2.396322834482079e-05,0.0005670980471863,0.0022785638029655,0.0017509004707749,2.0
0.0095362388199726,0.0054424025604183,0.0193924388494886,0.0197103039952597,0.0010914168080308,0.0003676589965278,0.0047772670912424,0.0029151074751044,0.0001589529761344,0.0001478741459337,0.0342043342544493,0.0577766880577026,0.0284211067703683,0.0478518719963683,0.0098558591017535,0.0179022498460189,0.0010531661376756,0.0022092405166078,0.0020644119808069,0.0034454887019128,0.0948213092787196,0.1733141253245334,0.0013476447820656,0.0048199634725845,0.0035185285858169,0.0077562447465826,8.095772011428022e-05,0.0006793991408907,0.0064517887824411,0.0202918149330942,2.347289891384073e-05,0.0001669581452334,0.042235143020361,0.3804432114730512,0.0013213655144768,0.0044229834068036,0.0034630248657807,0.023984458722304,0.0026661963805491,0.0095119815555921,1.0
0.0112413147698413,0.0123452765395903,0.0123129796626789,0.0137271952528853,0.0002887679686747,0.0001791025661222,0.0010973964460329,0.0015449519034372,0.0011706074197138,0.0003328661586734,0.0055678722178107,0.0096190341516582,0.002346223411208,0.0036328320302117,0.004777420287602,0.0076093471799572,0.0003899418605607,0.0005292251297538,0.0007194739326587,0.0009927331845767,0.0061453129229339,0.0137126245182343,0.0003926580034237,0.0008651953433187,0.0003850136948586,0.0007972013303677,5.150506182811775e-05,8.039438722978352e-05,0.0009503006496648,0.0022861453209363,1.15829907552296e-05,2.590417519395337e-05,0.0114550343238764,0.1942006832242075,9.514828026363218e-05,0.0002740165675612,0.0001839449693603,-0.0001738863430217,0.0005845998222841,0.0009699053503962,1.0
0.0010839680883448,0.0048922312690769,0.0098276345434917,0.010330560599267,0.0002757659914622,4.578695823828732e-05,0.001217110326553,0.001196258734175,0.0005299714920777,9.84725329411583e-05,0.0028611666894228,0.011703918906517,0.0016944008223026,0.0039869535001328,0.0063219724716012,0.0141304812017245,0.0004845958162199,0.0010554666015562,-6.278604975092054e-05,0.0004354061738811,0.0097595413313784,0.0160401652605411,7.702706226010684e-05,0.0003734992709948,5.231270682481596e-05,0.0002715243379575,3.032808898700124e-05,3.4503979182372586e-05,0.0013299122487889,0.0024755730208328,1.1203012196028908e-05,1.974955006825409e-05,0.0025053958978748,0.0591136618943566,0.0001599030431095,0.0005062707612997,0.0001790603351696,0.0010562957879813,0.0013372322148511,0.001863022092951,1.0
0.00448152531542,0.0046765825767796,0.0196419720833549,0.0156920515616294,0.000548666059645,0.0002804826792934,0.0008351821106795,0.0016630563092383,0.000517033432179,0.0001643293060005,0.0070097611953328,0.0092905886423666,0.0041247566616534,0.0043594421573527,0.011223895971601,0.0155033030347857,0.0009567607506754,0.0019835531970885,0.0009427611582801,0.001252275998439,0.0136722160571709,0.0145511190764958,0.0001557421467427,0.0002835579793281,0.0004612245545503,0.0007115443544287,9.296847952372308e-05,0.0004376593431946,0.0011951164996994,0.0026820328189856,1.3388747139944943e-05,1.0104259923082396e-05,0.0025351137231087,0.054278880238513,0.0003088143165164,0.0009851234843357,0.0002826336889029,0.0004550056994291,0.0020011473567565,0.0039759056288392,1.0
0.0038173034336755,0.0048251740168338,0.0158861399728078,0.0173878297352166,0.0001648370856037,6.551388490329954e-05,0.0021125287205378,0.0018843281836924,0.0006804801495529,0.0001843303283367,0.0072601973503548,0.0145567657243328,0.0027131580795453,0.0039415149527642,0.0062595082525809,0.0105019673583424,0.0006133987428016,0.0012365834180534,0.0005868903947302,0.000835440996153,0.0106505707037782,0.01615079682402,0.0001799016734486,0.0003599146933951,0.0001599631955431,0.0002892610540392,3.0491875359724125e-05,8.135130816435225e-05,0.0014691308214009,0.0021395492381461,1.1516165785703031e-05,1.6911451776356367e-05,0.0026062419890147,0.0319250443804651,0.0002055809066161,0.000662589756675,0.0002634469062374,0.0013817006676724,0.0014694269808189,0.002459951089338,2.0
0.0033071637195469,0.0056462714102224,0.0044995600533868,0.0043774166813526,0.0002909419228704,0.0001585857259659,0.0012410127156812,0.0010775840114509,0.0002411223885273,4.6432747698380605e-05,0.009436092750202,0.014933639838859,0.0012587932845885,0.0016702891762035,0.004543126849281,0.0072899853921779,0.0001853518135315,0.0004967483309221,0.0003839608487588,0.0014156633347083,0.0103059458536301,0.015811646131654,7.191948104615758e-05,0.0002162337163722,6.468628143165224e-05,0.0001358554457095,5.456891379322397e-05,0.0001173534819702,0.0019503650524379,0.0025574604000686,7.006583857255429e-06,3.208270301503525e-05,0.0023668551463673,0.051973131327127,0.0002380958565354,0.0007666086345103,0.0004812114673578,0.0018313977369017,0.0017583686406749,0.0031101584635805,1.0
0.0045270998363707,0.0074043916341584,0.0185608772252126,0.0197957040985459,0.000295658689524,9.35627413173278e-05,0.0042524290707747,0.002072773912256,0.0013052747433598,0.000309738734066,0.0089992088144107,0.0136868992028011,0.0044309093228282,0.0060449472445635,0.0085639796604688,0.0129492314546472,0.0007352793738503,0.0015376361284768,0.0003664651494697,0.0008659397994384,0.0144819903092766,0.0208600876795993,0.0001138486165767,0.0002564857285435,0.0001364592222342,0.0002459183866111,3.775171804810103e-05,0.0001527960980383,0.0011105134604458,0.0019242589947929,1.251233867313838e-05,2.0579957946130583e-05,0.0040040321598995,0.0753813785919525,0.0001111882023598,0.0004373986527768,0.0001208553641076,0.0012400931069765,0.0013112071198393,0.0023449883949427,1.0
0.0097709938428907,0.0135114518690835,0.0195016478743624,0.0225372414870342,0.0004275156239324,0.0002072557240523,0.0027743035036473,0.0027600827902242,0.0004320151651822,0.0001510935086344,0.0077212512584424,0.000418323186316,0.0022417016817596,0.0028795780728732,0.0034334666159629,0.0041670639532625,0.000421301193406,0.0009074091335761,0.0007545172919996,0.0008854077007699,0.0070661285679409,0.0081795306953137,0.000208306100289,0.0003552836409101,0.0002468464922461,0.0003959554579974,4.426002111988321e-05,0.0001703649806692,0.001653445114836,0.0028270883853164,7.734693047187375e-06,1.258301702383724e-05,0.0021325323006594,0.0466155455685193,0.0001406960310176,0.0004280035438627,0.0004782138701266,0.0023236680968016,0.0012355305262098,0.0021672438987857,1.0
0.0043070893409326,0.0073740101218042,0.0094854883255199,0.0148005584910873,0.0001897322684603,9.251113015577884e-05,0.0017895527093154,0.0007761109971764,0.0006352847678741,0.000145972526903,0.0101132963710043,0.0194811039690101,0.0019189336426325,0.004178754104996,0.0063423209215507,0.0111416602251514,0.000960797289553,0.0018722935954303,0.0004122774300714,0.0010415195662479,0.0098439797900408,0.019421926997116,0.0003012935712026,0.0006437411443621,0.0002652906731166,0.0006850717025703,3.293005109315906e-05,0.0001725649992097,0.0020087928082488,0.0037035218342875,7.472732298226218e-06,2.8354502244586604e-05,0.0032401259494914,0.0679424899469353,0.0001655552764116,0.0006078197737766,0.0002404662281247,0.0010703059588751,0.0014604832844411,0.0020573067600598,1.0
0.0038661409425007,0.00383780405984,0.0137337814954241,0.0155494578644041,0.0002077457078387,7.334666297455545e-05,0.0029815629357121,0.002073880730114,0.0007085805851799,0.0001518000670025,0.0077268337731622,0.0081607307163192,0.0019264576291404,0.0033097791957048,0.0032391818072339,0.0048378982061316,0.0003208695287441,0.0007366751794373,0.0003687706428685,0.0006419227303815,0.0060466169241697,0.0103433405464712,0.0002636270403515,0.0006017769684469,0.000162200593172,0.0003472316921226,4.487262356560575e-05,0.0001984413602315,0.0010157396016827,0.0016851582202372,1.058537795492305e-05,1.582596271854283e-05,0.0024473078911397,0.0608798472758549,4.997524079507126e-05,0.0001920568603174,0.0001857775801845,0.0006023658218724,0.0008789603329745,0.0009164441542266,2.0
0.0016891335181369,0.0018605891273298,0.0039099053611681,0.0051844315139067,0.0001417083987106,4.801093905519077e-05,0.0012494979072067,0.0007929724839482,0.0004411933020452,7.052240683539839e-05,0.0061780917508373,0.0094058110882623,0.0020113789831527,0.0034682366497889,0.0012853688534132,0.0024779293263485,7.998311760527957e-05,0.0003111136869673,0.0001911306234757,0.0003504091569289,0.0039015929775008,0.0036914177567416,6.716865441852666e-05,0.0001580422548428,4.31100184062725e-05,8.746808852095464e-05,1.1872291343399014e-05,6.551221324248341e-05,0.0001336136233027,0.0004598296804993,7.6519087744406e-06,1.2875717454831704e-05,0.0002285858650528,-5.7934477442677344e-05,4.300172167348901e-05,0.0001653642190167,9.153093650555636e-05,0.0003798176927034,0.000546200803226,0.0006570009807826,2.0
0.0026499745170189,0.0050847293866434,0.0025894985155789,0.0041512431925395,0.0001274487728525,6.647512501523562e-05,0.0010625599307134,0.0008894459541528,0.0002635553210646,5.988160948349822e-05,0.0039808078510965,0.0086700997208758,0.0008422982062915,0.0012803694499703,0.0022833672349421,0.0064269557734554,0.0002564822278162,0.0005731145481261,0.0002647365459018,0.0006016792077524,0.0052549068741151,0.0093224235848173,6.869602901118871e-05,0.0001554793944786,8.320852682120693e-05,0.0001653702951956,3.517408785070333e-05,0.000102212506592,0.0007007405112726,0.001228128083007,7.5986722220314995e-06,1.2171979274367784e-05,0.0011907672435542,0.0176989707154906,5.1982184498225824e-05,0.0001774523390894,0.0001014688271889,0.0004793390889072,0.0001524358888534,0.0001166253738917,1.0
0.0019829918524249,0.0050453390998193,0.0014494970575202,0.0030844947314313,0.0001006109586823,1.6788438530634927e-05,0.001452435246324,0.0005477009032597,0.0001649514741777,1.2188596209726746e-05,0.0036602682736257,0.0086217568091446,0.0011446263550844,0.002417450998884,0.0020392466771291,0.0061241331870577,0.0001742029067329,0.0005770924989758,0.0002348363615112,0.0005835790390352,0.0042537313610066,0.0083356098270103,6.372712451908902e-05,0.0001478741983412,4.720812848241565e-05,0.0001473354573076,3.978129384540974e-05,7.87438945333445e-05,0.0003564364286646,0.0006967008330756,1.0693610014307702e-05,1.0993471388546064e-05,0.0011505924264467,0.0066581791121317,4.555258906139362e-05,0.000155693574101,8.834882662942389e-05,0.0004294932102681,0.0006529557073707,0.0005385683318839,1.0
0.0036681873585573,0.0023041174738629,0.0096684692833837,0.0094150020017481,0.0002695673529208,0.000150066716535,0.0021858297439501,0.0011010093876807,0.0005272324711583,0.0001580933165184,0.0018911570791285,0.0062761212996705,0.0014527919970386,0.0018105238455028,0.0079427302785951,0.0116920203215817,0.0006639069279049,0.0014431571522178,0.0007207302349296,0.0009721266982024,0.0071206573016379,0.007910478920508,8.961870288413015e-05,0.0001764937688112,6.187691979575096e-05,4.919553304836917e-05,1.133194568172361e-05,2.219442720224545e-05,0.0015983361571202,0.0021541674372336,1.2929821713767292e-05,2.438105204386149e-05,0.0009195332295393,0.0173148286282936,0.0001055400747655,0.0003833301753177,0.0003061595729281,0.0009846141679807,0.0011443312676868,0.0013995382153862,1.0
0.0016313456357807,0.0018089203604951,0.0086754524469756,0.0084297455706446,0.0001805212764727,9.361523376805251e-05,0.0001902914820643,0.0006320202255899,0.0004608242261567,0.0001164292707791,0.000997006426027,-0.0002270872238831,0.0014629966938259,0.0018486997501645,0.0035081283377941,0.0051337363246427,0.0004839145695381,0.001151701672974,0.000721910638708,0.0009692084141977,0.0066751462426798,0.0073970130981041,0.0001212598421976,0.0002461178695505,7.52703680028722e-05,8.551842130289074e-05,7.580187912979056e-05,0.0001548790148004,0.0015976978844007,0.0021130187748228,6.853903295607664e-06,1.4755128741647727e-05,0.0017602047363503,0.0248485788933646,7.920629117252209e-05,0.0002761296388383,9.437776252219772e-05,0.0001086689860036,0.001217443614739,0.0011102490408659,1.0
0.000988339557041,0.0027742366240132,-0.0006501313210141,0.0010283487543751,-1.0463999281444658e-05,-1.2096645477141711e-05,0.0004203888836253,0.0005666800071781,-0.0001707227825817,-4.541475797894117e-05,0.0027551751629799,0.0048480821988972,0.0003141879538355,0.0011366327722117,-1.0860175112158472e-05,0.0021842889894969,0.0002789229689049,0.0006297332432109,0.0002673406528303,0.0005037690252464,-0.0002166420374053,0.0022000034930573,-3.41911270398884e-07,3.5900866228897155e-06,2.7813790252684525e-05,0.0001034954581797,1.851297844247268e-05,2.172083546844373e-05,-0.000126247924457,0.0001154366753504,8.102774494444999e-06,8.464771641489743e-06,0.0049220872168416,0.0529563892567083,4.267206504710618e-05,0.0001253492811537,3.9822076764317904e-05,0.0003466842826879,0.0005118037171393,0.0003707900074424,2.0
0.004294898457882,0.0037196940339805,0.0152413437258668,0.0124806775771733,0.000187850882548,8.474451284282032e-05,0.0013634750617324,0.0018824532653944,0.0009812351771037,0.0002588109344569,0.0062388013999767,0.0039858678309589,0.0023379024709515,0.0026576843812742,0.0061906805477041,0.0094074116191749,0.0007892989667023,0.0016099213094402,0.0010397142852587,0.0014510559510901,0.010105202876655,0.0115174895981389,0.0001378162970045,0.0002859877533971,9.358604925108026e-05,0.0001511495397923,4.009373857956824e-05,8.270219239748394e-05,0.0017943511405421,0.0024809016417043,1.041753374958441e-05,2.996815694249224e-05,0.0013125011444349,0.0186718390269737,0.0001598680234357,0.0005859490514578,0.0002454812168357,0.0007113274914259,0.0003543940056052,0.0002900168451066,1.0
0.0029821082311591,0.0049679255264292,0.0111302489618068,0.0106818173244967,0.0002850888452871,8.604620668176565e-05,0.0012129912669858,0.0006897436071593,0.0003941610726086,9.781746959781632e-05,0.0024000386851592,0.0045398612742075,0.0024091651196798,0.0040122414055382,0.0068062030782635,0.0129385389132169,0.0005733850768202,0.0015970253472423,0.0004753559160013,0.0009741100725086,0.0043739650430015,0.0082235121726162,0.0001628110259582,0.0004736361876612,0.0001547863802667,0.0003061708804528,2.762199343632881e-05,8.82169342828764e-05,0.0007759169431453,0.0012162494419185,9.479562803232383e-06,2.042175023838833e-05,0.0019015025376994,0.0203939532725656,6.166144324014235e-05,0.0001483897103423,0.0001931436298393,0.0007489925069443,0.0007858011086876,0.0012009621110822,2.0
0.0023185990724502,0.002993000469403,0.0011865640646021,0.0028267509820978,7.517584231380808e-05,3.94268747965149e-05,0.0004737358875545,0.0001850160492121,0.0001495446724192,4.380045215503656e-05,-0.0006524951583812,-0.0013493115086556,0.0005260973055003,0.0010247541205501,0.000532687646888,0.0017849614038601,-8.496744998457833e-05,-0.000201528445419,-9.56870715297708e-05,0.0002696024642952,0.0001458607422861,0.0010728965911838,-1.1164074926624208e-05,-1.814703625753634e-05,2.689496309876088e-05,0.0001034596901401,4.468767824045813e-05,9.036612796786876e-05,0.0004610384671607,0.0007301224631087,5.660784500565699e-06,9.149057776411248e-06,-0.0002034401382327,0.0036298095770515,2.4534871198964e-05,8.558282710628653e-05,0.0001434689314664,0.00082178473832,0.0003283017229513,0.0004952105971837,1.0
0.0053405870062742,0.008515682289893,0.0050835929549143,0.0063591582348841,0.0002334370340596,6.524875899282258e-05,0.0016778346049656,0.001409529317131,0.0002807466910461,5.672415663774631e-05,0.0095626660209553,0.0097194435164409,0.001600728119122,0.0027338777290753,0.0059278271661133,0.0125967977251134,0.0004361202885452,0.0011199865571881,0.0003466563754845,0.0010220880898167,0.0112911177955477,0.0164305735714584,0.000170071669451,0.0004196334449577,5.649010868674264e-05,0.0001219382312541,4.9505006211616265e-05,0.0001060194111011,0.0008476720078786,0.00136877441329,1.0949999877892332e-05,2.995954923135151e-05,0.0035717039488668,0.0421905660741938,6.701388327603954e-05,0.0002916802898931,0.0001403405719398,0.000790638055556,0.0006655181713625,0.0007643767368691,1.0
0.00231338346945,0.0007743813024265,0.0086873256841433,0.0098686069254234,0.000146370371112,0.0001108148595087,0.0007436589045834,0.0010905918378664,0.0003983559992965,0.0001007169292198,0.0022924697262713,0.0025721402835721,0.0012079503843949,0.001724100606163,0.0053906530074954,0.0073788732079433,0.0004068294143777,0.0006061883983712,0.0004267271182428,0.000204795309416,-0.0010695649411428,-0.002392811922571,2.754903935973597e-05,0.0001017987537037,-1.100806210246332e-05,-4.12612816297305e-05,7.918177394599379e-06,4.061406003980522e-06,-0.0001219871848982,-0.0004494029176378,9.217715480074494e-06,1.135929932809599e-05,0.0025016554134961,0.0302384589345918,-6.71856576873914e-06,-5.6006730286641386e-05,-2.0198060213993e-05,-0.0003409262921388,0.0010385758583099,0.0007187593705422,2.0
0.0063399411892245,0.0091184139702484,0.0163519276214143,0.0149136355769636,0.0001030786004786,7.310774758511186e-05,0.0016225601059372,0.0013307842855329,0.0004052013771047,0.0001166336596786,0.0063258318207244,0.0069714737745285,0.0032406369868275,0.0040845307139506,0.0085323118518315,0.0111652789851642,0.0002488504924711,0.0006003027084533,0.0003381079539543,0.0008510930420559,0.011433401785812,0.0127638767897967,0.0001944413039018,0.0004108752164591,0.0001378179859948,0.0001721454828597,5.655993294528045e-05,0.0002794740669875,0.0012228981887203,0.0013106028123777,7.747702460021841e-06,1.8960027458339213e-05,0.0029164500386823,0.0395665090036437,0.0003696450170496,0.0013746612584122,0.0010461072880842,0.0065976575797669,0.0010345201891275,0.005245078133505,1.0
0.0067722893727678,0.0121618709805915,0.0135414987891617,0.0164730121134049,0.0003367809387251,6.836179964575164e-05,0.001167222748702,0.0005701609805581,9.119140954503424e-06,-1.6827013109962883e-05,0.0056516474811608,0.007555721395508,0.0018749627966597,0.0049793605239268,0.0097645503948274,0.0212075211785834,0.0005478836214314,0.0015416239763893,0.0004119942970918,0.0011067985952409,0.0122869877125024,0.023213454467119,0.0002271549666599,0.0005675529039369,0.0001603121030144,0.0005250752721069,3.137563754152762e-05,9.238987180769458e-05,0.0022200119512565,0.0043743910988822,1.2547893593388404e-05,3.1449565068123345e-05,0.0051344730120951,0.058687749061699,0.0001764093062299,0.0005819849406137,0.000725395309536,0.003507394800548,-0.0001976270241183,0.0012265940527589,1.0
0.004037930542286,0.0028389958703481,0.0218460101985679,0.0242795353357085,0.0002275501805198,0.0001455548292398,0.0034344888365366,0.002972107533294,0.0012573725747678,0.0002987265299927,0.00889700428706,0.0157840791623834,0.0036498312124292,0.0041739132144267,0.0026962010242928,0.0021774463503713,0.0007345340249333,0.0014718759302526,0.0004187345276855,0.0004549256713327,0.0036064717926834,0.0147127220859374,0.000149907805793,0.0005964638897021,0.0002869556623491,0.0005239166969783,1.944442493974148e-05,5.0202330325223485e-05,0.0004275850881308,0.0012284036746732,1.2753840749243416e-05,3.0461473039476268e-05,-0.0024994009142255,0.0037667517323935,6.906235693440456e-05,0.000178151470648,0.0002076937950413,0.0016447389108454,0.0010373148509118,0.0024891657850981,2.0
0.0090277619616137,0.0076296360134535,0.0071312707609956,0.0096769694249329,0.0004591053104704,0.0002305428780898,0.0037927342878707,0.0030600943878234,0.0013171779620649,0.0003271852718235,0.0133077338255252,0.0162784944557813,0.0030619400655203,0.0044245722294286,0.0041632760426621,0.010594074498289,0.0005297612014398,0.0013311390900808,0.0007695573105947,0.0012658492189154,0.0104467935917653,0.0127419938916203,0.0003091587016998,0.0008911812985642,0.0004782384471121,0.0008553892128258,2.0624139254602933e-05,8.113435941687173e-05,0.0010404735064906,0.0015533066998,1.2314561508781687e-05,2.3919728312713123e-05,0.0072120819498935,0.0136714273033046,1.7247595551357754e-05,0.0001409350333028,6.011995128505508e-05,0.0008974003061645,0.0007369635872846,0.0001597638781035,1.0
0.004423014112151,0.0062563931380006,0.0174234209432197,0.0242541950612487,0.0002906055609211,5.436352805667159e-05,0.0003829173786286,0.0001781316293651,0.0013526423992237,0.000320951677059,0.0132955712330738,0.0185486558953897,0.0036455941811021,0.007083209716409,0.0112175210771648,0.0178707583714295,5.786860151999432e-05,0.0004661863142905,0.0004331452575482,0.0007864987128892,0.014468724166874,0.0186465188608911,0.0005271131144468,0.0003357706962964,4.694155543872585e-05,8.694032883698206e-05,0.000189520858843,0.0008053686575966,0.0039973171395842,0.0049395428815166,1.0958085383833887e-06,-4.003524667931683e-06,0.0459847849728691,0.3572523063633696,0.0002153948368116,0.0010182631692193,0.0011293206757989,0.0056796858544768,0.0018775295196044,0.0058218919021677,1.0
0.0631263068853287,0.0782371000190514,0.0966688334058735,0.1172460777344902,0.0036719787229056,0.0011432929141574,0.0388962029223984,0.026869145410919,0.0009831087836301,0.0004927137695379,0.0449073556618035,0.0640353619506245,0.0368382451180999,0.0524278770611112,0.0167519015462563,0.0202541135390974,0.0040082240356745,0.0114610825215487,0.0019520489246741,0.0032233129117187,0.0865314467200964,0.1650441720831473,0.0008153805369052,0.0030743096114654,0.0024119654483113,0.0053298732166444,0.0003313274057132,0.0017694961110732,0.0067315329946978,0.0084826344171678,0.0001164601973847,0.0012180884038933,0.0744489195368937,0.6011870784680295,0.0050060436347164,0.012760823316476,0.0131731702536864,0.1040595223453682,0.0055480502706772,0.0158303362859116,1.0
0.0067617866874443,0.0095450813157278,0.0025605545675253,0.0007487158715365,0.0007738319338829,0.0004439496039523,0.0057765712707064,0.0020074879470092,0.0013530622763969,0.0003290796975219,0.0181779077617328,0.0137385216621366,0.004475248286167,0.007612042109565,0.0099987218611823,0.0140281346521104,0.0008315096905938,0.0022768013241449,0.0015948676885638,0.0019793345411047,0.0185290537524124,0.0436534393978782,0.0005686982907055,0.0026232757140491,0.0015019383049669,0.0032758142524395,5.666137993554444e-05,0.0004862389735113,0.0026928851770944,0.0053243719243604,1.489228291285716e-05,-5.534585763498545e-06,0.0457154516405285,0.216770569264575,-1.2385271670921898e-05,-7.109401311275915e-05,-0.000366672758105,-0.0025863976233958,0.0011932538619881,0.0003166824765263,2.0
0.0045348742597405,0.0089129054173309,0.0150335573162017,0.0190412418123437,0.0001200079226573,-1.1355466959151826e-05,-0.0005344262134387,-0.000421121309543,0.0007712306743824,0.0001678070442632,-0.0016860060443857,-0.0018967312929702,-0.0004518005392789,-0.0012215776719205,0.0041128801719461,0.0108007946351775,0.0001590727472203,0.000409491469051,6.956149190858024e-06,7.215608218836231e-05,-0.0059311527291373,-0.0129016957322408,3.549047637385879e-05,-0.000207469004858,-0.0002510042170521,-0.0005416121436335,0.0001002169060389,0.0002326619373969,0.0012236491104307,3.4648096960244844e-05,2.908466503261578e-06,-1.854093092382446e-06,0.0307378159519144,0.2708936023233488,8.099500224341617e-05,0.0003721166845603,0.00015087270738,-0.0001507286936205,0.0027589102634329,0.0037369603033112,1.0
0.0056481724176794,0.006179020090982,0.0164394134775075,0.0145939788262043,0.0001662637542376,8.81103601137511e-05,-0.0002514830975678,0.000493275586854,0.0001378598767914,2.958366995284344e-05,0.0081093796564354,0.0057593710298974,0.0028258379881217,0.0040420277798331,0.0045753164922544,0.0069601152245079,0.0003180708028042,0.000766185140522,0.0007474711642546,0.001244482145017,0.0048023977122507,0.0075197048517477,0.0001789211314571,0.0002727036324994,0.0001013135328873,0.0002045859538599,0.000113209825484,0.0004345992532195,0.0016698799207101,0.0025759091886998,1.30141367616837e-05,4.058007857114428e-05,0.0013419162056723,0.1244609874026687,0.0001871415558107,0.0006571868971056,0.0007132994142671,0.0041157644728338,0.0022382724668122,0.0033948871001387,1.0
0.0070081309895294,0.0125337343423699,0.0125638926448786,0.0109648239435664,0.0004195034118835,0.0001460331464458,0.0057894365216145,0.0032405893700531,0.0005307365037509,9.673507161460898e-05,0.0144930967321612,0.0240961603333284,0.0024460434921506,0.0038269242184154,0.0088525306081547,0.0194866164311396,0.000874649598761,0.0022770833455271,0.0008836720918742,0.0015346693381371,0.0198968211826569,0.0319184248351314,0.0002980170989222,0.0006715904001218,0.000189898499747,0.0003988526784735,3.6472702542634696e-05,0.0002121666598099,0.0024483063327444,0.0043382842106693,1.4027414884460711e-05,4.3137907416143965e-05,0.0011460647522817,0.1104025368054197,0.000142806734091,0.0004323137350112,0.0006208105824065,0.0042942792802523,0.0009327661756708,0.0022356043983043,1.0
0.007369547252654,0.0123815020455163,0.0050129434507627,0.0043907276858435,0.0004105460262973,0.0001175774042296,0.0031052515050431,0.0005381282757627,0.0005851971177147,0.0001581900730697,0.0063765623261905,0.0133308647092844,0.002484347961071,0.0044292471652425,0.008057235658448,0.0192496233331019,0.0005489186423545,0.0017047466852674,0.0006740986484789,0.0016264789989495,0.0151191842775545,0.027230424971585,0.0002388617808777,0.0005697697516639,0.0001303847300743,0.0003427759559411,7.610267647946925e-05,0.0002154304395544,0.0019461328540472,0.0031132202938058,7.678900230828059e-06,1.920238186227227e-05,0.0013436908654713,0.0653518027127596,4.454774468972821e-05,0.0001961805176623,0.0002492338093098,0.0008439395083989,0.0019139779551364,0.0021305572239415,1.0
