0.000211687150986,-0.0001434417479877,-2.2751513953326146e-05,-4.5379693665058506e-05,0.0002915147898632,3.166562266487547e-05,0.0009068644189991,0.0001577985716743,0.0006498117000803,-1.2627962576780448e-05,0.000781376620372,-6.564346624543326e-05,0.0001997497021143,3.2556726928149305e-05,0.0002520940270848,-0.0001036524711274,0.0003281901485043,0.0001538632468182,7.712476451647884e-07,-2.2520453356584735e-07,0.0001899094678531,0.0007310599878007,0.0001871715372822,0.0001604671443876,0.0002596369100282,7.62524798168252e-05,4.369473561970215e-05,0.0001091311134826,0.0002161864769332,0.000325869260078,0.0004192858554031,0.0002008157306153,-5.119473720908836e-05,-0.0001818078800606,-2.378153371473132e-05,1.9420779639587204e-06,-5.6329261637795815e-05,-0.0003846860800152,7.08295323469078e-05,6.015981220655045e-05,0.039354106,16041.56542,157568.447,110055.3705,8479.566443,4.26e-05,0.215873016,103.9958253,0.0,0.0,1
-0.0001487388686437,0.0002085501348248,3.03941787559467e-05,6.428375696534546e-05,-0.0001326388739451,0.0001136027554254,-0.0019205480360187,-0.0012452814275418,-0.0015773334225171,-0.000253827219467,-0.0004613387006271,-0.0001593602548812,-0.0003096660761555,-2.0115448825425427e-05,-0.0003508559155383,0.0002266142039448,-0.0004170430630359,-0.0001241760624624,6.073897608904425e-06,8.91781028135396e-06,-0.0006392753485047,-0.0015778362369094,-0.0003146701016473,-0.0002715449674774,-0.0003686037454264,-0.0001056213675624,1.9073747663001116e-05,-7.056271912257121e-06,-0.0001273685708722,-0.0002343768540303,-0.0004621069553935,-0.0001347243876229,5.707264536164231e-05,0.0002571510378325,7.768635167560786e-06,-7.504945824150959e-06,0.0001215824627914,4.022742193505958e-05,-2.92442043356198e-05,-6.194145350021891e-05,0.044259227,12107.93743,157910.2947,110550.8094,8472.717092,3.75e-05,0.186516933,121.6001789,0.0,0.0,0
0.0002252204062134,0.0002028093867756,1.3112246143027151e-05,0.0001438055311975,-0.0001702684797344,0.0001803309841075,0.0029444472471802,0.0021663434171819,0.0035456873845538,0.0018310338003161,0.0007590819592233,0.0017913083990236,0.0004070384757446,-2.24772815731716e-05,0.0002824930408817,-0.000151574483931,0.0005224500204406,0.0002855432226553,5.746786565441868e-06,9.388142863353378e-05,0.000987292953092,0.0032530767514691,0.000473883380343,0.0007622173699596,0.0005773661250623,7.580321065725113e-05,-0.0001312213130506,-0.0002143660419403,0.0001683187258302,0.0004547132797045,0.0005809618534612,0.0001084263063777,-7.955128429124168e-05,-7.036245248258812e-05,4.76445332079338e-05,7.280784133087307e-06,0.0002914058083909,0.0024224435026642,1.9742902575825287e-06,0.0002544841760324,0.048304226,9426.945994,157915.8891,110747.4073,8481.856855,3.42e-05,0.167407467,124.7592983,0.0,0.0,1
7.810203986389954e-06,-0.0003159022399815,-3.340609883142111e-05,-0.0001700592533975,-0.0001633072781957,-0.00039517580403,-0.0028823560135916,-0.0022139918764153,-0.0009238271186929,-0.001125026901917,-0.001084297420586,-0.0019929702734833,-8.866208028435894e-05,2.104543984184216e-05,-0.0001513672385265,-0.0001816818898682,-0.0001121506378668,-0.0001578466391174,-7.787065601668973e-06,-7.434638415423621e-05,-0.0009862350825598,-0.0027982293604207,-7.202229835323498e-05,-0.0003425221722219,-0.0001232282488625,1.3003860500774982e-05,-1.0108523654985926e-05,0.0001111312863453,-0.0001169797737707,-0.0001283381444353,-0.000127297263173,-9.152753475314588e-06,-4.515868621153621e-05,-0.0002460161640306,-7.89871101903652e-05,-1.2481989666994265e-05,-0.0003250164783065,-0.001856499549677,-0.0001297033085826,-0.0001938320024655,0.052105688,7327.419791,157911.3905,110866.5496,8539.85124,4.27e-05,0.20888892,125.3516547,0.0,0.0,0
-0.0004978172381065,-0.0003510764003794,1.6518249174384136e-05,0.0001220159959357,-2.232243261465319e-05,0.0008257236522588,0.0105422081530974,0.0084949809485682,-0.0001520775823827,0.0006728245930135,0.0027428051602743,0.0043322057838686,-8.017298448214446e-05,-8.267338054933166e-05,-0.0003388464158157,-7.744474748679424e-05,-0.0004208876118158,-0.0002301047964511,-9.739494227682276e-07,5.644928916382376e-05,0.0037833926280343,0.0082589370386337,-0.0001276378657348,0.000320080866769,-0.0002230637611623,-9.47799359207077e-05,-5.193082397390337e-05,-0.0001129770702666,-0.000107698483384,-0.0002000570386098,-0.0002837782808601,-0.000164431370479,0.0001723256630845,0.0004439134253112,0.0001264388444718,2.8717847909020245e-05,0.0001120644821277,0.00123974044748,0.0002164355819801,0.0001713590555875,0.055989767,5449.381725,157816.4059,110920.0932,8528.09872,4.51e-05,0.198639408,121.6087045,0.0,0.0,1
0.0005435799816974,0.0008306216790908,1.450800140957074e-05,-1.6141991691000668e-06,0.0011089104358232,-0.0007082452882905,-0.0024273887234141,-0.0020402573062685,0.0020597954888038,6.401444521220729e-06,-0.0006128070406612,-0.0015677077057366,0.0003362224229426,8.3673825696125e-05,0.00076286432282,0.0003466337568934,0.0006021460567398,0.0004222127645422,3.3655696825920163e-06,-4.16513686959628e-05,-0.0004955151948194,-0.0017765976639377,0.0002847514980769,1.237613034508401e-05,0.0004596049578376,0.0001780467128945,0.000143906018761,0.0001479016582518,0.0003152253918446,0.0002306716758601,0.0002954615505248,0.0001086264987766,9.374287964796928e-05,3.7200817098243385e-05,-5.865667768012463e-05,9.85721529782648e-06,6.434560459271512e-05,4.743820959511621e-05,0.0005544971440315,0.000276726794568,0.059072074,4147.06632,157843.5655,111010.1482,8552.188489,4.42e-05,0.195402414,126.7018369,0.0,0.0,1
-0.0002468242309906,-0.0004415789908853,3.202968938163307e-05,5.468722147924432e-05,-0.0009163319199364,0.0009374553745733,-0.003142001380519,-0.0026112091265608,-0.00202511001679,0.0009961229150294,-0.0011048093008626,-0.0013189657762528,-0.0004722293399211,-0.0001485029068631,-0.0001819342713254,-0.0002495993387324,-0.0001343549951243,-0.0002298815977354,1.2215224476766012e-05,7.2497405577594e-05,-0.0015994894674866,-0.0021676080428123,-0.000221148972488,0.0001005509178493,-0.0005405910286841,-0.0003621314344954,-1.663811252615974e-05,-0.0001324633404871,-0.0001745681846971,-0.0001403713424957,0.0001920464902728,3.8795220072203445e-05,-0.0005702103120223,-0.0011789630664769,-6.553999065757701e-06,-4.695098138934325e-05,0.0002678952579712,0.0005847981554923,-0.0008279527773183,-0.000308887223426,0.062121006,2981.794557,157465.5476,110997.4744,8538.221612,4.16e-05,0.178231449,128.3309224,0.0,0.0,0
-0.0001288437185591,-0.0004399064389036,-0.0001017523857788,-0.000120154011001,-0.0014402589284312,-0.0005316361989304,-0.0056850428339957,-0.0043550196460354,-0.0029398040201564,-0.0014608265021695,0.0001406466054909,0.0003296094565701,0.0004152230642176,0.0002087126765841,-0.0002908124065037,-0.0001519283538299,-3.986328012544365e-05,-5.557943976492907e-05,-2.2863868829989515e-05,-4.476274834664903e-05,-0.0017994899316709,-0.003845960763195,7.415836704061157e-05,-0.0004365735070958,0.0007266008597163,0.0005451996986793,-0.0001711102596378,-5.2415583056982224e-05,-0.0003315034750876,-0.0001121494108696,-2.6994638617022805e-05,6.749296295315143e-05,0.0003880674723671,0.0015365072490921,4.7191746896529016e-05,-8.155160641062649e-07,-0.0001862797891544,-0.0003758350860581,-0.0011377972148842,-0.0008816781500794,0.06505349,1967.079104,157266.9209,110965.9333,8574.891473,4.16e-05,0.178205192,127.4116615,0.0,0.0,0
0.0001728978028721,0.0006138366422216,0.0001065283004312,0.0001460407645037,0.0022344565406092,-0.0001519979872447,0.0098709446753556,0.0069549182278004,0.0046462608610998,0.0006006712246535,0.0005453172446907,0.0015142442270759,-0.0002647741065069,-0.0001097595148157,0.0004237826065613,0.0004771128244419,-9.618741366971307e-06,0.0001636795661567,1.7535051450893205e-05,3.949426378694131e-05,0.0030594107814086,0.0062154798880341,8.052710893275188e-05,0.0003573087287792,-0.0005746840869732,-0.0003771246441229,0.0001485420374418,5.090774497272626e-05,0.0003669275772092,8.347768560728019e-05,-0.0002721214880365,-0.0002007622317596,2.9687873527745284e-05,-0.0008287608974369,-2.04043784674667e-05,-2.8302374310938567e-06,-5.668912187216314e-05,0.0001525582518544,0.0017614593856766,0.0011791338003767,0.068285969,949.2542773,157107.0576,111034.7554,8577.96259,4.65e-05,0.189830492,122.1790429,20.0,137940.0,1
9.724567349274544e-05,-0.0004108954058812,-8.013665431045504e-05,-0.0001545808522885,-0.0009374966037195,0.0001008066890764,-0.0057729860202266,-0.0037529264362938,-0.0017795102253954,-7.904242708580969e-05,-6.33895188160451e-05,-0.0007261533866145,5.030326172230536e-05,-3.448568746501563e-05,-0.0002851893797632,-0.00063853415296,-5.325810622280667e-05,-0.0001661986968479,-1.2136246045762873e-05,-4.364631074565237e-05,-0.0018192142841373,-0.0037750888161842,-0.0002240518158765,-2.393863735042489e-05,7.324855572138985e-05,5.980384799022342e-05,-6.35791589681134e-05,-0.0002576659131381,8.935333405241586e-06,8.644366732225096e-05,0.0002292652342573,0.0001576380514965,-9.80672196104516e-05,0.0001734007431543,-6.969774996802521e-06,2.4675465876516896e-05,-0.0001826696998489,-0.0006459021225919,-0.0005002048936049,-0.0002687158502914,0.071333936,71.81488436,156987.8319,111078.0683,8612.269702,4.25e-05,0.170909127,133.0654696,17.0,25720.0,0
3.071994177651338e-05,-3.430954866398946e-05,1.134709712591574e-05,4.76336766313384e-05,-0.0002349822850131,0.0001611665146675,-0.0019612743893905,-0.0014781701070275,-0.0006281411265133,-7.756031494241797e-05,-0.0006197082804897,-0.0017926631221962,0.0001004750926765,3.331269855487268e-05,-0.0002555569213019,9.368417379221074e-05,-4.073694428941424e-05,-6.9294974500168485e-06,2.96348951294992e-06,1.3370263663287635e-05,-0.0010187640473831,-0.0017027685630314,-7.311991120881637e-05,-0.0001546399676985,0.0001737881011126,4.026974024241558e-05,-5.614890118795615e-05,0.0002287092460227,-0.0001775869815417,-3.353536137811109e-05,0.0001141076492652,-4.043438646204631e-05,-7.212877564216459e-05,-7.321998157986373e-05,1.8379197603323005e-06,-1.362835975914655e-05,0.0002350405249374,0.0002547327041377,-0.0002823197687506,-0.00023043311785,0.07440147,-735.5791052,157091.3212,111199.7431,8598.903023,4.63e-05,0.173913058,131.1103625,15.33333333,5346.666667,1
-0.0005645721703241,0.0006823671743851,1.7799366202411206e-05,8.40243649966452e-05,0.0002157101949544,9.491077328199768e-05,0.0081659956772456,0.0065433281267421,-0.0009673663556529,-0.0003404992751505,0.0041222545441859,0.0077099701579111,-0.0003887316143037,-8.431382272965174e-05,-1.8592960252541345e-05,0.0003892579960232,-0.0001610942613481,-1.6686010847103376e-05,9.183473865332703e-06,5.25331675164316e-05,0.0041067872838159,0.0066837035813498,3.75247856708901e-05,-0.0001314936213923,-0.0005166039320486,-0.0001304632554824,0.0001767214563826,-5.696121042649199e-05,0.000283161454429,7.15825297605635e-05,-0.0007066012398058,1.5050676515247188e-05,-0.0001169632184585,-0.0004660408099715,-3.980061261472735e-05,5.1577861252217565e-05,-0.000161958204263,0.0002229247251,-0.0001307916565159,-7.598658823102494e-05,0.077328603,-1449.401666,157010.033,111354.8901,8605.90293,5.01e-05,0.206201628,128.4791273,15.5,5630.0,1
0.0006465431362172,-0.0005310877497759,-1.4762827491900472e-05,-0.0001502771323869,2.8778374026535663e-05,-0.000508552008521,-0.0038009613203411,-0.0034578430597958,0.0024100223041917,0.0008479535700519,-0.0033904070325519,-0.0056072435079224,0.0002239407810189,8.650266736136183e-05,0.0003858833467301,-0.0002146151515731,0.0002429502635102,0.0001104307676708,-1.6801586726851495e-05,-0.0001057237825919,-0.0019168306651899,-0.0031146645464503,0.0001996097980971,0.0003095486898153,0.0003092152720379,5.955905649944991e-05,-5.562329834530151e-05,-3.3721174103295967e-05,-0.0001861052918922,-0.0001739891690632,0.0003539255715127,-6.585868847069279e-05,0.0003919115601198,0.0009717873282583,5.603462294408132e-05,-3.2838430729249495e-05,-6.425040650587561e-05,-0.0005285394251797,0.0004631383871245,0.0002943359452725,0.079794138,-2008.16596,156984.6039,111410.8148,8600.465378,5.25e-05,0.176923135,123.3008813,14.0,11160.0,1
-0.0005576745489292,9.27035328898928e-05,-9.634798303097482e-06,4.550930517364524e-05,-8.330660475325911e-05,0.0003366675473164,-0.0052020404660335,-0.0037074710116259,-0.0003766401723423,7.12690291799469e-05,-0.0010075635051171,-0.0010163041906868,-0.0001088963156125,2.099284107655262e-05,-0.0006572555952043,-5.370220329214577e-05,-0.0001696815194981,3.211304367107115e-05,4.967625635065957e-06,5.782801147608113e-05,-0.0020512571871741,-0.0025909202560649,-3.6633431692022535e-05,-1.0429056586598894e-05,-0.0001260502820489,2.777457313264099e-05,-8.95394545263759e-05,5.6770900238737214e-05,-7.143713317027614e-05,2.085248641787009e-05,-3.180243846421821e-05,0.0001457111071644,-0.000217795490516,-0.0003493745781194,-1.5924746572573943e-05,4.9932610911123605e-05,7.655751161022111e-05,0.0001913585361067,-0.0001831132007994,-0.0001058892207712,0.082372203,-2557.181195,156892.5565,111456.2129,8594.16129,5.84e-05,0.20400008,124.0734533,12.66666667,7933.333333,0
0.00011514455363,-0.0001133398366731,2.966596011636298e-05,2.2303949009934828e-05,0.0001828492324427,0.0002356629466038,0.0041859239407081,0.0033476104762792,-0.0023039315995613,-0.0012774521248784,0.0013477007402701,0.0009914179135786,0.0002897292397842,-5.0680268719215495e-05,0.0007139714385109,-0.0001652247903401,0.0002710783480395,-0.0002003178544528,8.770776648323395e-06,-1.140286473578585e-05,0.0025088187132659,0.0033570360610797,2.660127589739656e-05,-0.0001810838552874,0.0002794715742588,3.9787553995572165e-05,0.0001385466623069,-6.756262277445912e-05,0.0002353880861559,7.969813277374872e-05,0.0002976563392313,-6.276020182014658e-05,2.440271479656775e-06,-0.0002987954537174,-2.1166012001610717e-06,-0.0001114613389879,-0.0002206432876122,-0.00065581987043,0.0001560312860674,0.0001167621454032,0.08487268,-3057.678265,156867.4412,111568.4861,8597.48452,5.38e-05,0.194047625,126.1235731,11.8,5952.0,1
0.0001270523663098,3.091553425615881e-05,-1.5708236871140008e-05,4.413110598453279e-05,-2.3432844858110387e-05,-0.0005222084640617,0.0002102229839712,-0.0005264954113612,0.0017339570297364,0.0002718576938532,0.000431639196257,0.0029073709869713,-0.0003642723115541,1.0832866361962884e-05,-0.0003586518723556,0.0003202129619753,-0.0002846973980525,1.3367506246217396e-05,-1.1745935351366302e-05,1.3891909843683694e-05,-0.0008405752261178,-0.0010850855441109,-0.000236609474919,-0.0001640408442112,-0.0002864583532588,-0.0001241544562661,-0.000155199795261,2.5006559615909067e-05,-0.0003689269534116,-0.0002322769356633,-0.0003042014564189,-6.61034706907347e-05,0.0001263985917563,0.0004381212544685,3.893987560054051e-05,0.0001056681244505,0.0002717677856177,0.0010539082137094,-0.0001147229069037,-0.0001309197395944,0.087175061,-3493.401194,156921.2532,111656.7581,8607.895161,4.4e-05,0.168794319,121.0787079,14.4,4752.0,0
-0.0001342996257871,-9.30549588637442e-05,-2.447554607972165e-05,-8.579692214234122e-05,-0.0005877824963987,0.0003666559538629,0.0008208408622466,0.0017002987139653,0.000471977235716,0.0011412726125776,-0.0004597414913508,-0.0026188308467327,0.0001478205118468,-3.2591923622490136e-05,0.0003415736067506,-7.765062957252557e-05,9.105732876231368e-05,0.0001874844510295,1.383108319700398e-06,-8.630610069571255e-06,-5.822902708392568e-05,-0.0001050444644424,0.0002441913276251,0.0003420341177773,5.186808871312946e-05,4.885505563001371e-05,-5.841949675052594e-05,-0.0002993969174868,0.0001914605312544,0.0001395077825419,-6.199907165295205e-05,-4.656987122007815e-06,-0.0003682839527143,-0.0010202454858663,-0.0001118116227508,-5.47197734418326e-05,-0.0002589371108188,-0.0007956224248989,-0.0003150771651978,-0.0001602499726674,0.089176165,-3853.71875,157083.8551,111773.3961,8595.681159,3.55e-05,0.15744683,116.1609707,13.6,4760.0,1
-0.0001212840580895,0.000137512627955,-9.27814593304358e-06,-1.6947231973528313e-05,0.0005283546037271,-8.24464639785308e-05,-0.0024549086370351,-0.0024065523848982,-0.0024946154084216,-0.0019700066522238,-0.0007018549070089,-0.0003331620231325,7.963019432386528e-05,7.235209092453678e-05,-0.0004910124536348,-5.682278730573426e-05,-7.931223997010224e-05,-0.0001893711882964,8.802445557863758e-06,6.27181327420846e-05,-0.0010510959709286,-0.0009994514690991,-0.0001180146721908,-0.0003814966205129,4.76106068661906e-05,-2.7138220971235107e-06,9.454169958201192e-05,0.0002941409407224,3.706689884215288e-05,0.0001215176193672,0.0001067924162865,0.0001580523077544,6.852725996458758e-05,0.0001821870236334,6.762289001893734e-05,3.507021777338177e-05,7.810270694666303e-05,0.0005275237605418,-6.209248009389286e-05,-5.590953757460141e-05,0.090873239,-4146.951964,157180.196,111849.8297,8632.049451,4.28e-05,0.185416531,103.6616318,14.0,7413.333333,1
0.000329141237913,-4.098575169359726e-05,2.485106711028764e-05,4.005016696438298e-05,0.0001302551057358,-1.3838176819554856e-05,0.0026414833095352,0.0016382627777833,0.0020978405075326,0.0010467446921584,0.0010770426016899,0.0014194007445184,3.9523812292727006e-05,-7.936676320995801e-06,0.0002770853134633,9.438603314295644e-05,0.0001037916015375,0.0001426153164511,-1.1283030061654496e-06,-3.161874747698405e-05,0.0009833290540975,0.0015000370318696,0.0001173515419482,0.0003695288331251,2.415855776064397e-05,1.5318226395472625e-05,-9.379255560974251e-06,-1.36507027740828e-05,2.828191329435541e-05,6.443258224309304e-05,1.5969104026514937e-05,-4.638124449817422e-05,9.233802102501232e-05,0.0002863874730758,2.0158036852782103e-05,6.689682416799276e-07,9.824215997678694e-05,4.899706287069649e-05,0.0002414192817054,0.0002121748782534,0.101635263,-5776.727853,158287.8519,112385.7485,8494.428571,3.56e-05,0.131182871,50.2287,15.90909091,5734.545455,1
-0.0004508190022611,7.563984902406827e-05,-3.293460229285407e-05,-3.6542967090500485e-05,-0.0003307756468872,-0.0001054035203349,-0.0023421008927873,-0.0007742882459197,-0.0027554038235953,-0.0012001922662411,-0.0005932365043295,-0.0005099641505936,-0.0001077992973856,-2.809507951365036e-06,-0.0002407374880723,-0.0001630902710811,-0.0001713459068016,-0.0002457494543693,-7.459582589459124e-07,3.430508771600775e-05,-0.0005330855235075,-0.0008291713020541,-0.0002023676181426,-0.0004648053572042,-8.71178149573126e-05,-2.3106683928781805e-05,0.0001247088183718,6.705678249840126e-05,3.563310823867882e-05,-7.511183482051577e-05,-7.164444920043468e-05,-2.7798007085454253e-05,-0.0001891006056024,-0.0007773649832129,-7.15380709029929e-05,-4.606606282061574e-05,-6.300089009629582e-05,9.745294289099214e-06,-0.0004517236626563,-0.0003927403655578,0.103947119,-6083.164207,158047.7138,112310.1436,8422.769314,3.71e-05,0.13866672,42.78578108,18.55555556,3906.666667,0
-8.100982156817552e-05,-7.113870595854254e-05,9.531327471737783e-06,-6.296743847092736e-06,0.0002490413041376,2.6437577811757386e-05,0.0021982692324331,0.0009856114373925,0.0017722669454515,0.0005963966429441,0.0001721780726752,-0.000249586479125,6.147406240740655e-05,-1.0699240084494774e-05,-9.681661436869802e-05,6.577373544930532e-05,0.0001624760953858,0.0001575799623078,-1.96705512896551e-06,-3.298824283663943e-05,0.0006913724698781,0.0006607881457048,0.0001041488867082,0.0001950565277686,2.9081580701243732e-05,1.1413775028478553e-05,-0.0001456570276011,4.4147461740652206e-05,-3.246745164938224e-05,0.0001078895718535,0.0001389549779557,0.0001139946261728,0.000185726747879,0.000861663191013,6.566082167557813e-05,6.579028028846413e-05,-1.941061573834516e-05,-0.0001493227891777,0.0005200651610297,0.0004223737443252,0.106137426,-6360.823687,158027.403,112317.9859,8412.483599,3.31e-05,0.121212091,38.77725271,17.88888889,4880.0,1
0.0001215332648664,0.0001819083682605,1.883918807523793e-05,8.450334074780824e-05,-9.624610498655408e-05,0.0001607578223959,-0.0030593566487221,-0.0025015336370905,-0.0005484670281615,0.0001890901404875,-0.0006090248361166,-0.0004105394065858,-7.255643189561548e-05,2.6534867453192e-05,-2.163982107481616e-06,-2.1450599048102132e-05,-9.595560857293484e-05,-6.738198496145894e-05,4.716673115510427e-06,3.488294015591021e-05,-0.0013080694794202,-0.0016549754141833,-3.651252691984608e-05,2.3293756912975413e-07,-1.8081132193168853e-06,3.3516912353389704e-06,6.8641562545938e-05,5.397738870609327e-05,-2.0803243296546443e-05,-1.6057407711932096e-05,-6.747603804178451e-05,-4.799651395263361e-05,-3.970897736855129e-05,-8.264211962832888e-05,1.6285318819703051e-06,-2.654711022735169e-05,0.0001125740285539,0.0005344722798359,-0.0002495845439627,-0.0001646995881498,0.10868657,-6669.820227,158144.4164,112387.9529,8388.362462,3.27e-05,0.127536304,28.70703899,19.5,4423.333333,1
-3.1398849265585265e-05,-0.0001404622889984,-1.088808484154975e-05,-0.0001404676299485,4.0463892316833984e-05,-0.0004129090547036,0.0023665265853513,0.002293794426576,-0.0004968897088906,-0.0007609519307317,0.0008531747397965,0.0006842501615633,5.1120013020151335e-05,-3.586482472901231e-05,0.0002417193661598,0.0001236924039761,5.874436098268934e-05,3.3412334748435824e-05,-2.9050663838694358e-06,-6.527913679930138e-05,0.0014394740356218,0.0017273539260037,2.0109176898402617e-05,-0.0002109755054258,1.5430547263085726e-05,-2.673214650031647e-05,1.6667077544443036e-05,-0.0001197357219691,1.1224920750372512e-05,-0.0001725132631146,-2.324899092262406e-05,-4.475700778898429e-05,4.148388143105777e-05,-0.0001231364339449,-2.9637661322257516e-05,2.522454810327096e-06,-0.0001097753895432,-0.0010724230741437,0.0001388970517279,-1.5922844318231666e-07,0.111160139,-6956.530338,158194.0123,112481.6179,8394.006135,3.26e-05,0.123077,22.88888921,19.90909091,4069.090909,1
2.1344567020709544e-05,0.0001617294343039,4.74186677606773e-05,0.0003082681636424,-0.0002757030450685,0.000809059822764,-0.0066177529500803,-0.0055400858413321,0.000894696379673,0.0017814553106598,-0.0019409408931128,-0.0020550682915149,-8.435962675560526e-05,3.0001244090278656e-05,-0.0006846534753297,-0.000148370204012,-0.0001724488547278,-7.707927462620944e-06,8.789570630817131e-06,0.000118237202521,-0.0034125312330964,-0.0052139980988529,-6.072188979201468e-05,0.0002498367924735,-1.895320185878153e-05,7.385672839651248e-05,-9.277087567814856e-05,3.51290857352642e-06,-3.46864001117409e-05,0.0002320985469333,-0.0001245567606904,1.3874648201221203e-05,6.677274198077637e-05,0.0007126535082583,5.015968383650912e-05,2.519919401466149e-05,0.0002575706327969,0.0018316273451624,-0.00010841526829,6.886916796426571e-05,0.112784669,-7138.097832,158000.6822,112465.1798,8363.610853,3.03e-05,0.0833335,17.38375641,25.85714286,3760.0,1
0.0003944237584059,-0.0002889277992496,-0.0001015189033003,-0.0002411809789393,0.000443570556685,-1.2326265452572775e-05,0.004972412796045,0.0040384866805217,0.0017135321623447,6.47151897473164e-05,0.0010420711042676,0.0011381984257034,0.0002197278983171,-7.756706638503181e-06,0.0009950217095764,-5.696085932230054e-05,0.0002974003189135,0.0001720120567564,-1.9867782136177325e-05,-6.030141269775141e-05,0.0021389957339067,0.0039678295851493,0.0003707610902285,0.0005807519427353,0.0003065304238092,7.35758274458019e-05,5.821334504529476e-05,-4.763687872452621e-05,3.503677363718334e-06,-0.0001299195542422,0.0004181206184314,0.0001882759667738,-0.0001436403544245,-0.0009511205031483,6.911922058337131e-06,-8.333013334202769e-06,-0.0003722606710364,-0.0006475533082457,-9.410327836128766e-05,-0.0001116955874756,0.113836784,-7252.751662,158001.0235,112525.344,8383.857383,2.51e-05,0.104761857,18.15136667,24.5,2452.0,1
-0.0003320187257464,0.0003751910057974,7.044046334983056e-05,9.250454279838592e-05,-4.151908467857776e-05,-0.0003149435899061,-3.5710048783063034e-05,-0.0003176910297483,-0.0024250349037581,-0.0013279901623637,0.0002918823426267,0.0009673936849565,-8.600804724892749e-05,-2.531336163747669e-05,-0.0005701947647159,0.0001785407499257,-0.0001902868322833,-0.0002225639023162,9.5193485725393e-06,7.16390591818595e-07,0.0003059182292268,0.0002110060048235,-0.000438273262017,-0.0006929334512995,-0.0002245463209847,-6.496782617497335e-05,8.188931279353748e-05,0.0001089289487698,0.0001210631673152,6.308572751576506e-05,-0.0002539905995249,-0.000155715315187,0.0001940793621455,0.0006250388466431,-4.5025189139460506e-05,-3.66844266414929e-05,0.0002520346825459,1.8586638715224443e-05,0.0003065110399391,0.0002114757924637,0.11511127,-7388.752406,158106.9351,112534.028,8389.880313,2.07e-05,0.104762,15.624775,24.16666667,5993.333333,1
8.860747312876772e-05,-0.0005283217787991,-5.435085543179532e-05,-0.0001312945014065,-0.000854525089549,-0.0005087857299566,0.001294307572363,0.0013388386453005,0.0005264439338543,-0.0002170053934362,9.224799037586102e-05,-0.0004110694330996,-7.456306751296592e-05,1.1956289790617034e-05,0.0002215029393526,-0.0002981468359488,6.923994919694989e-05,3.093092490360503e-05,-7.653717817356519e-06,-2.435385769884706e-05,0.0003207832660443,0.0005131329690494,0.0001660372890826,0.000178724672008,-7.939032851341058e-05,-7.280246766892913e-05,-0.0001639465823579,-0.0002259425514004,-0.0001892447314111,-0.0001492631616926,8.9924019564874e-05,3.214350354410499e-05,-0.0003735885401257,-0.0011001854982025,2.1400101863042732e-05,2.078505509167177e-05,-0.0003021464418338,-0.0007748519451071,-0.0004177564954356,-0.0003465736211869,0.116732276,-7557.469276,158313.3711,112574.7235,8374.330834,2.99e-05,0.1133334,13.78445538,19.2,4028.0,1
0.0008057265449917,0.0011791271925201,6.411247703170583e-05,0.0001186131618174,0.0053401358325272,0.0047442372046712,-0.0098761656842587,-0.006316073391329,-0.0013888513613188,0.0013967781234811,-0.001779057634412,-0.0022663126940031,0.0003914531757829,3.605144530328485e-05,0.0006703516326246,0.0004786152408068,6.500876958481516e-05,7.75146312602934e-05,1.9974513926806e-05,4.009956852735526e-05,-0.0028359824267169,-0.0056379658748306,4.285360411438107e-06,8.026769563366636e-05,0.0007095054076842,0.0003343918682959,0.0004287995392829,0.0006100494959238,0.0002407292358187,-0.0002097658441691,0.0001020727322724,7.182552626734006e-05,0.0012042346480563,0.0029652774362085,-9.292732175630278e-06,4.385657311587915e-05,0.0002483828814873,0.0004672908765776,0.0013633573825855,0.0008050738376483,0.118138874,-7700.293691,158350.5049,112579.6648,8373.607789,5.67e-05,0.111111333,8.524795402,19.42857143,4245.714286,1
-0.0009193871416856,-0.0010887672086979,-6.851534698580667e-05,-8.149270709075927e-05,-0.0056085335640893,-0.0058463452512293,0.0092835956524877,0.0047476789568643,0.0027330404957692,-0.001236260398633,0.0017929380365079,0.0028727128372686,-0.0003014685593834,-2.876626420386867e-05,-0.0007528240389971,-0.0004902943124095,3.285448142521028e-06,-5.6677615711112994e-05,-2.6527657353368555e-05,-4.1494560851570216e-05,0.0026565068514436,0.0054753784086474,0.000109672116286,-1.2456852946869347e-05,-0.0005857315763444,-0.0002825520023079,-0.0003121381305514,-0.0003626808314158,-0.0001866090840351,0.0003335435023315,1.738393968893911e-05,2.940332096894337e-05,-0.000968219525609,-0.0021998066984204,3.4299468916145977e-07,-2.859399446924233e-05,-0.0002234749550732,2.359240273434831e-05,-0.0011519752626319,-0.0006211350272827,0.119299815,-7815.525104,158323.4679,112566.6969,8331.166038,3.36e-05,0.1066666,11.24384688,16.5,4820.0,1
0.0002874226401839,0.0003082347133577,1.451743255412248e-05,6.25203253921739e-05,0.0018131141500659,0.0021260438796645,-0.0027953089265099,-0.0015115874505316,3.550207273235938e-05,0.0007304218682192,-0.0009955538745484,-0.0019295678214217,0.0001473900947062,3.7854204381095056e-05,1.939839195190049e-06,0.0002372696835316,5.507912144205566e-05,0.0001390606709812,1.1414218265954174e-05,4.955778232192251e-05,-0.0012392659201636,-0.0020516769258099,-2.6290684161167505e-05,0.0001557230280787,0.0002834691390387,0.0001643507852008,-4.340456553275111e-05,5.0845605203294426e-05,0.0001738432434131,0.0002164932015979,-3.8937514181245694e-05,5.933518192372316e-05,0.0003202534057543,0.0010850157042098,1.2501800898366055e-05,1.9643029747094756e-05,0.0001905820617357,0.0006844729121612,0.0003914378964159,0.0003526007730663,0.120590256,-7940.978983,158360.4671,112637.8378,8335.422812,2.22e-05,0.1333334,7.743762602,18.5,3510.0,1
0.0001954436794379,-0.0001910601451281,2.8543836224528385e-05,-3.862290657999484e-06,-0.0007880986965831,-0.0002167163099523,0.0021969133940217,0.0018906959398197,-0.0020260266753125,0.0006636187559629,-0.0003056420728765,3.690697399304744e-05,-0.0002331734097808,-7.965214258549002e-05,0.0005513259257302,6.624468316069549e-05,-7.827061649723536e-05,-0.0002402251698634,1.910930017356512e-06,-3.2095421915929715e-05,0.0023894996102243,0.0032377343353629,5.226674544874374e-05,-8.10425106735584e-05,-0.0002822520620681,-0.0001873476661027,0.0001047485170688,-1.895169516706988e-05,-0.0003674088330024,-0.0005695628447615,-0.0002179799411865,-0.0002426064723004,-0.0007359764956031,-0.0022898785257594,1.9525028463778253e-06,-3.545401776163005e-06,-4.042579941620056e-05,-0.0010332989121882,-0.0010509418181139,-0.0008083360173312,0.121620123,-8039.314099,158272.477,112639.2625,8329.578544,2.1e-05,0.066667,7.23735873,20.0,4040.0,0
-0.0001888088484497,0.0003951431921431,3.548121272436212e-05,0.0001616842713106,-0.0005357681975002,-0.0001530589089723,0.0034198583585101,0.0031791791622564,0.0008319242850004,0.0007581407830776,0.0019589454435232,0.0026067468776283,0.0001045473164483,3.282448221684587e-05,-3.7524169563043086e-05,0.0001336813514578,-0.0001538188849591,4.508781641016874e-05,8.114230372111086e-06,6.582305774019274e-05,0.0009627195927154,0.0016860241135926,-0.0001700055617043,-9.405645529971124e-05,-0.0001114222273285,-2.600395721682917e-05,-3.4343675775094784e-05,-0.0001562959901723,3.873043538088938e-06,-3.235299500535926e-05,5.850217411478281e-05,-9.85986673015924e-05,0.0002875666017116,0.0009231349827725,5.2506754587258856e-05,-1.126672108266807e-05,0.0001318543105805,0.000777020362221,0.0001822402223213,0.0002126733494831,0.122406138,-8113.16189,158306.5194,112604.5457,8338.576744,3.05e-05,0.1,6.900229487,18.5,3595.0,1
4.11560413122197e-05,-0.0003800946620018,-4.453286454365508e-05,-0.0003729498452036,0.001608261725599,-0.0004000861344536,-0.0038578247852493,-0.003506305464999,-9.569561674350946e-05,-0.0032702460837833,-0.0020552269797011,-0.003234280730564,-0.0001293096752014,-7.265001486244285e-05,-0.0002484737293731,-0.0005936886288815,8.001583517139725e-05,3.5562907701503834e-05,-8.163112360799555e-06,-0.0001617016277822,-0.00340847327633,-0.0056725434131374,0.0001581718386579,5.307429618048223e-05,0.0001050590319521,6.533530416481501e-05,0.0003229714723193,0.0004406118067201,0.0005243225734981,0.0004134227824675,0.0001991327770603,0.0001257973053529,0.000358918750706,-3.711198082191318e-05,-0.0001342803535218,-0.0001174988853104,-0.0001165681450354,-0.0009753562333469,0.0014261449943581,0.0005863525999938,0.123269206,-8193.181776,158658.4863,112711.4005,8352.517555,0.000112,0.133333,5.578473118,18.75,5440.0,0
-6.892928156244482e-05,0.0003893364364705,1.5589940489061456e-05,0.0004541371594698,-0.0019601768460482,8.834001601638568e-05,-0.0011517045443549,-0.0015802347375198,-4.001026105731706e-05,0.0031372305272236,0.001308627842117,0.0033422835506101,7.851633169229468e-05,9.825238283117294e-05,0.0002783335886781,0.000889704389929,9.725555018377276e-05,-2.1784889309379315e-05,-8.984640491330826e-06,0.0001902236231193,0.0030830414440845,0.006144580813702,-0.0001611823289731,-8.320264951621202e-05,-0.0001739173711636,-0.0001088729266829,-0.0006455344842968,-0.0008940215185324,-0.0009479164336319,-0.0007320986179425,-0.000224835671102,-1.23732755284192e-05,-0.0006198466662052,-8.583552218636683e-05,0.0001761727583795,0.0001818903652762,-0.000300947140566,0.0004602451001883,-0.0022951398957115,-0.0010852214354193,0.124080794,-8267.431598,158633.6935,112888.1751,8264.84063,5.85e-05,0.066667,3.225604348,15.0,10200.0,0
-8.804938681807143e-05,-0.0001322395631399,-6.665276267522247e-06,-0.0001205723405617,0.0001149411402983,0.0003401396668672,0.0038900219210461,0.0041264496105296,-0.0007324416608318,-0.0003287584882828,0.0002568340752571,-0.000560128825638,2.670674711774231e-05,-2.1915162777577736e-05,2.240981809625349e-05,-0.0003176177098426,-4.911334428620469e-05,-4.08181599077853e-05,7.007705747082824e-06,-2.62061508623112e-05,2.267338440427861e-05,-0.0003991178527366,-3.300910574044906e-05,-5.450899873193808e-05,5.430910532725545e-05,4.783085400508361e-05,0.0002755464324275,0.0003510379543844,0.0002950607069534,0.0001427715790239,2.6657126371412484e-06,-3.827478270988016e-05,0.0001040072037702,-0.0003407710805481,-6.059719771456945e-05,-3.2530614431826844e-05,0.0001611973399054,-2.301281286745312e-05,0.0005716424792419,0.0002809851027304,0.124924769,-8343.584784,159012.4441,112968.5005,8317.865055,2.88e-05,0.1066668,7.610803306,14.71428571,5662.857143,1
0.000540512753667,0.000381380463665,3.4178309374746935e-05,0.0001070718255468,0.0011418258285384,-0.0001582819636812,-0.0017898199513717,-0.002998261229278,0.003508973568867,0.0010095271165475,-0.0005131617053671,-0.0002435556374272,-0.0001043882601802,-1.4075197273844434e-05,-0.000126831726568,0.0004921894414277,-6.84224441561726e-05,0.0002348445850293,-1.3427567900095211e-06,3.08088782923793e-06,0.000377623206595,0.0008820924883432,0.0001101244233892,0.000176310928807,8.096435727048538e-06,-6.290543908120038e-05,-0.00011522479216,-2.2000663563059005e-05,5.52343668114853e-05,0.0004749421665371,-2.4037698717244527e-06,-1.3513460278360555e-05,0.0002705086637085,0.0013049308695357,5.0134642945009954e-05,4.818755248830115e-05,0.0002137994663501,0.0012307316772493,5.438200285057125e-06,7.134806672290233e-05,0.125601741,-8403.980657,159074.882,112948.754,8387.664748,0.0,0.0,3.471478571,15.33333333,4866.666667,1
-0.0006645746919538,-0.0008452128891979,-1.986897534953881e-05,-7.673677491553782e-05,-0.0015287626675903,-0.0003419351890384,-0.0045972457643331,-0.0036340470333239,-0.0018856382108319,-0.0005841261181544,-0.0013505307014235,-0.0010848700069048,0.0002238966955693,6.969498721193488e-05,0.0003067625868368,-0.0007498345119955,0.0004740673342661,-0.0001483241000651,-1.2591770425314064e-05,-8.717981920424571e-05,-0.0034192044809297,-0.0063826541550499,0.0003991106850634,0.0001832182300409,0.0001702551029323,0.0001553746043195,-0.000542171723835,-0.0005697289463378,-0.000417135776385,-0.0006494895728628,0.0003740502746888,0.0001341002055776,-0.0004202448181269,-0.0006290395236179,-9.937056190603877e-06,-0.0001424012367316,-0.0006491023123947,-0.0026996961482033,8.374271840382392e-05,-2.5569466493897597e-05,0.12594326,-8434.195342,159170.8185,112924.3952,8422.663306,2.1e-05,0.066667,2.983913333,16.25,4110.0,1
-8.960209965887551e-05,0.0001512584223968,-4.065056875393159e-05,1.2056449435223422e-05,-0.000993992391336,0.000607058094845,0.0088212332117729,0.0093952442803117,-0.0038948381266192,0.0003816855017108,0.0037571001952486,0.0045611271164324,-8.111670927132188e-05,-3.9135250788425465e-05,-0.0002921958569952,6.434283285781386e-05,-0.0003216501747353,-0.0001258429618639,1.4833968574357886e-05,0.0001258555192224,0.0046292234075559,0.0089770918345158,-0.0003572993231498,-3.300317734698066e-05,-0.0002092903995028,-3.109669440190422e-05,0.0004919454796314,-0.0002077738514906,0.0003605149537434,4.695088197963543e-05,-0.000349492373191,-4.396270067678337e-05,-0.0003116201654163,-0.001665056420093,-0.0001080052308033,7.909434178497483e-06,0.0006134537757578,0.0017611430161828,-0.0014319452215482,-0.0005691401882238,0.126868008,-8515.168271,159555.3065,113046.2145,8306.077419,0.0,0.0,0.515994737,17.75,5240.0,0
0.0003052667816775,0.0003382702177633,4.578390960933673e-05,-1.364288855541274e-05,0.0013332548380053,8.736974166305128e-06,-0.006429736173824,-0.0058498030645824,0.0021009380770883,-0.0008662741426426,-0.0016737063372421,-0.0016480175007669,-8.874941879052786e-05,-1.837093161194188e-05,5.919655477417611e-06,0.0001086100562593,-0.0001409799806587,-9.206238632433704e-05,-3.570420239242579e-06,-4.838532981526293e-05,-0.0021924360972333,-0.0038827177525828,-3.4528450990587335e-05,-0.0002897814955225,-6.0077087348962096e-05,-0.0001357205203861,8.417797878438686e-05,0.0005243811499664,-5.272141753815062e-05,3.299609480098364e-05,5.372456236855802e-05,-0.0001100027040956,0.000379897019662,0.0002781857274289,0.0001243872825167,5.829709046078072e-05,-0.0004148917670424,-0.0008887235008202,0.0015062481928614,0.000567568231053,0.127090862,-8534.500721,159396.7672,113037.9941,8280.151277,2e-06,0.066667,0.361410569,16.83333333,4966.666667,0
-0.0004438719105768,-0.0006353999937871,-8.013325079771971e-05,2.3908930706777196e-05,-0.0036198655930143,-0.0010602127111977,0.0029737804045058,0.0034056828842812,-0.0056060443010513,0.0001760953026425,0.0013679365542327,-8.803644861632007e-05,0.0001483431328517,5.562711795294718e-05,0.0001021197489325,-0.0002943198257147,0.0002323580484653,0.0001321289611341,1.753303479056795e-05,8.450975055507047e-05,0.0002723898539047,-0.001054333983863,-4.536908648631645e-05,0.0001349881301948,0.0001530090489907,0.0002358066641212,-0.0006846644131567,-0.0011447086484237,-7.585957228982086e-05,3.244902787773861e-05,-7.806414016318544e-05,0.0002315015067299,-0.001337784713192,-0.0002689210988679,-0.0002817481431052,-0.0001434340774168,0.0003186810551162,-0.0001128933549851,-0.0029069157659188,-0.0011828638807253,0.127319582,-8554.279893,159446.6987,113079.263,8279.564299,0.0,0.0,1.345384127,15.66666667,12080.0,0
-0.0003424834881172,0.0002194173471408,0.0001114207412273,0.0003356474938517,0.0051549128777866,0.0036118055427857,0.0109143568698502,0.0044498831071596,0.0048965284587944,0.003931263846378,0.0006271836985745,0.0018857140281158,0.0004110327318885,-2.117600993853228e-05,-0.0003456666878808,0.0006325235201858,-0.0001753755161223,9.024807683325748e-05,-1.8926634679536657e-05,-7.639986362130908e-05,0.0021663728833615,0.003665908980039,0.0003138391459451,0.0002981637981294,0.0004231548509678,0.0002469740278665,-0.0003929740265161,-5.478090996557979e-05,-0.0001943805027959,0.0002386397167773,-8.594318664642863e-05,-7.959901399420285e-05,0.0010653710941426,0.0032738100009872,6.589837558212e-05,-9.427226343911768e-05,0.0010812201636442,0.0024837053111398,-0.0011446047209783,-0.0004413620771891,0.127434175,-8564.159622,159432.1059,113198.3114,8348.063559,2.35e-05,0.1,2.970536842,14.66666667,5893.333333,1
0.0001852142506704,1.1574071575341218e-06,-0.0001146093151159,-0.0003883853999661,-0.0027556322368084,-0.0045440826403774,-0.0059138032174438,-0.0011543885523899,0.0032094305159187,-0.0046063923477007,-5.262848006009087e-05,0.0016762477197662,-0.0004911520223533,0.0001304721744535,-9.463342063913492e-05,-0.000227396226648,0.000383942855299,-3.148562673055117e-05,-1.5716890701276407e-05,-2.1344436329011592e-05,0.0012891843616479,0.0046626086068289,-4.998170344414846e-05,0.0001607468286912,-0.0005468732850788,-0.0003740699713468,0.001211348145204,0.0019202907329166,4.20608560944181e-05,-0.0002858762555819,0.000166198928182,0.0001387172926336,0.0002298175270214,-0.0037975439273231,0.0002749486959255,0.0003082824200931,-0.0010735492304657,-0.0009387054346303,0.0034265751149431,0.001228499494232,0.1275395,-8573.226423,159554.9213,113228.6622,8314.113244,0.0,0.0,2.2189,15.8,4440.0,0
7.542481093126836e-05,-9.31984756078982e-06,6.110580062488328e-05,7.180792470793515e-05,0.0003680364741576,0.0023370603770671,-0.004403129275929,-0.0035027668495703,-0.0053810834180134,0.0018678526550692,-0.0009594764336156,-0.0025159415835838,-7.096281534030241e-05,-0.0001365796009181,0.0002729494658954,0.0001102788922391,-0.0003820414170421,-4.135487383911324e-05,1.776507706790632e-05,2.244004999497844e-05,-0.0018688705050705,-0.004623288361784,-0.000261706373928,-0.0005163386122879,6.358417699328038e-05,3.20746512980965e-05,0.0001054191072974,-0.000798494652994,0.000223348324772,-0.0002247048682397,-0.0001402019153854,-0.0002112398312138,-9.091626419880057e-06,0.0012709228909807,-0.0001369157799672,-0.000109087361596,0.0001783709102335,-0.0004548462776024,-0.0007415334460525,-0.0001721315216033,0.127636729,-8581.581151,159696.9284,113309.7821,8350.88209,4.05e-05,0.1,1.05087037,16.33333333,8946.666667,0
0.0004001277062656,0.000416951403695,3.375367902199031e-05,0.00010432126493,0.0012549463044961,-0.0010700133987034,-0.0028556360624735,-0.0049505252679989,0.0059002579708481,-0.0010764127834806,-0.0009804618070635,-0.0017583814965421,0.000250487700985,6.266346323326558e-05,3.976420679249023e-05,-7.185452211298076e-05,0.0003608988567806,0.0001587967949143,1.0235473945913847e-05,2.715936840288361e-05,-0.0034665355586309,-0.0061806535834895,0.0001871171812654,0.0004650110051957,0.0002345057417245,0.0001324854023504,-0.0009402509071566,0.0005212931758424,-0.0001927935591442,0.0008309451622439,0.0001857870688662,0.0001632778036797,-0.0002200481007089,0.0021886222505792,-4.834801067074493e-05,5.616257339188333e-05,0.0001202828800519,0.0007600155604757,9.336595125924151e-05,3.301849957794369e-05,0.127725411,-8589.192784,159577.9295,113223.1779,8362.635906,0.0,0.0,3.1844625,15.66666667,6053.333333,1
-0.0006158130065315,-0.0006827158885502,-9.95201649145783e-05,-0.0001793433184336,-0.0019428022681091,-0.0010883564212445,0.0154944532994164,0.0143340638959681,-0.0028218596539771,-0.0002655447688548,0.002761257378294,0.0044765733594394,-0.0001457035055947,-2.8775125387194515e-05,-0.0002416244420704,-0.0001827764706186,-0.0001611153828599,-3.3595922083984016e-05,-3.381717627347477e-05,-9.288494126400383e-05,0.0088397950984853,0.0147680690608831,8.937264476015531e-05,-0.0002955760441034,-0.0004504132806234,-0.0002662340288751,0.0004062282767833,-0.0008599074632671,6.7470690970861096e-06,-0.0006409534469985,-0.0005102390226529,-3.6519997003118776e-05,-4.026000378852957e-05,-0.0027245832262722,2.620041250390407e-05,-3.004069663434809e-05,-0.0003373306842202,-0.0011511627097947,-0.0003414436965562,-6.118978283589417e-05,0.127889213,-8603.219422,159503.4698,113122.1391,8344.108871,0.0,0.0,1.456959016,13.5,6590.0,0
-8.835126755296322e-06,0.000306596972857,3.011723055159265e-05,0.0001072034132348,0.0001430566972525,0.0017015210114626,-0.0046330896249039,-0.0030269758062565,-0.0027562638402859,0.0002258599983674,0.0003624213141244,3.4399281653049787e-06,-6.705905146834632e-05,5.112353027296952e-05,3.415921209815836e-05,8.4257110241537e-05,-8.417794856915957e-05,-0.0003422847033742,2.5652458911233475e-05,0.0001089338885204,-0.0026840544658908,-0.0035148803458874,-0.0002253124529534,-1.0999899670934328e-05,0.0001346000268105,0.000131496510704,9.07223355085918e-05,-7.888798223489016e-05,1.833855102491371e-05,-8.455604566638886e-05,0.0002853507858234,-9.002443979567947e-05,-0.0001276756490477,-0.0004620029561139,-7.319430257633368e-05,-0.0001092138686833,0.0005018547526326,0.00123148030781,-0.0005219195339472,-0.0003454154974098,0.128200078,-8629.739589,159490.3372,113150.6628,8293.426174,7.8e-05,0.1666665,0.706494444,13.25,4930.0,1
0.0003823083079531,-0.0001145124119677,-1.6679111966635715e-05,-6.079140790160829e-05,-0.0004275733868765,-0.0010408196547116,-0.0051275113856229,-0.0048997674049736,0.0024587066398142,0.0013314358011264,-0.002704590213631,-0.0029699556634089,0.0004728041572389,4.972410505318312e-06,0.0003113721180541,-1.7331824348237347e-05,0.0003607095335092,0.0003996765402792,-2.4321727415167367e-05,-6.412970771858519e-05,-0.0024213406484474,-0.0048059241149296,0.0002754216499728,0.0002304862686179,0.0004638466646327,0.0002510907403981,9.112643300299176e-05,0.0003171679785604,-9.96440088982969e-06,-2.7798800806736418e-05,0.0003207596140165,0.0002075680223492,0.0004909669375274,0.0018323906419071,0.0001980652156043,0.0001224439751714,-0.0003886173351981,-0.0006304101483016,0.0009116275069301,0.0005413571779982,0.128677342,-8670.210931,159497.5421,113298.5575,8318.60728,7e-06,0.133333,4.383309524,14.0,6840.0,1
5.179013660200017e-06,-9.650016325297254e-05,5.5509006633917137e-05,0.0001047316277792,0.0006015508908033,-0.0002230486501093,0.0011120985847876,0.0002046813420579,0.003803552875995,0.0011555254177975,4.498284091980673e-05,-0.0010328353955731,-0.0004097103338278,-6.450912408655725e-05,-0.0001239026705968,0.0001105202786582,-7.355178814466428e-05,0.0002501103633441,9.132805638393417e-06,6.331146597540659e-06,0.0006166837280973,0.0018594119697686,9.246100980237143e-05,0.000437549922652,-0.0004458859477431,-0.0002615701353475,0.0001937072428017,0.0001593565924567,0.0002643833849581,0.000414807453271,0.0001072751548284,1.3060709728849023e-06,0.0003722785157962,0.0006826702870081,-8.302803876860751e-05,2.328797641285788e-05,7.551576922260672e-05,0.0001910248379574,0.0004888472522468,0.0004255976841249,0.129206399,-8714.719357,159676.7846,113300.3555,8376.763573,0.0,0.0,2.391597101,11.5,15760.0,1
-0.0003361318894163,-4.208501670750569e-05,-7.720771963241463e-05,-0.0002453002314213,0.0008025296263258,0.0005702496463906,0.0039770677835098,0.0040586070516827,-0.0044017902065227,-0.0036987922820701,0.0029601523167698,0.0038215808364215,-1.1066800670529623e-05,-2.796016594825853e-05,-0.0004045991500019,-0.0001841937660071,-0.0003079472533462,-0.0004163503685115,-4.009219742968958e-06,-6.433450001978587e-05,0.0014821301959502,0.0015740323653297,-0.0002121847913321,-0.0006985364041827,1.792117716667314e-05,3.9708433047778775e-05,-0.0004746757941539,-0.0003484240966442,-0.0003889074651889,-0.0004675089371236,-0.0006080353861036,-0.0001233394073084,-0.0009512770462102,-0.0022471791937621,-1.0493467283585487e-05,-2.335528856479789e-05,-0.0001113323764986,-0.0007940521326858,-0.000958060106115,-0.0008267601018542,0.12986511,-8769.628989,160047.4961,113394.9984,8391.817054,8.5e-05,0.1,3.04515,10.66666667,7920.0,0
0.0001061204600465,0.0001745916000908,2.2826291198040054e-05,0.0001518511338448,-0.0001216695830214,0.0012709148012541,-0.0068172024972411,-0.0049541423671247,-0.0003554769331585,0.0024382761187436,-0.0025886327334011,-0.0025367225249713,0.0001399256078054,0.0001199847962218,0.0004571610406912,0.0002496393513224,0.0002565261920476,7.652935096821613e-05,-8.479977501409699e-07,2.610394311865445e-05,-0.0017845699092724,-0.002491324605626,7.25682419425943e-05,0.0002339916451755,0.0003118928896213,8.474428277247201e-05,4.414970479702281e-05,-0.0001431347218469,0.0001780329115783,0.0001651616692105,0.0002018832350899,-1.3452845213036638e-06,-0.0001234777572831,-0.0003801695404622,-4.869447780409334e-05,-0.000110690668998,0.000436824359202,0.0015128141150437,-0.0007172949697982,-0.0003960985929012,0.130642807,-8833.754995,160275.0842,113549.0403,8322.130037,0.000102,0.133333,2.648927273,10.5,6310.0,0
0.0004505467307864,0.0002119678500727,7.415615305885495e-05,0.0002644202052042,-0.0033143793830906,-0.003919379145076,0.0124194839582828,0.0092164129404742,0.0050384303825298,0.003933153265131,0.0013504017968926,0.0032123389052108,8.614598445946272e-06,-6.127500853646118e-05,0.000151250967021,-0.0005684708898716,3.0917825585882124e-05,0.0002786973936816,1.638581445769489e-05,0.0002180705417415,0.0025258189225052,0.0053735153790909,0.0004117056130234,0.0005744270230147,-0.0003544810286248,-0.0001742820965835,0.0011393499883824,0.0007954420440158,0.0007063414138639,0.0006329386164376,0.00061838268243,2.9211042510835295e-05,0.0017850540798353,0.0035781929321211,8.138948855029966e-05,6.418816893407422e-05,-0.0007413527848623,-0.0012293293557634,0.0026122232498454,0.0019345037145274,0.131293635,-8886.855236,160210.8484,113465.5067,8383.737044,6e-06,0.066667,2.350095238,15.42857143,3234.285714,1
-0.0003676837681813,-0.0003459819172311,-4.093917069262593e-05,-0.0002351815266372,0.0024767821082917,0.0023834121954173,-0.0128031885037536,-0.0105961182410406,-0.003242243469698,-0.0042703444215826,-0.0028008339240985,-0.0051277816777025,-2.922713473004417e-05,-5.164372632503213e-07,-0.0001866682894161,0.0005707920469304,-1.649220367340451e-05,-8.905587811177682e-05,-5.721829658485542e-06,-0.000182947669458,-0.0041577885071128,-0.0080889884716223,-0.0004726090118556,-0.0005142419912038,0.0001923686593102,0.0001106754971481,-0.0008328691447959,-0.0004658639713913,-0.000639495508908,-0.0006129123283779,-0.0002736858276299,0.0003140075395922,-0.0010247777139116,-0.0016618510861509,-3.891805328105438e-05,5.867433047307988e-05,0.0005463259122622,0.0004820940733797,-0.0013558511237376,-0.0010827191238092,0.131949,-8939.77571,160149.0595,113376.275,8362.143608,2.8e-05,0.066667,2.661594203,18.0,4350.0,0
-0.0001096628665235,-6.84991917324092e-05,-1.925829814978e-05,-5.201711797966738e-05,0.0018447323334389,0.0010151005076133,0.0052816358918323,0.0048381549185917,-0.0008116471892342,-0.0011058824504035,0.0034042018845461,0.0039866607622267,-0.0001511437582332,-1.915497270546896e-06,-3.724230938169356e-05,-8.349414786687753e-05,-0.0002991202553187,-0.0003424750038322,-6.198605509904818e-06,-3.395215248475119e-05,0.0044613242392046,0.0067192798715198,-0.0002293932353266,-0.0002800062511866,-0.0003149641246643,-0.0001067389065935,-0.0001918056543063,-5.584145262922335e-05,-0.0001135800127307,1.0949707797886844e-05,-0.0005144673504257,-0.0005950542539089,-0.0002154650558156,-0.0006996842681525,7.633965973920016e-05,-5.8456675022827006e-05,-0.0002501412483953,-0.0008337213584724,-0.0001929180452075,-8.255045877096984e-05,0.132602705,-8992.047473,160008.7356,113306.772,8329.51341,0.0,0.0,2.390766667,16.0,7080.0,0
1.6776888218375952e-05,-1.958333703734424e-05,5.879040466302229e-06,3.72784802509944e-05,-3.704974685699399e-05,0.0001553459107652,-0.0001315303147855,-0.0001346177621148,0.0032760051978109,0.0029113180623748,-0.0009376231490498,-0.0011157196934061,0.0001130022238406,-5.4735428870938766e-05,0.0002015462137335,-0.0002223779048198,0.0003508900760698,0.0004200255901583,-4.3867883681116045e-06,3.269188160806882e-05,-0.0020462964820876,-0.0021953115997366,0.0006177850419221,0.0005042408255443,0.0002189164553871,3.5999789187696765e-05,0.0002159477199,-1.2445878277290984e-05,0.0001142462274989,-8.478152332874092e-06,0.0003009760807795,0.0002688322287839,0.0001540386260197,0.0001851198198274,-7.900930947511886e-05,4.5823086145378325e-05,-0.0001191543801983,0.0001313952595373,0.0003059405504953,0.0001771692493476,0.133238918,-9042.423288,160106.4615,113306.7125,8368.230769,0.0,0.0,1.12548209,14.0,6220.0,1
0.000231365344429,0.0001528055832031,-2.942706143576976e-06,-1.065503627539408e-05,-0.0036257146180028,-0.0018199708313624,0.0010926013919245,0.0007434230863999,-0.0024400782805829,-0.0005841189334492,0.0003203462876153,-0.0004790951186071,0.0001030991331419,8.272432580460536e-05,-0.0006055439965196,-0.0002103952525515,2.403418530508008e-05,-0.0001893627202977,6.049616058310695e-06,-2.382445288749528e-06,0.0004838774857083,-0.0002584259133723,-4.437495251158509e-05,0.0001423328757307,0.0001628233054247,0.0001304178874072,-0.0001568687717881,0.0001246864336141,-4.644580556570361e-05,2.1657258733493638e-05,0.000271252961107,5.884544325099761e-05,-0.0003254846760859,-0.0002814901180903,2.639148088597067e-05,-8.745747575636418e-05,-7.384355568118808e-06,-7.235621765435303e-05,-0.0001869587609058,-0.0002185008552235,0.133881767,-9092.838629,160428.5168,113461.3272,8286.145973,0.0,0.0,0.503294444,12.5,10160.0,0
-0.0001735835934622,0.000220412097825,3.846760773897653e-05,0.0001263472776989,0.0016581944486986,0.000439643795084,-0.0048521247048124,-0.0037307240090615,0.0010900966640937,-1.0388505848348648e-05,-0.0019288409441264,-0.0007492482870624,-9.207830598641208e-05,-1.1298640715205423e-05,0.0004026554271302,0.0005847892954237,2.5985012875725208e-05,0.0002954696384273,2.6016931684752323e-06,6.841958170612191e-05,-0.0016115520909916,-0.0017792003198424,-0.0002880814707412,-4.26151980818486e-05,-0.0001265412141592,-5.255574925835057e-05,0.0001639502992407,-9.405094219525318e-05,8.56813013455084e-05,0.0002138859503192,-2.9566460188771236e-05,8.342489457780083e-05,0.0006733562324129,0.00135967469929,1.3111781669730203e-05,8.72103245792934e-05,0.0003470173831185,0.0012716577848042,0.0001954823024018,0.0003900611051856,0.137095958,-9337.830156,160674.1223,113496.4449,8301.920699,0.0,0.0,1.149168889,10.5,13280.0,0
-8.729117856997914e-05,-0.0012629795274028,-8.082487270293791e-05,-0.0002462348793335,0.0002636845535514,-0.0004499020877725,0.0065624122767349,0.0046333409550203,-0.0020075322462662,-0.002425370729923,0.002316702629095,0.0019613251533193,-1.2727301387297494e-05,-6.291075977206196e-06,-0.0002203647498224,-0.0010806126793081,-0.0002650698413686,-0.0003642351909295,-1.356981082256638e-05,-0.0001230736307139,0.0034387630421195,0.005273857857064,7.887091369861106e-05,-0.000112207696531,-5.79180837653992e-05,5.638079424644401e-05,0.0001605729856774,-0.0001205945113203,0.0001453684392771,-0.0003161126634763,-0.0001281576043382,-0.0001146723017692,-0.000570492625261,-0.0024758342022939,4.183660224488654e-05,-3.786346345040074e-05,-0.0003848754205705,-0.0014323611085808,-0.000255099880267,-0.0004102350146577,0.137673883,-9380.673579,160414.3069,113677.4319,8286.941667,0.0,0.0,0.409158621,11.5,20160.0,1
0.000824762356281,0.0022414391925976,5.449502797755277e-05,0.0002085400017305,-0.0030217862173422,-0.0005695306618236,-0.0037161477778945,-0.0031651375628481,0.0113493961540949,0.0107869155408861,-0.0025061796655165,-0.0031749750255567,0.0003158709878954,-4.606595700317927e-05,0.0007188489289877,0.0015516354288529,0.0005936396408025,3.902697136997612e-06,3.144720710786676e-05,0.0001559868136381,-0.0039507007093198,-0.0067141597047888,0.0003909150395959,-0.0001662934483585,0.0003147258855887,-0.0001836566827646,-0.000359602726069,0.000405796309172,-0.0003179127708565,0.0001651496651781,0.000485476747978,-0.0002716916592411,2.0963328020675867e-05,0.0021858667045865,-8.402117539821341e-05,0.0001148226038239,7.16242332167432e-06,-0.0001994782962705,0.000614977365734,0.0004752583579987,0.138058455,-9408.988832,160566.525,113633.3736,8381.214171,7.2e-05,0.1,1.930248684,11.0,14680.0,1
-0.0012836429117371,-0.0012403719828786,0.0001320125633943,0.0001944749426264,0.0047898456047193,0.0008880958257693,0.0043069871119296,0.0010755278028735,-0.0243940193386109,-0.0235440288717597,0.0038440341947923,0.0057871685394416,-0.0003037927637517,0.0001959742669741,-0.0015588458535351,-0.0011606058210314,-0.0002452492557759,0.0004068255192237,-3.474800451738018e-05,-8.758978261814602e-05,0.0016413709347017,0.0036377158325708,-0.0004143293746369,0.0002307596892668,-0.0003183083421992,0.0002806883771911,-0.0003369701359729,0.001157374960087,0.0001490679364154,0.0013768835971467,-0.0008168282597075,0.0010801325593868,0.0005991041335768,0.0038889395253833,5.748196600515209e-05,-3.9294454204369245e-05,0.0006981796449014,0.0034624889607055,-0.0002948919425053,4.588708377669063e-05,0.138219928,-9420.828777,160911.5271,113694.9229,8371.844133,0.0,0.0,1.868791304,10.5,9880.0,1
0.0003023382410706,-0.0014728098032431,-0.0002790411579688,-0.0004184009809574,-0.0060219360038505,-2.419502916247825e-07,-0.0117134964393294,-0.0018279268737441,0.0131501398437288,0.0200208445228683,-0.00449797457877,-0.0055400930261496,-0.0005863736905556,-0.0004447295605391,0.0010049912437152,-0.0007787271405416,-0.000350538923031,-0.0002663045249626,-2.916655194147928e-05,-5.709905608308427e-05,-0.0009423936100844,-0.0019958550533428,-0.0004991398634347,7.8660503075202e-05,-0.0002514366994747,-0.000319224092123,0.0008682246273716,-0.0038411028635481,7.377300608255496e-05,-0.002393477185014,0.0004838136218615,-0.0013303086963605,-0.0006337801786723,-0.0087242958710673,-0.0002304724943233,-0.0003664565504574,-0.0005676356117304,-0.0026026915227026,-0.0015561111311926,-0.001107554101399,0.138283026,-9425.447237,161095.7556,113703.7197,8342.482063,0.0,0.0,0.904292593,10.0,31480.0,1
0.0002322097022398,0.0010327597785597,2.4597170133609243e-05,-9.930049182433346e-05,0.0027589115526293,-0.0001511895210384,0.0077680407223522,0.0026313719442552,0.0077629269154491,5.2755415618191785e-05,0.0005885068983159,-0.0008081899070444,0.0007207467159913,0.0002238242085539,1.3440612822948196e-05,0.0008392422013697,-0.0001342777784525,-0.0001276768615882,3.159100983493846e-05,-2.410001673581316e-05,0.0014542123722047,0.0018328432166354,0.0005266746763676,-7.073298074904995e-05,0.000478736839089,3.4051353834112526e-05,2.0949131338023547e-06,0.0016165381852509,-3.5774733369951904e-05,0.0002366236020239,-0.0001392638124121,1.6811532291537884e-07,0.000150650758621,0.0019114235363464,0.0002212386941343,0.0002898488415545,-0.0005540680399996,-0.0021808478683134,0.0012985334916559,0.0005843995298931,0.138324139,-9428.454463,160618.8392,113421.3531,8317.325175,1e-05,0.066667,1.491956522,10.0,9820.0,1
0.0003565183554167,0.0003276251826549,0.0001053131966403,0.0002842894439027,0.0006510507195876,0.0006542554291439,-0.0067813779614349,-0.0051897558858875,-0.0045345645180285,-0.0011585552458137,-0.0006727852569435,2.9985968257642177e-05,-0.0002537488221036,-7.44653277986452e-05,0.0002625874967651,5.2153217092747615e-05,0.0002707516242641,-0.0001151797462559,1.7977809971533787e-05,0.0001345005432511,-0.0020917155287904,-0.0040097916880055,0.0001019449771631,-0.0003130253333624,-0.000232427384292,-8.723396674692222e-05,-0.0001210620884176,0.0004643624835592,-3.590787720595023e-05,0.0003800983184955,8.625926551722724e-05,0.0002074835221116,0.0003407200685251,0.0019315180950029,-4.427562341186718e-05,-3.440105430501866e-05,0.0004004259217023,0.0012418704779715,0.0005097992672191,0.0004425575432586,0.138355978,-9430.781921,160517.3284,113365.6582,8292.764179,0.0,0.0,1.001396296,10.25,7210.0,0
-0.0003150762004163,-0.000340952040182,-7.679847819722747e-05,-0.000163353640601,-0.0023300120218228,-0.0012663307900457,0.000740453161165,0.0009921777681811,0.0006824661083127,-0.0005919814929714,0.0005995483790958,-9.22019362802562e-05,0.0001029669793723,8.03547363944559e-05,-0.0004123696456362,-0.0001532339665649,4.426831494107079e-05,0.0002561493096744,-1.837975239386633e-05,-0.0001224940530873,-0.0004023921247295,3.302612627365428e-05,-0.0003572965495352,4.15619145628852e-05,0.0003422271031751,0.0002300242731471,-0.0003767730884829,-0.0006342925395469,-0.0001060911436693,-0.0001350286440064,0.0001113293217175,0.0002229328555712,-0.0008051717783556,-0.0020873891625998,-3.051907559917216e-05,-2.688366019252116e-05,0.0002493997440347,0.0006704219050511,-0.0014673949236617,-0.0009895548039425,0.138310476,-9427.451065,160753.7253,113520.6575,8340.382784,0.0,0.0,0.420586364,19.0,3624.0,0
-0.000127222675226,-0.0002697704665853,-2.260119379122947e-05,-0.0001070912947941,0.0007701965349548,-0.0005129981517831,0.0062002484585289,0.0050982130114841,0.002543940143176,0.001369070592543,-0.00102701322734,-0.0008559424869998,5.873543029061012e-05,4.690433414754592e-06,0.0006922413317058,9.258445336673416e-05,0.0001563239974259,0.0002626208950624,-1.6353681260137706e-05,-5.944520235816216e-05,0.0007084928224975,0.001856521516592,0.0001206673430056,0.0004264362462665,-1.1158230868575583e-05,0.0001648521926955,0.0003373060379056,-9.44086322562934e-06,0.0001961407237259,0.0001579238435801,-0.0001608336119978,-5.4506546891045867e-05,-0.0002027285519226,-0.0015350065877653,-3.046082917733969e-05,-9.64030975250098e-05,-9.836848797826472e-05,0.0001582230600426,-0.000310668964331,-0.0001372829949547,0.138317004,-9427.927666,160485.2282,113464.0224,8232.662192,1.2e-05,0.133333,0.675485185,19.75,5350.0,1
0.0004464388800733,0.0005088652934547,5.201982689937322e-05,0.0001203352507118,0.0022937685769573,0.0031068874482531,0.0049529289395473,0.0039471120649731,-0.0005046978571536,0.0007725387672141,0.0033037289398869,0.0043387346295759,-0.0001139055953954,-1.857337436258957e-05,-0.0003998787044546,0.0004404944423553,-0.0008031314851554,-0.0001179177622705,9.432032441583454e-06,0.0001021325522274,0.0043671493730484,0.0067263431821074,0.0001179719091036,0.0002477387776279,-0.0006160771688571,-0.0005354916263466,0.0002806830237827,0.0001633598769562,1.974529537342938e-05,-0.0001876113041038,-0.0004200226336971,-0.0005483476128955,0.0012538816913062,0.0033353117306533,2.1624013790342584e-05,5.2226832856345065e-05,-0.0004470214992317,-0.0012311526667538,0.0017052569416835,0.0011027420379038,0.138473056,-9439.330183,160298.698,113353.0828,8340.791946,5.9e-05,0.066667,3.879338889,0.0,0.0,0
-0.0006461051893124,0.0003133612496075,2.468188155051073e-05,8.636080012060552e-05,-0.0007359866934879,4.234940095162482e-05,-0.0019142636532704,-0.0004177227564235,-0.0021836574911211,-0.0009568967748895,-0.0020485301631076,-0.0022776528399398,4.320824751257009e-05,9.191874559619532e-06,-4.329200625881908e-05,-2.716880844318663e-05,0.0003975556447842,-0.0002817585821183,2.3714271058575864e-05,6.203879210927707e-05,-0.0017488387221158,-0.0034386885584705,4.706324024893465e-05,-0.000491762267576,0.0001316434538857,0.0002489844878182,-5.215656155206081e-05,6.82017439070129e-05,6.262055042657465e-05,-0.0002056037669002,0.0002526123997288,0.0002093744225179,-0.0002907800120335,-0.0005123097450746,2.317047374689476e-05,-4.575178941102973e-06,6.541359251514127e-05,-0.0001866080107017,-0.0001153979590444,-0.0002032458050406,0.13870312,-9456.081584,160095.8044,113297.9859,8412.207661,0.0,0.0,2.650060656,19.5,15100.0,0
0.0005000067141612,-0.0007031098866931,-3.582687044086604e-05,-3.730651582990604e-05,-0.0014953779780943,-0.0017037829829252,-0.0084736100572655,-0.0082742638284853,3.635078482173052e-05,0.0005428891658299,-0.0002405321527458,-0.0014326892529565,-0.0001708825703277,-9.676401089351166e-05,1.6627267366629869e-06,-8.851197148036452e-05,3.880634185542985e-05,0.0001855234129353,-4.172623554186669e-06,-2.5483609757597163e-05,-0.0029286091285886,-0.0039864354373405,-0.0004015928147759,4.496949810722874e-05,0.0002373646789712,-7.326039085314985e-05,-0.0002620369337502,-0.0004159553892076,-0.0003087503538163,0.0001576906016704,0.0003178313373367,3.1616141673745174e-05,-0.0003744298757412,-0.0007552149314892,-0.0001362189671425,-2.2316096124676823e-05,0.0004744706728026,0.0014188811355937,-0.0009029558390195,-0.0004051467554914,0.139006517,-9478.096677,160475.5249,113429.3218,8427.130268,0.0,0.0,1.289909524,17.0,25880.0,0
-0.0004595447835446,-0.0003522709845056,-3.690514393669156e-05,-0.0001866809511564,-0.0006044219701996,-0.0014704036645302,-0.0008853376478759,-0.0007796710666897,0.0020554375497677,-0.0012011337558572,-9.199669606033156e-05,-0.0001445310871929,0.0002419694557762,6.308412957417598e-06,9.189080066430598e-05,-0.0004048840608647,0.0002926132289764,0.0001033679799591,-2.5568420846832355e-05,-0.0001280740896195,6.677622423652103e-06,-0.0008427302290722,0.0001662362892024,0.0002913246050236,-6.70957131164601e-05,0.0001462152282632,-0.0002630643607668,8.078770739558492e-05,1.0535536121406296e-05,-3.44733249753345e-05,3.763608021279178e-05,0.0002410451364884,-0.0005211142634538,-0.0013703507781829,0.000185542798922,3.081302256768702e-05,-0.000377121079376,-0.0012840445319883,-0.0002731419080078,-0.0003165199556253,0.139411172,-9507.308981,160807.9277,113574.4924,8389.45042,0.0,0.0,0.592123611,0.0,0.0,1
0.0003709722477957,0.0015777712310319,4.9458187190433245e-05,0.0001886995033259,0.0017746943515018,0.0028006374663958,0.011333312713557,0.0109189656561868,-0.0041055622622141,0.0004178380573526,0.0013448738811382,0.0031516043815509,2.115786975048402e-05,0.0001679602796649,-0.000407136444357,0.0006477729271782,-0.0004228831192918,-0.000418217563504,1.7054263267679256e-05,0.000112710755727,0.0040025435505917,0.0070032401141457,0.0003467256117265,-0.0004929694800475,6.979982848978405e-05,1.713573443436651e-05,0.0007148511620963,0.0001481612785928,0.0004248724179872,8.238833777352186e-05,-0.0003318596123056,-0.0004239762857057,0.0010109562412838,0.0017751158858314,-0.0001310038309473,-5.0103598612159385e-05,2.4464617287235854e-06,0.0002051712548449,0.0012790819740491,0.0008602641344473,0.139871264,-9540.316533,160787.0733,113601.4011,8353.391941,0.0,0.0,0.265413846,0.0,0.0,1
0.0003032433828814,-0.0006949158562659,5.539852046429199e-05,0.000160298835981,0.0001668523233066,-5.506589867409504e-05,-0.0043177542457015,-0.0047496266422946,0.0037759981312292,0.0016978606520528,-0.0009561555169349,-0.0012463101854295,-0.0003299047359139,-0.0001063272043884,0.0004481094759181,-0.0001486698994939,-0.0002508282625566,4.146835208396262e-05,1.4158964818841196e-05,6.19623385304483e-05,-0.0016259605045671,-0.0022877963229159,-0.0003758433952826,0.0003248608664551,-0.0003539597853826,-0.0002019661941358,-0.0001183764803308,0.000490125748026,-0.000245530626385,0.0001346633726438,-0.0001376053130306,0.0001469317296906,0.0004040744320801,0.0018952395364087,2.7563210152126268e-05,9.559010618395536e-05,0.000371778936517,0.0012450583746955,-0.0001896204152016,-4.438699101119277e-05,0.140350146,-9574.441367,160463.2636,113452.4427,8370.22334,1.8e-05,0.066667,1.350178689,0.0,0.0,0
-0.0001494276732396,-0.0005954984313815,-7.9951474122889e-05,-0.0002321128770897,-0.0003650129170163,-0.0010088237405769,-0.0006749794269064,-0.0013658835318818,0.0012963273361395,-0.0006125401307111,-7.468499322378851e-05,-0.0012033692520189,8.643879440389782e-05,-8.708809377442859e-05,0.0003377583711212,0.0002098763986058,0.0005080720541504,8.481306508917362e-05,-2.118637199139944e-05,-8.488978952075294e-05,-0.0006274639511308,-0.0011656899518365,0.0002029758225443,0.0003500854428263,0.0002144755842955,-5.2142879436191774e-05,-0.0004866663250362,-0.0007646964241227,-0.000207052319899,-0.0002590276545264,0.0002321906462395,-9.784996171701123e-05,-0.0010343079757008,-0.0024358541078758,2.162870288491084e-05,-1.091101511733928e-05,-0.0001802418874588,-0.0005226821549167,-0.0008510042720288,-0.0004554870760468,0.140854133,-9610.108955,160483.9707,113397.0366,8364.979853,0.0,0.0,0.91695303,0.0,0.0,1
-4.420007979330591e-05,0.0005729202221911,-6.853578750607069e-06,-4.476209728984703e-05,-0.0005523171130443,-0.0006753207523762,-0.0036193832157346,-0.0025194815915966,-0.0024259422164112,-0.001721835121386,-0.0003931376438622,-0.0010736341708261,0.0002828529954656,7.4243511027029e-05,-0.0003076756691864,-0.0004747811236291,0.0001213940850274,0.0002640169736021,1.3538752235505394e-05,2.328320992647287e-06,-0.0006231163615507,-0.0015162650178038,3.951797216869019e-05,-0.0003719299299065,0.0003595538519647,0.0002571692589924,0.0001272475652405,0.0003920802490263,0.0001230297456552,5.521827994903362e-05,0.0003555926156391,0.0001901215108418,-5.975186870572272e-06,-0.0003945600177206,9.178069716657165e-06,-1.0221849964202352e-05,-9.170973095782836e-05,-0.0004899105774036,0.0001653499439065,-0.0002060767487532,0.141404288,-9648.745562,160518.3877,113395.023,8322.433781,0.0,0.0,0.431998413,16.0,53680.0,1
-0.0006094646003274,-0.0002917862395774,1.828072960884705e-05,0.0001537340096768,0.0037347955940468,0.0034417842034422,0.0062581019206591,0.0064004810076628,-0.0005511290406623,0.0007116046606262,0.0033218977328696,0.0054799260292073,-0.0001936498995488,5.268770062570297e-05,-0.0004634421728827,-0.0003215354022321,-0.0008471876365624,-0.0003102898072163,-1.324012951933192e-05,1.7501780797010306e-05,0.0028545069076148,0.004542293015542,-0.0004416114601797,-0.0005071287882963,-0.0005101444007515,-0.0001869635791793,7.787590347426798e-05,0.0002990917869519,2.446239824581072e-05,0.0004313003872324,-0.0009675059228792,2.6298464262542e-05,0.0004610204816145,0.0010662684820475,1.8813051140070617e-05,2.419184070095338e-06,0.0001077627756901,0.0004818934349575,0.000121643201594,0.0001567657525402,0.141947477,-9686.609818,160436.8008,113344.1952,8353.750503,0.0,0.0,0.21077,16.0,6000.0,0
0.0007175509187631,-0.0002190161793615,3.102205123396647e-05,-5.144850618770126e-05,-0.0047684064857095,-0.0038268678258521,-0.0010608917392278,-0.0030167077781917,0.0004385155972267,0.0003246411233492,-0.0019689475204132,-0.0018628997770041,-0.0004360316685844,-0.0001368348513116,0.0005259618809497,0.0008333643950153,0.0002754190383187,1.3987169749980275e-05,1.0731020776073366e-06,-4.765881546786903e-05,-0.0020501870338572,-0.0020896471996317,0.0004222982898143,0.000724058501074,-0.0002645046642019,-0.0001574091788254,4.484831971285509e-05,-0.0005352841016135,-0.0001569156012645,-0.0006703237208797,0.0002476581720652,-0.0001087336256975,-0.0003390692861321,-0.0009322564817155,1.1745017416656178e-05,-4.258957272289559e-05,-0.000433530579418,-0.001456950201595,0.0004118572294408,0.0006121029435256,0.142444063,-9720.970816,160806.6801,113456.5275,8355.411017,0.0,0.0,0.1065,0.0,0.0,0
-4.8404975422233286e-05,0.0004212966333649,1.04187308948427e-06,3.8660610150403617e-05,0.0018571834633479,0.0016133310011,-0.0021137369423316,-0.0007610712996685,0.0005145039694883,0.000581917914334,-0.0010229659252467,-0.0019603305021565,0.0004396391407043,7.850657359653305e-05,-7.040783998358607e-05,-0.0002972987577626,0.0002022874900918,3.0668227498153134e-05,1.1379483352815042e-05,7.560351850550039e-05,-0.0006058715494562,-0.0009082091294405,-0.0001561495031921,-0.0001940364127693,0.0004808604617349,0.0002327983668208,0.0001318827820324,0.0001371461387961,0.0003118067792385,0.0003474263254906,0.0002975747856606,-0.000110978635051,0.0004974688395072,0.0015188336542354,-0.0001015581341688,-2.6249748648807283e-05,0.0004518312043553,0.0016106040595611,-8.445064709318929e-05,-0.000278596875425,0.145355215,-9917.677058,162043.5829,113949.4031,8192.11938,0.0,0.0,0.183346154,0.0,0.0,1
0.0006783141906267,0.0004518662775017,-1.7224065722597286e-05,-2.0967564303406145e-05,-7.659546126138273e-05,-0.0009852134370463,-0.0012998817220946,-0.0007271006976287,0.0010023240014057,-0.0002696762167838,-0.0004419865479838,-0.0016439203870652,8.849729216774528e-05,7.334216491579642e-05,0.0002589259563594,0.0003689911670197,3.752405401147083e-05,9.241573250418485e-05,-3.195063540552844e-07,-4.982307177695222e-05,0.000242062751603,-0.0014217696324654,0.000257957867991,0.0002387836055986,-2.7571650482334207e-05,0.0001621794166257,-0.0002502705568217,0.0002324807641806,-0.0002461885382118,0.0001043530681965,0.0001105096621519,0.0003618513348905,-0.0002600562176059,-0.0008156752385387,0.0002242871621713,0.0001326259730476,-9.1683011795134e-05,-0.0008862359860893,-2.89991080377732e-05,-4.172653824263016e-05,0.145842983,-9949.866438,162016.9195,114086.6056,8230.227364,0.0,0.0,0.08102,0.0,0.0,1
-0.0007720846977825,-0.0007071533845267,-1.8854833688741085e-05,-8.109347013820987e-05,0.0009087233289523,0.0009293711139448,0.0055813287016192,0.0037528282521149,-0.0001742048712127,-0.0003964765390193,0.0027575595537548,0.0049483861322106,-0.0004292181677233,-0.0001255793459758,-0.0004657780022021,-0.000379668005305,-0.0003203534541805,-0.0001280023150039,-1.2258151121294562e-05,-2.9266997659888493e-05,0.0011329500347859,0.0034295457239507,-0.0001946693585192,-0.0001257024262711,-0.0004079989544571,-0.0003243790664397,3.957274902458989e-05,-0.000150126975829,-4.130476899089451e-05,-0.0003033245906416,-0.0005110972176555,-0.0002816633285981,-0.0001864212226496,-0.0004065288183332,-0.0001565237247437,-5.76506274369175e-05,-0.0003341795032384,-0.0004750799877981,-4.3994385021201125e-05,5.055521916492901e-05,0.146317696,-9980.987234,161787.6018,113913.6439,8229.305263,0.0,0.0,0.038504348,0.0,0.0,1
0.0002616613765652,-0.0002557084982058,7.040326892575903e-07,-4.789157565255268e-06,-0.0001156877570782,0.0003928888432048,-0.005227816456993,-0.0033799246208538,-0.001790304938516,-0.0005811728106531,-0.00171504252798,-0.0034477497556094,0.0001587676536857,0.0001132211392999,0.000456926748613,-8.273606393429566e-05,0.0003146531579421,9.622301562733033e-05,-1.7924503065361362e-06,-3.185971630944468e-05,-0.0008953289044994,-0.0026320079012538,-0.0001180819318213,-0.0002114499989842,9.030021799737498e-06,-9.046867260102066e-06,-4.264197801119299e-05,5.539551361676535e-05,-0.0001816094877684,-9.064726976129974e-05,0.0001028860212626,9.99465459693471e-05,-0.0001268970280209,-0.0002020674523044,-3.897122730242327e-05,2.2058231659478924e-05,1.5163882727947037e-05,-0.0002879310121635,-6.222841824634865e-05,-8.399654610753528e-05,0.146817044,-10013.51075,161730.5402,113751.1839,8277.283525,8.8e-05,0.066667,0.836065079,0.0,0.0,1
-0.0003197618025437,0.0002832594932593,3.372094193114513e-05,9.044728118643774e-05,-0.0007585730356653,-0.0005108863696478,0.0032892048065714,0.0023396764141226,0.0006160165764881,0.001361261837015,0.0002514505919192,0.0009283487209027,9.082800565241298e-05,-6.422204294005392e-05,-0.0005933143465679,0.0001000381720892,6.733962753398711e-05,5.088218065845152e-05,8.425734252688596e-06,5.248813309562564e-05,0.0006324564711788,0.001341273987233,0.0004598194453941,0.0003904683405262,0.0003870122556676,0.0001070703752621,0.0001856332980079,-0.0002138418325404,0.0003440965602452,0.0001246381177888,0.0005755134552065,-1.6679763311442022e-05,0.0002637207017786,0.0003453638130773,0.0001821271401312,-6.245490743419678e-05,0.000239504609664,0.0006131322157035,0.000112568982938,0.0001402795660455,0.147154515,-10035.36182,161945.34,113812.5772,8254.36689,0.0,0.0,1.11862963,0.0,0.0,1
0.000324731088212,0.0005011012336074,-3.335832983796048e-06,0.0001184281762944,-0.0070799466284247,-0.0040943712763607,-0.0050413742053906,-0.0039897512605775,-0.0020662015338989,-0.0017854002189894,-0.0008488555471736,-0.0010067893545582,0.0002159873171641,0.0001206707596308,0.0002957549833421,0.0002004223172195,-2.129939681830485e-05,-0.0001445362128152,1.4953618406760684e-05,0.0001032802846509,-0.0018851878767157,-0.0027225642540147,-0.000535548996464,-0.0006707541272657,0.0002231109328495,0.000333920671279,-0.0002233780270852,0.0001723542909829,-0.0001655412912734,0.0001100302523049,-4.660075088913563e-06,0.0004402016555182,-0.0001980904011395,-1.5316834287081738e-05,-6.008244122979307e-05,-8.994498821762744e-06,0.0003562476458477,0.001413637126063,-0.0005905880995236,-0.0003797983874164,0.14752738,-10059.38922,162001.2649,113896.3263,8215.93858,0.0,0.0,0.566776562,0.0,0.0,0
-0.0005131663339551,-0.0006872234934472,-9.856627850703577e-06,-0.0001901763998538,0.0073937971656597,0.0038375232589005,-0.0062203637869963,-0.0049596828271338,0.0041088597504435,0.0021703846753046,-0.0035506102423832,-0.0051542983494341,-0.0002234875803502,-0.0001135011283662,0.0003609732893683,-0.0002547811426166,-1.701633010637347e-05,0.0002279565061653,-2.1170573155198523e-05,-0.000134985555938,-0.0011292970878048,-0.0020227345665648,0.0005251420599382,0.0008273013840709,-0.0003344426417044,-0.0002713899030207,0.0002837472543521,-0.0002711217265864,0.000178468919725,-0.0001153251363812,1.047996234532994e-05,-0.0002592861244844,0.0003826010814351,0.0002610728978204,-2.8501916274798453e-05,7.105696535743595e-05,-0.0005649028226752,-0.001951278421089,0.0008113847617303,0.0005893336930924,0.147940973,-10085.90365,161667.1492,113716.1149,8203.612903,0.0,0.0,0.27473,0.0,0.0,0
0.0002020771758407,0.0004130509596789,7.440645100440499e-06,2.2235246683515733e-05,0.0007355460825293,0.0006340317929835,0.0106478541794633,0.0085057835281773,-0.0010007024992374,-0.0002105413461007,0.0044855747332963,0.005750372586165,6.103389485054106e-05,-9.677514623390188e-05,-0.0003238780616674,-1.4687328637687684e-05,-8.910454984754443e-05,-0.0001363053810972,1.5616962451439527e-05,-3.7909676928603575e-06,0.0031145500606945,0.0044515904139988,-5.896731344106228e-05,-0.0001655177793673,4.386570599852496e-05,-8.769665803728686e-05,-9.006164739282124e-05,0.0006661971336643,8.069558584782923e-05,0.0002052144898463,-0.0002634770089982,-0.0001739913998683,-0.0002723742916951,0.0001048423791918,4.332416383179637e-05,3.5965978917872118e-06,0.0002411430307194,0.0004305004808784,0.0001460285733203,-0.0002096890711536,0.148413544,-10116.01193,161432.3132,113569.793,8224.52381,0.0,0.0,0.13255,0.0,0.0,1
0.0002143464455398,0.0001937351553784,-3.917304715263472e-05,2.119360893801843e-05,1.6368569783372837e-05,-0.0004582793000356,-0.0023358131256326,-0.0025830702629985,0.000372382022022,-0.0023915262020724,-0.002058948623513,-0.0010959236519344,-8.429479306093316e-05,0.0001381731787599,-9.805124810930671e-05,0.0003472043011814,1.854417155380672e-05,6.696607526019813e-06,-1.3661273667405986e-05,7.936985888251466e-05,-0.0019619157639584,-0.0019166926114171,-0.0002252669105114,-0.0003622107944162,4.606666662698286e-05,4.9821083371812536e-05,-0.0002536408068855,-0.0001079722247689,-0.0002568585507924,-1.8515702434251256e-05,1.639315962378087e-05,-8.143607803375125e-06,3.4642465261235515e-05,-0.0001615676900809,-7.477208836241567e-05,-3.826001301026033e-05,-0.0002038391910459,0.0005370660341117,-0.0002657870875707,-0.0002078600244156,0.148852133,-10143.78125,161213.1828,113467.6453,8241.500914,5e-06,0.066667,0.627728788,13.0,239160.0,0
-3.410702215859704e-06,-0.0002580466378517,0.0001232071257177,0.0001700357215871,-0.0007532533207805,-0.000151600814737,0.0001258408770493,0.0003143569818933,-0.001608261632632,0.0021466550952425,0.0018130285090724,0.0017850790172246,-9.447626379384368e-05,-6.8532229402103146e-06,0.0001799993763687,-7.070916613354429e-05,-5.436600514135048e-05,8.035953359050309e-05,-2.6921244105419653e-05,-6.711261136632272e-05,0.0019496401746746,0.002740046960163,0.0001126047752699,8.602998164405757e-05,-0.0001851529122479,3.7863495454321646e-05,0.0004594843706095,-0.0011825045109469,-4.1632527441025545e-05,-0.0006039074504312,-6.1413873154961e-05,0.00018471401139,0.0004107463150695,-0.0001340961312465,3.4829136254462934e-05,-4.636109649145604e-05,0.0001510089408071,-0.0005763293892959,-0.0004136388325521,0.0004617809168234,0.149247677,-10168.69542,160961.7367,113353.8747,8234.437367,0.0,0.0,1.243012281,0.0,0.0,1
-0.0001361423639065,-0.0007205389067376,-6.37775580455847e-05,-0.0001395205418594,-0.0016938607856619,0.0006095755010418,-0.0089092345821245,-0.0053992068475044,-0.0016774089964905,0.0009428221179251,-0.0023865868784342,-0.0041212942601915,-9.832917889518042e-05,-0.000167683183191,0.0006240461947099,-0.000390959267508,0.0002866155703714,2.2365064271328372e-05,1.8974582541676256e-05,-6.195939739162469e-05,-0.0013128352190417,-0.0037823212944232,-3.655845315207692e-05,0.000141906222208,5.870327264880843e-07,-3.252410579694423e-05,0.0004411466309675,0.0013424994632386,0.000333018810275,0.0002975383207459,0.0003755060914399,-7.10613403488568e-05,0.0003370069033655,0.001774144110612,0.000210390227839,0.0002005358369381,-0.0001687509636187,-0.0004269287965574,0.0014462221826807,0.0004357201626484,0.149632551,-10192.80447,160681.2254,113151.8008,8248.557344,0.0,0.0,0.630545,0.0,0.0,1
-0.0004676278694684,0.0006166037461887,-3.0965269753042555e-05,-0.0001187312887474,0.0028874339127319,0.0001822069415966,0.0104671468546011,0.0065779456048106,0.0016189144507399,-0.0029155024312978,0.0026163929319121,0.0038060860153596,-8.713135770983867e-05,-2.201047144233208e-05,-0.001203858896836,-0.0003796100535965,-0.0006517092972638,-0.0006251184827126,1.698388151940492e-05,4.823676611203291e-05,0.0012010498771309,0.0031614969535812,-0.0001115440707478,-0.0002657454543774,-0.0002386614231777,-0.0003301880675047,-0.0010320351856338,-0.000647338515062,-0.0002993141054242,0.0001450485452403,-0.0008687160735902,-0.0003514581521298,-0.0009864638183299,-0.0018698518567856,-0.0003311461067086,-0.0001965787964769,5.435238291702857e-05,-0.0004694428754633,-0.0010147464376324,-0.0007208680211782,0.1499842,-10214.72716,160685.6794,113145.5988,8214.895161,0.0,0.0,0.313705,0.0,0.0,1
0.0004237787106958,0.000358235794119,-3.698739816400859e-05,-4.837009637294391e-06,-0.0051358758286357,-0.0029853321026522,-0.003846132976345,-0.0016379700220659,-0.0005213592864724,0.0017921098654055,-0.0016633643653255,-0.003140520196406,0.0007336858162975,0.0002792058085183,0.000444472392037,0.0004093944555016,0.0009003577142059,0.0007397648812486,-9.365728807270796e-06,-3.477324333208826e-05,-0.0005428688919394,-0.001718570504834,0.0004813893010059,0.000319246467456,0.0011363609508084,0.0008067883505934,0.0002111662733838,0.0009962505720081,-6.399564160971917e-05,0.000211527843781,0.0008229550794099,0.0007207487808052,3.510785747253809e-05,0.0002861752242584,0.0001878181448792,7.505028066943623e-05,-3.034312167499835e-05,0.0005388293339945,-0.0004677340042884,-0.0008421156137004,0.150322336,-10235.71084,160555.5085,113194.0148,8198.163136,0.0,0.0,0.158507018,11.0,82000.0,1
0.0008414977874971,9.341266638927297e-05,0.0001670550536345,0.0004762869239609,0.0033376042700451,0.0015029346653577,0.0037408719535207,0.0017697175147067,0.006890100745787,0.0040204756057332,0.0002084048169999,0.00184464435301,-0.0004237620793483,-8.914544801284456e-05,0.0005030810391303,0.0013121073260671,-0.0003779629728913,0.0004594332722425,4.497310000587366e-05,0.0002779793782705,0.0002583196316306,0.002521156450468,-0.0001582403907199,0.0007943615622252,-0.0008804570391318,-0.0004355966196761,0.0004978958025554,-0.0005208911154398,0.00073695553931,0.0007457653622722,-0.0001709434972284,-0.000393421944471,0.0006267510589393,0.0012482771147902,-1.131187722810763e-05,4.1442896196472834e-05,0.0014200952273113,0.005416357261318,0.0006445830385325,0.0014408017693472,0.150640049,-10255.33863,160251.2797,112963.6377,8186.834746,2.3e-05,0.066667,2.429535088,0.0,0.0,1
-0.000859885791054,-0.0005320780346501,-0.0001417081089934,-0.0003785228518016,-4.855356072723881e-05,0.0004170014137199,-0.0047000654680997,-0.004397188828496,-0.0071111499429817,-0.0057656649489584,-0.0005536973898293,0.0005346355140099,-0.0002944918933625,-0.0001383820371283,-0.0004870082450299,-0.0009472402801831,-0.0004176479719373,-0.0010026843642436,-6.097318548222631e-05,-0.0002236835850706,-0.0016620067906175,-0.0030295891447465,-0.0007977972780884,-0.0014773828219079,-0.0001787694672619,-0.0003072585037238,-0.0004529829096395,-0.0009815599537747,-0.0009095358007417,-0.0015874953614661,-6.648746047581353e-05,-0.0001511931336356,-0.0003131483755245,-0.0019717226468682,4.080414128180699e-05,-7.903257168318079e-05,-0.0017503834945462,-0.0061058902819775,-0.0003810015419655,-0.0005067702474564,0.150939482,-10273.76229,160196.8871,112975.5161,8192.048387,0.0,0.0,1.925632787,10.0,44040.0,1
-6.625327315433028e-05,-5.763222766148992e-05,1.55823299290129e-05,-5.589424786814987e-05,0.0017342927439083,0.0027015398139495,-0.0071404110010972,-0.0047493755079878,0.0003814111365956,0.0017901350686445,-0.0003218206356759,-0.0035207340004221,0.0003084780457686,5.448614205080636e-05,0.0004510384104739,-0.0008201674399423,0.0004346467994074,0.0004160878538294,1.16893966447351e-05,-4.617080769178372e-05,-0.0033883196369045,-0.006510591052193,0.0007340738789622,0.0006810165928032,0.0003317553531341,0.0003011679887726,0.0001364478838004,0.0003110418135227,0.0004286022841744,0.0004760180345559,6.314140850073989e-05,0.0002659375011549,-2.9860001126586784e-07,0.0007532240822875,-0.0001801845801372,-1.0368930592207165e-05,0.000374641429256,0.0004544168203696,0.0001159534840632,-6.699159905129632e-05,0.15121161,-10290.44586,159874.0096,112849.2207,8182.56238,0.0,0.0,0.942095161,9.5,9020.0,1
-7.599885132169627e-05,-0.0001286272446462,4.928331361029356e-05,0.0001873070121327,-0.0052450758493994,-0.0048939545591494,0.0122408684056214,0.0106565478095968,-0.003354057249304,-0.001456429094367,0.0018203028843854,0.0039922370043049,-0.0001386848849103,3.874228577708153e-05,-0.0004917148715399,0.0005829964536691,-0.0001631376852427,-4.156340573950186e-05,4.6338316527626935e-06,9.48104596584e-05,0.0042093074325728,0.0074285220208445,0.0001140028047841,8.2555902925165e-05,-3.799121502211017e-05,4.564719649408253e-05,0.0003873884024329,0.0002588849566431,0.0002197559950598,0.0003015617106456,-6.749032457928591e-05,-0.0001259131455992,0.0001750385969653,0.0004282638688711,0.0001084221152732,-3.3051601648190763e-06,0.0001107469014247,0.0009287086161275,-3.029937675849899e-05,0.0001915327153913,0.151341954,-10298.41371,159849.4939,112788.4326,8270.392294,0.0,0.0,0.439691429,0.0,0.0,1
0.000749269002137,0.0003229296127926,-1.8233785577532624e-05,-3.0413869869833145e-05,0.0021398201396435,0.0011188226341767,-0.0017935602358306,-0.0030576049160593,0.0039224870602271,0.0018072318821123,-0.0027146099767814,-0.0025746034944853,0.0002432669738903,-2.276064514430725e-07,0.0006722755174275,0.0005073996930613,-6.546872614816912e-05,-0.0001137136158126,3.753517988835788e-06,2.981711484980279e-06,0.0002661042946877,0.0011061093670102,-0.0004089191215844,-0.0004531238763161,0.0001454404122084,-7.929570012689661e-05,-0.0002228337339689,5.688056613473328e-05,-8.703771444639407e-05,8.738358006451755e-05,-0.0001771237770123,-0.0001419943100677,-6.033360928125236e-05,-5.920898642077653e-05,8.64647784474142e-08,5.860003955236138e-05,0.0002095616353463,0.0006756330332407,0.0003073398357103,7.849965891201486e-05,0.151327375,-10297.52463,160106.2739,112908.7778,8168.457854,0.0,0.0,0.201763492,8.0,45400.0,0
